algo,func_id,dim,run_id,seed,budget,best_fitness,error,f_global,fe,gens,trig_count,runtime
P1,1,10,5,10771,200000,300.0000000000069,6.87805368215777e-12,300.0,200014,3961,1914,3.71
P1,1,10,13,10779,200000,300.0000000000021,2.1032064978498966e-12,300.0,200028,3961,1928,4.26
P1,1,10,0,10766,200000,300.0000000000054,5.4001247917767614e-12,300.0,200031,3961,1931,6.26
P1,1,10,20,10786,200000,300.0000000000032,3.183231456205249e-12,300.0,200014,3961,1914,3.21
P1,1,10,9,10775,200000,300.0000000000036,3.581135388230905e-12,300.0,200017,3961,1917,7.09
P1,1,10,22,10788,200000,300.00000000000176,1.7621459846850485e-12,300.0,200014,3961,1914,3.17
P1,1,10,1,10767,200000,300.0000000000063,6.30961949354969e-12,300.0,200038,3961,1938,8.06
P1,1,10,8,10774,200000,300.00000000000483,4.831690603168681e-12,300.0,200015,3961,1915,8.65
P1,1,10,6,10772,200000,300.0000000000046,4.604316927725449e-12,300.0,200026,3961,1926,8.89
P1,1,10,16,10782,200000,300.00000000000216,2.1600499167107046e-12,300.0,200017,3961,1917,7.01
P1,1,10,10,10776,200000,300.0000000000041,4.092726157978177e-12,300.0,200022,3961,1922,8.97
P1,1,10,15,10781,200000,300.0000000000023,2.2737367544323206e-12,300.0,200019,3961,1919,8.54
P1,1,10,12,10778,200000,300.0000000000058,5.7980287238024175e-12,300.0,200013,3961,1913,9.83
P1,1,10,4,10770,200000,300.0000000000032,3.183231456205249e-12,300.0,200011,3961,1911,9.84
P1,1,10,25,10791,200000,300.00000000000364,3.637978807091713e-12,300.0,200017,3961,1917,3.22
P1,1,10,24,10790,200000,300.0000000000074,7.389644451905042e-12,300.0,200031,3961,1931,3.98
P1,1,10,17,10783,200000,300.0000000000041,4.092726157978177e-12,300.0,200026,3961,1926,9.04
P1,1,10,3,10769,200000,300.0000000000051,5.115907697472721e-12,300.0,200021,3961,1921,11.06
P1,1,10,11,10777,200000,300.00000000000824,8.242295734817162e-12,300.0,200023,3961,1923,11.23
P1,1,10,7,10773,200000,300.0000000000054,5.4001247917767614e-12,300.0,200033,3961,1933,11.28
P1,1,10,14,10780,200000,300.00000000000847,8.469669410260394e-12,300.0,200013,3961,1913,10.6
P1,1,10,2,10768,200000,300.0000000000038,3.808509063674137e-12,300.0,200023,3961,1923,12.1
P1,1,10,27,10793,200000,300.0000000000036,3.581135388230905e-12,300.0,200023,3961,1923,4.57
P1,1,10,19,10785,200000,300.000000000009,8.981260180007666e-12,300.0,200027,3961,1927,9.78
P1,1,10,23,10789,200000,300.0000000000043,4.320099833421409e-12,300.0,200029,3961,1929,8.04
P1,1,10,18,10784,200000,300.0000000000057,5.6843418860808015e-12,300.0,200022,3961,1922,10.98
P1,1,10,29,10795,200000,300.00000000000523,5.229594535194337e-12,300.0,200023,3961,1923,4.82
P1,1,10,21,10787,200000,300.00000000000387,3.865352482534945e-12,300.0,200021,3961,1921,10.37
P1,1,10,28,10794,200000,300.0000000000029,2.8990143619012088e-12,300.0,200019,3961,1919,8.02
P1,1,10,26,10792,200000,300.0000000000066,6.59383658785373e-12,300.0,200036,3961,1936,9.85
P1,1,20,6,20772,500000,300.0000000000424,4.240519047016278e-11,300.0,500010,9902,4860,8.55
P1,1,20,1,20767,500000,300.00000000003666,3.666400516522117e-11,300.0,500006,9902,4856,12.8
P1,1,20,10,20776,500000,300.0000000000461,4.61000126961153e-11,300.0,500013,9902,4863,11.28
P1,1,20,18,20784,500000,300.00000000004394,4.3939962779404595e-11,300.0,500013,9902,4863,12.53
P1,1,20,12,20778,500000,300.0000000000323,3.228706191293895e-11,300.0,500005,9902,4855,15.62
P1,1,20,15,20781,500000,300.0000000000434,4.3428372009657323e-11,300.0,500015,9902,4865,14.81
P1,1,20,4,20770,500000,300.0000000000583,5.832134775118902e-11,300.0,500019,9902,4869,18.21
P1,1,20,20,20786,500000,300.00000000005133,5.132960723130964e-11,300.0,500014,9902,4864,12.45
P1,1,20,9,20775,500000,300.0000000000261,2.609112925711088e-11,300.0,500005,9902,4855,18.86
P1,1,20,2,20768,500000,300.00000000004604,4.604316927725449e-11,300.0,500007,9902,4857,21.23
P1,1,20,16,20782,500000,300.00000000002626,2.6261659513693303e-11,300.0,500012,9902,4862,19.92
P1,1,20,0,20766,500000,300.0000000000378,3.780087354243733e-11,300.0,500010,9902,4860,24.68
P1,1,20,3,20769,500000,300.00000000002774,2.773958840407431e-11,300.0,500009,9902,4859,23.99
P1,1,20,24,20790,500000,300.0000000000311,3.1093350116861984e-11,300.0,500003,9902,4853,11.94
P1,1,20,26,20792,500000,300.0000000000385,3.8482994568767026e-11,300.0,500012,9902,4862,8.53
P1,2,10,0,10866,200000,404.08984977025153,4.089849770251533,400.0,200025,3964,1775,6.06
P1,1,20,17,20783,500000,300.00000000002154,2.1543655748246238e-11,300.0,500011,9902,4861,22.77
P1,1,20,19,20785,500000,300.0000000000255,2.55226950685028e-11,300.0,500014,9902,4864,21.43
P1,1,20,13,20779,500000,300.0000000000388,3.8824055081931874e-11,300.0,500011,9902,4861,24.26
P1,1,20,7,20773,500000,300.00000000003183,3.183231456205249e-11,300.0,500006,9902,4856,26.29
P1,1,20,5,20771,500000,300.00000000005184,5.184119800105691e-11,300.0,500014,9902,4864,26.74
P1,1,20,8,20774,500000,300.00000000003365,3.3651303965598345e-11,300.0,500012,9902,4862,25.78
P1,1,20,22,20788,500000,300.00000000004604,4.604316927725449e-11,300.0,500012,9902,4862,19.5
P1,1,20,11,20777,500000,300.00000000003763,3.7630343285854906e-11,300.0,500010,9902,4860,27.22
P1,2,10,4,10870,200000,404.1898863982288,4.1898863982287935,400.0,200045,3963,1845,5.24
P1,1,20,14,20780,500000,300.00000000003024,3.0240698833949864e-11,300.0,500011,9902,4861,26.52
P1,2,10,1,10867,200000,404.11055486446423,4.110554864464234,400.0,200029,3963,1829,10.11
P1,2,10,2,10868,200000,404.0990181135715,4.099018113571503,400.0,200035,3964,1785,8.2
P1,1,20,23,20789,500000,300.00000000004695,4.695266397902742e-11,300.0,500008,9902,4858,19.34
P1,1,20,21,20787,500000,300.00000000005014,5.013589543523267e-11,300.0,500005,9902,4855,25.03
P1,2,10,12,10878,200000,404.1019716827142,4.101971682714179,400.0,200042,3965,1742,5.91
P1,2,10,8,10874,200000,404.0697548850929,4.069754885092891,400.0,200039,3967,1639,7.15
P1,2,10,16,10882,200000,404.10411571712945,4.104115717129446,400.0,200018,3965,1718,4.36
P1,1,20,28,20794,500000,300.00000000002507,2.5067947717616335e-11,300.0,500010,9902,4860,15.54
P1,2,10,11,10877,200000,400.38511092272716,0.38511092272716496,400.0,200028,3961,1928,7.2
P1,1,20,25,20791,500000,300.00000000003286,3.285549610154703e-11,300.0,500011,9902,4861,18.44
P1,2,10,9,10875,200000,404.1035340355437,4.103534035543703,400.0,200036,3964,1786,9.19
P1,2,10,15,10881,200000,408.9161019277814,8.916101927781426,400.0,200022,3961,1922,7.05
P1,2,10,3,10869,200000,404.9880263655575,4.988026365557516,400.0,200042,3962,1892,12.06
P1,2,10,6,10872,200000,404.0828490954283,4.082849095428287,400.0,200019,3965,1719,9.96
P1,2,10,13,10879,200000,404.15680462367686,4.156804623676862,400.0,200019,3963,1819,8.94
P1,2,10,22,10888,200000,404.10850570598325,4.108505705983248,400.0,200049,3964,1799,4.23
P1,2,10,5,10871,200000,408.91610192778137,8.91610192778137,400.0,200040,3962,1890,12.28
P1,2,10,10,10876,200000,404.1618123448528,4.1618123448528195,400.0,200010,3963,1810,11.11
P1,2,10,24,10890,200000,408.9161019277814,8.916101927781426,400.0,200024,3963,1824,4.22
P1,2,10,17,10883,200000,403.99469355222925,3.9946935522292506,400.0,200044,3965,1744,8.65
P1,2,10,26,10892,200000,404.1146112408578,4.114611240857812,400.0,200000,3963,1800,4.27
P1,2,10,19,10885,200000,404.09722920526593,4.097229205265933,400.0,200038,3966,1688,7.52
P1,2,10,7,10873,200000,408.9161019277814,8.916101927781426,400.0,200022,3961,1922,13.18
P1,2,10,28,10894,200000,408.91610192778137,8.91610192778137,400.0,200041,3961,1941,4.06
P1,1,20,29,20795,500000,300.0000000000157,1.5688783605583012e-11,300.0,500008,9902,4858,21.74
P1,2,10,14,10880,200000,404.0770929025547,4.077092902554682,400.0,200006,3966,1656,12.89
P1,2,10,18,10884,200000,404.1849420296527,4.184942029652689,400.0,200014,3963,1814,10.82
P1,1,20,27,20793,500000,300.0000000000174,1.7394086171407253e-11,300.0,500005,9902,4855,24.45
P1,2,10,20,10886,200000,404.0936899702365,4.093689970236483,400.0,200031,3965,1731,11.43
P1,2,10,23,10889,200000,404.0806184686256,4.080618468625573,400.0,200044,3967,1644,9.58
P1,2,10,21,10887,200000,404.0822636163133,4.082263616313298,400.0,200012,3965,1712,11.06
P1,2,10,25,10891,200000,404.0773391610598,4.077339161059797,400.0,200042,3967,1642,9.79
P1,2,10,27,10893,200000,404.0805778999918,4.080577899991795,400.0,200040,3965,1740,10.91
P1,2,20,1,20867,500000,401.6877499274564,1.687749927456423,400.0,500041,9911,4441,10.88
P1,2,20,3,20869,500000,400.5782442287629,0.5782442287629124,400.0,500044,9907,4644,10.84
P1,2,10,29,10895,200000,404.1000141650385,4.100014165038488,400.0,200000,3963,1800,12.24
P1,2,20,13,20879,500000,444.89546931745247,44.895469317452466,400.0,500006,9902,4856,10.87
P1,2,20,16,20882,500000,449.08447897957853,49.084478979578535,400.0,500006,9902,4856,10.63
P1,2,20,17,20883,500000,449.08447897961605,49.08447897961605,400.0,500002,9902,4852,10.86
P1,2,20,18,20884,500000,449.0844789796047,49.08447897960468,400.0,500003,9902,4853,10.71
P1,2,20,6,20872,500000,400.443750668527,0.4437506685270023,400.0,500019,9912,4369,17.07
P1,2,20,8,20874,500000,402.25850669067586,2.2585066906758584,400.0,500018,9911,4418,17.21
P1,2,20,20,20886,500000,400.0214788072535,0.021478807253515697,400.0,500008,9908,4558,10.72
P1,2,20,11,20877,500000,449.08447897963714,49.08447897963714,400.0,500037,9905,4737,17.02
P1,2,20,22,20888,500000,401.05370920627746,1.0537092062774605,400.0,500008,9917,4108,10.84
P1,2,20,2,20868,500000,444.8954693174557,44.89546931745571,400.0,500005,9902,4855,24.02
P1,2,20,0,20866,500000,449.0844789796397,49.0844789796397,400.0,500009,9903,4809,26.29
P1,2,20,24,20890,500000,449.08447897957126,49.08447897957126,400.0,500002,9902,4852,10.9
P1,2,20,19,20885,500000,428.9356062796053,28.93560627960528,400.0,500002,9908,4552,21.39
P1,2,20,14,20880,500000,449.08447897960633,49.08447897960633,400.0,500035,9903,4835,23.72
P1,2,20,4,20870,500000,401.63942638035365,1.6394263803536546,400.0,500011,9916,4161,28.67
P1,2,20,5,20871,500000,403.5764532837528,3.5764532837528122,400.0,500010,9910,4460,28.25
P1,2,20,21,20887,500000,402.6940932337961,2.6940932337960817,400.0,500047,9909,4547,19.47
P1,2,20,10,20876,500000,449.08447897958416,49.08447897958416,400.0,500048,9903,4848,27.59
P1,2,20,9,20875,500000,400.4189581728995,0.4189581728995222,400.0,500010,9922,3860,30.68
P1,2,20,27,20893,500000,449.0844789795688,49.084478979568814,400.0,500001,9902,4851,16.46
P1,2,20,12,20878,500000,449.0844789795799,49.0844789795799,400.0,500047,9904,4797,30.96
P1,2,20,7,20873,500000,400.0667372989422,0.0667372989422006,400.0,500044,9913,4344,33.41
P1,3,10,1,10967,200000,600.0,0.0,600.0,200000,3960,1950,15.69
P1,3,10,4,10970,200000,600.0,0.0,600.0,200000,3960,1950,10.47
P1,3,10,7,10973,200000,600.0,0.0,600.0,200000,3960,1950,8.3
P1,3,10,8,10974,200000,600.0,0.0,600.0,200000,3960,1950,8.67
P1,3,10,0,10966,200000,600.0,0.0,600.0,200000,3960,1950,18.15
P1,2,20,23,20889,500000,449.08447897963356,49.08447897963356,400.0,500036,9902,4886,26.87
P1,2,20,15,20881,500000,444.89546931745406,44.89546931745406,400.0,500015,9902,4865,34.0
P1,2,20,28,20894,500000,405.1054622068531,5.105462206853076,400.0,500009,9906,4659,21.77
P1,3,10,3,10969,200000,600.0,0.0,600.0,200000,3960,1950,18.1
P1,3,10,9,10975,200000,600.0,0.0,600.0,200000,3960,1950,13.68
P1,3,10,6,10972,200000,600.0,0.0,600.0,200000,3960,1950,14.76
P1,2,20,26,20892,500000,449.0844789795712,49.0844789795712,400.0,500036,9903,4836,26.18
P1,3,10,2,10968,200000,600.0,0.0,600.0,200000,3960,1950,22.1
P1,2,20,25,20891,500000,449.08447897961383,49.084478979613834,400.0,500013,9902,4863,27.3
P1,3,10,10,10976,200000,600.0,0.0,600.0,200000,3960,1950,17.52
P1,3,10,19,10985,200000,600.0,0.0,600.0,200000,3960,1950,9.54
P1,3,10,5,10971,200000,600.0,0.0,600.0,200000,3960,1950,21.97
P1,3,10,11,10977,200000,600.0,0.0,600.0,200000,3960,1950,18.74
P1,3,10,21,10987,200000,600.0,0.0,600.0,200000,3960,1950,11.03
P1,3,10,14,10980,200000,600.0,0.0,600.0,200000,3960,1950,16.87
P1,3,10,15,10981,200000,600.0,0.0,600.0,200000,3960,1950,17.69
P1,3,10,28,10994,200000,600.0,0.0,600.0,200000,3960,1950,8.7
P1,2,20,29,20895,500000,400.0381011217287,0.03810112172868685,400.0,500029,9911,4429,35.9
P1,3,10,29,10995,200000,600.0,0.0,600.0,200000,3960,1950,11.36
P1,3,10,13,10979,200000,600.0,0.0,600.0,200000,3960,1950,22.46
P1,3,10,22,10988,200000,600.0,0.0,600.0,200000,3960,1950,17.23
P1,3,10,23,10989,200000,600.0,0.0,600.0,200000,3960,1950,18.47
P1,3,10,18,10984,200000,600.0,0.0,600.0,200000,3960,1950,21.74
P1,3,10,12,10978,200000,600.0,0.0,600.0,200000,3960,1950,26.11
P1,3,10,26,10992,200000,600.0,0.0,600.0,200000,3960,1950,16.86
P1,3,10,17,10983,200000,600.0,0.0,600.0,200000,3960,1950,24.21
P1,3,10,16,10982,200000,600.0,0.0,600.0,200000,3960,1950,25.29
P1,3,10,20,10986,200000,600.0,0.0,600.0,200000,3960,1950,24.58
P1,3,10,27,10993,200000,600.0,0.0,600.0,200000,3960,1950,20.35
P1,3,10,24,10990,200000,600.0,0.0,600.0,200000,3960,1950,24.59
P1,3,20,0,20966,500000,600.0,0.0,600.0,500000,9901,4900,20.8
P1,3,10,25,10991,200000,600.0,0.0,600.0,200000,3960,1950,27.1
P1,3,20,4,20970,500000,600.0,0.0,600.0,500000,9901,4900,24.35
P1,3,20,7,20973,500000,600.0,0.0,600.0,500000,9901,4900,28.47
P1,3,20,11,20977,500000,600.0,0.0,600.0,500000,9901,4900,25.71
P1,3,20,10,20976,500000,600.0,0.0,600.0,500000,9901,4900,29.8
P1,3,20,8,20974,500000,600.0,0.0,600.0,500000,9901,4900,31.64
P1,3,20,2,20968,500000,600.0,0.0,600.0,500000,9901,4900,41.89
P1,3,20,6,20972,500000,600.0,0.0,600.0,500000,9901,4900,39.84
P1,3,20,9,20975,500000,600.0,0.0,600.0,500000,9901,4900,37.2
P1,3,20,5,20971,500000,600.0,0.0,600.0,500000,9901,4900,40.98
P1,3,20,1,20967,500000,600.0,0.0,600.0,500000,9901,4900,45.82
P1,3,20,15,20981,500000,600.0,0.0,600.0,500000,9901,4900,35.32
P1,3,20,3,20969,500000,600.0,0.0,600.0,500000,9901,4900,46.64
P1,3,20,19,20985,500000,600.0,0.0,600.0,500000,9901,4900,35.94
P1,3,20,18,20984,500000,600.0,0.0,600.0,500000,9901,4900,41.39
P1,3,20,25,20991,500000,600.0,0.0,600.0,500000,9901,4900,21.69
P1,3,20,20,20986,500000,600.0,0.0,600.0,500000,9901,4900,38.43
P1,3,20,17,20983,500000,600.0,0.0,600.0,500000,9901,4900,43.75
P1,3,20,22,20988,500000,600.0,0.0,600.0,500000,9901,4900,35.64
P1,3,20,14,20980,500000,600.0,0.0,600.0,500000,9901,4900,47.2
P1,3,20,13,20979,500000,600.0,0.0,600.0,500000,9901,4900,51.21
P1,3,20,21,20987,500000,600.0,0.0,600.0,500000,9901,4900,42.61
P1,4,10,2,11068,200000,824.0,24.0,800.0,200041,3961,1941,18.05
P1,4,10,0,11066,200000,828.0000000000001,28.000000000000114,800.0,200045,3961,1945,21.64
P1,3,20,24,20990,500000,600.0,0.0,600.0,500000,9901,4900,33.36
P1,3,20,12,20978,500000,600.0,0.0,600.0,500000,9901,4900,58.83
P1,4,10,3,11069,200000,810.0003579620142,10.000357962014164,800.0,200044,3961,1944,22.53
P1,4,10,10,11076,200000,816.0000000000006,16.00000000000057,800.0,200038,3961,1938,13.08
P1,3,20,27,20993,500000,600.0,0.0,600.0,500000,9901,4900,33.38
P1,3,20,23,20989,500000,600.0,0.0,600.0,500000,9901,4900,47.13
P1,4,10,4,11070,200000,820.5621276352904,20.56212763529038,800.0,200042,3961,1942,25.81
P1,4,10,8,11074,200000,834.0,34.0,800.0,200043,3961,1943,18.26
P1,4,10,9,11075,200000,818.0000000000008,18.000000000000796,800.0,200000,3960,1950,21.22
P1,4,10,7,11073,200000,814.0,14.0,800.0,200041,3961,1941,23.46
P1,4,10,5,11071,200000,824.0,24.0,800.0,200034,3961,1934,28.14
P1,4,10,11,11077,200000,832.0,32.0,800.0,200040,3961,1940,22.56
P1,3,20,16,20982,500000,600.0,0.0,600.0,500000,9901,4900,68.59
P1,4,10,16,11082,200000,834.0,34.0,800.0,200043,3961,1943,16.02
P1,4,10,19,11085,200000,820.0000000000001,20.000000000000114,800.0,200044,3961,1944,12.76
P1,4,10,6,11072,200000,826.0000000000031,26.00000000000307,800.0,200044,3961,1944,29.34
P1,4,10,1,11067,200000,814.0000000000001,14.000000000000114,800.0,200044,3961,1944,40.85
P1,3,20,28,20994,500000,600.0,0.0,600.0,500000,9901,4900,44.95
P1,4,10,12,11078,200000,818.0000000000018,18.00000000000182,800.0,200036,3961,1936,26.82
P1,4,10,13,11079,200000,826.0000000000008,26.000000000000796,800.0,200047,3961,1947,28.78
P1,4,10,22,11088,200000,814.0000000000002,14.000000000000227,800.0,200040,3961,1940,19.22
P1,3,20,29,20995,500000,600.0,0.0,600.0,500000,9901,4900,48.79
P1,4,10,17,11083,200000,830.0,30.0,800.0,200043,3961,1943,24.19
P1,3,20,26,20992,500000,600.0,0.0,600.0,500000,9901,4900,55.58
P1,4,10,20,11086,200000,828.0000000000008,28.000000000000796,800.0,200043,3961,1943,22.34
P1,4,10,27,11093,200000,826.0,26.0,800.0,200037,3961,1937,13.42
P1,4,10,26,11092,200000,824.0,24.0,800.0,200047,3961,1947,14.76
P1,4,10,28,11094,200000,812.0000000000002,12.000000000000227,800.0,200000,3960,1950,18.71
P1,4,10,15,11081,200000,818.8685384462053,18.86853844620532,800.0,200038,3961,1938,34.97
P1,4,10,14,11080,200000,812.0000000000068,12.000000000006821,800.0,200045,3961,1945,38.38
P1,4,10,21,11087,200000,824.0000000000002,24.000000000000227,800.0,200041,3961,1941,32.63
P1,4,10,24,11090,200000,820.0000000000001,20.000000000000114,800.0,200041,3961,1941,28.73
P1,4,10,29,11095,200000,824.0000000000002,24.000000000000227,800.0,200031,3961,1931,24.72
P1,4,10,18,11084,200000,826.0000000000049,26.00000000000489,800.0,200045,3961,1945,40.11
P1,4,10,23,11089,200000,826.0000000000002,26.000000000000227,800.0,200047,3961,1947,36.59
P1,4,20,0,21066,500000,870.0000000000003,70.00000000000034,800.0,500014,9902,4864,34.06
P1,4,10,25,11091,200000,818.0000000000007,18.000000000000682,800.0,200045,3961,1945,38.73
P1,4,20,11,21077,500000,868.0000000000005,68.00000000000045,800.0,500041,9902,4891,33.21
P1,4,20,12,21078,500000,888.0000000000075,88.0000000000075,800.0,500032,9902,4882,33.7
P1,4,20,1,21067,500000,910.0000000000736,110.00000000007356,800.0,500022,9902,4872,51.23
P1,4,20,2,21068,500000,900.0000000000007,100.00000000000068,800.0,500042,9902,4892,57.59
P1,4,20,17,21083,500000,908.0000000000002,108.00000000000023,800.0,500029,9902,4879,38.13
P1,4,20,5,21071,500000,868.0000000000008,68.0000000000008,800.0,500034,9902,4884,60.67
P1,4,20,13,21079,500000,926.5000000000031,126.50000000000307,800.0,500037,9902,4887,55.39
P1,4,20,23,21089,500000,852.0000000000032,52.00000000000318,800.0,500025,9902,4875,31.98
P1,4,20,10,21076,500000,912.000000000002,112.00000000000205,800.0,500036,9902,4886,65.59
P1,4,20,24,21090,500000,884.0000000000005,84.00000000000045,800.0,500030,9902,4880,31.71
P1,4,20,4,21070,500000,908.5000000000001,108.50000000000011,800.0,500038,9902,4888,72.75
P1,4,20,8,21074,500000,870.0,70.0,800.0,500021,9902,4871,68.4
P1,5,10,0,11166,200000,900.0,0.0,900.0,200000,3960,1950,6.08
P1,5,10,2,11168,200000,900.0000000000001,1.1368683772161603e-13,900.0,200000,3960,1950,6.03
P1,5,10,1,11167,200000,900.0000000000001,1.1368683772161603e-13,900.0,200000,3960,1950,7.31
P1,4,20,15,21081,500000,864.0000000000013,64.00000000000125,800.0,500013,9902,4863,70.26
P1,5,10,5,11171,200000,900.0000000000001,1.1368683772161603e-13,900.0,200000,3960,1950,6.74
P1,5,10,6,11172,200000,900.0000000000001,1.1368683772161603e-13,900.0,200000,3960,1950,6.83
P1,4,20,3,21069,500000,956.5000000000007,156.50000000000068,800.0,500021,9902,4871,86.3
P1,5,10,7,11173,200000,900.0000000000003,3.410605131648481e-13,900.0,200048,3961,1948,6.82
P1,4,20,19,21085,500000,900.0000000000001,100.00000000000011,800.0,500044,9902,4894,65.22
P1,4,20,27,21093,500000,912.0000000000018,112.00000000000182,800.0,500027,9902,4877,31.48
P1,4,20,16,21082,500000,904.0000000000006,104.00000000000057,800.0,500041,9902,4891,71.18
P1,5,10,3,11169,200000,900.0,0.0,900.0,200000,3960,1950,15.48
P1,5,10,10,11176,200000,900.0000000000001,1.1368683772161603e-13,900.0,200049,3961,1949,6.27
P1,4,20,21,21087,500000,908.0,108.0,800.0,500038,9902,4888,61.77
P1,5,10,12,11178,200000,900.0000000000001,1.1368683772161603e-13,900.0,200000,3960,1950,6.19
P1,5,10,9,11175,200000,900.0000000000001,1.1368683772161603e-13,900.0,200000,3960,1950,8.95
P1,5,10,4,11170,200000,900.0000000000001,1.1368683772161603e-13,900.0,200000,3960,1950,21.03
P1,5,10,8,11174,200000,900.0,0.0,900.0,200000,3960,1950,11.14
P1,4,20,6,21072,500000,900.0000000000034,100.00000000000341,800.0,500023,9902,4873,90.24
P1,5,10,11,11177,200000,900.0000000000001,1.1368683772161603e-13,900.0,200000,3960,1950,11.57
P1,5,10,17,11183,200000,900.0000000000001,1.1368683772161603e-13,900.0,200000,3960,1950,6.31
P1,5,10,18,11184,200000,900.0,0.0,900.0,200000,3960,1950,6.3
P1,5,10,19,11185,200000,900.0000000000001,1.1368683772161603e-13,900.0,200000,3960,1950,6.26
P1,4,20,7,21073,500000,900.0,100.0,800.0,500042,9902,4892,93.87
P1,4,20,14,21080,500000,856.0000000000025,56.0000000000025,800.0,500022,9902,4872,86.05
P1,4,20,25,21091,500000,886.000000000002,86.00000000000205,800.0,500010,9902,4860,51.65
P1,4,20,22,21088,500000,870.0000000000006,70.00000000000057,800.0,500047,9902,4897,70.29
P1,5,10,14,11180,200000,900.0000000000001,1.1368683772161603e-13,900.0,200000,3960,1950,15.26
P1,5,10,25,11191,200000,900.0000000000001,1.1368683772161603e-13,900.0,200000,3960,1950,6.08
P1,4,20,18,21084,500000,858.0000000000007,58.00000000000068,800.0,500023,9902,4873,84.28
P1,5,10,26,11192,200000,900.0,0.0,900.0,200000,3960,1950,6.04
P1,4,20,20,21086,500000,886.0000000000005,86.00000000000045,800.0,500041,9902,4891,80.8
P1,5,10,27,11193,200000,900.0000000000001,1.1368683772161603e-13,900.0,200000,3960,1950,6.01
P1,4,20,9,21075,500000,927.6905959964591,127.69059599645914,800.0,500039,9902,4889,100.64
P1,5,10,15,11181,200000,900.0,0.0,900.0,200000,3960,1950,17.73
P1,5,10,16,11182,200000,900.0000000000001,1.1368683772161603e-13,900.0,200000,3960,1950,18.29
P1,5,10,20,11186,200000,900.0,0.0,900.0,200000,3960,1950,14.24
P1,5,10,23,11189,200000,900.0,0.0,900.0,200000,3960,1950,12.39
P1,5,10,13,11179,200000,900.0,0.0,900.0,200049,3961,1949,21.25
P1,5,10,22,11188,200000,900.0000000000002,2.2737367544323206e-13,900.0,200041,3961,1941,16.41
P1,5,10,24,11190,200000,900.0,0.0,900.0,200000,3960,1950,16.09
P1,5,10,28,11194,200000,900.0000000000001,1.1368683772161603e-13,900.0,200049,3961,1949,14.28
P1,4,20,26,21092,500000,882.0000000000003,82.00000000000034,800.0,500027,9902,4877,58.48
P1,5,10,29,11195,200000,900.0000000000001,1.1368683772161603e-13,900.0,200000,3960,1950,14.46
P1,5,10,21,11187,200000,900.0000000000001,1.1368683772161603e-13,900.0,200000,3960,1950,20.98
P1,5,20,3,21169,500000,900.4543240185922,0.45432401859216043,900.0,500044,9902,4894,16.32
P1,5,20,5,21171,500000,900.0895282504168,0.08952825041683354,900.0,500021,9902,4871,16.26
P1,5,20,4,21170,500000,901.2667610388487,1.2667610388486992,900.0,500025,9902,4875,16.72
P1,5,20,7,21173,500000,900.0895282504171,0.08952825041706092,900.0,500032,9902,4882,16.32
P1,5,20,1,21167,500000,900.0000000000316,3.1604940886609256e-11,900.0,500031,9902,4881,20.11
P1,5,20,2,21168,500000,900.5438522690114,0.5438522690113814,900.0,500039,9903,4839,21.23
P1,4,20,28,21094,500000,870.0000000000015,70.00000000000148,800.0,500018,9902,4868,66.29
P1,4,20,29,21095,500000,922.0000000000001,122.00000000000011,800.0,500032,9902,4882,64.0
P1,5,20,9,21175,500000,900.1790565008524,0.17905650085242542,900.0,500017,9902,4867,25.58
P1,5,20,13,21179,500000,900.6333805194243,0.6333805194243496,900.0,500021,9902,4871,26.76
P1,5,20,20,21186,500000,900.633380519538,0.6333805195380364,900.0,500041,9902,4891,16.14
P1,5,20,6,21172,500000,901.6315568070245,1.6315568070244808,900.0,500040,9902,4890,31.98
P1,5,20,16,21182,500000,900.5438522690083,0.5438522690083119,900.0,500045,9902,4895,23.64
P1,5,20,12,21178,500000,900.6333805194256,0.6333805194256001,900.0,500030,9902,4880,29.99
P1,5,20,21,21187,500000,900.6333805194254,0.6333805194253728,900.0,500019,9902,4869,19.27
P1,5,20,17,21183,500000,900.0895282504172,0.0895282504171746,900.0,500045,9902,4895,29.94
P1,6,10,0,11266,200000,24513.121481102517,22713.121481102517,1800.0,200041,3967,1641,8.62
P1,5,20,0,21166,500000,901.4525003061951,1.4525003061951338,900.0,500014,9902,4864,44.8
P1,6,10,1,11267,200000,5385.646025182308,3585.646025182308,1800.0,200040,3971,1440,8.62
P1,5,20,8,21174,500000,900.2685847512499,0.2685847512499322,900.0,500048,9902,4898,39.56
P1,5,20,18,21184,500000,900.9981762876045,0.9981762876044513,900.0,500038,9903,4838,32.13
P1,5,20,19,21185,500000,900.1790565008333,0.17905650083332603,900.0,500047,9902,4897,30.48
P1,5,20,22,21188,500000,902.5157401521825,2.5157401521825022,900.0,500016,9902,4866,30.55
P1,6,10,8,11274,200000,3691.5163616025984,1891.5163616025984,1800.0,200023,3968,1573,8.45
P1,5,20,15,21181,500000,900.633380519426,0.6333805194260549,900.0,500002,9902,4852,41.42
P1,5,20,24,21190,500000,900.8124370202578,0.8124370202577893,900.0,500037,9902,4887,35.09
P1,6,10,5,11271,200000,12309.347175000725,10509.347175000725,1800.0,200000,3965,1700,14.45
P1,5,20,28,21194,500000,900.179056500834,0.17905650083400815,900.0,500039,9902,4889,26.14
P1,5,20,10,21176,500000,900.0000000000008,7.958078640513122e-13,900.0,500012,9902,4862,51.31
P1,5,20,29,21195,500000,900.0895282504171,0.08952825041706092,900.0,500012,9902,4862,23.63
P1,6,10,2,11268,200000,10356.64238374501,8556.64238374501,1800.0,200011,3967,1611,22.84
P1,5,20,27,21193,500000,900.6333805194245,0.6333805194244633,900.0,500043,9902,4893,29.04
P1,5,20,25,21191,500000,900.63338051943,0.6333805194300339,900.0,500034,9902,4884,35.63
P1,5,20,11,21177,500000,900.2685847512497,0.2685847512497048,900.0,500000,9901,4900,53.24
P1,6,10,6,11272,200000,18823.635492761197,17023.635492761197,1800.0,200022,3968,1572,16.69
P1,6,10,12,11278,200000,4980.993727669501,3180.993727669501,1800.0,200005,3967,1605,11.56
P1,5,20,14,21180,500000,900.9981762875998,0.9981762875997902,900.0,500019,9902,4869,51.93
P1,5,20,23,21189,500000,901.2667610388484,1.2667610388483581,900.0,500034,9902,4884,44.71
P1,6,10,3,11269,200000,3128.9453603869515,1328.9453603869515,1800.0,200047,3966,1697,28.87
P1,6,10,17,11283,200000,26431.321894405603,24631.321894405603,1800.0,200041,3966,1691,8.99
P1,6,10,7,11273,200000,2525.078651338965,725.0786513389648,1800.0,200022,3967,1622,22.51
P1,6,10,11,11277,200000,4532.5682420979465,2732.5682420979465,1800.0,200032,3969,1532,21.49
P1,6,10,19,11285,200000,13865.512140407911,12065.512140407911,1800.0,200026,3968,1576,9.04
P1,6,10,4,11270,200000,8587.580340337354,6787.580340337354,1800.0,200030,3968,1580,28.75
P1,6,10,18,11284,200000,4053.569152423903,2253.569152423903,1800.0,200038,3967,1638,10.0
P1,6,10,21,11287,200000,26281.013917159038,24481.013917159038,1800.0,200020,3967,1620,9.26
P1,6,10,25,11291,200000,9928.650299203975,8128.650299203975,1800.0,200029,3968,1579,9.29
P1,6,10,13,11279,200000,10946.192269655716,9146.192269655716,1800.0,200026,3967,1626,19.19
P1,6,10,10,11276,200000,9891.491400226056,8091.491400226056,1800.0,200045,3967,1645,28.13
P1,6,10,9,11275,200000,5611.565362166023,3811.565362166023,1800.0,200038,3968,1588,28.75
P1,6,10,24,11290,200000,15318.026458392611,13518.026458392611,1800.0,200010,3966,1660,13.47
P1,6,10,29,11295,200000,2925.1663665905,1125.1663665904998,1800.0,200006,3967,1606,9.22
P1,6,10,14,11280,200000,2124.00030021977,324.00030021977,1800.0,200023,3967,1623,21.97
P1,6,10,20,11286,200000,10503.429093001934,8703.429093001934,1800.0,200007,3967,1607,20.53
P1,6,10,16,11282,200000,3255.2976960607743,1455.2976960607743,1800.0,200018,3967,1618,24.73
P1,5,20,26,21192,500000,900.6333805194255,0.6333805194254865,900.0,500024,9902,4874,53.03
P1,6,10,15,11281,200000,7526.421248278593,5726.421248278593,1800.0,200032,3969,1532,28.27
P1,6,10,23,11289,200000,3734.566857832954,1934.5668578329542,1800.0,200013,3967,1613,24.25
P1,6,10,28,11294,200000,8950.588102193671,7150.588102193671,1800.0,200012,3969,1512,19.94
P1,6,10,22,11288,200000,2825.665674327673,1025.665674327673,1800.0,200005,3968,1555,28.3
P1,6,20,2,21268,500000,64806.17911161477,63006.17911161477,1800.0,500038,9910,4488,22.17
P1,6,20,4,21270,500000,40349.828480354234,38549.828480354234,1800.0,500009,9910,4459,22.36
P1,6,10,26,11292,200000,5864.719347495582,4064.719347495582,1800.0,200045,3967,1645,27.75
P1,6,20,5,21271,500000,100920.96594360529,99120.96594360529,1800.0,500031,9911,4431,22.07
P1,6,10,27,11293,200000,8916.757853384159,7116.757853384159,1800.0,200020,3967,1620,27.01
P1,6,20,11,21277,500000,86429.04319607247,84629.04319607247,1800.0,500003,9913,4303,21.87
P1,6,20,13,21279,500000,49543.54534681151,47743.54534681151,1800.0,500029,9912,4379,23.01
P1,6,20,9,21275,500000,64029.81273499907,62229.81273499907,1800.0,500018,9912,4368,33.25
P1,6,20,6,21272,500000,82084.15158923168,80284.15158923168,1800.0,500019,9911,4419,39.33
P1,6,20,20,21286,500000,79271.91557261183,77471.91557261183,1800.0,500049,9911,4449,22.58
P1,6,20,15,21281,500000,65400.51656272368,63600.51656272368,1800.0,500019,9912,4369,31.03
P1,6,20,8,21274,500000,49912.000407544154,48112.000407544154,1800.0,500028,9911,4428,43.15
P1,6,20,3,21269,500000,79311.88799018366,77511.88799018366,1800.0,500000,9910,4450,49.83
P1,6,20,25,21291,500000,41051.279656565595,39251.279656565595,1800.0,500017,9911,4417,23.35
P1,6,20,16,21282,500000,73340.61662185601,71540.61662185601,1800.0,500022,9911,4422,38.57
P1,6,20,14,21280,500000,84691.05492523387,82891.05492523387,1800.0,500000,9911,4400,42.75
P1,6,20,26,21292,500000,60218.13877713063,58418.13877713063,1800.0,500032,9911,4432,22.52
P1,6,20,18,21284,500000,46054.739026310475,44254.739026310475,1800.0,500024,9910,4474,39.83
P1,6,20,1,21267,500000,84240.75860489676,82440.75860489676,1800.0,500033,9911,4433,58.78
P1,6,20,7,21273,500000,67554.5405008314,65754.5405008314,1800.0,500017,9909,4517,56.93
P1,6,20,12,21278,500000,64467.89721466225,62667.89721466225,1800.0,500015,9909,4515,52.93
P1,6,20,23,21289,500000,52823.64758522942,51023.64758522942,1800.0,500030,9911,4430,38.27
P1,6,20,27,21293,500000,85412.79394110462,83612.79394110462,1800.0,500041,9913,4341,21.91
P1,6,20,21,21287,500000,106955.9875498998,105155.9875498998,1800.0,500029,9909,4529,40.78
P1,6,20,19,21285,500000,68509.40656751541,66709.40656751541,1800.0,500022,9911,4422,46.88
P1,6,20,0,21266,500000,27481.297352998747,25681.297352998747,1800.0,500007,9906,4657,70.39
P1,6,20,10,21276,500000,65232.895854826886,63432.895854826886,1800.0,500040,9913,4340,65.23
P1,6,20,22,21288,500000,78507.32936563081,76707.32936563081,1800.0,500037,9911,4437,50.27
P1,6,20,17,21283,500000,87773.62429859354,85973.62429859354,1800.0,500033,9909,4533,58.25
P1,6,20,29,21295,500000,70768.76661470895,68968.76661470895,1800.0,500029,9911,4429,33.42
P1,6,20,24,21290,500000,48994.38223197122,47194.38223197122,1800.0,500047,9910,4497,72.23
P1,6,20,28,21294,500000,122014.77362442785,120214.77362442785,1800.0,500023,9910,4473,55.49
P1,7,10,0,11366,200000,2020.1315945776125,20.131594577612532,2000.0,200020,3961,1920,171.68
P1,7,10,11,11377,200000,2021.0115515831687,21.01155158316874,2000.0,200019,3961,1919,188.2
P1,7,10,8,11374,200000,2020.595084447109,20.595084447109002,2000.0,200011,3961,1911,199.09
P1,7,10,19,11385,200000,2021.495129509538,21.495129509537946,2000.0,200022,3961,1922,189.31
P1,7,10,12,11378,200000,2004.1098318361896,4.109831836189642,2000.0,200004,3961,1904,208.05
P1,7,10,7,11373,200000,2020.500123479769,20.500123479768945,2000.0,200024,3961,1924,218.15
P1,7,10,10,11376,200000,2021.0006959849384,21.000695984938375,2000.0,200011,3961,1911,218.46
P1,7,10,2,11368,200000,2022.2204645145825,22.220464514582545,2000.0,200015,3961,1915,233.06
P1,7,10,20,11386,200000,2020.5437304124773,20.543730412477316,2000.0,200020,3961,1920,186.69
P1,7,10,6,11372,200000,2001.5337416903242,1.5337416903241774,2000.0,200015,3961,1915,233.42
P1,7,10,21,11387,200000,2020.418505208811,20.418505208810984,2000.0,200024,3961,1924,195.41
P1,7,10,1,11367,200000,2021.7047108865706,21.704710886570638,2000.0,200013,3961,1913,245.52
P1,7,10,17,11383,200000,2021.9852317549937,21.98523175499372,2000.0,200015,3961,1915,230.73
P1,7,10,13,11379,200000,2021.4953833643508,21.4953833643508,2000.0,200004,3961,1904,247.45
P1,7,10,16,11382,200000,2020.0312502262238,20.031250226223847,2000.0,200020,3961,1920,248.41
P1,7,10,14,11380,200000,2003.4950103174938,3.4950103174937794,2000.0,200006,3961,1906,257.24
P1,7,10,3,11369,200000,2020.5464842441202,20.546484244120165,2000.0,200036,3961,1936,280.41
P1,7,10,15,11381,200000,2021.0770509093854,21.077050909385434,2000.0,200025,3961,1925,272.51
P1,7,10,9,11375,200000,2020.5002361021106,20.500236102110648,2000.0,200018,3961,1918,283.15
P1,7,10,5,11371,200000,2021.17974333978,21.17974333978009,2000.0,200025,3961,1925,290.61
P1,7,10,4,11370,200000,2019.938467470286,19.938467470286014,2000.0,200022,3961,1922,293.57
P1,7,10,18,11384,200000,2020.620171314518,20.620171314518075,2000.0,200010,3961,1910,274.88
P1,7,10,23,11389,200000,2021.030440001361,21.030440001361058,2000.0,200012,3961,1912,193.77
P1,7,10,22,11388,200000,2000.5590187665653,0.5590187665652593,2000.0,200004,3961,1904,255.91
P1,7,10,27,11393,200000,2021.2096249865426,21.20962498654262,2000.0,200020,3961,1920,219.53
P1,7,10,28,11394,200000,2018.752478216663,18.752478216662894,2000.0,200024,3961,1924,227.82
P1,7,10,24,11390,200000,2022.0161019704785,22.01610197047853,2000.0,200013,3961,1913,251.31
P1,7,10,26,11392,200000,2020.4431509051142,20.44315090511418,2000.0,200023,3961,1923,240.28
P1,7,10,25,11391,200000,2021.5142159085026,21.514215908502592,2000.0,200014,3961,1914,246.12
P1,7,10,29,11395,200000,2022.018935443198,22.01893544319796,2000.0,200006,3961,1906,251.32
P1,7,20,3,21369,500000,2030.3772059432258,30.377205943225817,2000.0,500007,9906,4657,918.8
P1,7,20,0,21366,500000,2027.7597345749905,27.75973457499049,2000.0,500004,9905,4704,1038.52
P1,7,20,10,21376,500000,2029.8589106265324,29.858910626532406,2000.0,500041,9904,4791,977.24
P1,7,20,4,21370,500000,2030.0580055371386,30.05800553713857,2000.0,500042,9905,4742,1039.78
P1,7,20,2,21368,500000,2022.4892169554037,22.489216955403663,2000.0,500001,9905,4701,1064.66
P1,7,20,9,21375,500000,2029.0741232148932,29.074123214893234,2000.0,500026,9904,4776,1032.25
P1,7,20,20,21386,500000,2025.3286534216986,25.32865342169862,2000.0,500041,9905,4741,871.53
P1,7,20,13,21379,500000,2021.2362034057774,21.23620340577736,2000.0,500022,9905,4722,1035.69
P1,7,20,8,21374,500000,2026.360845055379,26.36084505537906,2000.0,500027,9904,4777,1074.68
P1,7,20,6,21372,500000,2032.0823080762837,32.08230807628365,2000.0,500041,9906,4691,1095.14
P1,7,20,1,21367,500000,2044.2664223913796,44.26642239137959,2000.0,500001,9905,4701,1144.6
P1,7,20,12,21378,500000,2032.9750085631226,32.97500856312263,2000.0,500012,9905,4712,1112.83
P1,7,20,11,21377,500000,2036.0488545763108,36.04885457631076,2000.0,500015,9904,4765,1135.12
P1,7,20,19,21385,500000,2029.8541526311037,29.854152631103716,2000.0,500011,9906,4661,1045.87
P1,7,20,7,21373,500000,2024.3940515948639,24.394051594863868,2000.0,500041,9905,4741,1234.67
P1,7,20,5,21371,500000,2030.2496347586523,30.24963475865229,2000.0,500009,9905,4709,1268.03
P1,7,20,14,21380,500000,2028.5908343970682,28.590834397068193,2000.0,500042,9906,4692,1138.38
P1,7,20,17,21383,500000,2025.8548400890895,25.85484008908952,2000.0,500049,9906,4699,1175.82
P1,7,20,15,21381,500000,2023.120015005646,23.12001500564611,2000.0,500013,9903,4813,1298.29
P1,7,20,16,21382,500000,2022.8520996768104,22.85209967681044,2000.0,500010,9904,4760,1473.14
P1,7,20,21,21387,500000,2027.183071620871,27.183071620871033,2000.0,500011,9905,4711,1574.82
P1,7,20,18,21384,500000,2028.596311184245,28.596311184244996,2000.0,500001,9903,4801,1621.4
P1,8,10,0,11466,200000,2221.6004128377785,21.60041283777855,2200.0,200009,3961,1909,852.67
P1,8,10,1,11467,200000,2203.356680414833,3.3566804148331357,2200.0,200003,3961,1903,861.87
P1,8,10,2,11468,200000,2204.209551644404,4.2095516444042005,2200.0,200008,3961,1908,920.45
P1,8,10,3,11469,200000,2220.5227543050783,20.52275430507825,2200.0,200006,3961,1906,968.72
P1,8,10,4,11470,200000,2202.4694859376427,2.4694859376427303,2200.0,200003,3961,1903,980.85
P1,8,10,5,11471,200000,2221.3660780286905,21.36607802869048,2200.0,200011,3961,1911,940.78
P1,8,10,6,11472,200000,2221.773128993734,21.77312899373419,2200.0,200011,3961,1911,964.4
P1,8,10,7,11473,200000,2205.429997813909,5.4299978139088125,2200.0,200011,3961,1911,976.46
P1,8,10,8,11474,200000,2221.576074315304,21.57607431530414,2200.0,200011,3961,1911,984.06
P1,8,10,9,11475,200000,2204.2918700979685,4.291870097968513,2200.0,200005,3961,1905,976.05
P1,8,10,10,11476,200000,2221.6640407972286,21.66404079722861,2200.0,200010,3961,1910,972.55
P1,8,10,11,11477,200000,2221.309370089639,21.309370089638833,2200.0,200010,3961,1910,973.35
P1,8,10,12,11478,200000,2220.715454493576,20.71545449357609,2200.0,200002,3961,1902,979.33
P1,8,10,13,11479,200000,2220.2772427491423,20.27724274914226,2200.0,200006,3961,1906,982.55
P1,8,10,14,11480,200000,2221.251534289226,21.25153428922613,2200.0,200024,3961,1924,978.54
P1,8,10,15,11481,200000,2223.5015868398978,23.501586839897755,2200.0,200016,3961,1916,984.04
P1,8,10,16,11482,200000,2222.5255345648093,22.525534564809277,2200.0,200025,3961,1925,977.53
P1,8,10,17,11483,200000,2220.5441267144197,20.54412671441969,2200.0,200005,3961,1905,975.76
P1,8,10,18,11484,200000,2221.992728126009,21.992728126008842,2200.0,200008,3961,1908,989.22
P1,8,10,19,11485,200000,2220.180906746589,20.18090674658879,2200.0,200008,3961,1908,982.52
P1,8,10,20,11486,200000,2200.318358628198,0.3183586281979842,2200.0,200011,3961,1911,976.78
P1,8,10,21,11487,200000,2221.672592921082,21.672592921082014,2200.0,200009,3961,1909,975.43
P1,8,10,22,11488,200000,2200.631724487689,0.6317244876890982,2200.0,200048,3962,1898,981.95
P1,8,10,23,11489,200000,2206.5359553286717,6.535955328671662,2200.0,200048,3962,1898,976.33
P1,8,10,24,11490,200000,2221.840444381798,21.84044438179808,2200.0,200017,3961,1917,974.73
P1,8,10,25,11491,200000,2221.001551079384,21.00155107938417,2200.0,200012,3961,1912,978.89
P1,7,20,22,21388,500000,2025.3677720942562,25.367772094256225,2000.0,500010,9903,4810,2769.98
P1,8,10,26,11492,200000,2220.5197856113236,20.51978561132364,2200.0,200014,3961,1914,981.84
P1,8,10,27,11493,200000,2205.664873066119,5.664873066119071,2200.0,200000,3961,1900,977.92
P1,7,20,23,21389,500000,2024.2211561619906,24.22115616199062,2000.0,500048,9904,4798,2828.04
P1,8,10,28,11494,200000,2222.6565536901444,22.656553690144392,2200.0,200045,3962,1895,977.37
P1,8,10,29,11495,200000,2208.0094719593244,8.0094719593244,2200.0,200012,3961,1912,982.46
P1,7,20,26,21392,500000,2024.4476115479315,24.4476115479315,2000.0,500008,9906,4658,2909.71
P1,7,20,24,21390,500000,2032.148763014919,32.14876301491904,2000.0,500025,9905,4725,2963.18
P1,7,20,27,21393,500000,2022.1449144544877,22.14491445448766,2000.0,500036,9906,4686,2925.61
P1,7,20,28,21394,500000,2024.7853447275672,24.785344727567235,2000.0,500022,9908,4572,2985.55
P1,7,20,25,21391,500000,2038.4824439563763,38.4824439563763,2000.0,500035,9905,4735,3040.47
P1,7,20,29,21395,500000,2025.376042567189,25.37604256718896,2000.0,500003,9905,4703,3057.47
P1,8,20,2,21468,500000,2237.880918572956,37.880918572956034,2200.0,500044,9906,4694,3819.45
P1,8,20,0,21466,500000,2226.9971976915413,26.99719769154126,2200.0,500015,9907,4615,3968.36
P1,8,20,3,21469,500000,2229.9460264551203,29.946026455120318,2200.0,500002,9907,4602,3838.06
P1,8,20,7,21473,500000,2236.435527723777,36.435527723776886,2200.0,500014,9906,4664,3688.74
P1,8,20,1,21467,500000,2226.0903969631945,26.090396963194507,2200.0,500021,9905,4721,3933.21
P1,8,20,6,21472,500000,2225.276491713492,25.27649171349185,2200.0,500010,9905,4710,3825.12
P1,8,20,5,21471,500000,2227.727423484401,27.727423484400788,2200.0,500045,9906,4695,3889.42
P1,8,20,4,21470,500000,2241.9245445614706,41.92454456147061,2200.0,500021,9907,4621,3935.85
P1,8,20,10,21476,500000,2233.3011944178957,33.30119441789566,2200.0,500013,9906,4663,3512.95
P1,8,20,8,21474,500000,2237.1214971242375,37.12149712423752,2200.0,500014,9905,4714,3786.98
P1,8,20,12,21478,500000,2256.592285239905,56.59228523990487,2200.0,500047,9906,4697,3467.0
P1,9,10,0,11566,200000,2659.094344780471,359.09434478047115,2300.0,200000,3962,1850,62.6
P1,8,20,9,21475,500000,2273.5816234402123,73.5816234402123,2200.0,500037,9906,4687,3648.06
P1,9,10,1,11567,200000,2300.000001750598,1.7505981304566376e-06,2300.0,200005,3961,1905,69.11
P1,9,10,2,11568,200000,2659.0943447804416,359.0943447804416,2300.0,200003,3962,1853,31.93
P1,8,20,13,21479,500000,2230.3694537296014,30.369453729601446,2200.0,500035,9906,4685,3446.9
P1,8,20,14,21480,500000,2250.5215338695307,50.521533869530685,2200.0,500021,9906,4671,3382.91
P1,9,10,5,11571,200000,2659.094344780364,359.0943447803638,2300.0,200043,3963,1843,26.03
P1,8,20,20,21486,500000,2228.4094270531814,28.40942705318139,2200.0,500042,9906,4692,3221.3
P1,8,20,16,21482,500000,2245.01901573055,45.01901573055011,2200.0,500006,9905,4706,3351.88
P1,9,10,4,11570,200000,2659.0943447804884,359.0943447804884,2300.0,200006,3962,1856,61.63
P1,9,10,10,11576,200000,2659.0943447804034,359.0943447804034,2300.0,200047,3962,1897,26.1
P1,9,10,3,11569,200000,2659.094344780423,359.09434478042294,2300.0,200046,3963,1846,79.67
P1,9,10,7,11573,200000,2659.0943447804134,359.0943447804134,2300.0,200011,3962,1861,42.98
P1,8,20,15,21481,500000,2231.707279558222,31.707279558222126,2200.0,500012,9906,4662,3396.81
P1,9,10,6,11572,200000,2659.094344780448,359.09434478044795,2300.0,200039,3963,1839,53.43
P1,9,10,9,11575,200000,2659.0943447804907,359.0943447804907,2300.0,200034,3962,1884,43.67
P1,9,10,8,11574,200000,2659.094344780364,359.0943447803638,2300.0,200025,3962,1875,52.5
P1,9,10,11,11577,200000,2659.0943447804348,359.09434478043477,2300.0,200021,3962,1871,37.65
P1,8,20,11,21477,500000,2236.054261743074,36.05426174307422,2200.0,500020,9905,4720,3589.2
P1,8,20,17,21483,500000,2242.4774586761287,42.47745867612866,2200.0,500033,9905,4733,3374.85
P1,8,20,19,21485,500000,2245.836513691976,45.83651369197605,2200.0,500026,9906,4676,3300.34
P1,9,10,17,11583,200000,2659.094344780432,359.09434478043204,2300.0,200011,3962,1861,28.47
P1,9,10,12,11578,200000,2659.094344780441,359.09434478044113,2300.0,200011,3962,1861,46.4
P1,8,20,18,21484,500000,2235.4655301305,35.465530130500156,2200.0,500026,9907,4626,3377.24
P1,9,10,16,11582,200000,2300.000001328416,1.328416146861855e-06,2300.0,200017,3961,1917,38.4
P1,9,10,19,11585,200000,2659.0943447804625,359.0943447804625,2300.0,200039,3963,1839,31.87
P1,9,10,18,11584,200000,2659.094344780407,359.094344780407,2300.0,200038,3963,1838,39.9
P1,9,10,22,11588,200000,2659.094344780402,359.094344780402,2300.0,200034,3963,1834,26.15
P1,9,10,14,11580,200000,2659.094344780448,359.09434478044795,2300.0,200046,3963,1846,52.93
P1,9,10,13,11579,200000,2659.094344780381,359.0943447803811,2300.0,200027,3962,1877,61.53
P1,9,10,26,11592,200000,2659.09434478038,359.0943447803802,2300.0,200025,3962,1875,26.31
P1,9,10,27,11593,200000,2659.0943447804207,359.09434478042067,2300.0,200015,3962,1865,34.38
P1,9,10,15,11581,200000,2659.094344780514,359.0943447805139,2300.0,200049,3963,1849,74.2
P1,9,10,25,11591,200000,2659.0943447804357,359.0943447804357,2300.0,200014,3962,1864,42.57
P1,9,10,28,11594,200000,2659.094344780465,359.0943447804648,2300.0,200018,3963,1818,36.61
P1,9,10,20,11586,200000,2300.0000019679187,1.9679187062138226e-06,2300.0,200009,3961,1909,65.26
P1,9,10,21,11587,200000,2659.0943447804043,359.0943447804043,2300.0,200022,3962,1872,74.16
P1,9,10,23,11589,200000,2300.0000016887293,1.6887292986211833e-06,2300.0,200014,3961,1914,66.78
P1,9,10,24,11590,200000,2659.0943447806235,359.0943447806235,2300.0,200046,3964,1796,70.78
P1,9,10,29,11595,200000,2300.000002460777,2.4607770683360286e-06,2300.0,200004,3961,1904,67.72
P1,9,20,0,21566,500000,2635.6387702716866,335.63877027168655,2300.0,500046,9903,4846,111.62
P1,9,20,1,21567,500000,2635.638770271672,335.638770271672,2300.0,500043,9903,4843,119.91
P1,9,20,4,21570,500000,2635.6387702716997,335.63877027169974,2300.0,500010,9903,4810,99.32
P1,9,20,8,21574,500000,2635.6387702717257,335.63877027172566,2300.0,500008,9903,4808,89.84
P1,9,20,3,21569,500000,2635.63877027164,335.63877027164017,2300.0,500039,9903,4839,114.64
P1,9,20,2,21568,500000,2635.638770271875,335.6387702718748,2300.0,500039,9903,4839,149.07
P1,9,20,7,21573,500000,2635.638770271697,335.638770271697,2300.0,500039,9903,4839,121.21
P1,9,20,12,21578,500000,2635.6387702717307,335.63877027173066,2300.0,500023,9903,4823,90.21
P1,9,20,5,21571,500000,2635.63877027171,335.6387702717102,2300.0,500024,9903,4824,131.55
P1,9,20,6,21572,500000,2635.6387702721076,335.63877027210765,2300.0,500039,9904,4789,135.45
P1,8,20,21,21487,500000,2233.057393773645,33.05739377364489,2200.0,500001,9905,4701,3413.18
P1,9,20,11,21577,500000,2635.6387702719094,335.6387702719094,2300.0,500003,9903,4803,120.16
P1,9,20,15,21581,500000,2635.638770271693,335.6387702716929,2300.0,500000,9902,4850,65.55
P1,9,20,9,21575,500000,2635.638770271701,335.6387702717011,2300.0,500031,9903,4831,160.65
P1,9,20,10,21576,500000,2635.6387702717534,335.6387702717534,2300.0,500032,9903,4832,169.02
P1,9,20,21,21587,500000,2635.6387702719608,335.63877027196077,2300.0,500023,9903,4823,67.61
P1,9,20,13,21579,500000,2635.6387702717866,335.6387702717866,2300.0,500023,9903,4823,119.66
P1,9,20,14,21580,500000,2635.6387702717266,335.63877027172657,2300.0,500023,9903,4823,136.51
P1,9,20,17,21583,500000,2635.667056383353,335.66705638335316,2300.0,500005,9902,4855,135.73
P1,9,20,22,21588,500000,2635.638770271973,335.63877027197304,2300.0,500030,9903,4830,108.99
P1,9,20,16,21582,500000,2635.638770271891,335.6387702718912,2300.0,500011,9903,4811,157.31
P1,9,20,24,21590,500000,2635.638770271714,335.63877027171384,2300.0,500007,9903,4807,123.69
P1,10,10,0,11666,200000,2621.122057296249,221.12205729624884,2400.0,200032,3961,1932,38.72
P1,10,10,2,11668,200000,2622.4738766144164,222.47387661441644,2400.0,200040,3961,1940,25.37
P1,9,20,23,21589,500000,2635.638770271826,335.63877027182616,2300.0,500004,9903,4804,134.26
P1,9,20,20,21586,500000,2635.6387702717584,335.6387702717584,2300.0,500018,9902,4868,149.92
P1,10,10,3,11669,200000,2622.473876614418,222.4738766144178,2400.0,200033,3961,1933,25.74
P1,10,10,1,11667,200000,2621.122057282525,221.12205728252502,2400.0,200030,3961,1930,53.65
P1,9,20,18,21584,500000,2635.638770272044,335.638770272044,2300.0,500027,9903,4827,165.43
P1,10,10,6,11672,200000,2620.872649748983,220.8726497489829,2400.0,200031,3961,1931,25.59
P1,9,20,27,21593,500000,2635.6387702716806,335.63877027168064,2300.0,500015,9903,4815,112.51
P1,9,20,19,21585,500000,2635.6387702717743,335.6387702717743,2300.0,500021,9903,4821,179.2
P1,10,10,5,11671,200000,2714.972627679134,314.9726276791339,2400.0,200029,3961,1929,34.61
P1,9,20,26,21592,500000,2635.6387702717666,335.6387702717666,2300.0,500023,9903,4823,128.71
P1,10,10,4,11670,200000,2736.480534825639,336.4805348256391,2400.0,200030,3961,1930,48.85
P1,10,10,9,11675,200000,2620.8726497489806,220.87264974898062,2400.0,200047,3961,1947,39.85
P1,9,20,25,21591,500000,2635.6387702717025,335.63877027170247,2300.0,500039,9903,4839,158.84
P1,10,10,12,11678,200000,2714.972627679127,314.9726276791271,2400.0,200028,3961,1928,25.31
P1,10,10,13,11679,200000,2622.2835380381175,222.2835380381175,2400.0,200014,3961,1914,24.73
P1,10,10,8,11674,200000,2620.8726497489847,220.8726497489847,2400.0,200035,3961,1935,51.0
P1,10,10,10,11676,200000,2622.1033500321632,222.10335003216323,2400.0,200021,3961,1921,38.32
P1,10,10,16,11682,200000,2621.122057282525,221.12205728252502,2400.0,200038,3961,1938,24.84
P1,10,10,7,11673,200000,2620.875902564252,220.8759025642521,2400.0,200016,3961,1916,61.6
P1,9,20,28,21594,500000,2635.638770271725,335.6387702717252,2300.0,500026,9903,4826,142.82
P1,10,10,11,11677,200000,2621.1220572825246,221.12205728252457,2400.0,200026,3961,1926,48.72
P1,10,10,15,11681,200000,2620.8726497489806,220.87264974898062,2400.0,200037,3961,1937,39.07
P1,9,20,29,21595,500000,2635.6387702969205,335.6387702969205,2300.0,500033,9903,4833,146.52
P1,10,10,20,11686,200000,2620.8726497489806,220.87264974898062,2400.0,200032,3961,1932,25.03
P1,10,10,21,11687,200000,2623.000380640088,223.00038064008822,2400.0,200046,3961,1946,25.18
P1,10,10,23,11689,200000,2620.87264974898,220.87264974898017,2400.0,200036,3961,1936,24.92
P1,10,10,14,11680,200000,2621.1220572825255,221.12205728252547,2400.0,200006,3961,1906,61.48
P1,10,10,29,11695,200000,2622.1744000774947,222.17440007749474,2400.0,200022,3961,1922,25.85
P1,10,10,24,11690,200000,2622.1516506522967,222.15165065229667,2400.0,200019,3961,1919,48.44
P1,10,10,25,11691,200000,2627.4367374986628,227.43673749866275,2400.0,200043,3961,1943,47.71
P1,10,10,22,11688,200000,2620.8726497489806,220.87264974898062,2400.0,200024,3961,1924,59.5
P1,10,10,19,11685,200000,2725.95136163331,325.95136163331017,2400.0,200028,3961,1928,72.0
P1,10,10,27,11693,200000,2621.1220572825246,221.12205728252457,2400.0,200030,3961,1930,55.27
P1,10,10,18,11684,200000,2621.122057282525,221.12205728252502,2400.0,200029,3961,1929,78.09
P1,10,10,17,11683,200000,2621.3494272349835,221.34942723498352,2400.0,200038,3961,1938,81.99
P1,10,10,26,11692,200000,2721.3479341249513,321.3479341249513,2400.0,200019,3961,1919,61.6
P1,10,10,28,11694,200000,2622.473876614417,222.4738766144169,2400.0,200023,3961,1923,74.5
P1,10,20,0,21666,500000,2803.973115081796,403.9731150817961,2400.0,500002,9902,4852,70.23
P1,10,20,2,21668,500000,2796.6152498301067,396.6152498301067,2400.0,500009,9902,4859,68.66
P1,10,20,4,21670,500000,2943.8159688364517,543.8159688364517,2400.0,500048,9904,4798,70.12
P1,10,20,5,21671,500000,2804.4976290468917,404.4976290468917,2400.0,500000,9902,4850,78.05
P1,10,20,14,21680,500000,4574.241157853066,2174.2411578530664,2400.0,500009,9903,4809,68.45
P1,10,20,3,21669,500000,2948.7258352605368,548.7258352605368,2400.0,500047,9903,4847,123.32
P1,10,20,7,21673,500000,2999.4093943175903,599.4093943175903,2400.0,500008,9902,4858,111.83
P1,10,20,16,21682,500000,2915.529146894937,515.5291468949372,2400.0,500014,9902,4864,67.47
P1,10,20,15,21681,500000,2802.260683059805,402.26068305980516,2400.0,500030,9902,4880,98.54
P1,10,20,8,21674,500000,2803.4762983172714,403.47629831727136,2400.0,500026,9902,4876,135.43
P1,10,20,1,21667,500000,2807.6401494319366,407.6401494319366,2400.0,500006,9902,4856,177.18
P1,10,20,9,21675,500000,2830.8714097712036,430.8714097712036,2400.0,500013,9902,4863,134.74
P1,10,20,6,21672,500000,2803.4997581018315,403.4997581018315,2400.0,500008,9902,4858,154.2
P1,10,20,12,21678,500000,2799.960480449356,399.96048044935606,2400.0,500023,9902,4873,145.79
P1,10,20,18,21684,500000,2807.474158368212,407.4741583682121,2400.0,500043,9903,4843,66.21
P1,10,20,10,21676,500000,2803.7314941565955,403.73149415659555,2400.0,500035,9902,4885,159.73
P1,10,20,13,21679,500000,2932.1156670583546,532.1156670583546,2400.0,500037,9902,4887,150.83
P1,10,20,11,21677,500000,3460.847680167191,1060.847680167191,2400.0,500027,9904,4777,174.67
P1,10,20,23,21689,500000,2803.736056161707,403.736056161707,2400.0,500031,9902,4881,67.53
P1,10,20,21,21687,500000,3025.084975179385,625.0849751793849,2400.0,500038,9903,4838,107.04
P1,10,20,28,21694,500000,2804.5050808137394,404.50508081373937,2400.0,500003,9902,4853,68.23
P1,10,20,20,21686,500000,2799.691353967686,399.69135396768615,2400.0,500016,9902,4866,129.93
P1,10,20,17,21683,500000,2798.9829791763914,398.9829791763914,2400.0,500005,9902,4855,173.84
P1,11,10,0,11766,200000,2600.000000810079,8.100792001641821e-07,2600.0,200015,3961,1915,62.53
P1,11,10,2,11768,200000,2600.000000869313,8.693132258486003e-07,2600.0,200042,3962,1892,45.38
P1,10,20,25,21691,500000,2802.389070452395,402.3890704523951,2400.0,500047,9903,4847,111.48
P1,11,10,1,11767,200000,2623.4308474762415,23.430847476241524,2600.0,200048,3961,1948,76.15
P1,10,20,27,21693,500000,2963.2513453182346,563.2513453182346,2400.0,500004,9902,4854,108.28
P1,10,20,26,21692,500000,2803.190084727074,403.190084727074,2400.0,500005,9902,4855,120.01
P1,11,10,3,11769,200000,2600.000000811602,8.116021490423009e-07,2600.0,200001,3961,1901,45.65
P1,11,10,4,11770,200000,2622.425596245957,22.425596245956967,2600.0,200001,3961,1901,45.92
P1,10,20,19,21685,500000,2796.8826545354864,396.8826545354864,2400.0,500046,9903,4846,180.28
P1,11,10,8,11774,200000,2600.000000931611,9.316108844359405e-07,2600.0,200000,3961,1900,44.7
P1,10,20,24,21690,500000,2800.1946385788647,400.19463857886467,2400.0,500004,9904,4754,160.06
P1,11,10,11,11777,200000,2600.000000990618,9.906179911922663e-07,2600.0,200001,3961,1901,44.24
P1,11,10,5,11771,200000,2600.0000008745837,8.745837476453744e-07,2600.0,200000,3961,1900,80.85
P1,11,10,14,11780,200000,2600.0000008350767,8.35076662042411e-07,2600.0,200034,3962,1884,42.92
P1,11,10,7,11773,200000,2600.000000947026,9.470259101362899e-07,2600.0,200025,3961,1925,80.83
P1,10,20,29,21695,500000,2801.667488429333,401.66748842933293,2400.0,500030,9903,4830,156.15
P1,11,10,9,11775,200000,2622.425596245957,22.425596245956967,2600.0,200026,3961,1926,74.18
P1,11,10,16,11782,200000,2600.000001125852,1.1258521226409357e-06,2600.0,200014,3961,1914,42.07
P1,10,20,22,21688,500000,2805.805232108902,405.80523210890215,2400.0,500036,9902,4886,207.98
P1,11,10,12,11778,200000,2600.000001109697,1.109697223000694e-06,2600.0,200039,3961,1939,77.99
P1,11,10,13,11779,200000,2600.000000886013,8.860129128152039e-07,2600.0,200024,3961,1924,80.91
P1,11,10,10,11776,200000,2622.425596245957,22.425596245956967,2600.0,200032,3961,1932,94.16
P1,11,10,6,11772,200000,2600.0000012942974,1.2942973626195453e-06,2600.0,200014,3961,1914,115.78
P1,11,10,20,11786,200000,2623.430847476241,23.43084747624107,2600.0,200000,3961,1900,43.45
P1,11,10,15,11781,200000,2600.00000110653,1.1065299077017698e-06,2600.0,200038,3961,1938,86.4
P1,11,10,22,11788,200000,2600.0000011007373,1.100737335946178e-06,2600.0,200000,3961,1900,59.25
P1,11,10,17,11783,200000,2600.00000095764,9.576401680533309e-07,2600.0,200031,3961,1931,87.32
P1,11,10,24,11790,200000,2600.0000008981165,8.98116468306398e-07,2600.0,200016,3961,1916,51.85
P1,11,10,23,11789,200000,2600.0000012435166,1.2435166354407556e-06,2600.0,200000,3961,1900,88.33
P1,11,10,18,11784,200000,2600.000001278502,1.2785021681338549e-06,2600.0,200004,3961,1904,107.91
P1,11,10,21,11787,200000,2600.0000009192063,9.192062861984596e-07,2600.0,200007,3961,1907,96.86
P1,11,10,26,11792,200000,2600.0000010670487,1.067048742697807e-06,2600.0,200011,3961,1911,78.59
P1,11,10,19,11785,200000,2623.430847476241,23.43084747624107,2600.0,200000,3961,1900,105.7
P1,11,10,29,11795,200000,2600.000000791553,7.915527930890676e-07,2600.0,200000,3961,1900,70.84
P1,11,10,25,11791,200000,2600.0000008283737,8.283736860903446e-07,2600.0,200016,3961,1916,113.68
P1,11,10,28,11794,200000,2600.000001097513,1.097513177228393e-06,2600.0,200000,3961,1900,97.92
P1,11,10,27,11793,200000,2600.0000007377394,7.377393558272161e-07,2600.0,200033,3961,1933,118.1
P1,11,20,0,21766,500000,2616.2428468075022,16.242846807502247,2600.0,500006,9903,4806,144.3
P1,11,20,2,21768,500000,2615.3410129083895,15.34101290838953,2600.0,500037,9902,4887,144.11
P1,8,20,23,21489,500000,2228.3372419109423,28.33724191094234,2200.0,500007,9904,4757,1350.31
P1,11,20,1,21767,500000,2600.0000017687694,1.7687693798507098e-06,2600.0,500035,9903,4835,194.17
P1,11,20,4,21770,500000,2600.000001710226,1.7102261153922882e-06,2600.0,500023,9904,4773,176.1
P1,11,20,8,21774,500000,2615.3410129083895,15.34101290838953,2600.0,500010,9902,4860,172.52
P1,11,20,14,21780,500000,2600.0000016825115,1.6825115380925126e-06,2600.0,500002,9902,4852,111.01
P1,11,20,3,21769,500000,2600.0000017939255,1.7939255485543981e-06,2600.0,500041,9904,4791,252.48
P1,11,20,7,21773,500000,2600.000001605973,1.6059730114648119e-06,2600.0,500046,9903,4846,230.11
P1,11,20,10,21776,500000,2600.0000018976925,1.8976925275637768e-06,2600.0,500000,9903,4800,226.36
P1,8,20,25,21491,500000,2225.6819829632414,25.681982963241353,2200.0,500006,9906,4656,1451.53
P1,11,20,9,21775,500000,2615.34101290839,15.341012908389985,2600.0,500032,9902,4882,245.18
P1,11,20,12,21778,500000,2600.0000017838497,1.7838497115008067e-06,2600.0,500020,9903,4820,234.75
P1,11,20,6,21772,500000,2600.0000012250366,1.2250366125954315e-06,2600.0,500049,9903,4849,271.51
P1,11,20,13,21779,500000,2600.0000012764467,1.276446710107848e-06,2600.0,500048,9903,4848,222.78
P1,11,20,11,21777,500000,2623.772785928094,23.77278592809398,2600.0,500001,9902,4851,249.32
P1,11,20,5,21771,500000,2615.3725355131983,15.372535513198272,2600.0,500000,9902,4850,290.2
P1,11,20,15,21781,500000,2600.0000017011293,1.7011293493851554e-06,2600.0,500041,9903,4841,197.83
P1,8,20,27,21493,500000,2236.597025390513,36.597025390512954,2200.0,500022,9906,4672,1462.67
P1,11,20,21,21787,500000,2600.0000016109925,1.6109925127238967e-06,2600.0,500027,9903,4827,111.05
P1,11,20,20,21786,500000,2600.0000017289362,1.7289362403971609e-06,2600.0,500018,9903,4818,141.01
P1,11,20,16,21782,500000,2600.0000017748976,1.7748975551512558e-06,2600.0,500015,9903,4815,222.89
P1,12,10,1,11867,200000,2865.899662992502,165.89966299250182,2700.0,200015,3961,1915,50.22
P1,8,20,22,21488,500000,2234.542937811492,34.54293781149181,2200.0,500004,9906,4654,1612.51
P1,11,20,17,21783,500000,2600.000001704532,1.7045322238118388e-06,2600.0,500030,9903,4830,238.15
P1,12,10,2,11868,200000,2865.946510639865,165.9465106398652,2700.0,200010,3961,1910,76.71
P1,12,10,0,11866,200000,2867.480095110038,167.48009511003784,2700.0,200045,3961,1945,114.05
P1,11,20,26,21792,500000,2600.0000021879864,2.1879864107177127e-06,2600.0,500035,9907,4635,131.3
P1,12,10,6,11872,200000,2865.9623667641986,165.96236676419858,2700.0,200004,3961,1904,48.78
P1,12,10,7,11873,200000,2866.4229009617893,166.4229009617893,2700.0,200041,3961,1941,48.37
P1,11,20,18,21784,500000,2615.3410129083904,15.34101290839044,2600.0,500002,9902,4852,263.83
P1,11,20,19,21785,500000,2600.0000016052945,1.6052945284172893e-06,2600.0,500037,9903,4837,238.01
P1,12,10,5,11871,200000,2866.422900877701,166.42290087770107,2700.0,200000,3960,1950,85.04
P1,12,10,4,11870,200000,2865.946435390835,165.94643539083518,2700.0,200000,3961,1900,104.9
P1,11,20,23,21789,500000,2600.000001688034,1.6880339899216779e-06,2600.0,500001,9902,4851,214.65
P1,12,10,10,11876,200000,2864.5198875697924,164.51988756979244,2700.0,200008,3961,1908,56.35
P1,12,10,13,11879,200000,2866.4229027581778,166.42290275817777,2700.0,200035,3961,1935,49.34
P1,12,10,14,11880,200000,2864.018172322142,164.01817232214216,2700.0,200011,3961,1911,49.02
P1,12,10,3,11869,200000,2865.9211174079983,165.92111740799828,2700.0,200010,3961,1910,129.34
P1,12,10,11,11877,200000,2865.9358824823976,165.93588248239757,2700.0,200016,3961,1916,64.3
P1,11,20,27,21793,500000,2600.000001969009,1.9690091903612483e-06,2600.0,500021,9903,4821,207.73
P1,11,20,22,21788,500000,2613.9892650295105,13.989265029510534,2600.0,500000,9902,4850,251.22
P1,8,20,24,21490,500000,2243.5076980049316,43.507698004931626,2200.0,500029,9905,4729,1692.15
P1,12,10,9,11875,200000,2865.922566842598,165.92256684259792,2700.0,200011,3961,1911,97.9
P1,11,20,25,21791,500000,2615.3410129083895,15.34101290838953,2600.0,500003,9902,4853,239.0
P1,12,10,8,11874,200000,2865.9322878933067,165.9322878933067,2700.0,200005,3961,1905,114.76
P1,12,10,21,11887,200000,2866.5652170673493,166.5652170673493,2700.0,200000,3960,1950,48.36
P1,12,10,12,11878,200000,2864.5047290227562,164.50472902275624,2700.0,200013,3961,1913,106.28
P1,8,20,26,21492,500000,2240.0310792770565,40.031079277056506,2200.0,500020,9905,4720,1708.54
P1,12,10,15,11881,200000,2866.3978596585775,166.39785965857754,2700.0,200016,3961,1916,108.07
P1,12,10,17,11883,200000,2865.945573073196,165.9455730731961,2700.0,200031,3961,1931,78.91
P1,12,10,18,11884,200000,2865.947179774323,165.9471797743231,2700.0,200006,3961,1906,77.83
P1,11,20,28,21794,500000,2600.0000018129053,1.8129053387383465e-06,2600.0,500043,9904,4793,254.09
P1,11,20,29,21795,500000,2615.34101290839,15.341012908389985,2600.0,500049,9903,4849,255.66
P1,12,10,25,11891,200000,2865.944469057718,165.94446905771792,2700.0,200032,3961,1932,60.93
P1,12,10,28,11894,200000,2865.913766139282,165.91376613928196,2700.0,200022,3961,1922,56.84
P1,12,10,16,11882,200000,2865.9263026694794,165.92630266947936,2700.0,200035,3961,1935,112.84
P1,11,20,24,21790,500000,2600.0000018314036,1.831403551477706e-06,2600.0,500000,9902,4850,299.43
P1,12,10,20,11886,200000,2866.422900602138,166.42290060213782,2700.0,200000,3960,1950,95.07
P1,12,10,23,11889,200000,2865.9059734857387,165.90597348573874,2700.0,200025,3961,1925,90.82
P1,12,10,19,11885,200000,2865.937553736214,165.93755373621389,2700.0,200001,3961,1901,121.28
P1,12,10,24,11890,200000,2865.8955562459696,165.8955562459696,2700.0,200046,3961,1946,105.1
P1,12,10,27,11893,200000,2863.818269218988,163.818269218988,2700.0,200020,3961,1920,103.85
P1,12,10,22,11888,200000,2866.5652363489135,166.56523634891346,2700.0,200040,3961,1940,136.15
P1,12,10,26,11892,200000,2871.2460451786396,171.24604517863963,2700.0,200000,3960,1950,130.47
P1,12,10,29,11895,200000,2865.929998913559,165.92999891355885,2700.0,200011,3961,1911,119.88
P1,8,20,29,21495,500000,2250.0839262589548,50.08392625895476,2200.0,500014,9905,4714,1721.34
P1,12,20,0,21866,500000,2946.920558183312,246.9205581833121,2700.0,500002,9902,4852,133.01
P1,12,20,2,21868,500000,2939.093188421651,239.09318842165112,2700.0,500028,9902,4878,139.94
P1,8,20,28,21494,500000,2235.195355871151,35.19535587115115,2200.0,500020,9906,4670,1788.98
P1,12,20,1,21867,500000,2951.443320687549,251.4433206875492,2700.0,500035,9903,4835,182.03
P1,12,20,6,21872,500000,2946.397047322464,246.397047322464,2700.0,500025,9902,4875,174.88
P1,12,20,9,21875,500000,2946.9566086740247,246.95660867402466,2700.0,500030,9902,4880,174.79
P1,12,20,4,21870,500000,2939.093188421651,239.09318842165112,2700.0,500019,9902,4869,200.88
P1,12,20,7,21873,500000,2943.129846438561,243.1298464385609,2700.0,500006,9902,4856,218.16
P1,12,20,11,21877,500000,2939.3227662065246,239.32276620652465,2700.0,500037,9902,4887,229.67
P1,12,20,13,21879,500000,2937.287505161895,237.28750516189484,2700.0,500006,9902,4856,231.52
P2,1,10,0,10766,200000,300.0000000000011,1.0800249583553523e-12,300.0,200000,3960,1950,9.17
P1,12,20,5,21871,500000,2947.124186832576,247.12418683257602,2700.0,500041,9902,4891,268.68
P1,12,20,8,21874,500000,2937.965180301552,237.9651803015522,2700.0,500020,9903,4820,255.87
P1,12,20,12,21878,500000,2939.093188421651,239.09318842165112,2700.0,500024,9902,4874,250.11
P2,1,10,2,10768,200000,300.0000000000015,1.4779288903810084e-12,300.0,200000,3961,1900,7.72
P2,1,10,4,10770,200000,300.000000000001,1.0231815394945443e-12,300.0,200000,3960,1950,3.35
P2,1,10,3,10769,200000,300.0000000000006,6.252776074688882e-13,300.0,200000,3960,1950,7.25
P2,1,10,1,10767,200000,300.0000000000005,5.115907697472721e-13,300.0,200000,3960,1950,10.7
P2,1,10,6,10772,200000,300.0000000000013,1.3073986337985843e-12,300.0,200000,3960,1950,3.52
P2,1,10,9,10775,200000,300.00000000000057,5.684341886080801e-13,300.0,200000,3960,1950,3.53
P2,1,10,5,10771,200000,300.00000000000085,8.526512829121202e-13,300.0,200000,3960,1950,9.22
P2,1,10,8,10774,200000,300.0000000000006,6.252776074688882e-13,300.0,200000,3960,1950,8.72
P2,1,10,7,10773,200000,300.0000000000012,1.1937117960769683e-12,300.0,200000,3960,1950,10.58
P2,1,10,10,10776,200000,300.00000000000114,1.1368683772161603e-12,300.0,200000,3960,1950,5.78
P2,1,10,11,10777,200000,300.0000000000008,7.958078640513122e-13,300.0,200000,3960,1950,6.18
P1,12,20,20,21886,500000,2943.528055332486,243.52805533248602,2700.0,500032,9902,4882,189.45
P1,12,20,18,21884,500000,2944.62142857152,244.62142857152003,2700.0,500016,9902,4866,208.17
P2,1,10,12,10778,200000,300.00000000000057,5.684341886080801e-13,300.0,200000,3960,1950,8.15
P1,12,20,3,21869,500000,2963.823536628769,263.82353662876903,2700.0,500020,9902,4870,300.61
P2,1,10,14,10780,200000,300.0000000000006,6.252776074688882e-13,300.0,200000,3960,1950,7.03
P2,1,10,13,10779,200000,300.0000000000006,6.252776074688882e-13,300.0,200000,3960,1950,10.73
P2,1,10,15,10781,200000,300.00000000000136,1.3642420526593924e-12,300.0,200000,3960,1950,8.46
P2,1,10,20,10786,200000,300.00000000000205,2.0463630789890885e-12,300.0,200000,3960,1950,3.12
P2,1,10,18,10784,200000,300.00000000000415,4.149569576838985e-12,300.0,200000,3960,1950,5.66
P1,12,20,24,21890,500000,2938.2850342651336,238.28503426513362,2700.0,500035,9902,4885,137.89
P2,1,10,23,10789,200000,300.0000000000005,5.115907697472721e-13,300.0,200000,3960,1950,3.09
P2,1,10,16,10782,200000,300.0000000000006,6.252776074688882e-13,300.0,200000,3960,1950,10.81
P1,12,20,10,21876,500000,2948.3649867763893,248.3649867763893,2700.0,500033,9902,4883,285.07
P2,1,10,17,10783,200000,300.00000000000097,9.663381206337363e-13,300.0,200000,3960,1950,10.99
P2,1,10,19,10785,200000,300.0000000000012,1.1937117960769683e-12,300.0,200000,3960,1950,10.66
P2,1,10,22,10788,200000,300.00000000000136,1.3642420526593924e-12,300.0,200000,3960,1950,7.27
P2,1,10,26,10792,200000,300.00000000000074,7.389644451905042e-13,300.0,200000,3960,1950,3.43
P1,12,20,21,21887,500000,2942.9657307476996,242.96573074769958,2700.0,500041,9902,4891,196.38
P2,1,10,24,10790,200000,300.00000000000057,5.684341886080801e-13,300.0,200000,3960,1950,7.79
P2,1,10,21,10787,200000,300.00000000000017,1.7053025658242404e-13,300.0,200000,3960,1950,10.07
P1,12,20,14,21880,500000,2938.7772637575185,238.77726375751854,2700.0,500033,9902,4883,262.18
P1,12,20,16,21882,500000,2944.8667766834847,244.86677668348466,2700.0,500007,9902,4857,250.2
P2,1,10,27,10793,200000,300.0000000000015,1.4779288903810084e-12,300.0,200000,3960,1950,6.79
P2,1,10,25,10791,200000,300.00000000000114,1.1368683772161603e-12,300.0,200000,3960,1950,8.78
P2,1,10,28,10794,200000,300.0000000000023,2.2737367544323206e-12,300.0,200000,3960,1950,8.34
P2,1,10,29,10795,200000,300.0000000000014,1.4210854715202004e-12,300.0,200049,3961,1949,10.2
P2,1,20,2,20768,500000,300.00000000001535,1.5347723092418164e-11,300.0,500022,9902,4872,8.58
P2,1,20,5,20771,500000,300.0000000000064,6.423306331271306e-12,300.0,500021,9902,4871,8.85
P2,1,20,6,20772,500000,300.0000000000102,1.0174971976084635e-11,300.0,500027,9902,4877,8.96
P2,1,20,7,20773,500000,300.0000000000102,1.0174971976084635e-11,300.0,500000,9901,4900,13.6
P2,1,20,13,20779,500000,300.0000000000114,1.1425527191022411e-11,300.0,500010,9902,4860,8.12
P2,1,20,0,20766,500000,300.00000000001154,1.1539214028744027e-11,300.0,500010,9902,4860,19.98
P2,1,20,14,20780,500000,300.0000000000078,7.787548383930698e-12,300.0,500000,9901,4900,8.07
P2,1,20,4,20770,500000,300.0000000000077,7.673861546209082e-12,300.0,500038,9902,4888,20.13
P2,1,20,1,20767,500000,300.00000000000875,8.753886504564434e-12,300.0,500029,9902,4879,23.1
P1,12,20,22,21888,500000,2943.3174642759072,243.31746427590724,2700.0,500024,9902,4874,197.33
P2,1,20,8,20774,500000,300.0000000000055,5.5138116294983774e-12,300.0,500000,9901,4900,20.23
P2,1,20,3,20769,500000,300.0000000000145,1.4495071809506044e-11,300.0,500041,9902,4891,23.09
P2,1,20,9,20775,500000,300.0000000000075,7.503331289626658e-12,300.0,500003,9902,4853,20.99
P2,1,20,11,20777,500000,300.0000000000073,7.275957614183426e-12,300.0,500008,9902,4858,17.55
P2,1,20,12,20778,500000,300.0000000000074,7.389644451905042e-12,300.0,500000,9901,4900,17.46
P1,12,20,15,21881,500000,2939.497355536895,239.49735553689516,2700.0,500032,9902,4882,281.04
P2,1,20,16,20782,500000,300.0000000000049,4.888534022029489e-12,300.0,500000,9901,4900,9.35
P2,1,20,10,20776,500000,300.00000000001404,1.404032445861958e-11,300.0,500049,9902,4899,25.11
P2,1,20,15,20781,500000,300.0000000000097,9.72022462519817e-12,300.0,500000,9901,4900,15.34
P2,1,20,24,20790,500000,300.00000000000585,5.8548721426632255e-12,300.0,500034,9902,4884,8.08
P2,1,20,18,20784,500000,300.00000000000654,6.536993168992922e-12,300.0,500000,9901,4900,14.97
P2,1,20,19,20785,500000,300.0000000000092,9.208633855450898e-12,300.0,500000,9901,4900,14.99
P2,2,10,1,10867,200000,404.01776170200566,4.017761702005657,400.0,200001,3963,1801,4.06
P1,12,20,17,21883,500000,2943.9318057329274,243.9318057329274,2700.0,500038,9902,4888,276.6
P2,1,20,21,20787,500000,300.00000000000705,7.048583938740194e-12,300.0,500000,9901,4900,15.37
P2,1,20,17,20783,500000,300.0000000000093,9.322320693172514e-12,300.0,500000,9901,4900,19.1
P2,1,20,20,20786,500000,300.00000000000796,7.958078640513122e-12,300.0,500000,9901,4900,18.33
P2,2,10,4,10870,200000,404.01937411730984,4.019374117309837,400.0,200042,3963,1842,4.4
P2,1,20,22,20788,500000,300.00000000000955,9.549694368615746e-12,300.0,500000,9901,4900,19.73
P2,2,10,5,10871,200000,408.91610192778137,8.91610192778137,400.0,200033,3962,1883,6.04
P2,2,10,0,10866,200000,404.0231306177894,4.023130617789377,400.0,200046,3963,1846,13.23
P2,2,10,9,10875,200000,408.91610192778137,8.91610192778137,400.0,200007,3961,1907,4.37
P2,1,20,23,20789,500000,300.0000000000037,3.694822225952521e-12,300.0,500000,9901,4900,21.35
P2,2,10,2,10868,200000,404.321907004661,4.321907004661,400.0,200037,3962,1887,11.09
P2,1,20,25,20791,500000,300.0000000000058,5.7980287238024175e-12,300.0,500000,9901,4900,21.15
P2,2,10,8,10874,200000,408.91610192778137,8.91610192778137,400.0,200003,3961,1903,5.7
P2,1,20,26,20792,500000,300.0000000000059,5.9117155615240335e-12,300.0,500000,9901,4900,21.35
P2,2,10,6,10872,200000,404.0157071255787,4.015707125578672,400.0,200020,3963,1820,9.13
P2,2,10,7,10873,200000,404.01235117817134,4.012351178171343,400.0,200008,3963,1808,10.35
P2,2,10,3,10869,200000,404.0356286861935,4.0356286861934905,400.0,200021,3964,1771,12.22
P2,2,10,13,10879,200000,408.9161019277813,8.916101927781312,400.0,200000,3961,1900,4.55
P2,2,10,10,10876,200000,404.0207356672362,4.020735667236181,400.0,200005,3963,1805,7.16
P2,1,20,28,20794,500000,300.00000000000904,9.038103598868474e-12,300.0,500050,9902,4900,23.15
P2,1,20,27,20793,500000,300.0000000000045,4.490630090003833e-12,300.0,500000,9901,4900,24.83
P2,2,10,18,10884,200000,408.9161019277813,8.916101927781312,400.0,200000,3961,1900,5.82
P2,2,10,22,10888,200000,408.91610192778137,8.91610192778137,400.0,200000,3961,1900,4.39
P2,2,10,15,10881,200000,404.0180770706177,4.018077070617721,400.0,200022,3963,1822,8.5
P2,2,10,17,10883,200000,408.91610192778137,8.91610192778137,400.0,200000,3961,1900,8.34
P2,1,20,29,20795,500000,300.0000000000064,6.423306331271306e-12,300.0,500000,9901,4900,24.9
P2,2,10,16,10882,200000,408.91610192778137,8.91610192778137,400.0,200004,3961,1904,8.86
P2,2,10,11,10877,200000,404.02032079932866,4.020320799328658,400.0,200010,3963,1810,11.96
P1,12,20,19,21885,500000,2948.37070383231,248.37070383231003,2700.0,500018,9902,4868,277.59
P2,2,10,14,10880,200000,404.01888527050085,4.018885270500846,400.0,200024,3963,1824,10.86
P2,2,10,20,10886,200000,400.3851109227157,0.3851109227156826,400.0,200000,3960,1950,10.14
P2,2,10,19,10885,200000,408.91610192778137,8.91610192778137,400.0,200048,3961,1948,11.7
P2,2,10,12,10878,200000,404.02243490624465,4.022434906244655,400.0,200035,3963,1835,13.95
P2,2,10,24,10890,200000,404.02703212783064,4.027032127830637,400.0,200001,3963,1801,8.81
P2,2,10,21,10887,200000,408.9161019277814,8.916101927781426,400.0,200000,3960,1950,12.28
P1,12,20,27,21893,500000,2944.8667767523193,244.8667767523193,2700.0,500011,9902,4861,171.29
P2,2,10,25,10891,200000,408.9161019277813,8.916101927781312,400.0,200000,3960,1950,9.89
P2,2,10,23,10889,200000,408.9161019277813,8.916101927781312,400.0,200000,3961,1900,12.06
P2,2,10,27,10893,200000,404.01599648967095,4.015996489670954,400.0,200047,3963,1847,8.15
P2,2,10,26,10892,200000,408.91610192778137,8.91610192778137,400.0,200003,3961,1903,12.85
P2,2,10,29,10895,200000,408.91610192778137,8.91610192778137,400.0,200049,3965,1749,10.69
P1,12,20,23,21889,500000,2972.8954174314686,272.89541743146856,2700.0,500000,9901,4900,218.33
P2,2,10,28,10894,200000,404.01705812951644,4.0170581295164425,400.0,200016,3963,1816,12.84
P2,2,20,4,20870,500000,400.130849428648,0.13084942864799132,400.0,500043,9927,3643,13.57
P2,2,20,10,20876,500000,400.16012569253627,0.16012569253626907,400.0,500012,9942,2862,10.39
P1,12,20,25,21891,500000,2946.6577271948054,246.65772719480537,2700.0,500045,9902,4895,205.59
P2,2,20,5,20871,500000,449.08447897948804,49.08447897948804,400.0,500037,9902,4887,19.13
P2,2,20,12,20878,500000,400.1299294713375,0.12992947133750476,400.0,500035,9923,3835,16.63
P2,2,20,1,20867,500000,444.89546931745167,44.89546931745167,400.0,500000,9905,4700,24.23
P2,2,20,6,20872,500000,428.9356062689228,28.93560626892281,400.0,500015,9923,3815,21.41
P2,2,20,3,20869,500000,400.1291642173837,0.1291642173836749,400.0,500011,9924,3761,25.44
P2,2,20,16,20882,500000,400.11385668570097,0.11385668570096641,400.0,500010,9926,3660,15.7
P2,2,20,19,20885,500000,428.9356062689301,28.935606268930087,400.0,500032,9908,4582,11.24
P2,2,20,0,20866,500000,444.895469317452,44.89546931745201,400.0,500008,9915,4208,28.56
P2,2,20,11,20877,500000,428.93560626892315,28.935606268923152,400.0,500031,9904,4781,22.36
P2,2,20,15,20881,500000,449.0844789794845,49.084478979484516,400.0,500000,9901,4900,19.11
P2,2,20,8,20874,500000,444.89546931745167,44.89546931745167,400.0,500000,9904,4750,25.95
P2,2,20,7,20873,500000,400.10549096086,0.10549096085998144,400.0,500001,9929,3501,27.0
P2,2,20,14,20880,500000,428.93560626892247,28.93560626892247,400.0,500039,9912,4389,23.43
P2,2,20,21,20887,500000,400.10291783469575,0.10291783469574511,400.0,500018,9920,3968,11.2
P2,2,20,2,20868,500000,400.07379097700067,0.0737909770006695,400.0,500047,9916,4197,34.9
P2,2,20,17,20883,500000,400.0080121426735,0.008012142673521794,400.0,500029,9920,3979,23.57
P2,2,20,13,20879,500000,449.0844789794889,49.08447897948889,400.0,500002,9906,4652,30.64
P2,2,20,26,20892,500000,400.1370372431106,0.13703724311062615,400.0,500013,9926,3663,12.31
P2,3,10,2,10968,200000,600.0,0.0,600.0,200000,3960,1950,8.57
P2,2,20,27,20893,500000,400.1405212998582,0.14052129985822148,400.0,500036,9930,3486,12.7
P2,2,20,20,20886,500000,449.0844789794886,49.08447897948861,400.0,500000,9902,4850,21.9
P2,2,20,9,20875,500000,400.1349278527593,0.1349278527592901,400.0,500010,9929,3510,35.79
P2,3,10,4,10970,200000,600.0,0.0,600.0,200000,3960,1950,7.97
P2,3,10,1,10967,200000,600.0,0.0,600.0,200000,3960,1950,11.51
P2,2,20,18,20884,500000,449.0844789794873,49.0844789794873,400.0,500000,9901,4900,28.23
P2,3,10,0,10966,200000,600.0,0.0,600.0,200000,3960,1950,15.93
P2,2,20,23,20889,500000,404.1116081993229,4.111608199322916,400.0,500035,9909,4535,22.18
P2,3,10,3,10969,200000,600.0,0.0,600.0,200000,3960,1950,12.84
P2,3,10,9,10975,200000,600.0,0.0,600.0,200000,3960,1950,8.13
P2,2,20,22,20888,500000,444.8954693174519,44.8954693174519,400.0,500039,9902,4889,26.39
P2,3,10,14,10980,200000,600.0,0.0,600.0,200000,3960,1950,8.33
P2,2,20,25,20891,500000,449.0844789794884,49.08447897948838,400.0,500012,9902,4862,24.76
P2,3,10,5,10971,200000,600.0,0.0,600.0,200000,3960,1950,16.48
P2,3,10,12,10978,200000,600.0,0.0,600.0,200000,3960,1950,11.54
P2,2,20,24,20890,500000,449.0844789794863,49.08447897948628,400.0,500049,9905,4749,28.67
P2,3,10,16,10982,200000,600.0,0.0,600.0,200000,3960,1950,8.53
P2,3,10,15,10981,200000,600.0,0.0,600.0,200000,3960,1950,10.9
P2,3,10,19,10985,200000,600.0,0.0,600.0,200000,3960,1950,8.5
P2,3,10,8,10974,200000,600.0,0.0,600.0,200000,3960,1950,17.97
P2,2,20,29,20895,500000,471.76753600063097,71.76753600063097,400.0,500000,9901,4900,27.89
P2,2,20,28,20894,500000,400.13362495263357,0.13362495263356777,400.0,500046,9928,3596,29.86
P2,3,10,21,10987,200000,600.0,0.0,600.0,200000,3960,1950,8.42
P2,3,10,6,10972,200000,600.0,0.0,600.0,200000,3960,1950,23.22
P2,3,10,17,10983,200000,600.0,0.0,600.0,200000,3960,1950,13.41
P2,3,10,10,10976,200000,600.0,0.0,600.0,200000,3960,1950,20.49
P2,3,10,24,10990,200000,600.0,0.0,600.0,200000,3960,1950,9.43
P2,3,10,7,10973,200000,600.0,0.0,600.0,200000,3960,1950,25.99
P2,3,10,27,10993,200000,600.0,0.0,600.0,200000,3960,1950,10.9
P2,3,10,13,10979,200000,600.0,0.0,600.0,200000,3960,1950,23.08
P2,3,10,28,10994,200000,600.0,0.0,600.0,200000,3960,1950,8.92
P2,3,10,29,10995,200000,600.0,0.0,600.0,200000,3960,1950,11.04
P2,3,10,22,10988,200000,600.0,0.0,600.0,200000,3960,1950,16.96
P2,3,10,11,10977,200000,600.0,0.0,600.0,200000,3960,1950,27.23
P2,3,10,26,10992,200000,600.0,0.0,600.0,200000,3960,1950,16.36
P2,3,10,25,10991,200000,600.0,0.0,600.0,200000,3960,1950,18.38
P2,3,10,20,10986,200000,600.0,0.0,600.0,200000,3960,1950,22.55
P2,3,10,18,10984,200000,600.0,0.0,600.0,200000,3960,1950,27.88
P2,3,10,23,10989,200000,600.0,0.0,600.0,200000,3960,1950,27.72
P1,12,20,29,21895,500000,2944.732159979147,244.73215997914713,2700.0,500022,9902,4872,192.7
P2,3,20,10,20976,500000,600.0000000000001,1.1368683772161603e-13,600.0,500000,9901,4900,20.95
P2,3,20,2,20968,500000,600.0000000000001,1.1368683772161603e-13,600.0,500000,9901,4900,27.51
P2,3,20,0,20966,500000,600.0,0.0,600.0,500000,9901,4900,30.93
P2,3,20,12,20978,500000,600.0000000000001,1.1368683772161603e-13,600.0,500007,9902,4857,22.25
P2,3,20,8,20974,500000,600.0,0.0,600.0,500011,9902,4861,34.12
P2,3,20,5,20971,500000,600.0,0.0,600.0,500000,9901,4900,39.09
P2,3,20,7,20973,500000,600.0000000000001,1.1368683772161603e-13,600.0,500048,9902,4898,36.8
P2,3,20,11,20977,500000,600.0,0.0,600.0,500000,9901,4900,33.43
P2,3,20,6,20972,500000,600.0,0.0,600.0,500000,9901,4900,40.46
P2,3,20,3,20969,500000,600.0000000000001,1.1368683772161603e-13,600.0,500000,9902,4850,47.28
P2,3,20,4,20970,500000,600.0000000000001,1.1368683772161603e-13,600.0,500000,9901,4900,46.75
P2,3,20,19,20985,500000,600.0,0.0,600.0,500000,9901,4900,26.27
P2,3,20,15,20981,500000,600.0000000000001,1.1368683772161603e-13,600.0,500000,9901,4900,36.15
P2,3,20,18,20984,500000,600.0000000000001,1.1368683772161603e-13,600.0,500000,9901,4900,32.99
P2,3,20,14,20980,500000,600.0000000000001,1.1368683772161603e-13,600.0,500000,9901,4900,45.06
P2,3,20,9,20975,500000,600.0000000000001,1.1368683772161603e-13,600.0,500013,9902,4863,50.94
P2,3,20,1,20967,500000,600.0000000000001,1.1368683772161603e-13,600.0,500000,9901,4900,60.76
P2,3,20,17,20983,500000,600.0000000000001,1.1368683772161603e-13,600.0,500000,9901,4900,45.49
P2,3,20,21,20987,500000,600.0000000000001,1.1368683772161603e-13,600.0,500000,9901,4900,35.67
P2,4,10,0,11066,200000,824.0,24.0,800.0,200000,3960,1950,16.25
P2,4,10,1,11067,200000,858.0,58.0,800.0,200000,3960,1950,15.95
P2,3,20,13,20979,500000,600.0000000000001,1.1368683772161603e-13,600.0,500000,9901,4900,54.89
P2,3,20,16,20982,500000,600.0000000000001,1.1368683772161603e-13,600.0,500000,9901,4900,53.33
P2,3,20,25,20991,500000,600.0000000000001,1.1368683772161603e-13,600.0,500000,9901,4900,26.12
P2,3,20,27,20993,500000,600.0000000000001,1.1368683772161603e-13,600.0,500000,9901,4900,25.37
P1,12,20,26,21892,500000,2947.1203104709803,247.12031047098026,2700.0,500007,9902,4857,296.48
P2,3,20,26,20992,500000,600.0000000000001,1.1368683772161603e-13,600.0,500003,9902,4853,29.96
P2,3,20,23,20989,500000,600.0,0.0,600.0,500000,9901,4900,41.76
P2,3,20,24,20990,500000,600.0000000000001,1.1368683772161603e-13,600.0,500004,9902,4854,33.32
P2,4,10,9,11075,200000,858.0,58.0,800.0,200000,3960,1950,12.83
P2,4,10,11,11077,200000,860.0,60.0,800.0,200000,3960,1950,12.88
P2,4,10,4,11070,200000,828.0000001099819,28.000000109981897,800.0,200048,3961,1948,21.84
P1,12,20,28,21894,500000,2968.140021893212,268.1400218932122,2700.0,500004,9902,4854,271.14
P2,3,20,29,20995,500000,600.0,0.0,600.0,500024,9902,4874,32.88
P2,4,10,6,11072,200000,836.0,36.0,800.0,200000,3960,1950,20.64
P2,4,10,8,11074,200000,828.0,28.0,800.0,200000,3960,1950,19.94
P2,3,20,22,20988,500000,600.0000000000001,1.1368683772161603e-13,600.0,500000,9901,4900,54.09
P2,4,10,2,11068,200000,816.0000000000003,16.00000000000034,800.0,200000,3960,1950,35.42
P2,4,10,3,11069,200000,840.0000000000001,40.000000000000114,800.0,200049,3961,1949,32.58
P2,4,10,10,11076,200000,848.0,48.0,800.0,200000,3960,1950,23.1
P2,4,10,19,11085,200000,834.0,34.0,800.0,200000,3960,1950,12.13
P2,3,20,20,20986,500000,600.0000000000001,1.1368683772161603e-13,600.0,500013,9902,4863,61.8
P2,4,10,20,11086,200000,818.0,18.0,800.0,200000,3960,1950,12.12
P2,4,10,22,11088,200000,838.0000000000001,38.000000000000114,800.0,200000,3960,1950,12.18
P2,4,10,16,11082,200000,848.0,48.0,800.0,200000,3960,1950,22.1
P2,4,10,5,11071,200000,866.0,66.0,800.0,200000,3960,1950,38.75
P2,4,10,12,11078,200000,842.0,42.0,800.0,200000,3960,1950,28.65
P2,4,10,18,11084,200000,886.0,86.0,800.0,200000,3960,1950,26.06
P2,4,10,7,11073,200000,818.0000000000002,18.000000000000227,800.0,200000,3960,1950,39.95
P2,4,10,17,11083,200000,818.0,18.0,800.0,200000,3960,1950,28.86
P2,3,20,28,20994,500000,600.0000000000001,1.1368683772161603e-13,600.0,500000,9901,4900,61.31
P2,4,10,13,11079,200000,854.0,54.0,800.0,200000,3960,1950,38.6
P2,4,10,14,11080,200000,874.0,74.0,800.0,200000,3960,1950,39.18
P2,4,10,15,11081,200000,844.0,44.0,800.0,200000,3960,1950,40.09
P2,4,10,24,11090,200000,830.0,30.0,800.0,200000,3960,1950,30.74
P2,4,10,25,11091,200000,818.0,18.0,800.0,200000,3960,1950,29.1
P2,4,10,26,11092,200000,828.0,28.0,800.0,200000,3960,1950,29.19
P2,4,10,29,11095,200000,848.0,48.0,800.0,200000,3960,1950,27.35
P2,4,10,28,11094,200000,842.0,42.0,800.0,200000,3960,1950,30.44
P2,4,10,23,11089,200000,838.0,38.0,800.0,200000,3960,1950,37.1
P2,4,10,27,11093,200000,832.0,32.0,800.0,200000,3960,1950,32.95
P2,4,10,21,11087,200000,832.0,32.0,800.0,200000,3960,1950,41.7
P2,4,20,3,21069,500000,914.0000000000001,114.00000000000011,800.0,500000,9901,4900,31.61
P2,4,20,4,21070,500000,904.0,104.0,800.0,500000,9901,4900,30.95
P2,4,20,0,21066,500000,954.0,154.0,800.0,500000,9901,4900,43.17
P2,4,20,2,21068,500000,918.0000000000001,118.00000000000011,800.0,500000,9901,4900,46.48
P2,4,20,9,21075,500000,990.0,190.0,800.0,500000,9901,4900,40.85
P2,4,20,7,21073,500000,966.0000000000002,166.00000000000023,800.0,500000,9901,4900,46.54
P2,4,20,10,21076,500000,982.0000000000001,182.0000000000001,800.0,500000,9901,4900,56.04
P2,4,20,22,21088,500000,1016.0,216.0,800.0,500000,9901,4900,43.02
P2,4,20,5,21071,500000,978.0000000000002,178.00000000000023,800.0,500000,9901,4900,70.6
P2,4,20,18,21084,500000,1002.0,202.0,800.0,500000,9901,4900,51.28
P2,4,20,1,21067,500000,930.0000000000001,130.0000000000001,800.0,500000,9901,4900,80.82
P2,4,20,21,21087,500000,964.0,164.0,800.0,500000,9901,4900,53.7
P2,4,20,8,21074,500000,966.0,166.0,800.0,500000,9901,4900,74.03
P2,4,20,17,21083,500000,1012.0,212.0,800.0,500000,9901,4900,61.24
P2,4,20,27,21093,500000,926.0,126.0,800.0,500000,9901,4900,32.2
P2,5,10,1,11167,200000,900.0000000000001,1.1368683772161603e-13,900.0,200000,3960,1950,10.87
P2,5,10,0,11166,200000,900.0000000000001,1.1368683772161603e-13,900.0,200000,3960,1950,13.25
P2,4,20,15,21081,500000,1108.0,308.0,800.0,500000,9901,4900,69.62
P2,4,20,6,21072,500000,908.0,108.0,800.0,500000,9901,4900,86.27
P2,5,10,6,11172,200000,900.0895282504165,0.08952825041649248,900.0,200000,3960,1950,6.21
P2,5,10,2,11168,200000,900.4543240185909,0.4543240185909099,900.0,200000,3960,1950,15.26
P2,5,10,3,11169,200000,900.0895282504166,0.08952825041660617,900.0,200000,3960,1950,11.83
P2,4,20,16,21082,500000,960.0,160.0,800.0,500000,9901,4900,75.02
P2,5,10,4,11170,200000,900.4543240185909,0.4543240185909099,900.0,200000,3960,1950,13.93
P2,4,20,23,21089,500000,980.0,180.0,800.0,500000,9901,4900,64.4
P2,5,10,11,11177,200000,901.177232788431,1.1772327884309561,900.0,200000,3960,1950,6.0
P2,5,10,12,11178,200000,901.8172749184498,1.8172749184498116,900.0,200000,3960,1950,6.01
P2,4,20,11,21077,500000,878.0,78.0,800.0,500000,9901,4900,86.05
P2,4,20,14,21080,500000,952.0,152.0,800.0,500000,9901,4900,81.75
P2,5,10,7,11173,200000,900.7229087698403,0.7229087698402736,900.0,200000,3960,1950,15.06
P2,5,10,8,11174,200000,900.5438522690074,0.5438522690074024,900.0,200000,3960,1950,14.95
P2,4,20,13,21079,500000,1098.0,298.0,800.0,500000,9901,4900,86.2
P2,4,20,19,21085,500000,1050.0,250.0,800.0,500000,9901,4900,78.18
P2,5,10,5,11171,200000,900.0,0.0,900.0,200000,3960,1950,19.98
P2,4,20,25,21091,500000,1006.5,206.5,800.0,500000,9901,4900,60.32
P2,5,10,17,11183,200000,900.5438522690073,0.5438522690072887,900.0,200000,3960,1950,6.0
P2,4,20,29,21095,500000,954.0,154.0,800.0,500000,9901,4900,31.41
P2,5,10,14,11180,200000,903.5450215864829,3.5450215864829033,900.0,200000,3960,1950,10.47
P2,5,10,16,11182,200000,900.0000000000001,1.1368683772161603e-13,900.0,200000,3960,1950,9.83
P2,5,10,10,11176,200000,900.4543240185909,0.4543240185909099,900.0,200000,3960,1950,17.5
P2,5,10,9,11175,200000,900.6333805194238,0.6333805194237812,900.0,200000,3960,1950,17.95
P2,4,20,12,21078,500000,966.0000000000001,166.0000000000001,800.0,500000,9901,4900,93.3
P2,4,20,20,21086,500000,1004.0,204.0,800.0,500000,9901,4900,82.18
P2,5,10,21,11187,200000,900.0,0.0,900.0,200000,3960,1950,6.45
P2,5,10,13,11179,200000,900.0000000000002,2.2737367544323206e-13,900.0,200000,3960,1950,15.51
P2,5,10,24,11190,200000,900.0000000000001,1.1368683772161603e-13,900.0,200000,3960,1950,6.44
P2,5,10,26,11192,200000,900.0895282504165,0.08952825041649248,900.0,200000,3960,1950,6.59
P2,5,10,28,11194,200000,900.0000000000001,1.1368683772161603e-13,900.0,200000,3960,1950,6.58
P2,5,10,27,11193,200000,900.0000000000001,1.1368683772161603e-13,900.0,200000,3960,1950,6.68
P2,5,10,15,11181,200000,902.8179115873904,2.8179115873904266,900.0,200000,3960,1950,14.76
P2,5,10,18,11184,200000,900.0895282504165,0.08952825041649248,900.0,200000,3960,1950,12.67
P2,5,10,29,11195,200000,900.0000000000001,1.1368683772161603e-13,900.0,200000,3960,1950,6.69
P2,5,10,22,11188,200000,900.6333805194238,0.6333805194237812,900.0,200000,3960,1950,12.1
P2,5,10,20,11186,200000,900.0000000000001,1.1368683772161603e-13,900.0,200000,3960,1950,15.07
P2,5,10,23,11189,200000,900.0895282504165,0.08952825041649248,900.0,200000,3960,1950,15.12
P2,5,10,25,11191,200000,900.0000000000001,1.1368683772161603e-13,900.0,200000,3960,1950,14.46
P2,5,10,19,11185,200000,900.7229087698402,0.72290876984016,900.0,200000,3960,1950,19.71
P2,4,20,24,21090,500000,978.0,178.0,800.0,500000,9901,4900,80.37
P2,5,20,0,21166,500000,904.1808836431641,4.180883643164066,900.0,500000,9901,4900,15.84
P2,5,20,10,21176,500000,900.2685847512496,0.26858475124959114,900.0,500000,9901,4900,15.3
P2,4,20,26,21092,500000,950.0,150.0,800.0,500000,9901,4900,75.85
P2,5,20,13,21179,500000,902.8154512060488,2.815451206048806,900.0,500000,9901,4900,15.19
P2,5,20,9,21175,500000,900.1790565008332,0.17905650083321234,900.0,500000,9901,4900,20.73
P2,5,20,12,21178,500000,902.8154512060482,2.8154512060482375,900.0,500000,9901,4900,26.01
P2,5,20,20,21186,500000,906.452482580206,6.452482580206038,900.0,500018,9902,4868,15.25
P2,5,20,8,21174,500000,903.6111298044619,3.611129804461939,900.0,500000,9902,4850,30.73
P2,5,20,23,21189,500000,906.6745564239746,6.67455642397465,900.0,500000,9901,4900,15.21
P2,5,20,5,21171,500000,906.87988152543,6.879881525430051,900.0,500000,9901,4900,34.57
P2,5,20,1,21167,500000,904.6050625509797,4.60506255097971,900.0,500000,9901,4900,37.38
P2,5,20,15,21181,500000,901.9963525751967,1.9963525751967381,900.0,500000,9901,4900,29.52
P2,5,20,2,21168,500000,902.7192613450387,2.719261345038717,900.0,500034,9902,4884,39.68
P2,5,20,7,21173,500000,902.9050006123783,2.9050006123783305,900.0,500000,9901,4900,38.99
P2,5,20,6,21172,500000,908.2682975660622,8.268297566062188,900.0,500000,9901,4900,40.93
P2,4,20,28,21094,500000,932.0000000000001,132.0000000000001,800.0,500000,9901,4900,80.82
P2,5,20,19,21185,500000,901.6328359246618,1.6328359246617765,900.0,500047,9902,4897,30.47
P2,5,20,3,21169,500000,902.4272142495219,2.427214249521853,900.0,500000,9901,4900,43.24
P2,5,20,21,21187,500000,901.5420285566057,1.5420285566057146,900.0,500000,9901,4900,25.05
P2,5,20,11,21177,500000,904.6352076617547,4.635207661754748,900.0,500006,9902,4856,40.55
P2,5,20,16,21182,500000,901.1772327884313,1.1772327884312972,900.0,500000,9901,4900,34.6
P2,5,20,25,21191,500000,904.2704118935801,4.270411893580103,900.0,500004,9902,4854,15.26
P2,5,20,14,21180,500000,900.7229087698405,0.722908769840501,900.0,500000,9901,4900,38.7
P2,6,10,1,11267,200000,4342.044286813387,2542.044286813387,1800.0,200045,3964,1795,8.18
P2,5,20,4,21170,500000,904.910761857089,4.910761857089028,900.0,500001,9902,4851,47.4
P2,5,20,17,21183,500000,904.6453840673805,4.645384067380519,900.0,500011,9902,4861,36.74
P2,6,10,6,11272,200000,88797.13595211536,86997.13595211536,1800.0,200049,3961,1949,8.14
P2,6,10,10,11276,200000,2265.2472992132316,465.2472992132316,1800.0,200034,3962,1884,8.21
P2,6,10,11,11277,200000,61793.356861355045,59993.356861355045,1800.0,200039,3964,1789,8.26
P2,5,20,26,21192,500000,902.2649373264461,2.264937326446102,900.0,500038,9902,4888,23.35
P2,6,10,13,11279,200000,29605.61928989386,27805.61928989386,1800.0,200003,3961,1903,8.21
P2,6,10,0,11266,200000,46092.29645355616,44292.29645355616,1800.0,200041,3962,1891,17.73
P2,6,10,9,11275,200000,10079.156913153069,8279.156913153069,1800.0,200048,3964,1798,11.38
P2,5,20,18,21184,500000,903.8160878749895,3.8160878749895346,900.0,500022,9902,4872,44.92
P2,6,10,7,11273,200000,5397.7908476215425,3597.7908476215425,1800.0,200034,3964,1784,13.82
P2,5,20,27,21193,500000,902.085880825613,2.0858808256130033,900.0,500000,9901,4900,23.6
P2,6,10,2,11268,200000,3133.5770020860587,1333.5770020860587,1800.0,200046,3964,1796,20.0
P2,6,10,18,11284,200000,1958.7155809090577,158.71558090905773,1800.0,200009,3963,1809,8.23
P2,6,10,20,11286,200000,10620.791288368364,8820.791288368364,1800.0,200045,3962,1895,8.23
P2,6,10,22,11288,200000,5077.999254870929,3277.999254870929,1800.0,200038,3964,1788,8.23
P2,5,20,22,21188,500000,900.633380519424,0.6333805194240085,900.0,500000,9901,4900,46.12
P2,6,10,15,11281,200000,38279.05077356335,36479.05077356335,1800.0,200011,3963,1811,17.08
P2,6,10,25,11291,200000,6679.202642996706,4879.202642996706,1800.0,200032,3963,1832,8.19
P2,6,10,8,11274,200000,12403.77850514086,10603.77850514086,1800.0,200049,3963,1849,22.83
P2,6,10,3,11269,200000,44045.46395140959,42245.46395140959,1800.0,200013,3963,1813,26.45
P2,5,20,24,21190,500000,904.698813186563,4.698813186563029,900.0,500000,9901,4900,44.19
P2,6,10,14,11280,200000,4798.6091751915055,2998.6091751915055,1800.0,200022,3963,1822,21.5
P2,6,10,4,11270,200000,3325.195500105378,1525.195500105378,1800.0,200034,3964,1784,27.3
P2,6,10,17,11283,200000,6510.343863914973,4710.343863914973,1800.0,200043,3962,1893,16.66
P2,6,10,5,11271,200000,2464.1432758032306,664.1432758032306,1800.0,200026,3962,1876,27.49
P2,6,10,28,11294,200000,19967.968963045518,18167.968963045518,1800.0,200012,3963,1812,8.25
P2,6,10,16,11282,200000,2664.103654700444,864.1036547004442,1800.0,200032,3962,1882,20.01
P2,5,20,29,21195,500000,905.8057576836771,5.805757683677143,900.0,500000,9901,4900,36.5
P2,5,20,28,21194,500000,903.42436703345,3.4243670334500393,900.0,500000,9901,4900,36.85
P2,6,10,29,11295,200000,56102.275375262005,54302.275375262005,1800.0,200012,3962,1862,8.23
P2,6,10,12,11278,200000,16174.262493291439,14374.262493291439,1800.0,200035,3962,1885,26.87
P2,6,10,23,11289,200000,4341.236563518671,2541.2365635186707,1800.0,200028,3962,1878,17.59
P2,6,10,19,11285,200000,27759.803041053226,25959.803041053226,1800.0,200040,3963,1840,21.34
P2,6,10,27,11293,200000,7361.348580285271,5561.348580285271,1800.0,200046,3963,1846,14.41
P2,6,10,21,11287,200000,29694.289352177308,27894.289352177308,1800.0,200017,3963,1817,22.13
P2,6,10,24,11290,200000,33531.45468601782,31731.454686017823,1800.0,200018,3962,1868,22.8
P2,6,10,26,11292,200000,3373.807041825297,1573.807041825297,1800.0,200007,3963,1807,23.23
P2,6,20,3,21269,500000,38825.871669594635,37025.871669594635,1800.0,500036,9904,4786,21.56
P2,6,20,8,21274,500000,102663.9022084091,100863.9022084091,1800.0,500013,9903,4813,21.11
P2,6,20,13,21279,500000,56207.5207588269,54407.5207588269,1800.0,500018,9903,4818,23.24
P2,6,20,18,21284,500000,60657.50531488989,58857.50531488989,1800.0,500012,9903,4812,20.92
P2,6,20,6,21272,500000,85226.19263247508,83426.19263247508,1800.0,500005,9903,4805,36.55
P2,6,20,17,21283,500000,122720.05952517819,120920.05952517819,1800.0,500041,9903,4841,34.38
P2,6,20,23,21289,500000,129345.38764085683,127545.38764085683,1800.0,500031,9902,4881,21.39
P2,6,20,2,21268,500000,84985.91732213547,83185.91732213547,1800.0,500011,9904,4761,48.13
P2,6,20,4,21270,500000,100470.23367761914,98670.23367761914,1800.0,500014,9903,4814,46.98
P2,6,20,24,21290,500000,56332.44985489582,54532.44985489582,1800.0,500014,9903,4814,21.59
P2,6,20,16,21282,500000,93450.79758943625,91650.79758943625,1800.0,500045,9903,4845,43.5
P2,6,20,15,21281,500000,34904.26614131951,33104.26614131951,1800.0,500046,9904,4796,46.14
P2,6,20,11,21277,500000,125399.94601079244,123599.94601079244,1800.0,500024,9903,4824,48.37
P2,6,20,7,21273,500000,60756.597075879996,58956.597075879996,1800.0,500017,9903,4817,50.84
P2,6,20,0,21266,500000,88253.03795698412,86453.03795698412,1800.0,500003,9903,4803,56.0
P2,6,20,1,21267,500000,83242.88514728803,81442.88514728803,1800.0,500045,9904,4795,57.12
P2,6,20,10,21276,500000,65682.84200228525,63882.84200228525,1800.0,500039,9904,4789,52.97
P2,6,20,5,21271,500000,62202.87852098135,60402.87852098135,1800.0,500048,9904,4798,56.65
P2,6,20,9,21275,500000,59355.99440332808,57555.99440332808,1800.0,500005,9903,4805,56.55
P2,6,20,19,21285,500000,69641.59919796525,67841.59919796525,1800.0,500004,9903,4804,52.33
P2,6,20,12,21278,500000,123070.5775590858,121270.5775590858,1800.0,500022,9903,4822,58.16
P2,6,20,27,21293,500000,128114.13868103424,126314.13868103424,1800.0,500014,9903,4814,21.07
P2,6,20,14,21280,500000,105551.89108336244,103751.89108336244,1800.0,500028,9907,4628,60.48
P2,6,20,22,21288,500000,56677.08604478784,54877.08604478784,1800.0,500035,9904,4785,45.8
P2,6,20,21,21287,500000,118259.2619163603,116459.2619163603,1800.0,500045,9903,4845,63.69
P2,6,20,20,21286,500000,49145.53651399868,47345.53651399868,1800.0,500044,9904,4794,68.47
P2,6,20,25,21291,500000,124777.62818543533,122977.62818543533,1800.0,500029,9903,4829,56.47
P2,6,20,26,21292,500000,83817.91361820493,82017.91361820493,1800.0,500006,9904,4756,49.51
P2,6,20,29,21295,500000,67687.23468451417,65887.23468451417,1800.0,500042,9904,4792,44.76
P2,6,20,28,21294,500000,109950.96179829152,108150.96179829152,1800.0,500021,9903,4821,53.84
P2,7,10,10,11376,200000,2021.4708052149062,21.47080521490625,2000.0,200030,3961,1930,155.8
P2,7,10,1,11367,200000,2022.0458033461946,22.04580334619459,2000.0,200044,3961,1944,176.68
P2,7,10,2,11368,200000,2020.9024435346878,20.90244353468779,2000.0,200041,3961,1941,184.16
P2,7,10,7,11373,200000,2021.015629052384,21.01562905238393,2000.0,200043,3961,1943,201.84
P2,7,10,17,11383,200000,2020.4998069336682,20.499806933668197,2000.0,200041,3961,1941,189.89
P2,7,10,5,11371,200000,2020.0138129614077,20.013812961407666,2000.0,200000,3960,1950,228.36
P2,7,10,15,11381,200000,2020.9956567143627,20.995656714362667,2000.0,200000,3960,1950,215.41
P2,7,10,21,11387,200000,2020.0008692306735,20.000869230673516,2000.0,200049,3961,1949,186.94
P2,7,10,6,11372,200000,2020.9970246264033,20.997024626403345,2000.0,200039,3961,1939,243.05
P2,7,10,11,11377,200000,2021.4927365844633,21.492736584463273,2000.0,200045,3961,1945,236.18
P2,7,10,18,11384,200000,2020.4137125395696,20.413712539569588,2000.0,200042,3961,1942,219.71
P2,7,10,4,11370,200000,2119.2416767624804,119.24167676248044,2000.0,200046,3961,1946,254.1
P2,7,10,13,11379,200000,2021.5280975066248,21.528097506624817,2000.0,200048,3961,1948,252.03
P2,7,10,8,11374,200000,2021.1533904265327,21.153390426532724,2000.0,200048,3961,1948,264.2
P2,7,10,3,11369,200000,2021.4949539009906,21.494953900990595,2000.0,200044,3961,1944,280.68
P2,7,10,16,11382,200000,2024.4276620471871,24.42766204718714,2000.0,200005,3961,1905,257.39
P2,7,10,12,11378,200000,2119.1337132612043,119.13371326120432,2000.0,200049,3961,1949,274.24
P2,7,10,0,11366,200000,2020.995968028014,20.995968028013976,2000.0,200044,3961,1944,297.2
P2,7,10,20,11386,200000,2020.997224416393,20.99722441639301,2000.0,200042,3961,1942,255.47
P2,7,10,14,11380,200000,2020.4137485377587,20.413748537758693,2000.0,200020,3961,1920,302.03
P2,7,10,9,11375,200000,2118.538551348137,118.53855134813693,2000.0,200000,3960,1950,315.59
P2,7,10,19,11385,200000,2020.9994918359994,20.99949183599938,2000.0,200034,3961,1934,307.46
P2,7,10,22,11388,200000,2021.4868529084088,21.486852908408764,2000.0,200037,3961,1937,240.9
P2,7,10,25,11391,200000,2021.4949597731554,21.494959773155415,2000.0,200046,3961,1946,207.76
P2,7,10,23,11389,200000,2119.628901878447,119.62890187844687,2000.0,200000,3960,1950,250.5
P2,7,10,28,11394,200000,2021.1034213592625,21.103421359262484,2000.0,200026,3961,1926,225.8
P2,7,10,29,11395,200000,2100.19691499085,100.19691499085002,2000.0,200002,3961,1902,234.86
P2,7,10,26,11392,200000,2021.4948720042926,21.494872004292574,2000.0,200038,3961,1938,253.81
P2,7,10,24,11390,200000,2023.3689525678435,23.368952567843507,2000.0,200044,3961,1944,293.92
P2,7,10,27,11393,200000,2019.9865030842734,19.98650308427341,2000.0,200047,3961,1947,261.14
P2,7,20,4,21370,500000,2099.674893599068,99.67489359906813,2000.0,500008,9902,4858,907.27
P2,7,20,1,21367,500000,2022.0513552554796,22.05135525547962,2000.0,500026,9903,4826,974.86
P2,7,20,6,21372,500000,2030.6008453712836,30.60084537128364,2000.0,500038,9903,4838,989.72
P2,7,20,11,21377,500000,2021.4574506795273,21.457450679527255,2000.0,500005,9902,4855,954.42
P2,7,20,8,21374,500000,2025.9415508975364,25.941550897536445,2000.0,500000,9901,4900,991.3
P2,7,20,5,21371,500000,2612.609207819549,612.6092078195488,2000.0,500036,9903,4836,1037.58
P2,7,20,3,21369,500000,2040.367740579027,40.367740579026986,2000.0,500001,9902,4851,1125.72
P2,7,20,0,21366,500000,2511.920746707082,511.9207467070819,2000.0,500005,9902,4855,1154.95
P2,7,20,9,21375,500000,2088.9191707131295,88.91917071312946,2000.0,500014,9903,4814,1131.67
P2,7,20,2,21368,500000,2035.8213496615092,35.8213496615092,2000.0,500010,9902,4860,1171.72
P2,7,20,12,21378,500000,2022.9289940907427,22.928994090742663,2000.0,500020,9902,4870,1137.71
P2,7,20,14,21380,500000,2021.9893786516684,21.989378651668403,2000.0,500012,9903,4812,1057.22
P2,7,20,10,21376,500000,2064.699846137602,64.69984613760198,2000.0,500009,9902,4859,1170.54
P2,7,20,13,21379,500000,2049.467361647736,49.4673616477362,2000.0,500002,9902,4852,1154.14
P2,7,20,7,21373,500000,2021.8811570586088,21.88115705860878,2000.0,500038,9903,4838,1214.89
P2,7,20,16,21382,500000,2128.3796602768407,128.3796602768407,2000.0,500001,9902,4851,1100.71
P2,7,20,19,21385,500000,2029.2350921275981,29.235092127598136,2000.0,500028,9903,4828,1072.64
P2,7,20,15,21381,500000,2036.7835695079148,36.78356950791476,2000.0,500047,9903,4847,1166.19
P2,7,20,20,21386,500000,2026.284774946743,26.284774946743028,2000.0,500042,9903,4842,1107.9
P2,7,20,21,21387,500000,2025.6455411069921,25.64554110699214,2000.0,500039,9903,4839,1102.09
P2,7,20,17,21383,500000,2282.5765573836907,282.57655738369067,2000.0,500049,9903,4849,1159.11
P2,7,20,18,21384,500000,2030.0812008988235,30.081200898823454,2000.0,500044,9903,4844,1185.03
P2,8,10,2,11468,200000,2223.26539304272,23.265393042720007,2200.0,200046,3961,1946,302.0
P2,8,10,1,11467,200000,2204.042618001207,4.042618001206847,2200.0,200000,3961,1900,348.11
P2,8,10,6,11472,200000,2220.3397095527366,20.339709552736622,2200.0,200000,3961,1900,286.65
P2,8,10,4,11470,200000,2220.331217188774,20.33121718877419,2200.0,200006,3961,1906,322.94
P2,8,10,3,11469,200000,2220.629286128801,20.62928612880114,2200.0,200000,3961,1900,334.26
P2,8,10,7,11473,200000,2220.691330514716,20.6913305147159,2200.0,200000,3961,1900,287.57
P2,8,10,0,11466,200000,2220.5779215322764,20.577921532276378,2200.0,200001,3961,1901,403.59
P2,8,10,8,11474,200000,2628.5940572038885,428.5940572038885,2200.0,200005,3961,1905,313.98
P2,8,10,10,11476,200000,2220.187429131184,20.187429131184217,2200.0,200002,3961,1902,284.45
P2,8,10,5,11471,200000,2220.3437232099654,20.343723209965447,2200.0,200000,3961,1900,374.32
P2,8,10,9,11475,200000,2617.8579431145213,417.8579431145213,2200.0,200021,3961,1921,337.87
P2,8,10,12,11478,200000,2220.487011334236,20.48701133423583,2200.0,200000,3961,1900,328.74
P2,8,10,11,11477,200000,2221.4357057743414,21.435705774341386,2200.0,200006,3961,1906,393.61
P2,8,10,13,11479,200000,2221.25381292734,21.253812927339823,2200.0,200015,3961,1915,374.42
P2,8,10,16,11482,200000,2221.1461783278705,21.14617832787053,2200.0,200013,3961,1913,256.94
P2,8,10,17,11483,200000,2221.4225517482046,21.42255174820457,2200.0,200019,3961,1919,288.34
P2,8,10,14,11480,200000,2220.3726825967337,20.37268259673374,2200.0,200016,3961,1916,316.65
P2,8,10,19,11485,200000,2220.5968100326836,20.596810032683607,2200.0,200001,3961,1901,320.08
P2,8,10,18,11484,200000,2220.059536259531,20.059536259530887,2200.0,200000,3961,1900,358.39
P2,8,10,15,11481,200000,2201.3554644645114,1.3554644645114422,2200.0,200006,3961,1906,384.3
P2,8,10,21,11487,200000,2220.1815938077657,20.181593807765694,2200.0,200045,3961,1945,308.44
P2,8,10,20,11486,200000,2320.085946131805,120.08594613180503,2200.0,200005,3961,1905,342.37
P2,8,10,22,11488,200000,2220.3034695285482,20.30346952854825,2200.0,200037,3961,1937,332.51
P2,8,10,23,11489,200000,2221.23724057086,21.237240570860195,2200.0,200032,3961,1932,354.16
P2,8,10,24,11490,200000,2220.4277629644307,20.427762964430713,2200.0,200000,3961,1900,310.93
P2,7,20,23,21389,500000,2023.2641532876542,23.264153287654153,2000.0,500001,9903,4801,1049.64
P2,7,20,26,21392,500000,2021.3019661307114,21.301966130711435,2000.0,500015,9903,4815,1029.81
P2,7,20,22,21388,500000,2116.86743618598,116.86743618597984,2000.0,500044,9903,4844,1141.47
P2,8,10,25,11491,200000,2220.516723118338,20.516723118338177,2200.0,200006,3961,1906,370.63
P2,7,20,24,21390,500000,2045.3118756209144,45.31187562091441,2000.0,500049,9902,4899,1052.5
P2,7,20,25,21391,500000,2026.4180442170536,26.418044217053648,2000.0,500042,9903,4842,1056.21
P2,8,10,26,11492,200000,2220.3830366692387,20.383036669238663,2200.0,200029,3961,1929,366.82
P2,8,10,27,11493,200000,2220.6389588161855,20.63895881618555,2200.0,200040,3961,1940,329.92
P2,8,10,28,11494,200000,2220.2216796863663,20.221679686366315,2200.0,200038,3961,1938,322.95
P2,7,20,29,21395,500000,2586.371430332134,586.371430332134,2000.0,500023,9902,4873,1016.89
P2,8,10,29,11495,200000,2220.75233530382,20.75233530382002,2200.0,200017,3961,1917,353.55
P2,7,20,28,21394,500000,2020.5819961519392,20.581996151939165,2000.0,500016,9903,4816,1066.34
P2,7,20,27,21393,500000,2315.302891211899,315.3028912118989,2000.0,500012,9903,4812,1150.43
P2,8,20,5,21471,500000,2257.7504772514485,57.7504772514485,2200.0,500002,9902,4852,1414.89
P2,8,20,2,21468,500000,2225.3680854869613,25.368085486961263,2200.0,500022,9903,4822,1460.12
P2,8,20,1,21467,500000,2233.5318474264645,33.53184742646454,2200.0,500034,9903,4834,1512.35
P2,8,20,4,21470,500000,2224.2126167108295,24.21261671082948,2200.0,500025,9902,4875,1526.6
P2,8,20,0,21466,500000,2241.337633189678,41.337633189677945,2200.0,500031,9903,4831,1618.04
P2,8,20,3,21469,500000,2372.939136894038,172.9391368940378,2200.0,500037,9903,4837,1560.56
P2,8,20,6,21472,500000,2233.942324696814,33.94232469681401,2200.0,500044,9904,4794,1555.39
P2,8,20,10,21476,500000,2226.29385685241,26.293856852410045,2200.0,500006,9902,4856,1452.52
P2,8,20,7,21473,500000,2225.043819528085,25.043819528084896,2200.0,500044,9903,4844,1533.36
P2,8,20,13,21479,500000,2223.289068482233,23.28906848223278,2200.0,500024,9903,4824,1437.47
P2,8,20,11,21477,500000,2225.2648709317646,25.264870931764563,2200.0,500036,9903,4836,1491.08
P2,9,10,1,11567,200000,2659.0943447803597,359.09434478035973,2300.0,200047,3961,1947,53.37
P2,8,20,8,21474,500000,2223.0338325850207,23.03383258502072,2200.0,500044,9904,4794,1593.31
P2,9,10,0,11566,200000,2659.094344780361,359.0943447803611,2300.0,200041,3962,1891,72.57
P2,9,10,3,11569,200000,2659.0943447803616,359.09434478036155,2300.0,200004,3962,1854,34.54
P2,8,20,14,21480,500000,2231.0649564481614,31.06495644816141,2200.0,500019,9903,4819,1525.66
P2,8,20,12,21478,500000,2225.0544947028025,25.054494702802458,2200.0,500006,9903,4806,1541.78
P2,9,10,5,11571,200000,2659.09434478036,359.0943447803602,2300.0,200033,3962,1883,29.03
P2,9,10,2,11568,200000,2659.0943447803634,359.0943447803634,2300.0,200025,3962,1875,60.3
P2,9,10,4,11570,200000,2659.094344780361,359.0943447803611,2300.0,200048,3962,1898,55.57
P2,9,10,6,11572,200000,2659.09434478036,359.0943447803602,2300.0,200023,3962,1873,32.95
P2,9,10,7,11573,200000,2659.094344780361,359.0943447803611,2300.0,200046,3962,1896,28.97
P2,9,10,10,11576,200000,2659.09434478036,359.0943447803602,2300.0,200043,3962,1893,39.59
P2,9,10,12,11578,200000,2659.09434478036,359.0943447803602,2300.0,200023,3962,1873,33.05
P2,9,10,11,11577,200000,2659.0943447803616,359.09434478036155,2300.0,200024,3962,1874,38.36
P2,9,10,9,11575,200000,2659.0943447803606,359.09434478036064,2300.0,200039,3962,1889,55.59
P2,8,20,15,21481,500000,2224.622156940246,24.622156940245986,2200.0,500000,9902,4850,1566.7
P2,9,10,8,11574,200000,2659.094344780362,359.094344780362,2300.0,200009,3962,1859,66.26
P2,8,20,17,21483,500000,2227.1962762309317,27.196276230931744,2200.0,500009,9902,4859,1559.63
P2,8,20,16,21482,500000,2226.872649930561,26.872649930560783,2200.0,500023,9903,4823,1575.59
P2,9,10,13,11579,200000,2659.094344780362,359.094344780362,2300.0,200036,3961,1936,66.82
P2,8,20,9,21475,500000,2251.3555268486825,51.35552684868253,2200.0,500005,9902,4855,1679.43
P2,9,10,17,11583,200000,2659.094344780361,359.0943447803611,2300.0,200048,3962,1898,38.16
P2,8,20,19,21485,500000,2228.7180671587216,28.718067158721624,2200.0,500031,9904,4781,1526.43
P2,9,10,20,11586,200000,2659.094344780361,359.0943447803611,2300.0,200008,3962,1858,38.06
P2,9,10,16,11582,200000,2659.0943447803616,359.09434478036155,2300.0,200027,3962,1877,50.89
P2,9,10,14,11580,200000,2659.0943447803606,359.09434478036064,2300.0,200011,3962,1861,63.92
P2,9,10,15,11581,200000,2659.094344780362,359.094344780362,2300.0,200014,3962,1864,56.15
P2,9,10,19,11585,200000,2659.09434478036,359.0943447803602,2300.0,200009,3962,1859,48.31
P2,8,20,18,21484,500000,2940.7988925729023,740.7988925729023,2200.0,500000,9903,4800,1554.69
P2,9,10,21,11587,200000,2659.094344780362,359.094344780362,2300.0,200014,3962,1864,40.05
P2,9,10,18,11584,200000,2659.0943447803616,359.09434478036155,2300.0,200028,3962,1878,70.6
P2,9,10,22,11588,200000,2659.09434478036,359.0943447803602,2300.0,200049,3962,1899,51.16
P2,9,10,24,11590,200000,2659.094344780361,359.0943447803611,2300.0,200043,3962,1893,47.41
P2,9,10,23,11589,200000,2659.0943447803606,359.09434478036064,2300.0,200040,3962,1890,59.75
P2,9,10,25,11591,200000,2659.0943447803616,359.09434478036155,2300.0,200018,3961,1918,58.06
P2,9,10,29,11595,200000,2659.094344780361,359.0943447803611,2300.0,200000,3960,1950,50.43
P2,9,10,28,11594,200000,2659.0943447803616,359.09434478036155,2300.0,200000,3961,1900,63.53
P2,9,10,27,11593,200000,2659.0943447803616,359.09434478036155,2300.0,200019,3961,1919,68.64
P2,9,10,26,11592,200000,2659.09434478036,359.0943447803602,2300.0,200003,3961,1903,71.2
P2,9,20,2,21568,500000,2635.638770271581,335.63877027158105,2300.0,500028,9903,4828,71.2
P2,8,20,20,21486,500000,2225.8887176777193,25.88871767771934,2200.0,500021,9903,4821,1614.86
P2,9,20,0,21566,500000,2635.638770271583,335.63877027158287,2300.0,500000,9901,4900,124.46
P2,9,20,1,21567,500000,2635.63877027158,335.63877027158014,2300.0,500000,9903,4800,133.95
P2,9,20,5,21571,500000,2635.638770271583,335.63877027158287,2300.0,500046,9903,4846,107.7
P2,9,20,4,21570,500000,2635.6387702715824,335.6387702715824,2300.0,500042,9904,4792,125.03
P2,9,20,7,21573,500000,2635.638770271582,335.63877027158196,2300.0,500042,9904,4792,119.73
P2,9,20,13,21579,500000,2635.6387702715806,335.6387702715806,2300.0,500024,9903,4824,76.53
P2,9,20,3,21569,500000,2635.638770271579,335.6387702715788,2300.0,500037,9903,4837,152.62
P2,9,20,12,21578,500000,2635.6387702715842,335.63877027158424,2300.0,500000,9902,4850,115.58
P2,8,20,21,21487,500000,2225.6831073318544,25.683107331854444,2200.0,500044,9903,4844,1708.81
P2,9,20,10,21576,500000,2635.63877027158,335.63877027158014,2300.0,500041,9904,4791,132.79
P2,9,20,9,21575,500000,2635.638770271586,335.63877027158605,2300.0,500003,9903,4803,136.94
P2,9,20,11,21577,500000,2635.638770271582,335.63877027158196,2300.0,500003,9904,4753,138.54
P2,9,20,6,21572,500000,2635.638770271583,335.63877027158287,2300.0,500011,9904,4761,175.65
P2,9,20,8,21574,500000,2635.638770271581,335.63877027158105,2300.0,500001,9904,4751,165.95
P2,9,20,14,21580,500000,2635.6387702738066,335.6387702738066,2300.0,500045,9903,4845,108.6
P2,9,20,15,21581,500000,2635.638770271579,335.6387702715788,2300.0,500048,9906,4698,109.69
P2,9,20,19,21585,500000,2635.638770271583,335.63877027158287,2300.0,500048,9902,4898,80.91
P2,9,20,17,21583,500000,2635.6387702715792,335.63877027157923,2300.0,500020,9902,4870,102.85
P2,9,20,20,21586,500000,2635.667056383244,335.667056383244,2300.0,500042,9905,4742,115.26
P2,9,20,16,21582,500000,2635.6387702715797,335.6387702715797,2300.0,500038,9903,4838,150.86
P2,9,20,21,21587,500000,2635.6387702715865,335.6387702715865,2300.0,500006,9905,4706,102.45
P2,10,10,0,11666,200000,2736.46295441794,336.4629544179402,2400.0,200000,3960,1950,48.93
P2,10,10,1,11667,200000,2621.122057282524,221.1220572825241,2400.0,200000,3960,1950,41.46
P2,9,20,22,21588,500000,2635.638770271585,335.63877027158514,2300.0,500022,9904,4772,105.1
P2,9,20,24,21590,500000,2635.6387702715806,335.6387702715806,2300.0,500010,9904,4760,103.61
P2,9,20,23,21589,500000,2635.6387702724437,335.6387702724437,2300.0,500010,9903,4810,110.51
P2,9,20,18,21584,500000,2635.6387702719194,335.6387702719194,2300.0,500005,9903,4805,146.61
P2,10,10,3,11669,200000,2623.0742344749465,223.07423447494648,2400.0,200000,3960,1950,30.23
P2,10,10,2,11668,200000,2846.758793466697,446.75879346669717,2400.0,200000,3960,1950,46.65
P2,10,10,4,11670,200000,2734.950180705051,334.950180705051,2400.0,200000,3960,1950,48.73
P2,9,20,26,21592,500000,2635.63877027158,335.63877027158014,2300.0,500003,9905,4703,126.01
P2,9,20,25,21591,500000,2635.6387702715833,335.6387702715833,2300.0,500004,9905,4704,138.47
P2,10,10,8,11674,200000,2626.6686079288143,226.66860792881425,2400.0,200000,3960,1950,41.51
P2,9,20,27,21593,500000,2635.638770271585,335.63877027158514,2300.0,500021,9903,4821,127.14
P2,10,10,7,11673,200000,2767.03128306263,367.0312830626299,2400.0,200000,3960,1950,47.6
P2,10,10,5,11671,200000,2742.0399459069004,342.03994590690036,2400.0,200000,3960,1950,55.43
P2,10,10,6,11672,200000,2622.1033418692195,222.10334186921955,2400.0,200000,3960,1950,71.59
P2,10,10,10,11676,200000,2625.669433949592,225.66943394959208,2400.0,200000,3960,1950,59.9
P2,10,10,12,11678,200000,2789.238178167508,389.23817816750807,2400.0,200000,3960,1950,40.54
P2,10,10,11,11677,200000,2763.9042998082186,363.90429980821864,2400.0,200000,3960,1950,54.76
P2,10,10,16,11682,200000,2621.3494272349835,221.34942723498352,2400.0,200000,3960,1950,34.01
P2,9,20,29,21595,500000,2635.638770271652,335.638770271652,2300.0,500026,9904,4776,135.43
P2,10,10,9,11675,200000,2621.122057282524,221.1220572825241,2400.0,200000,3960,1950,74.49
P2,10,10,13,11679,200000,2622.1033448614353,222.1033448614353,2400.0,200000,3960,1950,41.92
P2,10,10,15,11681,200000,2635.579041321475,235.57904132147496,2400.0,200000,3960,1950,45.41
P2,9,20,28,21594,500000,2635.638770271589,335.6387702715888,2300.0,500001,9905,4701,156.51
P2,10,10,17,11683,200000,2631.950530092822,231.9505300928222,2400.0,200000,3960,1950,53.71
P2,10,10,14,11680,200000,2759.82089742399,359.8208974239901,2400.0,200048,3961,1948,57.85
P2,10,10,24,11690,200000,2622.103366070638,222.103366070638,2400.0,200000,3960,1950,29.67
P2,10,10,19,11685,200000,2715.41398416309,315.41398416308994,2400.0,200000,3960,1950,55.79
P2,10,10,18,11684,200000,2771.6238898102083,371.6238898102083,2400.0,200000,3960,1950,60.77
P2,10,10,21,11687,200000,2621.473266178204,221.47326617820409,2400.0,200000,3960,1950,44.22
P2,10,10,27,11693,200000,2724.2460406927094,324.24604069270936,2400.0,200000,3960,1950,35.65
P2,10,10,23,11689,200000,2622.1744000774947,222.17440007749474,2400.0,200000,3960,1950,45.56
P2,10,10,20,11686,200000,2627.9412459542514,227.94124595425137,2400.0,200000,3960,1950,62.86
P2,10,10,25,11691,200000,2627.2311518418587,227.23115184185872,2400.0,200000,3960,1950,54.82
P2,10,10,22,11688,200000,2626.7071696231615,226.70716962316146,2400.0,200000,3960,1950,66.0
P2,10,10,26,11692,200000,2764.345959341496,364.3459593414959,2400.0,200000,3960,1950,59.85
P2,10,10,28,11694,200000,2725.9222536332286,325.9222536332286,2400.0,200000,3960,1950,62.23
P2,10,10,29,11695,200000,2641.684904841876,241.68490484187578,2400.0,200022,3961,1922,61.53
P2,10,20,3,21669,500000,4338.560799623344,1938.5607996233439,2400.0,500020,9902,4870,78.35
P2,10,20,0,21666,500000,4012.8392948816427,1612.8392948816427,2400.0,500039,9902,4889,117.27
P2,10,20,9,21675,500000,2812.080013142988,412.0800131429878,2400.0,500000,9902,4850,101.17
P2,10,20,2,21668,500000,2943.3144439156836,543.3144439156836,2400.0,500000,9901,4900,133.42
P2,10,20,5,21671,500000,4016.0518033143544,1616.0518033143544,2400.0,500000,9901,4900,130.2
P2,10,20,8,21674,500000,2817.4860391249676,417.48603912496765,2400.0,500000,9902,4850,113.28
P2,10,20,6,21672,500000,5387.148645639454,2987.148645639454,2400.0,500047,9902,4897,127.84
P2,10,20,1,21667,500000,4408.233486663001,2008.2334866630008,2400.0,500025,9902,4875,151.05
P2,10,20,13,21679,500000,4136.79143366688,1736.79143366688,2400.0,500000,9901,4900,105.08
P2,10,20,7,21673,500000,4621.12028801634,2221.12028801634,2400.0,500000,9901,4900,135.91
P2,10,20,11,21677,500000,4772.163628985201,2372.1636289852013,2400.0,500045,9902,4895,116.93
P2,10,20,10,21676,500000,2813.3339504206297,413.33395042062966,2400.0,500049,9903,4849,123.79
P2,10,20,4,21670,500000,4983.03295918714,2583.0329591871396,2400.0,500000,9901,4900,169.01
P2,10,20,14,21680,500000,4337.773120547923,1937.773120547923,2400.0,500048,9902,4898,103.45
P2,10,20,12,21678,500000,2812.660958955076,412.6609589550758,2400.0,500000,9901,4900,163.92
P2,10,20,15,21681,500000,5032.202537602985,2632.202537602985,2400.0,500047,9902,4897,114.83
P2,10,20,17,21683,500000,4140.399897624985,1740.399897624985,2400.0,500013,9902,4863,101.01
P2,10,20,22,21688,500000,5177.922256728007,2777.9222567280067,2400.0,500000,9901,4900,87.84
P2,10,20,16,21682,500000,2988.282748724708,588.2827487247082,2400.0,500016,9902,4866,115.42
P2,10,20,21,21687,500000,4945.88906533772,2545.8890653377202,2400.0,500000,9901,4900,108.06
P2,10,20,20,21686,500000,4543.35150838217,2143.3515083821703,2400.0,500007,9902,4857,115.96
P2,10,20,19,21685,500000,5373.2587227164,2973.2587227164004,2400.0,500000,9901,4900,120.34
P2,10,20,18,21684,500000,4373.2431094728145,1973.2431094728145,2400.0,500016,9902,4866,134.73
P2,10,20,23,21689,500000,4470.761519813504,2070.7615198135036,2400.0,500049,9902,4899,129.14
P2,10,20,27,21693,500000,4596.206269579185,2196.2062695791847,2400.0,500000,9901,4900,111.03
P2,10,20,24,21690,500000,4377.8197366558115,1977.8197366558115,2400.0,500018,9902,4868,148.03
P2,10,20,25,21691,500000,4229.622121236519,1829.622121236519,2400.0,500034,9902,4884,141.86
P2,11,10,2,11768,200000,2600.0000002361967,2.3619668354513124e-07,2600.0,200000,3961,1900,69.25
P2,10,20,26,21692,500000,3920.4985864114233,1520.4985864114233,2400.0,500039,9902,4889,153.14
P2,11,10,3,11769,200000,3476.9248252571206,876.9248252571206,2600.0,200000,3960,1950,74.18
P2,10,20,28,21694,500000,3780.5782504311956,1380.5782504311956,2400.0,500000,9901,4900,120.49
P2,11,10,0,11766,200000,2600.0000003227024,3.2270236260956153e-07,2600.0,200000,3961,1900,97.09
P2,11,10,6,11772,200000,2600.000000626686,6.266859600145835e-07,2600.0,200000,3960,1950,64.04
P2,11,10,1,11767,200000,2622.425596245957,22.425596245956967,2600.0,200000,3961,1900,101.28
P2,11,10,7,11773,200000,2600.0000004782814,4.782814357895404e-07,2600.0,200000,3960,1950,61.67
P2,11,10,5,11771,200000,3476.4586445092814,876.4586445092814,2600.0,200000,3960,1950,89.8
P2,10,20,29,21695,500000,3662.3163914839542,1262.3163914839542,2400.0,500000,9901,4900,134.98
P2,11,10,4,11770,200000,2624.074645905943,24.074645905942816,2600.0,200000,3961,1900,101.52
P2,11,10,10,11776,200000,2623.430847476241,23.43084747624107,2600.0,200000,3961,1900,75.41
P2,11,10,8,11774,200000,2623.430847476241,23.43084747624107,2600.0,200000,3961,1900,96.95
P2,11,10,16,11782,200000,2623.4308474762415,23.430847476241524,2600.0,200000,3961,1900,67.26
P2,11,10,12,11778,200000,2623.430847476241,23.43084747624107,2600.0,200001,3961,1901,80.92
P2,11,10,9,11775,200000,2622.425596245957,22.425596245956967,2600.0,200000,3961,1900,106.03
P2,11,10,14,11780,200000,2622.26893986593,22.26893986592995,2600.0,200000,3961,1900,78.78
P2,11,10,13,11779,200000,2630.91365514673,30.91365514672998,2600.0,200000,3961,1900,80.87
P2,11,10,19,11785,200000,2622.425596245957,22.425596245956967,2600.0,200002,3961,1902,70.28
P2,11,10,18,11784,200000,2621.8939416307767,21.89394163077668,2600.0,200000,3960,1950,78.48
P2,11,10,11,11777,200000,2600.0000004198396,4.198395799903665e-07,2600.0,200000,3961,1900,109.53
P2,11,10,17,11783,200000,2623.430847476241,23.43084747624107,2600.0,200000,3961,1900,86.73
P2,11,10,15,11781,200000,2622.425596245957,22.425596245956967,2600.0,200000,3961,1900,103.31
P2,11,10,20,11786,200000,2622.425596245957,22.425596245956967,2600.0,200009,3961,1909,92.79
P2,11,10,22,11788,200000,2623.430847476241,23.43084747624107,2600.0,200002,3961,1902,74.98
P2,11,10,21,11787,200000,2623.430847476241,23.43084747624107,2600.0,200000,3961,1900,95.17
P2,11,10,26,11792,200000,2630.91365514673,30.91365514672998,2600.0,200000,3960,1950,59.33
P2,11,10,25,11791,200000,2623.430847476241,23.43084747624107,2600.0,200006,3961,1906,74.3
P2,11,10,23,11789,200000,2600.0000004925923,4.925923349219374e-07,2600.0,200044,3961,1944,92.25
P2,11,10,24,11790,200000,2623.430847476241,23.43084747624107,2600.0,200000,3961,1900,84.74
P2,11,10,29,11795,200000,2623.430847476241,23.43084747624107,2600.0,200001,3961,1901,73.22
P2,11,10,27,11793,200000,2622.3828694866984,22.382869486698382,2600.0,200001,3961,1901,92.07
P2,11,10,28,11794,200000,3483.113911320933,883.1139113209329,2600.0,200048,3961,1948,94.32
P2,11,20,2,21768,500000,2618.3327404993456,18.33274049934562,2600.0,500005,9907,4605,165.96
P2,11,20,4,21770,500000,2600.000001111545,1.1115448614873458e-06,2600.0,500001,9910,4451,167.92
P2,11,20,13,21779,500000,2618.332740499346,18.332740499346073,2600.0,500000,9905,4700,142.74
P2,11,20,1,21767,500000,2615.341012908389,15.341012908389075,2600.0,500000,9904,4750,234.52
P2,11,20,0,21766,500000,2628.4561947459356,28.45619474593559,2600.0,500012,9914,4262,246.41
P2,11,20,6,21772,500000,2600.000000806474,8.064739631663542e-07,2600.0,500036,9915,4236,215.33
P2,11,20,7,21773,500000,2600.0000007112976,7.112976163625717e-07,2600.0,500000,9904,4750,212.28
P2,11,20,5,21771,500000,2600.0000007728268,7.728267519269139e-07,2600.0,500046,9909,4546,228.9
P2,11,20,9,21775,500000,2600.0000006886353,6.886352821311448e-07,2600.0,500020,9914,4270,199.45
P2,11,20,12,21778,500000,2600.000000866396,8.663960215926636e-07,2600.0,500036,9916,4186,185.93
P2,11,20,3,21769,500000,2600.0000006714495,6.714494702464435e-07,2600.0,500001,9914,4251,256.47
P2,11,20,8,21774,500000,2600.000000471774,4.717740011983551e-07,2600.0,500024,9908,4574,224.52
P2,11,20,10,21776,500000,2600.0000009191485,9.19148533284897e-07,2600.0,500048,9913,4348,248.75
P2,11,20,11,21777,500000,2616.364873632281,16.36487363228116,2600.0,500029,9904,4779,255.74
P2,8,20,26,21492,500000,2274.2110849016276,74.2110849016276,2200.0,500026,9903,4826,1461.41
P2,8,20,23,21489,500000,2238.136290565682,38.136290565681975,2200.0,500025,9903,4825,1550.87
P2,11,20,16,21782,500000,2600.0000010810713,1.081071332009742e-06,2600.0,500010,9917,4110,152.1
P2,8,20,29,21495,500000,2245.7177366037695,45.71773660376948,2200.0,500008,9903,4808,1427.82
P2,11,20,14,21780,500000,2600.000000817484,8.174838512786664e-07,2600.0,500002,9906,4652,224.36
P2,11,20,18,21784,500000,2600.0000008453853,8.453853297396563e-07,2600.0,500037,9915,4237,155.17
P2,11,20,19,21785,500000,2618.328992893854,18.328992893853865,2600.0,500000,9903,4800,169.33
P2,8,20,22,21488,500000,2225.0429832296045,25.042983229604488,2200.0,500001,9902,4851,1639.62
P2,11,20,21,21787,500000,2600.0000005925185,5.925185178057291e-07,2600.0,500022,9914,4272,173.9
P2,11,20,15,21781,500000,2600.0000009036603,9.036602932610549e-07,2600.0,500025,9910,4475,237.99
P2,11,20,17,21783,500000,2600.0000007988174,7.988173820194788e-07,2600.0,500043,9908,4593,206.15
P2,8,20,28,21494,500000,2240.570935079449,40.5709350794491,2200.0,500003,9903,4803,1487.96
P2,11,20,25,21791,500000,2600.000000653208,6.532081897603348e-07,2600.0,500005,9907,4605,164.48
P2,11,20,22,21788,500000,2619.624578131113,19.62457813111314,2600.0,500001,9905,4701,192.07
P2,12,10,3,11869,200000,2871.2460451786396,171.24604517863963,2700.0,200000,3960,1950,76.82
P2,11,20,20,21786,500000,2600.000000763919,7.639191608177498e-07,2600.0,500004,9913,4304,223.47
P2,12,10,0,11866,200000,2869.8977078437506,169.8977078437506,2700.0,200032,3961,1932,107.95
P2,11,20,24,21790,500000,2622.8113532471534,22.81135324715342,2600.0,500000,9903,4800,215.16
P2,12,10,2,11868,200000,2870.546556300627,170.5465563006269,2700.0,200000,3960,1950,92.02
P2,12,10,1,11867,200000,2871.2460451786396,171.24604517863963,2700.0,200000,3960,1950,101.11
P2,12,10,6,11872,200000,2871.2460451786396,171.24604517863963,2700.0,200000,3960,1950,73.44
P2,12,10,8,11874,200000,2873.0471486353804,173.04714863538038,2700.0,200000,3960,1950,63.56
P2,12,10,4,11870,200000,2873.081932630449,173.08193263044905,2700.0,200000,3960,1950,92.17
P2,12,10,7,11873,200000,2873.080490164559,173.0804901645588,2700.0,200000,3960,1950,75.73
P2,8,20,25,21491,500000,2225.90093248305,25.900932483049928,2200.0,500041,9903,4841,1619.1
P2,11,20,23,21789,500000,2618.46684660354,18.466846603540034,2600.0,500001,9903,4801,253.84
P2,11,20,27,21793,500000,2600.0000007169897,7.169896889536176e-07,2600.0,500000,9905,4700,193.77
P2,12,10,5,11871,200000,2870.9775015137925,170.9775015137925,2700.0,200000,3960,1950,107.74
P2,11,20,26,21792,500000,2600.000000726111,7.261110113176983e-07,2600.0,500000,9910,4450,222.74
P2,8,20,24,21490,500000,2224.5802977837284,24.580297783728383,2200.0,500036,9903,4836,1696.32
P2,12,10,9,11875,200000,2873.063394418862,173.06339441886212,2700.0,200000,3960,1950,100.01
P2,12,10,11,11877,200000,2913.845761292505,213.8457612925049,2700.0,200001,3961,1901,92.77
P2,12,10,20,11886,200000,2865.9674715017973,165.96747150179726,2700.0,200016,3961,1916,56.21
P2,12,10,10,11876,200000,2870.546556300627,170.5465563006269,2700.0,200000,3960,1950,117.71
P2,12,10,13,11879,200000,2873.0486261065307,173.04862610653072,2700.0,200000,3960,1950,88.12
P2,12,10,16,11882,200000,2865.93775310819,165.93775310819,2700.0,200047,3961,1947,81.38
P2,11,20,28,21794,500000,2600.0000008640222,8.640222404210363e-07,2600.0,500002,9913,4302,213.77
P2,12,10,12,11878,200000,2869.89680653933,169.8968065393301,2700.0,200000,3961,1900,98.79
P2,12,10,19,11885,200000,2865.9476160034646,165.94761600346465,2700.0,200032,3961,1932,75.84
P2,11,20,29,21795,500000,2600.000000797975,7.979751899256371e-07,2600.0,500000,9909,4500,220.83
P2,12,10,14,11880,200000,2866.198215039595,166.1982150395952,2700.0,200043,3961,1943,106.21
P2,12,10,23,11889,200000,2870.324388477731,170.3243884777312,2700.0,200000,3960,1950,73.3
P2,12,10,15,11881,200000,2870.535349390245,170.53534939024485,2700.0,200000,3960,1950,106.83
P2,12,10,22,11888,200000,2872.6157738231605,172.61577382316045,2700.0,200000,3960,1950,76.08
P2,12,10,17,11883,200000,2867.4800347300816,167.48003473008157,2700.0,200000,3960,1950,110.87
P2,12,10,21,11887,200000,2947.744772198833,247.74477219883283,2700.0,200007,3961,1907,90.17
P2,12,10,18,11884,200000,2871.2460451786396,171.24604517863963,2700.0,200000,3960,1950,96.97
P2,12,10,24,11890,200000,2871.2460451786396,171.24604517863963,2700.0,200000,3960,1950,94.46
P2,12,10,27,11893,200000,2874.3471785283864,174.3471785283864,2700.0,200000,3961,1900,80.56
P2,8,20,27,21493,500000,2223.420433039778,23.42043303977789,2200.0,500008,9902,4858,1716.17
P2,12,10,28,11894,200000,2871.6661877664487,171.66618776644873,2700.0,200044,3961,1944,90.1
P2,12,10,25,11891,200000,2920.446435309883,220.44643530988287,2700.0,200000,3960,1950,103.91
P2,12,10,26,11892,200000,2866.8304676980124,166.8304676980124,2700.0,200007,3961,1907,105.19
P2,12,10,29,11895,200000,2920.446435309883,220.44643530988287,2700.0,200048,3961,1948,106.98
P2,12,20,5,21871,500000,3127.0555118848806,427.0555118848806,2700.0,500000,9901,4900,171.19
P2,12,20,4,21870,500000,2952.6216883645875,252.6216883645875,2700.0,500000,9901,4900,189.17
P2,12,20,6,21872,500000,3023.715770926733,323.71577092673306,2700.0,500000,9902,4850,194.81
P2,12,20,3,21869,500000,2948.5853506000767,248.5853506000767,2700.0,500000,9902,4850,223.05
P2,12,20,9,21875,500000,2958.189910289695,258.18991028969504,2700.0,500000,9901,4900,224.47
P2,12,20,1,21867,500000,2972.6331543040337,272.6331543040337,2700.0,500000,9902,4850,254.35
P2,12,20,12,21878,500000,2972.89969336318,272.8996933631802,2700.0,500027,9902,4877,220.21
P2,12,20,7,21873,500000,3010.7627492215024,310.7627492215024,2700.0,500049,9902,4899,235.39
P2,12,20,2,21868,500000,2996.4709303431764,296.4709303431764,2700.0,500049,9902,4899,255.52
P2,12,20,10,21876,500000,2995.848271385841,295.84827138584114,2700.0,500000,9901,4900,236.18
S1,1,10,0,10766,200000,300.0000000067106,6.710592970193829e-09,300.0,200005,3979,1005,4.74
P2,12,20,11,21877,500000,2949.931965760562,249.93196576056198,2700.0,500000,9902,4850,239.57
P2,12,20,21,21887,500000,2999.3004340703496,299.30043407034964,2700.0,500049,9902,4899,177.94
S1,1,10,1,10767,200000,300.00000000000017,1.7053025658242404e-13,300.0,200045,3974,1295,5.53
P2,12,20,0,21866,500000,2990.495322832353,290.49532283235294,2700.0,500000,9901,4900,269.04
P2,12,20,8,21874,500000,3023.2852692048914,323.2852692048914,2700.0,500039,9902,4889,244.81
S1,1,10,4,10770,200000,300.04093184339985,0.04093184339984646,300.0,200019,3988,569,3.31
S1,1,10,3,10769,200000,300.00000000152687,1.526871074020164e-09,300.0,200020,3979,1020,4.82
S1,1,10,6,10772,200000,300.0000001161381,1.1613809647315065e-07,300.0,200013,3983,813,3.33
S1,1,10,7,10773,200000,300.0000000000555,5.547917680814862e-11,300.0,200027,3980,977,3.32
S1,1,10,2,10768,200000,300.0000000836422,8.364219183931709e-08,300.0,200048,3983,848,9.24
S1,1,10,8,10774,200000,300.00000000003024,3.0240698833949864e-11,300.0,200020,3978,1070,3.32
S1,1,10,10,10776,200000,300.00000000000483,4.831690603168681e-12,300.0,200008,3975,1208,3.35
S1,1,10,11,10777,200000,300.00101368959827,0.0010136895982668648,300.0,200009,3987,609,3.32
P2,12,20,16,21882,500000,3022.3066628048555,322.3066628048555,2700.0,500049,9902,4899,217.97
P2,12,20,18,21884,500000,3024.297315572969,324.2973155729692,2700.0,500000,9901,4900,205.42
S1,1,10,13,10779,200000,300.0000003693305,3.693305075103126e-07,300.0,200002,3983,802,4.3
S1,1,10,14,10780,200000,300.00000000066996,6.699565346934833e-10,300.0,200007,3979,1007,3.42
S1,1,10,15,10781,200000,300.00000000000654,6.536993168992922e-12,300.0,200011,3977,1111,3.4
P2,12,20,14,21880,500000,2987.632863830216,287.63286383021614,2700.0,500037,9903,4837,241.53
S1,1,10,5,10771,200000,300.00001849281705,1.8492817048354482e-05,300.0,200045,3986,695,11.73
S1,1,10,9,10775,200000,300.00000000000756,7.560174708487466e-12,300.0,200002,3977,1102,9.59
P2,12,20,15,21881,500000,2949.0334329217867,249.0334329217867,2700.0,500000,9902,4850,231.3
S1,1,10,16,10782,200000,300.0000000000142,1.4210854715202004e-11,300.0,200013,3976,1163,4.79
S1,1,10,19,10785,200000,300.00000000000125,1.2505552149377763e-12,300.0,200013,3972,1363,3.44
S1,1,10,20,10786,200000,300.0000000000013,1.3073986337985843e-12,300.0,200010,3974,1260,3.44
S1,1,10,21,10787,200000,300.0733001177723,0.07330011777230538,300.0,200043,3989,543,3.39
S1,1,10,12,10778,200000,300.0000003863115,3.8631151255685836e-07,300.0,200027,3983,827,11.24
S1,1,10,18,10784,200000,300.0000000000001,1.1368683772161603e-13,300.0,200001,3972,1351,8.0
S1,1,10,17,10783,200000,380.28861328872887,80.28861328872887,300.0,200003,3989,503,8.87
S1,1,10,27,10793,200000,300.0000000010943,1.094292656489415e-09,300.0,200048,3979,1048,4.61
S1,1,10,22,10788,200000,300.0000000007473,7.47320427763043e-10,300.0,200043,3979,1043,7.92
S1,1,10,23,10789,200000,300.000000209574,2.0957401147825294e-07,300.0,200011,3983,811,7.67
S1,1,10,29,10795,200000,300.0000000000004,3.979039320256561e-13,300.0,200020,3975,1220,4.79
S1,1,10,26,10792,200000,300.00000000009925,9.92486093309708e-11,300.0,200030,3977,1130,6.81
S1,1,10,28,10794,200000,300.01111509839546,0.011115098395464429,300.0,200001,3988,551,6.6
P2,12,20,17,21883,500000,2973.663292142446,273.66329214244615,2700.0,500000,9901,4900,218.09
S1,1,10,24,10790,200000,300.00024879435455,0.0002487943545474991,300.0,200031,3987,631,8.72
S1,1,10,25,10791,200000,300.0000000003882,3.8818370740045793e-10,300.0,200043,3981,943,9.68
S1,1,20,5,20771,500000,300.0000000000001,1.1368683772161603e-13,300.0,500048,9927,3648,10.78
S1,1,20,0,20766,500000,300.0000000000001,1.1368683772161603e-13,300.0,500011,9927,3611,14.63
P2,12,20,13,21879,500000,2998.324623737781,298.32462373778117,2700.0,500006,9902,4856,268.75
S1,1,20,2,20768,500000,300.0000000000001,1.1368683772161603e-13,300.0,500026,9919,4026,18.1
S1,1,20,1,20767,500000,300.0000000000001,1.1368683772161603e-13,300.0,500044,9927,3644,20.41
S1,1,20,6,20772,500000,300.0000000000001,1.1368683772161603e-13,300.0,500044,9922,3894,20.05
S1,1,20,3,20769,500000,300.0000000000001,1.1368683772161603e-13,300.0,500007,9925,3707,22.01
S1,1,20,10,20776,500000,300.0000000000001,1.1368683772161603e-13,300.0,500005,9921,3905,20.56
S1,1,20,9,20775,500000,300.0000000000001,1.1368683772161603e-13,300.0,500048,9928,3598,22.01
S1,1,20,4,20770,500000,300.0000000000002,2.2737367544323206e-13,300.0,500026,9928,3576,24.14
S1,1,20,7,20773,500000,300.0000000000001,1.1368683772161603e-13,300.0,500004,9924,3754,24.56
S1,1,20,13,20779,500000,300.00000000000006,5.684341886080802e-14,300.0,500011,9923,3811,11.31
S1,1,20,8,20774,500000,300.00000000000017,1.7053025658242404e-13,300.0,500001,9923,3801,28.78
S1,1,20,11,20777,500000,300.00000000000017,1.7053025658242404e-13,300.0,500039,9922,3889,20.52
S1,1,20,20,20786,500000,300.00000000000017,1.7053025658242404e-13,300.0,500001,9923,3801,8.59
S1,1,20,14,20780,500000,300.0000000000001,1.1368683772161603e-13,300.0,500045,9929,3545,19.08
S1,1,20,12,20778,500000,300.0000000000001,1.1368683772161603e-13,300.0,500042,9923,3842,23.92
S1,1,20,22,20788,500000,300.0000000000001,1.1368683772161603e-13,300.0,500026,9921,3926,11.42
P2,12,20,19,21885,500000,2960.7796936322247,260.77969363222473,2700.0,500000,9901,4900,257.64
S1,1,20,15,20781,500000,300.0000000000001,1.1368683772161603e-13,300.0,500047,9930,3497,24.98
S1,1,20,18,20784,500000,300.00000000000017,1.7053025658242404e-13,300.0,500046,9924,3796,19.59
S1,1,20,16,20782,500000,300.00000000000017,1.7053025658242404e-13,300.0,500006,9922,3856,23.05
S1,1,20,17,20783,500000,300.0000000000001,1.1368683772161603e-13,300.0,500031,9929,3531,24.64
S1,1,20,21,20787,500000,300.0000000000001,1.1368683772161603e-13,300.0,500007,9924,3757,20.91
S1,2,10,1,10867,200000,405.03343073158766,5.033430731587657,400.0,200027,3970,1477,4.5
S1,1,20,27,20793,500000,300.0000000000001,1.1368683772161603e-13,300.0,500029,9924,3779,12.75
S1,1,20,19,20785,500000,300.0000000000001,1.1368683772161603e-13,300.0,500039,9920,3989,26.45
S1,1,20,25,20791,500000,300.00000000000017,1.7053025658242404e-13,300.0,500033,9923,3833,17.94
S1,1,20,29,20795,500000,300.0000000000001,1.1368683772161603e-13,300.0,500037,9929,3537,8.72
S1,2,10,2,10868,200000,408.91610199298185,8.91610199298185,400.0,200043,3973,1343,7.54
S1,1,20,28,20794,500000,300.00000000000017,1.7053025658242404e-13,300.0,500032,9930,3482,12.83
S1,2,10,5,10871,200000,400.26826919518203,0.26826919518202885,400.0,200013,3984,763,4.74
S1,1,20,23,20789,500000,300.0000000000001,1.1368683772161603e-13,300.0,500049,9922,3899,24.48
S1,2,10,8,10874,200000,400.00157701361167,0.001577013611665734,400.0,200029,3965,1729,4.27
S1,1,20,26,20792,500000,300.0000000000001,1.1368683772161603e-13,300.0,500034,9926,3684,19.45
S1,2,10,9,10875,200000,470.78912723029725,70.78912723029725,400.0,200009,3965,1709,4.29
S1,2,10,4,10870,200000,471.0610465640018,71.0610465640018,400.0,200026,3978,1076,9.16
S1,2,10,3,10869,200000,465.10556466926545,65.10556466926545,400.0,200049,3979,1049,10.41
S1,2,10,0,10866,200000,400.0003804717117,0.00038047171170774163,400.0,200038,3971,1438,14.53
S1,2,10,13,10879,200000,404.8647398792768,4.864739879276783,400.0,200030,3971,1430,4.23
S1,2,10,14,10880,200000,400.0843934745245,0.08439347452451784,400.0,200004,3964,1754,4.3
S1,2,10,15,10881,200000,457.9357210596794,57.935721059679395,400.0,200031,3978,1081,4.31
S1,2,10,6,10872,200000,408.9161019279579,8.916101927957925,400.0,200044,3968,1594,10.51
P2,12,20,20,21886,500000,3027.738919827513,327.7389198275132,2700.0,500000,9901,4900,269.02
S1,1,20,24,20790,500000,300.0000000000001,1.1368683772161603e-13,300.0,500023,9922,3873,29.01
S1,2,10,7,10873,200000,408.9161019277821,8.916101927782108,400.0,200000,3965,1700,10.16
S1,2,10,16,10882,200000,452.49375008357936,52.49375008357936,400.0,200019,3983,819,5.45
S1,2,10,12,10878,200000,400.4688014887249,0.468801488724921,400.0,200018,3974,1268,9.31
S1,2,10,21,10887,200000,408.9161019277885,8.916101927788475,400.0,200021,3967,1621,4.33
S1,2,10,17,10883,200000,474.1210029962449,74.1210029962449,400.0,200001,3972,1351,8.83
S1,2,10,20,10886,200000,408.9161201439328,8.916120143932801,400.0,200029,3976,1179,6.0
S1,2,10,24,10890,200000,400.5337348644161,0.5337348644160897,400.0,200001,3981,901,4.74
S1,2,10,27,10893,200000,400.0002960109135,0.0002960109134733102,400.0,200019,3967,1619,4.26
S1,2,10,10,10876,200000,457.30658365177,57.306583651769984,400.0,200031,3979,1031,15.05
S1,2,10,11,10877,200000,408.91794083389874,8.91794083389874,400.0,200045,3977,1145,14.91
S1,2,10,18,10884,200000,408.916101927862,8.916101927861973,400.0,200004,3965,1704,10.19
S1,2,10,29,10895,200000,408.9161019277886,8.916101927788588,400.0,200000,3965,1700,4.23
S1,2,10,22,10888,200000,470.81421511216377,70.81421511216377,400.0,200012,3973,1312,9.07
S1,2,10,19,10885,200000,408.9163550080471,8.916355008047105,400.0,200017,3973,1317,11.39
S1,2,10,28,10894,200000,400.46941711920886,0.4694171192088561,400.0,200036,3973,1336,9.11
S1,2,10,23,10889,200000,400.5044493286971,0.5044493286970919,400.0,200034,3977,1134,13.07
S1,2,10,25,10891,200000,401.57804049986674,1.578040499866745,400.0,200030,3979,1030,12.37
S1,2,10,26,10892,200000,400.4287174992235,0.42871749922352365,400.0,200032,3971,1432,13.01
S1,2,20,0,20866,500000,449.1557426822608,49.15574268226078,400.0,500031,9947,2631,10.78
S1,2,20,3,20869,500000,449.10425819660486,49.10425819660486,400.0,500022,9942,2872,12.01
S1,2,20,7,20873,500000,473.27176401719635,73.27176401719635,400.0,500011,9923,3811,10.86
S1,2,20,6,20872,500000,449.1235426289743,49.12354262897429,400.0,500026,9949,2526,17.24
S1,2,20,2,20868,500000,449.1151052629301,49.115105262930115,400.0,500023,9938,3073,20.7
S1,2,20,4,20870,500000,449.14741624106375,49.14741624106375,400.0,500000,9946,2650,22.19
S1,2,20,16,20882,500000,465.05969004660665,65.05969004660665,400.0,500021,9959,2021,10.78
S1,2,20,8,20874,500000,473.9512832530536,73.95128325305359,400.0,500011,9942,2861,24.46
S1,2,20,5,20871,500000,456.8401556049264,56.840155604926395,400.0,500019,9950,2469,27.81
S1,2,20,1,20867,500000,450.3712986021766,50.37129860217658,400.0,500004,9962,1854,29.52
S1,2,20,11,20877,500000,479.96634901041995,79.96634901041995,400.0,500006,9965,1706,23.89
S1,2,20,12,20878,500000,470.29906161130447,70.29906161130447,400.0,500035,9957,2135,23.82
S1,2,20,18,20884,500000,449.23632642516657,49.23632642516657,400.0,500038,9947,2638,11.43
S1,2,20,9,20875,500000,450.12473236481156,50.124732364811564,400.0,500039,9959,2039,28.64
S1,2,20,14,20880,500000,473.36302671182324,73.36302671182324,400.0,500005,9922,3855,23.49
S1,2,20,10,20876,500000,473.6228418022999,73.62284180229989,400.0,500033,9939,3033,32.11
S1,2,20,19,20885,500000,449.24487448880944,49.244874488809444,400.0,500033,9951,2433,14.89
S1,2,20,15,20881,500000,449.1134835076158,49.1134835076158,400.0,500037,9939,3037,26.49
S1,2,20,20,20886,500000,449.10121417850223,49.10121417850223,400.0,500048,9931,3448,14.8
S1,2,20,22,20888,500000,450.18645343235835,50.18645343235835,400.0,500051,9952,2401,10.68
P2,12,20,22,21888,500000,2961.535820963977,261.53582096397713,2700.0,500042,9902,4892,213.88
S1,2,20,13,20879,500000,473.1363286684538,73.13632866845381,400.0,500013,9927,3613,35.09
S1,2,20,21,20887,500000,449.1440373978163,49.144037397816305,400.0,500022,9944,2772,16.04
S1,2,20,28,20894,500000,449.1364432343417,49.1364432343417,400.0,500024,9941,2924,10.8
S1,3,10,3,10969,200000,600.0000000000001,1.1368683772161603e-13,600.0,200023,3961,1923,8.07
S1,3,10,0,10966,200000,600.0,0.0,600.0,200000,3961,1900,9.76
S1,2,20,17,20883,500000,462.40897295633954,62.40897295633954,400.0,500013,9963,1813,29.36
S1,2,20,23,20889,500000,464.2281236994578,64.2281236994578,400.0,500044,9947,2644,20.59
S1,2,20,25,20891,500000,459.56951564344666,59.569515643446664,400.0,500003,9948,2553,19.79
S1,3,10,1,10967,200000,600.0000000000001,1.1368683772161603e-13,600.0,200009,3961,1909,13.6
S1,3,10,2,10968,200000,600.0,0.0,600.0,200000,3961,1900,13.39
S1,3,10,4,10970,200000,600.0000000000001,1.1368683772161603e-13,600.0,200050,3961,1950,11.38
S1,2,20,26,20892,500000,474.94311083178263,74.94311083178263,400.0,500022,9926,3672,22.19
S1,3,10,8,10974,200000,600.0000000000001,1.1368683772161603e-13,600.0,200004,3961,1904,8.19
S1,3,10,9,10975,200000,600.0000000000001,1.1368683772161603e-13,600.0,200004,3961,1904,8.22
S1,2,20,24,20890,500000,449.10430437540396,49.104304375403956,400.0,500013,9930,3463,25.57
S1,3,10,13,10979,200000,600.0,0.0,600.0,200001,3961,1901,8.33
S1,3,10,15,10981,200000,600.0,0.0,600.0,200000,3961,1900,8.27
S1,3,10,12,10978,200000,600.0000000000001,1.1368683772161603e-13,600.0,200000,3961,1900,11.75
S1,3,10,14,10980,200000,600.0,0.0,600.0,200000,3961,1900,10.7
S1,3,10,7,10973,200000,600.0000000000001,1.1368683772161603e-13,600.0,200000,3961,1900,18.93
S1,2,20,29,20895,500000,472.2665177557602,72.26651775576022,400.0,500000,9917,4100,25.32
S1,3,10,17,10983,200000,600.0000000000001,1.1368683772161603e-13,600.0,200000,3961,1900,8.26
S1,3,10,18,10984,200000,600.0000000000001,1.1368683772161603e-13,600.0,200012,3962,1862,8.27
S1,3,10,6,10972,200000,600.0,0.0,600.0,200000,3961,1900,21.37
S1,3,10,5,10971,200000,600.0000000000001,1.1368683772161603e-13,600.0,200000,3961,1900,24.93
S1,3,10,11,10977,200000,600.0000000000001,1.1368683772161603e-13,600.0,200000,3961,1900,19.9
S1,2,20,27,20893,500000,444.8963746947252,44.89637469472518,400.0,500001,9938,3051,38.01
S1,3,10,19,10985,200000,600.0,0.0,600.0,200000,3961,1900,15.66
S1,3,10,26,10992,200000,600.0000000000001,1.1368683772161603e-13,600.0,200000,3961,1900,8.28
S1,3,10,10,10976,200000,600.0000000000001,1.1368683772161603e-13,600.0,200000,3961,1900,24.86
S1,3,10,22,10988,200000,600.0000000000002,2.2737367544323206e-13,600.0,200027,3961,1927,10.15
S1,3,10,16,10982,200000,600.0000000000001,1.1368683772161603e-13,600.0,200000,3961,1900,20.54
S1,3,10,20,10986,200000,600.0,0.0,600.0,200000,3961,1900,14.56
S1,3,10,21,10987,200000,600.0000000000001,1.1368683772161603e-13,600.0,200000,3961,1900,13.48
P2,12,20,23,21889,500000,2976.7277388027264,276.72773880272644,2700.0,500000,9901,4900,234.84
S1,3,10,25,10991,200000,600.0000000000001,1.1368683772161603e-13,600.0,200000,3961,1900,18.18
S1,3,10,24,10990,200000,600.0000000000001,1.1368683772161603e-13,600.0,200000,3961,1900,19.03
S1,3,10,27,10993,200000,600.0000000000001,1.1368683772161603e-13,600.0,200004,3961,1904,18.83
P2,12,20,26,21892,500000,2972.851486595779,272.8514865957791,2700.0,500001,9902,4851,190.88
S1,3,10,23,10989,200000,600.0,0.0,600.0,200000,3961,1900,27.2
S1,3,10,29,10995,200000,600.0,0.0,600.0,200000,3961,1900,23.36
S1,3,10,28,10994,200000,600.0000000000001,1.1368683772161603e-13,600.0,200000,3961,1900,28.12
S1,3,20,3,20969,500000,600.0000000000001,1.1368683772161603e-13,600.0,500000,9903,4800,23.81
P2,12,20,27,21893,500000,2983.24833003042,283.2483300304202,2700.0,500033,9903,4833,198.97
P2,12,20,25,21891,500000,2992.4416166542,292.44161665420006,2700.0,500000,9902,4850,227.63
S1,3,20,1,20967,500000,600.0000000000001,1.1368683772161603e-13,600.0,500003,9903,4803,33.8
S1,3,20,7,20973,500000,600.0000000000002,2.2737367544323206e-13,600.0,500000,9903,4800,31.18
P2,12,20,24,21890,500000,2980.243198359907,280.2431983599072,2700.0,500017,9902,4867,255.4
S1,3,20,2,20968,500000,600.0000000000001,1.1368683772161603e-13,600.0,500048,9904,4798,45.34
S1,3,20,0,20966,500000,600.0000000000001,1.1368683772161603e-13,600.0,500000,9903,4800,51.53
S1,3,20,5,20971,500000,600.0000000000002,2.2737367544323206e-13,600.0,500048,9904,4798,48.67
S1,3,20,17,20983,500000,600.0000000000002,2.2737367544323206e-13,600.0,500004,9903,4804,28.29
S1,3,20,19,20985,500000,600.0000000000001,1.1368683772161603e-13,600.0,500004,9904,4754,24.66
S1,3,20,14,20980,500000,600.0000000000002,2.2737367544323206e-13,600.0,500039,9904,4789,35.59
S1,3,20,6,20972,500000,600.0000000000002,2.2737367544323206e-13,600.0,500000,9904,4750,53.92
S1,3,20,4,20970,500000,600.0000000000001,1.1368683772161603e-13,600.0,500027,9904,4777,57.1
S1,3,20,12,20978,500000,600.0000000000001,1.1368683772161603e-13,600.0,500000,9903,4800,47.5
S1,3,20,9,20975,500000,600.0000000000001,1.1368683772161603e-13,600.0,500000,9903,4800,53.39
S1,3,20,11,20977,500000,600.0000000000001,1.1368683772161603e-13,600.0,500000,9903,4800,51.12
S1,3,20,15,20981,500000,600.0000000000001,1.1368683772161603e-13,600.0,500000,9903,4800,45.07
S1,3,20,13,20979,500000,600.0000000000001,1.1368683772161603e-13,600.0,500036,9904,4786,51.78
S1,3,20,20,20986,500000,600.0000000000002,2.2737367544323206e-13,600.0,500024,9904,4774,34.45
S1,3,20,18,20984,500000,600.0000000000002,2.2737367544323206e-13,600.0,500000,9903,4800,40.23
S1,3,20,8,20974,500000,600.0000000000001,1.1368683772161603e-13,600.0,500000,9903,4800,65.9
S1,3,20,10,20976,500000,600.0000000000002,2.2737367544323206e-13,600.0,500000,9903,4800,60.89
S1,3,20,16,20982,500000,600.0000000000001,1.1368683772161603e-13,600.0,500000,9903,4800,51.88
S1,3,20,25,20991,500000,600.0000000000001,1.1368683772161603e-13,600.0,500000,9903,4800,27.69
S1,4,10,5,11071,200000,908.5,108.5,800.0,200000,3961,1900,15.97
S1,3,20,28,20994,500000,600.0000000000002,2.2737367544323206e-13,600.0,500000,9903,4800,29.3
S1,4,10,0,11066,200000,862.0,62.0,800.0,200000,3960,1950,25.55
P2,12,20,28,21894,500000,2987.6567821109634,287.6567821109634,2700.0,500000,9901,4900,254.07
P2,12,20,29,21895,500000,2998.071016936273,298.0710169362728,2700.0,500000,9902,4850,254.41
S1,4,10,1,11067,200000,810.0,10.0,800.0,200000,3961,1900,28.17
S1,4,10,10,11076,200000,852.0,52.0,800.0,200045,3962,1895,14.63
S1,4,10,7,11073,200000,870.0,70.0,800.0,200000,3961,1900,19.85
S1,4,10,4,11070,200000,878.0,78.0,800.0,200000,3960,1950,23.17
S1,3,20,26,20992,500000,600.0000000000002,2.2737367544323206e-13,600.0,500010,9904,4760,35.61
S1,4,10,3,11069,200000,894.5,94.5,800.0,200000,3961,1900,28.36
S1,4,10,2,11068,200000,838.0,38.0,800.0,200003,3962,1853,30.68
S1,4,10,11,11077,200000,862.0,62.0,800.0,200000,3960,1950,12.66
S1,3,20,21,20987,500000,600.0000000000002,2.2737367544323206e-13,600.0,500030,9904,4780,56.75
S1,3,20,27,20993,500000,600.0000000000001,1.1368683772161603e-13,600.0,500003,9903,4803,38.75
S1,3,20,23,20989,500000,600.0000000000002,2.2737367544323206e-13,600.0,500048,9904,4798,46.81
S1,4,10,8,11074,200000,888.5,88.5,800.0,200043,3961,1943,28.14
S1,4,10,14,11080,200000,836.0,36.0,800.0,200000,3961,1900,14.17
S1,4,10,9,11075,200000,832.0,32.0,800.0,200000,3961,1900,28.12
S1,4,10,17,11083,200000,872.0,72.0,800.0,200046,3962,1896,12.4
S1,3,20,22,20988,500000,600.0000000000002,2.2737367544323206e-13,600.0,500000,9903,4800,57.97
S1,4,10,6,11072,200000,868.0,68.0,800.0,200010,3963,1810,33.93
S1,4,10,24,11090,200000,870.0,70.0,800.0,200000,3961,1900,12.71
S1,4,10,26,11092,200000,844.0,44.0,800.0,200047,3961,1947,12.79
S1,4,10,12,11078,200000,848.0,48.0,800.0,200000,3961,1900,24.15
S1,3,20,24,20990,500000,600.0000000000001,1.1368683772161603e-13,600.0,500050,9904,4800,58.51
S1,3,20,29,20995,500000,600.0000000000001,1.1368683772161603e-13,600.0,500002,9903,4802,52.34
S1,4,10,29,11095,200000,820.0,20.0,800.0,200024,3963,1824,12.69
S1,4,10,16,11082,200000,856.0,56.0,800.0,200000,3961,1900,24.2
S1,4,10,19,11085,200000,886.5,86.5,800.0,200049,3961,1949,23.34
S1,4,10,13,11079,200000,834.0,34.0,800.0,200027,3961,1927,28.13
S1,4,10,18,11084,200000,812.0,12.0,800.0,200000,3961,1900,23.85
S1,4,10,21,11087,200000,878.0,78.0,800.0,200000,3960,1950,23.59
S1,4,10,25,11091,200000,836.0,36.0,800.0,200000,3960,1950,22.63
S1,4,10,15,11081,200000,838.0,38.0,800.0,200000,3960,1950,31.8
S1,4,10,20,11086,200000,832.0,32.0,800.0,200000,3961,1900,30.26
S1,4,10,27,11093,200000,868.0,68.0,800.0,200000,3960,1950,26.1
S1,4,10,28,11094,200000,872.0,72.0,800.0,200000,3960,1950,23.43
S1,4,10,23,11089,200000,830.0,30.0,800.0,200011,3962,1861,34.34
S1,4,10,22,11088,200000,856.0,56.0,800.0,200000,3960,1950,36.19
S1,4,20,7,21073,500000,978.0,178.0,800.0,500002,9904,4752,36.26
S1,4,20,9,21075,500000,1101.0,301.0,800.0,500004,9902,4854,36.86
S1,4,20,12,21078,500000,992.5,192.5,800.0,500004,9905,4704,43.64
S1,4,20,2,21068,500000,914.0,114.0,800.0,500014,9905,4714,55.43
S1,4,20,13,21079,500000,993.0,193.0,800.0,500000,9903,4800,46.22
S1,4,20,0,21066,500000,1070.5,270.5,800.0,500047,9902,4897,62.93
S1,4,20,1,21067,500000,1028.5,228.5,800.0,500000,9902,4850,65.02
S1,4,20,3,21069,500000,1010.0,210.0,800.0,500000,9902,4850,65.35
S1,4,20,8,21074,500000,1083.5,283.5,800.0,500039,9902,4889,58.01
S1,4,20,10,21076,500000,964.0,164.0,800.0,500007,9904,4757,58.15
S1,4,20,14,21080,500000,992.5,192.5,800.0,500002,9904,4752,58.3
S1,5,10,0,11166,200000,900.0895282608581,0.0895282608580601,900.0,200019,3962,1869,6.32
S1,4,20,4,21070,500000,956.0,156.0,800.0,500000,9903,4800,70.88
S1,5,10,2,11168,200000,901.9080518986317,1.9080518986316974,900.0,200000,3963,1800,6.27
S1,5,10,1,11167,200000,900.0895283823993,0.08952838239929406,900.0,200049,3962,1899,9.66
S1,5,10,3,11169,200000,900.0895283053901,0.08952830539010392,900.0,200000,3961,1900,6.23
S1,5,10,4,11170,200000,900.4543273101567,0.4543273101567138,900.0,200003,3962,1853,6.24
S1,4,20,21,21087,500000,1085.0,285.0,800.0,500020,9903,4820,56.02
S1,5,10,5,11171,200000,900.5438523814332,0.5438523814332257,900.0,200000,3961,1900,6.26
S1,4,20,19,21085,500000,1038.5,238.5,800.0,500000,9902,4850,62.29
S1,5,10,7,11173,200000,900.1790565077764,0.17905650777640858,900.0,200000,3961,1900,6.24
S1,5,10,8,11174,200000,900.7229088820791,0.7229088820790821,900.0,200000,3961,1900,6.22
S1,4,20,5,21071,500000,989.0,189.0,800.0,500042,9902,4892,82.82
S1,5,10,9,11175,200000,900.6333806536516,0.6333806536515567,900.0,200000,3961,1900,6.22
S1,4,20,6,21072,500000,1000.0,200.0,800.0,500036,9904,4786,82.12
S1,5,10,6,11172,200000,900.0000000072563,7.256289791257586e-09,900.0,200000,3961,1900,10.18
S1,4,20,17,21083,500000,1036.5,236.5,800.0,500000,9901,4900,71.69
S1,5,10,12,11178,200000,901.996368401197,1.9963684011969463,900.0,200000,3961,1900,6.25
S1,4,20,16,21082,500000,890.0,90.0,800.0,500017,9904,4767,78.07
S1,5,10,15,11181,200000,900.000000001736,1.7359980120090768e-09,900.0,200000,3961,1900,6.25
S1,4,20,15,21081,500000,1049.0,249.0,800.0,500028,9903,4828,82.22
S1,5,10,10,11176,200000,900.9086566690173,0.9086566690173186,900.0,200000,3962,1850,14.03
S1,4,20,23,21089,500000,1015.0,215.0,800.0,500000,9901,4900,50.5
S1,5,10,19,11185,200000,900.0895282585756,0.08952825857556945,900.0,200000,3961,1900,6.24
S1,5,10,11,11177,200000,900.543852327257,0.5438523272570137,900.0,200000,3961,1900,15.84
S1,4,20,20,21086,500000,1070.5,270.5,800.0,500000,9901,4900,75.41
S1,5,10,14,11180,200000,900.4543240189903,0.45432401899029173,900.0,200000,3961,1900,12.49
S1,5,10,13,11179,200000,900.6333869838658,0.633386983865762,900.0,200000,3961,1900,14.52
S1,5,10,18,11184,200000,900.8124370225102,0.8124370225101529,900.0,200000,3961,1900,11.77
S1,5,10,16,11182,200000,900.0000000110172,1.1017164069926366e-08,900.0,200001,3961,1901,13.78
S1,4,20,27,21093,500000,998.0,198.0,800.0,500000,9903,4800,41.64
S1,4,20,11,21077,500000,1013.0,213.0,800.0,500040,9903,4840,92.3
S1,5,10,25,11191,200000,900.5438523281639,0.5438523281638936,900.0,200000,3961,1900,6.21
S1,5,10,23,11189,200000,900.1790565060655,0.17905650606553536,900.0,200037,3962,1887,8.64
S1,5,10,17,11183,200000,900.0000000958753,9.5875293482095e-08,900.0,200000,3961,1900,16.75
S1,5,10,26,11192,200000,901.4525088992889,1.4525088992888868,900.0,200000,3961,1900,8.79
S1,5,10,29,11195,200000,900.2685847540644,0.26858475406436355,900.0,200034,3962,1884,7.95
S1,5,10,28,11194,200000,901.087714669405,1.0877146694050452,900.0,200000,3962,1850,9.16
S1,5,10,21,11187,200000,900.5438525912498,0.543852591249788,900.0,200008,3962,1858,15.34
S1,5,10,20,11186,200000,900.179056515236,0.17905651523597044,900.0,200000,3961,1900,15.92
S1,5,10,24,11190,200000,900.9086544530855,0.9086544530855463,900.0,200047,3963,1847,13.57
S1,5,10,22,11188,200000,900.6333805271883,0.6333805271882511,900.0,200000,3961,1900,17.81
S1,5,10,27,11193,200000,900.0000000530467,5.3046733228256926e-08,900.0,200047,3962,1897,17.05
S1,4,20,18,21084,500000,1103.5,303.5,800.0,500000,9901,4900,98.53
S1,4,20,24,21090,500000,1079.0,279.0,800.0,500000,9901,4900,64.74
S1,5,20,4,21170,500000,902.2649379205668,2.2649379205668083,900.0,500000,9904,4750,18.2
S1,4,20,28,21094,500000,1020.5,220.5,800.0,500049,9905,4749,59.46
S1,4,20,29,21095,500000,1067.0,267.0,800.0,500001,9902,4851,58.27
S1,4,20,22,21088,500000,1032.5,232.5,800.0,500000,9903,4800,84.43
S1,4,20,25,21091,500000,936.5,136.5,800.0,500002,9904,4752,76.78
S1,4,20,26,21092,500000,1087.5,287.5,800.0,500000,9903,4800,75.18
S1,5,20,14,21180,500000,901.2667610661613,1.2667610661612798,900.0,500000,9903,4800,20.73
S1,5,20,10,21176,500000,901.7210852673759,1.7210852673758836,900.0,500001,9904,4751,28.47
S1,5,20,5,21171,500000,902.9050006127956,2.905000612795561,900.0,500048,9904,4798,33.32
S1,5,20,16,21182,500000,903.8137419409672,3.8137419409672475,900.0,500049,9906,4699,19.34
S1,5,20,9,21175,500000,901.177233282708,1.1772332827080163,900.0,500034,9905,4734,30.17
S1,5,20,3,21169,500000,904.8118062026882,4.811806202688217,900.0,500002,9904,4752,35.9
S1,5,20,8,21174,500000,902.2649376936101,2.264937693610136,900.0,500000,9903,4800,31.91
S1,5,20,1,21167,500000,902.1754103240862,2.175410324086215,900.0,500001,9904,4751,38.81
S1,5,20,12,21178,500000,902.085881738296,2.0858817382960524,900.0,500005,9905,4705,31.33
S1,5,20,7,21173,500000,901.542062306839,1.5420623068389432,900.0,500048,9905,4748,36.06
S1,5,20,2,21168,500000,902.994603651121,2.994603651120997,900.0,500000,9904,4750,42.0
S1,5,20,0,21166,500000,902.9878467588445,2.987846758844512,900.0,500000,9903,4800,45.56
S1,5,20,6,21172,500000,905.3389206068376,5.3389206068376325,900.0,500000,9904,4750,43.3
S1,5,20,18,21184,500000,902.0858822363687,2.0858822363686613,900.0,500044,9904,4794,25.3
S1,5,20,22,21188,500000,902.8088397405625,2.808839740562462,900.0,500000,9905,4700,16.03
S1,5,20,17,21183,500000,902.1754091323775,2.1754091323774674,900.0,500005,9905,4705,29.46
S1,5,20,13,21179,500000,901.4525003269825,1.4525003269825447,900.0,500000,9904,4750,39.55
S1,5,20,15,21181,500000,901.6315568386013,1.631556838601341,900.0,500048,9904,4798,37.41
S1,5,20,11,21177,500000,902.6297445525893,2.6297445525892726,900.0,500047,9904,4797,45.84
S1,6,10,0,11266,200000,6909.135286677683,5109.135286677683,1800.0,200044,3975,1244,16.14
S1,6,10,7,11273,200000,3475.77380991136,1675.7738099113599,1800.0,200000,3973,1300,8.58
S1,5,20,27,21193,500000,901.6315720428594,1.631572042859375,900.0,500020,9905,4720,18.73
S1,5,20,24,21190,500000,901.177233224791,1.1772332247910526,900.0,500003,9905,4703,20.64
S1,6,10,3,11269,200000,7251.341214241114,5451.341214241114,1800.0,200035,3973,1335,16.27
S1,6,10,1,11267,200000,4739.236283457205,2939.236283457205,1800.0,200018,3971,1418,20.78
S1,6,10,2,11268,200000,20582.538055285186,18782.538055285186,1800.0,200030,3975,1230,20.05
S1,6,10,5,11271,200000,2564.458822131435,764.4588221314352,1800.0,200022,3972,1372,15.2
S1,5,20,20,21186,500000,903.1736228532334,3.1736228532333826,900.0,500037,9906,4687,37.34
S1,6,10,13,11279,200000,5069.083032702782,3269.0830327027816,1800.0,200037,3971,1437,8.46
S1,5,20,19,21185,500000,902.6297402820178,2.629740282017792,900.0,500000,9904,4750,42.3
S1,5,20,29,21195,500000,903.2697826144027,3.269782614402743,900.0,500013,9905,4713,27.1
S1,6,10,4,11270,200000,28129.706751605452,26329.706751605452,1800.0,200040,3977,1140,21.73
S1,6,10,14,11280,200000,35324.17195755039,33524.17195755039,1800.0,200037,3973,1337,11.2
S1,6,10,8,11274,200000,22871.60833838625,21071.60833838625,1800.0,200004,3974,1254,17.29
S1,6,10,17,11283,200000,31846.28812357726,30046.28812357726,1800.0,200000,3974,1250,8.53
S1,6,10,6,11272,200000,14495.249850312935,12695.249850312935,1800.0,200040,3974,1290,23.42
S1,6,10,19,11285,200000,10149.873792872379,8349.873792872379,1800.0,200000,3973,1300,8.47
S1,6,10,12,11278,200000,14802.871935439007,13002.871935439007,1800.0,200036,3973,1336,16.52
S1,6,10,11,11277,200000,5051.806981450744,3251.8069814507444,1800.0,200043,3974,1293,18.44
S1,6,10,21,11287,200000,42960.78101814552,41160.78101814552,1800.0,200005,3976,1155,9.16
S1,5,20,25,21191,500000,901.9001418716239,1.9001418716238732,900.0,500000,9904,4750,37.28
S1,6,10,9,11275,200000,17184.14315061479,15384.14315061479,1800.0,200022,3976,1172,23.19
S1,6,10,26,11292,200000,5489.994668031735,3689.9946680317353,1800.0,200039,3975,1239,8.51
S1,5,20,21,21187,500000,902.8087909300344,2.8087909300344336,900.0,500000,9904,4750,46.17
S1,5,20,23,21189,500000,902.7193193387088,2.7193193387088286,900.0,500000,9904,4750,43.15
S1,5,20,28,21194,500000,900.9019653058339,0.901965305833869,900.0,500044,9904,4794,44.33
S1,6,10,25,11291,200000,9214.654175467724,7414.654175467724,1800.0,200009,3974,1259,14.76
S1,6,10,10,11276,200000,17733.4091393672,15933.409139367199,1800.0,200020,3976,1170,29.65
S1,6,10,15,11281,200000,8742.811978245965,6942.811978245965,1800.0,200012,3975,1212,26.11
S1,6,10,18,11284,200000,9499.988013344842,7699.988013344842,1800.0,200042,3976,1192,21.13
S1,6,10,29,11295,200000,18309.870968153515,16509.870968153515,1800.0,200040,3977,1140,12.4
S1,6,10,16,11282,200000,7902.365577947833,6102.365577947833,1800.0,200027,3975,1227,24.35
S1,6,10,20,11286,200000,13356.312700938543,11556.312700938543,1800.0,200040,3973,1340,20.07
S1,5,20,26,21192,500000,903.4243881893722,3.4243881893721664,900.0,500006,9904,4756,47.03
S1,6,10,24,11290,200000,9871.67693282131,8071.67693282131,1800.0,200005,3974,1255,18.24
S1,6,10,27,11293,200000,14511.379664915603,12711.379664915603,1800.0,200030,3975,1230,15.59
S1,6,10,23,11289,200000,23287.805921560714,21487.805921560714,1800.0,200026,3976,1176,22.22
S1,6,10,22,11288,200000,11334.95155124906,9534.95155124906,1800.0,200039,3975,1239,26.22
S1,6,10,28,11294,200000,10737.219350631272,8937.219350631272,1800.0,200011,3973,1311,27.02
S1,6,20,3,21269,500000,30925.89833657031,29125.89833657031,1800.0,500034,9911,4434,39.87
S1,6,20,13,21279,500000,24298.783638257668,22498.783638257668,1800.0,500009,9911,4409,31.67
S1,6,20,0,21266,500000,40096.33233911467,38296.33233911467,1800.0,500018,9913,4318,42.92
S1,6,20,5,21271,500000,82457.75550727884,80657.75550727884,1800.0,500028,9912,4378,39.75
S1,6,20,14,21280,500000,32312.573839040182,30512.573839040182,1800.0,500044,9911,4444,34.15
S1,6,20,15,21281,500000,15832.990830318573,14032.990830318573,1800.0,500006,9909,4506,34.95
S1,6,20,18,21284,500000,32413.90317740191,30613.90317740191,1800.0,500002,9910,4452,34.84
S1,6,20,1,21267,500000,25731.10334087508,23931.10334087508,1800.0,500050,9911,4450,49.59
S1,6,20,17,21283,500000,71649.69113594733,69849.69113594733,1800.0,500003,9914,4253,36.47
S1,6,20,6,21272,500000,115286.39624838866,113486.39624838866,1800.0,500040,9913,4340,51.14
S1,6,20,16,21282,500000,58014.9198705233,56214.9198705233,1800.0,500027,9911,4427,43.6
S1,6,20,12,21278,500000,41310.236156841645,39510.236156841645,1800.0,500015,9914,4265,45.34
S1,6,20,2,21268,500000,64312.98025129417,62512.98025129417,1800.0,500011,9912,4361,55.06
S1,6,20,4,21270,500000,44859.47801870918,43059.47801870918,1800.0,500029,9916,4179,57.88
S1,6,20,20,21286,500000,30142.975832794684,28342.975832794684,1800.0,500036,9911,4436,43.97
S1,6,20,7,21273,500000,47563.20488337421,45763.20488337421,1800.0,500040,9911,4440,57.38
S1,6,20,8,21274,500000,54295.24556388905,52495.24556388905,1800.0,500028,9911,4428,54.58
S1,6,20,19,21285,500000,45393.12565032765,43593.12565032765,1800.0,500041,9912,4391,50.01
S1,6,20,23,21289,500000,33792.91324427145,31992.913244271447,1800.0,500032,9914,4282,24.11
S1,6,20,9,21275,500000,30715.669415865308,28915.669415865308,1800.0,500002,9909,4502,58.49
S1,6,20,10,21276,500000,29064.435729016535,27264.435729016535,1800.0,500047,9911,4447,62.66
S1,6,20,21,21287,500000,36806.67933381555,35006.67933381555,1800.0,500000,9909,4500,50.02
S1,6,20,11,21277,500000,32874.51239376104,31074.51239376104,1800.0,500031,9910,4481,65.29
S1,6,20,28,21294,500000,50300.04094335591,48500.04094335591,1800.0,500048,9914,4298,31.73
S1,6,20,22,21288,500000,70403.65091442599,68603.65091442599,1800.0,500000,9911,4400,44.18
S1,6,20,27,21293,500000,94083.96126043712,92283.96126043712,1800.0,500010,9911,4410,49.03
S1,6,20,26,21292,500000,94803.19467563849,93003.19467563849,1800.0,500000,9912,4350,50.78
S1,6,20,24,21290,500000,83490.45016269266,81690.45016269266,1800.0,500037,9914,4287,55.0
S1,6,20,25,21291,500000,66494.2092798923,64694.2092798923,1800.0,500007,9912,4357,59.24
S1,6,20,29,21295,500000,57494.1762803802,55694.1762803802,1800.0,500029,9912,4379,60.17
S1,7,10,6,11372,200000,2051.618184162884,51.61818416288406,2000.0,200023,3967,1623,189.25
S1,7,10,7,11373,200000,2025.2254457011318,25.225445701131775,2000.0,200031,3964,1781,194.34
S1,7,10,9,11375,200000,2033.3379714018731,33.33797140187312,2000.0,200038,3967,1638,197.06
S1,7,10,3,11369,200000,2025.1725140922517,25.17251409225173,2000.0,200037,3965,1737,217.23
S1,7,10,2,11368,200000,2025.9077349501633,25.90773495016333,2000.0,200031,3966,1681,220.1
S1,7,10,17,11383,200000,2033.5228415710035,33.52284157100348,2000.0,200001,3964,1751,195.58
S1,7,10,14,11380,200000,2025.1689374488421,25.168937448842144,2000.0,200043,3969,1543,221.51
S1,7,10,21,11387,200000,2128.236246020199,128.2362460201989,2000.0,200042,3966,1692,190.64
S1,7,10,0,11366,200000,2029.8194188223242,29.819418822324224,2000.0,200049,3968,1599,258.11
S1,7,10,5,11371,200000,2028.2174896863287,28.21748968632869,2000.0,200049,3966,1699,254.38
S1,7,10,4,11370,200000,2034.6296672217609,34.62966722176088,2000.0,200017,3967,1617,257.95
S1,7,10,10,11376,200000,2039.8435778964117,39.843577896411716,2000.0,200021,3965,1721,252.99
S1,7,10,12,11378,200000,2033.4164541095304,33.41645410953038,2000.0,200002,3966,1652,247.33
S1,7,10,15,11381,200000,2027.1117292236177,27.111729223617658,2000.0,200013,3964,1763,247.48
S1,7,10,13,11379,200000,2029.6628471213573,29.662847121357345,2000.0,200033,3966,1683,252.63
S1,7,10,1,11367,200000,2022.1016437024773,22.101643702477304,2000.0,200003,3968,1553,278.19
S1,7,10,18,11384,200000,2026.9183799873608,26.918379987360822,2000.0,200043,3966,1693,237.45
S1,7,10,16,11382,200000,2023.5310364612424,23.531036461242365,2000.0,200037,3966,1687,248.81
S1,7,10,19,11385,200000,2034.4583081585752,34.458308158575164,2000.0,200000,3966,1650,238.0
S1,7,10,11,11377,200000,2027.669358603958,27.669358603958017,2000.0,200037,3964,1787,279.57
S1,7,10,8,11374,200000,2025.7005411785576,25.700541178557614,2000.0,200017,3966,1667,286.83
S1,7,10,20,11386,200000,2023.0825721661813,23.082572166181308,2000.0,200007,3963,1807,264.14
S1,7,10,25,11391,200000,2032.1758362358419,32.17583623584187,2000.0,200048,3964,1798,178.84
S1,7,10,27,11393,200000,2033.4808687696454,33.48086876964544,2000.0,200011,3965,1711,192.71
S1,7,10,29,11395,200000,2025.4974063118054,25.497406311805435,2000.0,200012,3964,1762,183.94
S1,7,10,23,11389,200000,2029.5803867109644,29.580386710964376,2000.0,200000,3964,1750,234.03
S1,7,10,22,11388,200000,2072.701089113009,72.70108911300895,2000.0,200004,3971,1404,252.23
S1,7,10,24,11390,200000,2026.6721145362142,26.672114536214167,2000.0,200001,3964,1751,242.55
S1,7,10,26,11392,200000,2029.3104782063965,29.31047820639651,2000.0,200000,3963,1800,247.78
S1,7,10,28,11394,200000,2030.498576318032,30.498576318032065,2000.0,200002,3967,1602,229.52
S1,7,20,8,21374,500000,2232.170406771218,232.17040677121804,2000.0,500020,9924,3770,960.83
S1,7,20,7,21373,500000,2108.3758781589604,108.3758781589604,2000.0,500005,9916,4155,991.64
S1,7,20,5,21371,500000,2240.8395317213744,240.83953172137444,2000.0,500030,9918,4080,1034.12
S1,7,20,11,21377,500000,2344.5584001748393,344.55840017483933,2000.0,500002,9934,3252,1022.04
S1,7,20,2,21368,500000,2394.4287478880115,394.42874788801146,2000.0,500004,9936,3154,1062.78
S1,7,20,17,21383,500000,2479.2616272730384,479.26162727303836,2000.0,500033,9934,3283,885.36
S1,7,20,4,21370,500000,2745.2851830739237,745.2851830739237,2000.0,500000,9933,3300,1076.39
S1,7,20,10,21376,500000,2551.0136845789884,551.0136845789884,2000.0,500038,9925,3738,1075.99
S1,7,20,1,21367,500000,2514.2410059950025,514.2410059950025,2000.0,500035,9940,2985,1099.33
S1,7,20,9,21375,500000,2289.986123449989,289.986123449989,2000.0,500023,9921,3923,1084.23
S1,7,20,3,21369,500000,2252.6699044044076,252.6699044044076,2000.0,500038,9928,3588,1115.09
S1,7,20,6,21372,500000,2332.3992422164156,332.3992422164156,2000.0,500035,9931,3435,1122.8
S1,7,20,16,21382,500000,2349.969340230513,349.9693402305129,2000.0,500032,9933,3332,1006.74
S1,7,20,14,21380,500000,2379.8093415288536,379.80934152885357,2000.0,500021,9932,3371,1053.97
S1,7,20,13,21379,500000,2492.238083704821,492.23808370482084,2000.0,500026,9933,3326,1162.21
S1,7,20,15,21381,500000,2263.9018146521194,263.90181465211936,2000.0,500003,9925,3703,1057.86
S1,7,20,0,21366,500000,2347.622278726505,347.6222787265051,2000.0,500031,9932,3381,1246.1
S1,7,20,12,21378,500000,2311.1638410628525,311.1638410628525,2000.0,500031,9929,3531,1218.18
S1,7,20,18,21384,500000,2553.653738897236,553.653738897236,2000.0,500005,9926,3655,1086.91
S1,7,20,19,21385,500000,2579.7625695524234,579.7625695524234,2000.0,500046,9942,2896,1088.71
S1,7,20,21,21387,500000,2323.486175608867,323.48617560886714,2000.0,500012,9923,3812,1091.5
S1,7,20,20,21386,500000,2383.482582301611,383.4825823016108,2000.0,500035,9923,3835,1152.29
S1,8,10,1,11467,200000,2587.5875429952084,387.5875429952084,2200.0,200036,3968,1586,324.37
S1,8,10,0,11466,200000,2262.783539138834,62.78353913883393,2200.0,200049,3963,1849,340.51
S1,8,10,2,11468,200000,2312.4589151225405,112.45891512254047,2200.0,200011,3965,1711,319.86
S1,8,10,3,11469,200000,2353.633658730654,153.63365873065413,2200.0,200002,3966,1652,329.62
S1,8,10,7,11473,200000,2228.6384417008885,28.638441700888507,2200.0,200000,3962,1850,279.58
S1,8,10,5,11471,200000,2331.6278931604347,131.62789316043472,2200.0,200048,3967,1648,326.57
S1,8,10,4,11470,200000,2240.138812286698,40.138812286697885,2200.0,200000,3962,1850,362.95
S1,8,10,11,11477,200000,2292.3345192566585,92.3345192566585,2200.0,200043,3966,1693,297.53
S1,8,10,6,11472,200000,2346.6946966412393,146.69469664123926,2200.0,200048,3966,1698,398.46
S1,8,10,10,11476,200000,2230.630367124599,30.63036712459916,2200.0,200009,3962,1859,339.27
S1,8,10,8,11474,200000,2226.2147889329103,26.214788932910324,2200.0,200007,3962,1857,385.76
S1,8,10,9,11475,200000,2732.0919998293657,532.0919998293657,2200.0,200036,3970,1486,370.54
S1,8,10,12,11478,200000,2778.4824352818546,578.4824352818546,2200.0,200019,3971,1419,332.44
S1,8,10,13,11479,200000,2886.401911681215,686.4019116812151,2200.0,200015,3970,1465,330.17
S1,8,10,16,11482,200000,2289.418577858718,89.41857785871798,2200.0,200048,3964,1798,282.17
S1,8,10,15,11481,200000,2375.1396489512936,175.13964895129357,2200.0,200014,3967,1614,307.77
S1,8,10,14,11480,200000,2331.546250320437,131.54625032043714,2200.0,200023,3965,1723,343.13
S1,8,10,18,11484,200000,2236.4051058231894,36.40510582318939,2200.0,200041,3965,1741,290.24
S1,8,10,17,11483,200000,2379.712965726609,179.71296572660913,2200.0,200046,3966,1696,335.1
S1,8,10,19,11485,200000,2402.4559779956776,202.45597799567759,2200.0,200000,3966,1650,357.11
S1,8,10,22,11488,200000,2786.3027344353154,586.3027344353154,2200.0,200000,3967,1600,287.44
S1,8,10,23,11489,200000,2605.274455036141,405.2744550361408,2200.0,200029,3963,1829,299.44
S1,8,10,20,11486,200000,2649.9968920951196,449.9968920951196,2200.0,200001,3970,1451,380.37
S1,8,10,26,11492,200000,2232.2860862955035,32.28608629550354,2200.0,200000,3961,1900,307.09
S1,8,10,21,11487,200000,2284.2109873052113,84.21098730521135,2200.0,200009,3965,1709,370.06
S1,8,10,25,11491,200000,2469.010339500909,269.01033950090914,2200.0,200042,3970,1492,329.02
S1,8,10,24,11490,200000,2608.9015017812435,408.9015017812435,2200.0,200003,3969,1503,353.01
S1,8,10,28,11494,200000,2412.3198705591794,212.31987055917944,2200.0,200032,3969,1532,257.65
S1,7,20,27,21393,500000,2182.1368951773225,182.13689517732246,2000.0,500004,9930,3454,955.36
S1,8,10,27,11493,200000,2250.92282638328,50.92282638328015,2200.0,200020,3963,1820,336.19
S1,7,20,22,21388,500000,2485.7335532413235,485.73355324132353,2000.0,500002,9929,3502,1057.74
S1,7,20,24,21390,500000,2230.6261691509176,230.62616915091758,2000.0,500025,9927,3625,1022.35
S1,8,10,29,11495,200000,2397.6411386347027,197.64113863470266,2200.0,200000,3962,1850,336.28
S1,7,20,23,21389,500000,2369.058338255017,369.05833825501713,2000.0,500037,9929,3537,1085.06
S1,7,20,26,21392,500000,2170.0224731560525,170.02247315605246,2000.0,500023,9929,3523,1044.26
S1,7,20,29,21395,500000,2341.3826378495005,341.3826378495005,2000.0,500033,9931,3433,1078.35
S1,7,20,28,21394,500000,2261.8810410197457,261.8810410197457,2000.0,500050,9936,3200,1140.32
S1,7,20,25,21391,500000,2331.4184606347167,331.41846063471667,2000.0,500009,9927,3609,1192.97
S1,8,20,1,21467,500000,2729.513309942182,529.5133099421819,2200.0,500039,9932,3389,1440.01
S1,8,20,0,21466,500000,2596.908823554855,396.9088235548552,2200.0,500035,9917,4135,1508.02
S1,8,20,2,21468,500000,2569.633675961718,369.6336759617179,2200.0,500043,9917,4143,1508.74
S1,8,20,7,21473,500000,2746.4832998967195,546.4832998967195,2200.0,500022,9918,4072,1401.08
S1,8,20,6,21472,500000,2364.2721434578193,164.2721434578193,2200.0,500007,9909,4507,1464.75
S1,8,20,11,21477,500000,2781.16468093235,581.1646809323502,2200.0,500021,9924,3771,1416.57
S1,8,20,4,21470,500000,2800.628570460534,600.6285704605339,2200.0,500037,9926,3687,1514.92
S1,8,20,3,21469,500000,3247.425084908423,1047.4250849084228,2200.0,500008,9935,3208,1612.71
S1,8,20,10,21476,500000,2467.364021863741,267.3640218637411,2200.0,500011,9910,4461,1517.24
S1,8,20,9,21475,500000,2665.309756837243,465.3097568372432,2200.0,500008,9922,3858,1541.73
S1,8,20,13,21479,500000,2574.4663436075716,374.4663436075716,2200.0,500033,9916,4183,1476.23
S1,8,20,16,21482,500000,2787.4167465999817,587.4167465999817,2200.0,500045,9921,3945,1431.57
S1,8,20,12,21478,500000,2435.146539981399,235.1465399813992,2200.0,500046,9915,4246,1506.55
S1,9,10,1,11567,200000,2672.245812361465,372.24581236146514,2300.0,200049,3972,1399,30.35
S1,8,20,8,21474,500000,2686.304074905478,486.30407490547805,2200.0,500020,9916,4170,1587.73
S1,9,10,3,11569,200000,2669.895326018522,369.89532601852216,2300.0,200028,3972,1378,28.29
S1,8,20,5,21471,500000,2768.4598398710655,568.4598398710655,2200.0,500044,9929,3544,1633.59
S1,9,10,0,11566,200000,2667.221692109566,367.221692109566,2300.0,200017,3968,1567,74.77
S1,9,10,2,11568,200000,2745.605475080573,445.6054750805729,2300.0,200049,3967,1649,67.78
S1,9,10,5,11571,200000,2745.6054773298574,445.6054773298574,2300.0,200044,3969,1544,46.98
S1,8,20,17,21483,500000,2502.304464607249,302.304464607249,2200.0,500013,9913,4313,1490.45
S1,9,10,6,11572,200000,2672.43064967406,372.4306496740601,2300.0,200028,3980,978,67.06
S1,9,10,4,11570,200000,2300.000000000781,7.808012014720589e-10,2300.0,200009,3967,1609,77.13
S1,8,20,19,21485,500000,2579.1447966339656,379.1447966339656,2200.0,500041,9914,4291,1427.06
S1,9,10,9,11575,200000,2672.482771845775,372.482771845775,2300.0,200032,3973,1332,33.57
S1,9,10,8,11574,200000,2672.65962933477,372.6596293347702,2300.0,200044,3975,1244,56.23
S1,9,10,7,11573,200000,2300.0000000000095,9.549694368615746e-12,2300.0,200000,3966,1650,64.57
S1,9,10,14,11580,200000,2300.0000000145383,1.4538272807840258e-08,2300.0,200048,3973,1348,34.8
S1,9,10,17,11583,200000,2300.0000000019363,1.9363142200745642e-09,2300.0,200010,3970,1460,36.55
S1,9,10,10,11576,200000,2667.449523348918,367.44952334891786,2300.0,200021,3968,1571,70.91
S1,9,10,15,11581,200000,2671.7431289401366,371.74312894013656,2300.0,200014,3976,1164,43.07
S1,9,10,11,11577,200000,2659.1007456266043,359.1007456266043,2300.0,200007,3965,1707,72.51
S1,9,10,12,11578,200000,2746.538884002271,446.53888400227106,2300.0,200035,3973,1335,60.68
S1,9,10,16,11582,200000,2664.7861816866216,364.7861816866216,2300.0,200018,3971,1418,48.12
S1,9,10,13,11579,200000,2670.9979739020446,370.9979739020446,2300.0,200038,3971,1438,66.45
S1,9,10,19,11585,200000,2300.000000050439,5.043921191827394e-08,2300.0,200003,3972,1353,48.68
S1,9,10,18,11584,200000,2300.0000000000605,6.048139766789973e-11,2300.0,200002,3965,1702,78.95
S1,9,10,20,11586,200000,2300.000000000101,1.0095391189679503e-10,2300.0,200040,3968,1590,48.99
S1,9,10,23,11589,200000,2669.5502228685123,369.55022286851226,2300.0,200006,3971,1406,51.74
S1,9,10,24,11590,200000,2300.0000000000123,1.2278178473934531e-11,2300.0,200041,3967,1641,52.97
S1,9,10,22,11588,200000,2300.00000000008,8.003553375601768e-11,2300.0,200042,3968,1592,66.17
S1,8,20,14,21480,500000,2668.8287742861103,468.8287742861103,2200.0,500016,9908,4566,1674.63
S1,9,10,21,11587,200000,2665.5673667696688,365.56736676966875,2300.0,200043,3972,1393,75.03
S1,9,10,25,11591,200000,2673.168696522954,373.1686965229542,2300.0,200036,3975,1236,72.3
S1,8,20,15,21481,500000,2704.7359679117,504.73596791169984,2200.0,500010,9919,4010,1660.23
S1,9,10,26,11592,200000,2669.618544179618,369.61854417961786,2300.0,200011,3971,1411,71.89
S1,9,10,27,11593,200000,2662.219002757574,362.2190027575739,2300.0,200002,3968,1552,55.41
S1,9,10,29,11595,200000,2300.0000000002665,2.6648194761946797e-10,2300.0,200001,3967,1601,59.55
S1,9,10,28,11594,200000,2745.605473923883,445.605473923883,2300.0,200014,3965,1714,65.8
S1,8,20,18,21484,500000,2764.398065881903,564.3980658819032,2200.0,500002,9912,4352,1646.39
S1,9,20,2,21568,500000,2639.977418335625,339.97741833562486,2300.0,500030,9927,3630,113.51
S1,9,20,3,21569,500000,2650.654876129742,350.6548761297422,2300.0,500036,9941,2936,126.37
S1,9,20,11,21577,500000,2648.200919799135,348.20091979913514,2300.0,500023,9937,3123,93.27
S1,9,20,4,21570,500000,2647.745644866865,347.74564486686495,2300.0,500049,9931,3449,143.22
S1,9,20,6,21572,500000,2641.8644972090888,341.86449720908877,2300.0,500006,9927,3606,139.43
S1,9,20,1,21567,500000,2639.8975511922404,339.89755119224037,2300.0,500043,9929,3543,170.1
S1,9,20,5,21571,500000,2645.454769112101,345.4547691121011,2300.0,500030,9936,3180,147.53
S1,9,20,8,21574,500000,2640.169933886301,340.1699338863009,2300.0,500044,9927,3644,132.91
S1,8,20,20,21486,500000,2991.7237477868202,791.7237477868202,2200.0,500031,9926,3681,1656.13
S1,9,20,7,21573,500000,2640.7885389665735,340.78853896657347,2300.0,500044,9926,3694,147.88
S1,9,20,0,21566,500000,2644.0354659945756,344.0354659945756,2300.0,500020,9935,3220,198.21
S1,9,20,10,21576,500000,2638.3162949044818,338.31629490448177,2300.0,500045,9921,3945,173.02
S1,9,20,9,21575,500000,2641.6503420474996,341.65034204749963,2300.0,500039,9932,3389,183.99
S1,8,20,21,21487,500000,2552.638824238109,352.638824238109,2200.0,500037,9914,4287,1686.27
S1,9,20,13,21579,500000,2653.5323834622986,353.53238346229864,2300.0,500032,9939,3032,114.03
S1,9,20,14,21580,500000,2644.088266335698,344.0882663356979,2300.0,500034,9931,3434,109.14
S1,9,20,12,21578,500000,2647.048266172501,347.0482661725009,2300.0,500005,9932,3355,151.86
S1,9,20,17,21583,500000,2646.2723545459003,346.27235454590027,2300.0,500041,9935,3241,111.79
S1,9,20,18,21584,500000,2638.374695093687,338.374695093687,2300.0,500010,9926,3660,110.08
S1,9,20,20,21586,500000,2654.259931341318,354.25993134131795,2300.0,500009,9943,2809,111.9
S1,9,20,19,21585,500000,2652.8923375381896,352.8923375381896,2300.0,500000,9941,2900,121.15
S1,9,20,15,21581,500000,2648.8485873143895,348.84858731438953,2300.0,500030,9929,3530,148.24
S1,9,20,16,21582,500000,2637.808492680185,337.8084926801848,2300.0,500030,9929,3530,144.35
S1,10,10,0,11666,200000,2623.022235392275,223.02223539227498,2400.0,200000,3964,1750,39.38
S1,10,10,2,11668,200000,2753.265277964984,353.26527796498385,2400.0,200045,3964,1795,31.27
S1,9,20,22,21588,500000,2644.4010995178887,344.4010995178887,2300.0,500035,9941,2935,133.64
S1,9,20,21,21587,500000,2639.2701850942776,339.2701850942776,2300.0,500016,9931,3416,149.74
S1,10,10,1,11667,200000,2620.6471219388,220.64712193879996,2400.0,200000,3966,1650,50.04
S1,10,10,4,11670,200000,2841.933411430963,441.93341143096313,2400.0,200049,3965,1749,31.41
S1,10,10,3,11669,200000,2632.551535136038,232.55153513603818,2400.0,200003,3964,1753,42.63
S1,9,20,23,21589,500000,2639.2203665391235,339.22036653912346,2300.0,500038,9923,3838,129.21
S1,9,20,25,21591,500000,2643.8575561431217,343.85755614312166,2300.0,500002,9932,3352,121.6
S1,10,10,6,11672,200000,2627.679371314949,227.6793713149491,2400.0,200002,3966,1652,32.62
S1,9,20,26,21592,500000,2655.275938101486,355.2759381014862,2300.0,500001,9945,2701,122.1
S1,9,20,24,21590,500000,2640.026524179115,340.02652417911486,2300.0,500014,9929,3514,142.64
S1,10,10,12,11678,200000,2620.382808928177,220.38280892817693,2400.0,200001,3968,1551,27.0
S1,10,10,8,11674,200000,2627.672588699956,227.67258869995612,2400.0,200019,3964,1769,46.18
S1,10,10,7,11673,200000,2622.7127553432956,222.7127553432956,2400.0,200044,3967,1644,56.7
S1,10,10,5,11671,200000,2766.4413088315773,366.4413088315773,2400.0,200043,3963,1843,65.47
S1,10,10,13,11679,200000,2629.197647674659,229.19764767465904,2400.0,200050,3964,1800,35.47
S1,10,10,10,11676,200000,2627.2336551465232,227.23365514652323,2400.0,200000,3964,1750,53.67
S1,10,10,9,11675,200000,2624.1954431885656,224.1954431885656,2400.0,200025,3964,1775,59.06
S1,10,10,11,11677,200000,2848.639425557001,448.6394255570008,2400.0,200021,3966,1671,59.4
S1,9,20,27,21593,500000,2645.338494083844,345.3384940838441,2300.0,500027,9935,3227,157.95
S1,10,10,14,11680,200000,2753.9652716381206,353.9652716381206,2400.0,200026,3963,1826,60.47
S1,9,20,29,21595,500000,2644.6273193080806,344.6273193080806,2300.0,500027,9936,3177,141.63
S1,10,10,20,11686,200000,2621.122057282527,221.12205728252684,2400.0,200046,3965,1746,39.96
S1,10,10,17,11683,200000,2628.959768490099,228.95976849009912,2400.0,200009,3964,1759,45.06
S1,10,10,16,11682,200000,2627.6714218527827,227.67142185278271,2400.0,200028,3965,1728,56.45
S1,10,10,15,11681,200000,2794.7261224141143,394.72612241411434,2400.0,200041,3967,1641,59.08
S1,9,20,28,21594,500000,2638.939624907097,338.9396249070969,2300.0,500031,9926,3681,164.23
S1,10,10,19,11685,200000,2751.966799831631,351.96679983163085,2400.0,200005,3963,1805,59.34
S1,10,10,23,11689,200000,2629.290482776728,229.2904827767279,2400.0,200002,3964,1752,49.7
S1,10,10,27,11693,200000,2625.8362109416084,225.83621094160844,2400.0,200035,3964,1785,26.04
S1,10,10,18,11684,200000,2812.53064023131,412.5306402313099,2400.0,200000,3962,1850,66.78
S1,10,10,21,11687,200000,2736.835243531432,336.83524353143184,2400.0,200015,3963,1815,60.74
S1,10,10,26,11692,200000,2746.4151410820523,346.4151410820523,2400.0,200003,3963,1803,36.77
S1,10,10,22,11688,200000,2636.0411034917,236.04110349170014,2400.0,200001,3963,1801,60.81
S1,10,10,24,11690,200000,2630.326252032202,230.32625203220186,2400.0,200000,3963,1800,52.32
S1,10,10,29,11695,200000,2626.136827264519,226.13682726451907,2400.0,200016,3964,1766,41.13
S1,10,10,28,11694,200000,2632.294654424512,232.29465442451192,2400.0,200036,3963,1836,54.81
S1,10,10,25,11691,200000,2633.9791327694825,233.97913276948248,2400.0,200043,3966,1693,70.57
S1,10,20,6,21672,500000,2818.3287389711954,418.32873897119543,2400.0,500001,9910,4451,93.07
S1,10,20,1,21667,500000,6357.320725550402,3957.320725550402,2400.0,500018,9910,4468,124.19
S1,10,20,2,21668,500000,4670.788026372498,2270.7880263724983,2400.0,500046,9909,4546,122.01
S1,10,20,3,21669,500000,2850.3254452940787,450.3254452940787,2400.0,500048,9911,4448,121.51
S1,10,20,4,21670,500000,5211.521240565195,2811.5212405651946,2400.0,500017,9907,4617,119.2
S1,10,20,8,21674,500000,5189.9806779477285,2789.9806779477285,2400.0,500000,9907,4600,113.94
S1,10,20,7,21673,500000,5501.380162564865,3101.380162564865,2400.0,500008,9908,4558,118.11
S1,10,20,0,21666,500000,5874.294830798082,3474.2948307980823,2400.0,500011,9908,4561,141.95
S1,10,20,9,21675,500000,4008.2296809043546,1608.2296809043546,2400.0,500006,9908,4556,117.99
S1,10,20,5,21671,500000,5080.368598247076,2680.368598247076,2400.0,500049,9910,4499,130.11
S1,10,20,10,21676,500000,4996.367992714193,2596.367992714193,2400.0,500011,9907,4611,147.79
S1,10,20,11,21677,500000,4705.651308751133,2305.651308751133,2400.0,500045,9910,4495,145.63
S1,10,20,12,21678,500000,2831.8402940782703,431.8402940782703,2400.0,500001,9910,4451,137.08
S1,10,20,13,21679,500000,2845.2080050895306,445.2080050895306,2400.0,500021,9911,4421,160.46
S1,10,20,15,21681,500000,4491.108688343567,2091.1086883435673,2400.0,500017,9908,4567,110.26
S1,10,20,14,21680,500000,5859.99244837041,3459.99244837041,2400.0,500049,9907,4649,142.82
S1,10,20,23,21689,500000,2826.3369837219875,426.3369837219875,2400.0,500021,9912,4371,109.93
S1,10,20,22,21688,500000,2816.8596875960934,416.8596875960934,2400.0,500032,9913,4332,116.62
S1,10,20,21,21687,500000,5273.074508628751,2873.0745086287507,2400.0,500009,9907,4609,122.41
S1,10,20,19,21685,500000,5470.560779185828,3070.5607791858283,2400.0,500000,9907,4600,128.06
S1,10,20,20,21686,500000,4943.127284030899,2543.1272840308993,2400.0,500019,9908,4569,129.05
S1,10,20,17,21683,500000,5176.612242068276,2776.612242068276,2400.0,500030,9909,4530,139.06
S1,10,20,24,21690,500000,5042.472264330163,2642.472264330163,2400.0,500036,9908,4586,105.92
S1,10,20,18,21684,500000,4915.53764997418,2515.5376499741797,2400.0,500032,9908,4582,149.96
S1,10,20,16,21682,500000,3114.6431777349944,714.6431777349944,2400.0,500010,9909,4510,159.38
S1,10,20,25,21691,500000,4649.663434436271,2249.663434436271,2400.0,500005,9908,4555,109.12
S1,10,20,26,21692,500000,4548.009544936838,2148.009544936838,2400.0,500039,9909,4539,108.94
S1,11,10,1,11767,200000,2600.000000000012,1.1823431123048067e-11,2600.0,200002,3965,1702,59.94
S1,11,10,2,11768,200000,2600.0000000000023,2.2737367544323206e-12,2600.0,200041,3964,1791,60.38
S1,11,10,6,11772,200000,2600.000000141968,1.4196803022059612e-07,2600.0,200002,3966,1652,43.62
S1,11,10,5,11771,200000,2600.000000000009,9.094947017729282e-12,2600.0,200000,3964,1750,62.17
S1,11,10,3,11769,200000,2600.0000000000423,4.229150363244116e-11,2600.0,200008,3966,1658,77.84
S1,11,10,4,11770,200000,2600.0000000000077,7.73070496506989e-12,2600.0,200007,3965,1707,76.74
S1,11,10,10,11776,200000,2630.5266392676413,30.526639267641258,2600.0,200036,3967,1636,55.79
S1,11,10,0,11766,200000,2600.0000000002037,2.0372681319713593e-10,2600.0,200033,3965,1733,101.84
S1,10,20,27,21693,500000,4561.166109805453,2161.166109805453,2400.0,500050,9909,4550,151.83
S1,11,10,8,11774,200000,2600.000000000102,1.0186340659856796e-10,2600.0,200000,3964,1750,85.9
S1,10,20,28,21694,500000,4829.533341035854,2429.5333410358544,2400.0,500040,9908,4590,145.44
S1,11,10,11,11777,200000,2600.0000000000036,3.637978807091713e-12,2600.0,200002,3964,1752,64.36
S1,11,10,9,11775,200000,2600.000000001483,1.4829311112407595e-09,2600.0,200037,3967,1637,104.48
S1,11,10,7,11773,200000,2600.0000000000155,1.546140993013978e-11,2600.0,200000,3963,1800,110.88
S1,11,10,13,11779,200000,2600.0000000000296,2.955857780762017e-11,2600.0,200000,3963,1800,81.55
S1,11,10,12,11778,200000,2600.000000000227,2.269189280923456e-10,2600.0,200003,3966,1653,86.57
S1,10,20,29,21695,500000,5246.570607890313,2846.570607890313,2400.0,500034,9907,4634,159.24
S1,11,10,19,11785,200000,2600.000000000283,2.828528522513807e-10,2600.0,200049,3967,1649,58.43
S1,11,10,14,11780,200000,2600.0000000000036,3.637978807091713e-12,2600.0,200041,3964,1791,95.04
S1,11,10,15,11781,200000,2600.000000000072,7.185008144006133e-11,2600.0,200002,3966,1652,93.2
S1,11,10,17,11783,200000,2622.933942247942,22.933942247942014,2600.0,200006,3964,1756,99.5
S1,11,10,16,11782,200000,2600.000000000115,1.1505107977427542e-10,2600.0,200000,3964,1750,106.56
S1,11,10,18,11784,200000,2600.000000000024,2.4101609596982598e-11,2600.0,200019,3964,1769,95.69
S1,11,10,20,11786,200000,2629.008441458185,29.00844145818519,2600.0,200019,3965,1719,88.83
S1,11,10,21,11787,200000,2600.000000000019,1.9099388737231493e-11,2600.0,200000,3966,1650,92.68
S1,11,10,24,11790,200000,2600.0000000002456,2.455635694786906e-10,2600.0,200048,3965,1748,78.19
S1,11,10,23,11789,200000,2600.0000000000136,1.3642420526593924e-11,2600.0,200002,3965,1702,85.11
S1,11,10,22,11788,200000,2600.000000000051,5.093170329928398e-11,2600.0,200050,3967,1650,98.36
S1,11,10,25,11791,200000,2600.0000000000455,4.547473508864641e-11,2600.0,200000,3964,1750,76.38
S1,11,10,27,11793,200000,2600.000000000002,1.8189894035458565e-12,2600.0,200000,3963,1800,85.51
S1,11,10,26,11792,200000,2600.0000000000377,3.774403012357652e-11,2600.0,200014,3964,1764,91.28
S1,11,10,28,11794,200000,2600.0000000000227,2.2737367544323206e-11,2600.0,200048,3966,1698,82.32
S1,8,20,22,21488,500000,2687.143751842513,487.1437518425132,2200.0,500003,9919,4003,1420.93
S1,11,10,29,11795,200000,2600.0000000000205,2.0463630789890885e-11,2600.0,200000,3965,1700,99.28
S1,11,20,0,21766,500000,2600.000000000005,5.002220859751105e-12,2600.0,500020,9921,3920,211.0
S1,11,20,2,21768,500000,2620.756559177085,20.75655917708491,2600.0,500028,9915,4228,206.12
S1,11,20,1,21767,500000,2600.0000000000055,5.4569682106375694e-12,2600.0,500028,9916,4178,211.79
S1,11,20,12,21778,500000,2638.0635517195756,38.06355171957557,2600.0,500050,9916,4200,173.71
S1,11,20,6,21772,500000,2600.0000000000045,4.547473508864641e-12,2600.0,500048,9916,4198,207.73
S1,11,20,5,21771,500000,2600.000000000034,3.410605131648481e-11,2600.0,500039,9918,4089,208.44
S1,8,20,26,21492,500000,2773.8635753812737,573.8635753812737,2200.0,500030,9922,3880,1432.74
S1,11,20,4,21770,500000,2600.000000000004,4.092726157978177e-12,2600.0,500002,9912,4352,233.52
S1,11,20,3,21769,500000,2600.000000001164,1.1641532182693481e-09,2600.0,500004,9921,3904,246.13
S1,11,20,7,21773,500000,2600.0000000000373,3.728928277269006e-11,2600.0,500008,9919,4008,220.8
S1,11,20,11,21777,500000,2600.0000000000027,2.7284841053187847e-12,2600.0,500036,9914,4286,201.36
S1,11,20,10,21776,500000,2600.000000000018,1.8189894035458565e-11,2600.0,500016,9921,3916,209.45
S1,11,20,8,21774,500000,2600.0000000000023,2.2737367544323206e-12,2600.0,500024,9916,4174,225.5
S1,11,20,9,21775,500000,2600.000000000003,3.183231456205249e-12,2600.0,500046,9917,4146,224.31
S1,8,20,23,21489,500000,3157.072999999179,957.072999999179,2200.0,500022,9928,3572,1564.43
S1,8,20,24,21490,500000,2546.459567268635,346.45956726863506,2200.0,500015,9918,4065,1545.37
S1,11,20,14,21780,500000,2600.000000000113,1.127773430198431e-10,2600.0,500000,9919,4000,210.53
S1,11,20,13,21779,500000,2600.000000015182,1.518219505669549e-08,2600.0,500049,9925,3749,240.96
S1,12,10,0,11866,200000,2872.383524855929,172.38352485592895,2700.0,200001,3962,1851,100.62
S1,11,20,15,21781,500000,2600.0000000000036,3.637978807091713e-12,2600.0,500042,9914,4292,180.94
S1,12,10,1,11867,200000,2866.5650223221605,166.56502232216053,2700.0,200041,3964,1791,93.15
S1,8,20,28,21494,500000,3169.5979134013155,969.5979134013155,2200.0,500019,9932,3369,1560.48
S1,8,20,25,21491,500000,2809.3710337394555,609.3710337394555,2200.0,500014,9919,4014,1643.46
S1,12,10,2,11868,200000,2898.0337458043314,198.03374580433137,2700.0,200000,3965,1700,102.22
S1,11,20,16,21782,500000,2600.0000000000123,1.2278178473934531e-11,2600.0,500016,9918,4066,215.13
S1,8,20,29,21495,500000,2426.9679025499904,226.9679025499904,2200.0,500038,9914,4288,1517.75
S1,11,20,23,21789,500000,2600.0000000000327,3.2741809263825417e-11,2600.0,500000,9919,4000,184.41
S1,11,20,25,21791,500000,2600.0000000000036,3.637978807091713e-12,2600.0,500034,9913,4334,183.59
S1,11,20,20,21786,500000,2600.0000000000787,7.867129170335829e-11,2600.0,500034,9919,4034,207.74
S1,11,20,17,21783,500000,2600.0000000000027,2.7284841053187847e-12,2600.0,500002,9910,4452,230.51
S1,11,20,21,21787,500000,2600.0000000000045,4.547473508864641e-12,2600.0,500046,9915,4246,208.49
S1,11,20,18,21784,500000,2600.000000000003,3.183231456205249e-12,2600.0,500037,9915,4237,215.32
S1,11,20,22,21788,500000,2615.341012908392,15.341012908391804,2600.0,500001,9910,4451,197.08
S1,11,20,27,21793,500000,2600.000000000002,1.8189894035458565e-12,2600.0,500020,9911,4420,186.5
S1,11,20,19,21785,500000,2600.000000000003,3.183231456205249e-12,2600.0,500010,9911,4410,220.81
S1,12,10,3,11869,200000,3015.8691995745125,315.86919957451255,2700.0,200042,3963,1842,80.69
S1,11,20,24,21790,500000,2600.0000000000387,3.865352482534945e-11,2600.0,500030,9919,4030,209.78
S1,8,20,27,21493,500000,2463.5259729215904,263.52597292159044,2200.0,500049,9913,4349,1650.1
S1,12,10,5,11871,200000,2872.270235697497,172.2702356974969,2700.0,200000,3962,1850,84.97
S1,11,20,29,21795,500000,2618.812668840439,18.812668840439073,2600.0,500037,9912,4387,207.08
S1,12,10,9,11875,200000,2896.8264558100427,196.82645581004272,2700.0,200000,3961,1900,48.61
S1,12,10,11,11877,200000,3048.7089057827607,348.70890578276067,2700.0,200001,3964,1751,46.38
S1,12,10,4,11870,200000,2871.5802157302032,171.58021573020324,2700.0,200035,3962,1885,114.39
S1,12,10,8,11874,200000,2994.982951122296,294.9829511222961,2700.0,200022,3968,1572,75.2
S1,12,10,10,11876,200000,2873.1431304004077,173.1431304004077,2700.0,200047,3965,1747,72.23
S1,12,10,6,11872,200000,2905.5838863319786,205.58388633197865,2700.0,200046,3962,1896,110.67
S1,12,10,18,11884,200000,2895.896052262697,195.89605226269714,2700.0,200006,3963,1806,60.55
S1,11,20,26,21792,500000,2636.6087578180254,36.608757818025424,2600.0,500029,9920,3979,252.77
S1,11,20,28,21794,500000,2600.000000000045,4.501998773775995e-11,2600.0,500013,9918,4063,253.97
S1,12,10,7,11873,200000,2914.6210100551525,214.6210100551525,2700.0,200000,3965,1700,120.28
S1,12,10,12,11878,200000,2890.7107626044435,190.71076260444352,2700.0,200045,3964,1795,96.11
S1,12,10,21,11887,200000,2999.4496196193204,299.4496196193204,2700.0,200003,3963,1803,75.21
S1,12,10,17,11883,200000,3021.9860796378443,321.98607963784434,2700.0,200041,3963,1841,92.55
S1,12,10,26,11892,200000,2900.2326647805316,200.23266478053165,2700.0,200000,3962,1850,63.72
S1,12,10,27,11893,200000,2884.3524385017126,184.35243850171264,2700.0,200000,3963,1800,56.24
S1,12,10,15,11881,200000,2877.8029376791897,177.80293767918965,2700.0,200009,3963,1809,106.82
S1,12,10,22,11888,200000,2878.1899807301315,178.18998073013154,2700.0,200049,3964,1799,91.11
S1,12,10,25,11891,200000,2898.95703218702,198.9570321870201,2700.0,200017,3962,1867,84.74
S1,12,10,13,11879,200000,3134.346918558883,434.34691855888286,2700.0,200047,3964,1797,114.72
S1,12,10,14,11880,200000,2957.0376956930395,257.0376956930395,2700.0,200039,3965,1739,115.45
S1,12,10,19,11885,200000,2871.666708127069,171.6667081270689,2700.0,200000,3962,1850,110.29
S1,12,10,16,11882,200000,2889.1489071804617,189.14890718046172,2700.0,200001,3963,1801,120.45
S1,12,10,20,11886,200000,2871.654444360833,171.65444436083317,2700.0,200012,3962,1862,110.54
S1,12,10,23,11889,200000,2870.358705510799,170.35870551079915,2700.0,200000,3962,1850,114.17
S1,12,10,24,11890,200000,2903.5293927419884,203.52939274198843,2700.0,200048,3963,1848,122.97
S1,12,10,28,11894,200000,2909.835238596502,209.83523859650222,2700.0,200022,3967,1622,99.82
S1,12,10,29,11895,200000,2922.7427896193763,222.74278961937625,2700.0,200020,3968,1570,98.67
S1,12,20,0,21866,500000,3010.121379018262,310.1213790182619,2700.0,500048,9906,4698,185.75
S1,12,20,6,21872,500000,3257.5574840356194,557.5574840356194,2700.0,500000,9905,4700,169.73
S1,12,20,2,21868,500000,3077.781261810596,377.7812618105959,2700.0,500000,9903,4800,209.15
S1,12,20,4,21870,500000,3078.394677872233,378.39467787223293,2700.0,500001,9908,4551,222.17
S1,12,20,12,21878,500000,3048.84460243556,348.84460243555986,2700.0,500007,9906,4657,200.32
S1,12,20,14,21880,500000,2968.79023261136,268.7902326113599,2700.0,500048,9905,4748,199.1
S1,12,20,5,21871,500000,3187.353200280785,487.35320028078513,2700.0,500032,9909,4532,226.24
S1,12,20,3,21869,500000,3393.9093859728546,693.9093859728546,2700.0,500007,9907,4607,250.11
S1,12,20,10,21876,500000,3195.085737415854,495.08573741585406,2700.0,500000,9906,4650,227.76
S1,12,20,1,21867,500000,3191.0397807262843,491.03978072628433,2700.0,500008,9908,4558,272.84
S1,12,20,13,21879,500000,3017.106508112078,317.1065081120778,2700.0,500045,9911,4445,233.0
S2,1,10,0,10766,200000,3654.740144810781,3354.740144810781,300.0,200000,3999,0,13.49
S1,12,20,9,21875,500000,3062.496972008604,362.4969720086042,2700.0,500015,9906,4665,243.66
S2,1,10,2,10768,200000,8452.429756615871,8152.429756615871,300.0,200000,3999,0,7.36
S2,1,10,1,10767,200000,10215.00068245818,9915.00068245818,300.0,200000,3999,0,16.34
S1,12,20,15,21881,500000,3279.8928896720063,579.8928896720063,2700.0,500001,9907,4601,233.48
S1,12,20,8,21874,500000,3105.445148873324,405.4451488733239,2700.0,500033,9909,4533,257.92
S2,1,10,3,10769,200000,9254.929958953231,8954.929958953231,300.0,200000,3999,0,13.05
S2,1,10,5,10771,200000,12945.601040211903,12645.601040211903,300.0,200000,3999,0,9.17
S2,1,10,4,10770,200000,7675.016517736289,7375.016517736289,300.0,200000,3999,0,12.29
S2,1,10,7,10773,200000,7781.962450382561,7481.962450382561,300.0,200000,3999,0,11.54
S2,1,10,6,10772,200000,9398.825824965772,9098.825824965772,300.0,200000,3999,0,15.28
S1,12,20,21,21887,500000,3056.417882677194,356.41788267719403,2700.0,500023,9910,4473,217.51
S1,12,20,16,21882,500000,3346.4112607073266,646.4112607073266,2700.0,500024,9906,4674,247.86
S1,12,20,11,21877,500000,3197.4542797465347,497.45427974653467,2700.0,500023,9912,4373,258.75
S2,1,10,8,10774,200000,9784.62027409606,9484.62027409606,300.0,200000,3999,0,12.02
S2,1,10,10,10776,200000,8015.364196679053,7715.364196679053,300.0,200000,3999,0,11.1
S1,12,20,7,21873,500000,3187.8097880917785,487.8097880917785,2700.0,500019,9906,4669,278.4
S2,1,10,11,10777,200000,8354.370530524313,8054.370530524313,300.0,200000,3999,0,11.54
S2,1,10,15,10781,200000,9253.743099894218,8953.743099894218,300.0,200000,3999,0,5.94
S2,1,10,14,10780,200000,13224.635762589796,12924.635762589796,300.0,200000,3999,0,8.02
S2,1,10,13,10779,200000,5203.517107445085,4903.517107445085,300.0,200000,3999,0,8.87
S2,1,10,9,10775,200000,6623.2402351589335,6323.2402351589335,300.0,200000,3999,0,16.36
S1,12,20,17,21883,500000,3181.8224237538857,481.8224237538857,2700.0,500000,9904,4750,258.08
S2,1,10,19,10785,200000,7218.40535102904,6918.40535102904,300.0,200000,3999,0,6.25
S2,1,10,21,10787,200000,6061.5808172769675,5761.5808172769675,300.0,200000,3999,0,5.14
S2,1,10,12,10778,200000,7522.986571059052,7222.986571059052,300.0,200000,3999,0,14.6
S2,1,10,16,10782,200000,10229.940885580816,9929.940885580816,300.0,200000,3999,0,9.77
S2,1,10,23,10789,200000,8013.591236253661,7713.591236253661,300.0,200000,3999,0,5.19
S1,12,20,18,21884,500000,3056.7448439760938,356.74484397609376,2700.0,500049,9907,4649,243.89
S2,1,10,28,10794,200000,2422.3996960873346,2122.3996960873346,300.0,200000,3999,0,5.15
S2,1,10,27,10793,200000,4706.851767209922,4406.851767209922,300.0,200000,3999,0,6.06
S2,1,10,20,10786,200000,8383.036237909651,8083.036237909651,300.0,200000,3999,0,12.32
S2,1,10,24,10790,200000,15173.863080004709,14873.863080004709,300.0,200000,3999,0,9.59
S2,1,10,17,10783,200000,11482.616313976345,11182.616313976345,300.0,200000,3999,0,15.34
S2,1,10,18,10784,200000,6488.576998184944,6188.576998184944,300.0,200000,3999,0,14.5
S2,1,10,22,10788,200000,5285.369121893218,4985.369121893218,300.0,200000,3999,0,11.01
S2,1,10,26,10792,200000,4992.8879798651315,4692.8879798651315,300.0,200000,3999,0,9.91
S2,1,10,25,10791,200000,7405.673719627609,7105.673719627609,300.0,200000,3999,0,13.19
S2,1,10,29,10795,200000,4286.549559159013,3986.5495591590134,300.0,200000,3999,0,17.79
S2,1,20,6,20772,500000,33024.48291775609,32724.48291775609,300.0,500000,9999,0,15.37
S2,1,20,3,20769,500000,21555.681153011014,21255.681153011014,300.0,500000,9999,0,17.42
S1,12,20,19,21885,500000,3087.342072575882,387.34207257588196,2700.0,500025,9905,4725,260.9
S2,1,20,0,20766,500000,29251.87720571859,28951.87720571859,300.0,500000,9999,0,27.71
S2,1,20,5,20771,500000,25225.82571632819,24925.82571632819,300.0,500000,9999,0,22.87
S2,1,20,2,20768,500000,28276.322161350283,27976.322161350283,300.0,500000,9999,0,25.73
S2,1,20,10,20776,500000,23349.02419779803,23049.02419779803,300.0,500000,9999,0,21.24
S2,1,20,7,20773,500000,35694.735164655554,35394.735164655554,300.0,500000,9999,0,28.18
S2,1,20,12,20778,500000,23599.34403671087,23299.34403671087,300.0,500000,9999,0,13.67
S2,1,20,8,20774,500000,18638.756823030173,18338.756823030173,300.0,500000,9999,0,29.27
S2,1,20,9,20775,500000,31102.44034149104,30802.44034149104,300.0,500000,9999,0,27.47
S2,1,20,1,20767,500000,29762.091069724687,29462.091069724687,300.0,500000,9999,0,35.83
S2,1,20,4,20770,500000,36542.297951756875,36242.297951756875,300.0,500000,9999,0,37.29
S2,1,20,11,20777,500000,33191.52448642958,32891.52448642958,300.0,500000,9999,0,29.49
S2,1,20,20,20786,500000,25300.744280720774,25000.744280720774,300.0,500000,9999,0,13.06
S2,1,20,13,20779,500000,30496.298282615426,30196.298282615426,300.0,500000,9999,0,26.18
S2,1,20,22,20788,500000,22985.15747465349,22685.15747465349,300.0,500000,9999,0,14.0
S1,12,20,20,21886,500000,3110.021482077935,410.02148207793516,2700.0,500042,9910,4492,282.3
S2,1,20,18,20784,500000,27122.84514428547,26822.84514428547,300.0,500000,9999,0,23.17
S2,1,20,14,20780,500000,20122.6369667743,19822.6369667743,300.0,500000,9999,0,27.99
S2,1,20,26,20792,500000,32271.178710859906,31971.178710859906,300.0,500000,9999,0,13.36
S2,1,20,28,20794,500000,26501.834614967254,26201.834614967254,300.0,500000,9999,0,13.37
S2,1,20,17,20783,500000,30001.800195203334,29701.800195203334,300.0,500000,9999,0,35.49
S2,1,20,27,20793,500000,29108.572120432473,28808.572120432473,300.0,500000,9999,0,18.75
S2,1,20,16,20782,500000,30694.271316247738,30394.271316247738,300.0,500000,9999,0,38.98
S2,1,20,21,20787,500000,24220.727921090238,23920.727921090238,300.0,500000,9999,0,32.71
S2,1,20,19,20785,500000,22487.820029347145,22187.820029347145,300.0,500000,9999,0,35.17
S2,1,20,15,20781,500000,37952.273070523406,37652.273070523406,300.0,500000,9999,0,40.91
S2,1,20,25,20791,500000,20408.835562451586,20108.835562451586,300.0,500000,9999,0,24.48
S2,2,10,3,10869,200000,1293.127665574787,893.127665574787,400.0,200000,3999,0,8.47
S2,2,10,2,10868,200000,1589.3046962912917,1189.3046962912917,400.0,200000,3999,0,10.86
S2,2,10,0,10866,200000,1117.3217076563433,717.3217076563433,400.0,200000,3999,0,17.54
S2,2,10,1,10867,200000,896.5799139518972,496.5799139518972,400.0,200000,3999,0,17.62
S2,1,20,24,20790,500000,26632.25635892625,26332.25635892625,300.0,500000,9999,0,32.88
S2,2,10,9,10875,200000,1389.9228079069496,989.9228079069496,400.0,200000,3999,0,6.35
S2,1,20,23,20789,500000,23826.703158874054,23526.703158874054,300.0,500000,9999,0,38.2
S2,2,10,7,10873,200000,1555.597780978878,1155.597780978878,400.0,200000,3999,0,10.94
S2,2,10,6,10872,200000,1146.558856869068,746.558856869068,400.0,200000,3999,0,13.17
S2,2,10,4,10870,200000,1641.436765995141,1241.436765995141,400.0,200000,3999,0,16.26
S2,2,10,15,10881,200000,1437.7998453520058,1037.7998453520058,400.0,200000,3999,0,10.26
S2,2,10,12,10878,200000,2174.1472422083443,1774.1472422083443,400.0,200000,3999,0,13.35
S2,2,10,5,10871,200000,1005.8661754740218,605.8661754740218,400.0,200000,3999,0,18.64
S2,2,10,8,10874,200000,962.3527867925294,562.3527867925294,400.0,200000,3999,0,17.05
S2,2,10,11,10877,200000,1522.0258951288088,1122.0258951288088,400.0,200000,3999,0,14.82
S2,1,20,29,20795,500000,35817.47695247125,35517.47695247125,300.0,500000,9999,0,35.05
S2,2,10,18,10884,200000,1459.4330434718802,1059.4330434718802,400.0,200000,3999,0,9.29
S2,2,10,10,10876,200000,1106.7620741665523,706.7620741665523,400.0,200000,3999,0,17.82
S2,2,10,14,10880,200000,1003.2885528506844,603.2885528506844,400.0,200000,3999,0,15.05
S2,2,10,13,10879,200000,1691.4708033818092,1291.4708033818092,400.0,200000,3999,0,16.3
S2,2,10,17,10883,200000,1183.3091720570058,783.3091720570058,400.0,200000,3999,0,13.88
S2,2,10,16,10882,200000,1350.5839289332653,950.5839289332653,400.0,200000,3999,0,14.71
S2,2,10,21,10887,200000,657.2663174333561,257.2663174333561,400.0,200000,3999,0,8.94
S2,2,10,20,10886,200000,1791.4694005474903,1391.4694005474903,400.0,200000,3999,0,13.12
S2,2,10,19,10885,200000,570.6124955967271,170.61249559672706,400.0,200000,3999,0,16.91
S2,2,10,28,10894,200000,762.1414987855544,362.1414987855544,400.0,200000,3999,0,9.1
S1,12,20,22,21888,500000,3016.578961974516,316.578961974516,2700.0,500048,9908,4598,233.62
S2,2,10,25,10891,200000,1098.8479417597014,698.8479417597014,400.0,200000,3999,0,12.88
S2,2,10,23,10889,200000,695.8668522931832,295.86685229318323,400.0,200000,3999,0,15.1
S2,2,10,26,10892,200000,1046.8030009572444,646.8030009572444,400.0,200000,3999,0,14.55
S2,2,10,22,10888,200000,1672.2002294769331,1272.2002294769331,400.0,200000,3999,0,16.33
S2,2,10,24,10890,200000,1574.263669951091,1174.263669951091,400.0,200000,3999,0,15.64
S2,2,10,27,10893,200000,910.6489211063032,510.6489211063032,400.0,200000,3999,0,16.86
S2,2,10,29,10895,200000,808.3119067681864,408.3119067681864,400.0,200000,3999,0,17.65
S2,2,20,4,20870,500000,1643.0549700995473,1243.0549700995473,400.0,500000,9999,0,15.46
S1,12,20,26,21892,500000,3175.422428259966,475.4224282599662,2700.0,500000,9911,4400,186.41
S2,2,20,8,20874,500000,2990.1942269456777,2590.1942269456777,400.0,500000,9999,0,19.16
S2,2,20,5,20871,500000,1842.149514017762,1442.149514017762,400.0,500000,9999,0,21.6
S2,2,20,6,20872,500000,1566.513652967654,1166.513652967654,400.0,500000,9999,0,23.81
S1,12,20,23,21889,500000,3094.4095703267917,394.4095703267917,2700.0,500006,9904,4756,241.32
S2,2,20,15,20881,500000,2288.1722437497237,1888.1722437497237,400.0,500000,9999,0,15.73
S2,2,20,2,20868,500000,1480.161633945034,1080.161633945034,400.0,500000,9999,0,37.45
S2,2,20,1,20867,500000,1942.0114611081233,1542.0114611081233,400.0,500000,9999,0,38.89
S2,2,20,14,20880,500000,2347.0259566189998,1947.0259566189998,400.0,500000,9999,0,23.03
S2,2,20,13,20879,500000,2038.245823687161,1638.245823687161,400.0,500000,9999,0,25.51
S1,12,20,24,21890,500000,3343.0002284342636,643.0002284342636,2700.0,500001,9905,4701,236.36
S2,2,20,12,20878,500000,2502.090790188213,2102.090790188213,400.0,500000,9999,0,30.65
S2,2,20,3,20869,500000,1859.582941651249,1459.582941651249,400.0,500000,9999,0,41.56
S2,2,20,0,20866,500000,1862.3830228145866,1462.3830228145866,400.0,500000,9999,0,47.16
S2,2,20,11,20877,500000,3410.498321686082,3010.498321686082,400.0,500000,9999,0,35.74
S2,2,20,17,20883,500000,1747.274852519961,1347.274852519961,400.0,500000,9999,0,20.18
S1,12,20,25,21891,500000,3180.7505907378586,480.7505907378586,2700.0,500000,9909,4500,215.96
S2,2,20,7,20873,500000,2192.8599526840244,1792.8599526840244,400.0,500000,9999,0,40.87
S2,2,20,20,20886,500000,1351.7118510681391,951.7118510681391,400.0,500000,9999,0,17.83
S2,2,20,9,20875,500000,2188.23680528184,1788.2368052818401,400.0,500000,9999,0,41.71
S2,2,20,21,20887,500000,2469.4071923350903,2069.4071923350903,400.0,500000,9999,0,17.94
S2,2,20,10,20876,500000,2001.8535399192356,1601.8535399192356,400.0,500000,9999,0,44.2
S2,3,10,0,10966,200000,600.2169179784585,0.2169179784584685,600.0,200000,3999,0,10.16
S2,3,10,3,10969,200000,600.225529006685,0.22552900668495113,600.0,200000,3999,0,12.55
S2,2,20,16,20882,500000,1463.6347839136683,1063.6347839136683,400.0,500000,9999,0,35.4
S2,2,20,26,20892,500000,2059.6902843975486,1659.6902843975486,400.0,500000,9999,0,23.04
S2,2,20,23,20889,500000,1971.466082514679,1571.466082514679,400.0,500000,9999,0,26.76
S2,3,10,1,10967,200000,600.1723343519955,0.17233435199545966,600.0,200000,3999,0,17.49
S2,3,10,4,10970,200000,600.1664912616519,0.1664912616519132,600.0,200000,3999,0,16.6
S2,2,20,25,20891,500000,1327.1069081886376,927.1069081886376,400.0,500000,9999,0,26.23
S1,12,20,28,21894,500000,3026.1818314312964,326.18183143129636,2700.0,500008,9908,4558,221.39
S2,2,20,19,20885,500000,2661.7314351684727,2261.7314351684727,400.0,500000,9999,0,37.88
S2,3,10,2,10968,200000,600.3583961796991,0.35839617969907067,600.0,200000,3999,0,23.2
S2,3,10,9,10975,200000,600.1816661595268,0.18166615952679877,600.0,200000,3999,0,11.95
S2,3,10,6,10972,200000,600.2363349916894,0.23633499168943217,600.0,200000,3999,0,21.23
S2,2,20,18,20884,500000,1761.7194736054505,1361.7194736054505,400.0,500000,9999,0,46.0
S2,2,20,24,20890,500000,2702.591003984913,2302.591003984913,400.0,500000,9999,0,35.65
S2,3,10,11,10977,200000,600.2989088717741,0.2989088717740742,600.0,200000,3999,0,10.03
S2,3,10,8,10974,200000,600.1446346276005,0.1446346276004533,600.0,200000,3999,0,18.18
S2,3,10,12,10978,200000,600.2214968804648,0.22149688046476967,600.0,200000,3999,0,10.08
S2,3,10,7,10973,200000,600.4200575075453,0.42005750754526616,600.0,200000,3999,0,21.87
S2,3,10,14,10980,200000,600.3070975711773,0.30709757117733716,600.0,200000,3999,0,10.31
S2,3,10,5,10971,200000,600.1880370918585,0.18803709185851858,600.0,200000,3999,0,25.84
S1,12,20,27,21893,500000,3206.0963164365194,506.0963164365194,2700.0,500000,9907,4600,237.1
S2,2,20,29,20895,500000,1726.725056290958,1326.725056290958,400.0,500000,9999,0,33.42
S2,2,20,27,20893,500000,2232.108693873707,1832.1086938737071,400.0,500000,9999,0,37.55
S2,2,20,22,20888,500000,2148.0408253757623,1748.0408253757623,400.0,500000,9999,0,43.32
S2,3,10,10,10976,200000,600.3150486294751,0.3150486294750863,600.0,200000,3999,0,19.96
S2,3,10,17,10983,200000,600.5954645776058,0.5954645776057532,600.0,200000,3999,0,14.21
S2,3,10,13,10979,200000,600.1800978099772,0.18009780997715552,600.0,200000,3999,0,17.75
S2,3,10,19,10985,200000,600.2114898593137,0.21148985931370134,600.0,200000,3999,0,10.12
S2,3,10,20,10986,200000,600.3291000201928,0.3291000201927545,600.0,200000,3999,0,10.02
S2,3,10,15,10981,200000,600.2826832120967,0.28268321209668557,600.0,200000,3999,0,18.73
S2,3,10,25,10991,200000,600.2059863078633,0.20598630786332706,600.0,200000,3999,0,10.1
S2,2,20,28,20894,500000,1790.977569012161,1390.977569012161,400.0,500000,9999,0,41.46
S2,3,10,16,10982,200000,600.3316709955253,0.33167099552531454,600.0,200000,3999,0,24.14
S1,12,20,29,21895,500000,3144.0770403470115,444.07704034701146,2700.0,500015,9906,4665,244.31
S2,3,10,23,10989,200000,600.4813632733694,0.48136327336942486,600.0,200000,3999,0,22.14
S2,3,10,28,10994,200000,600.1897951877975,0.18979518779747195,600.0,200000,3999,0,19.26
S2,3,10,29,10995,200000,600.315549426295,0.31554942629497873,600.0,200000,3999,0,18.07
S2,3,10,24,10990,200000,600.2075571746092,0.20755717460917822,600.0,200000,3999,0,22.38
S2,3,10,22,10988,200000,600.2821033692313,0.2821033692313222,600.0,200000,3999,0,25.67
S2,3,10,21,10987,200000,600.4074384249041,0.4074384249040577,600.0,200000,3999,0,26.48
S2,3,10,18,10984,200000,600.3526902992542,0.3526902992541636,600.0,200000,3999,0,29.52
S2,3,10,27,10993,200000,600.2047063432263,0.2047063432263485,600.0,200000,3999,0,25.27
S2,3,10,26,10992,200000,600.1746435651992,0.174643565199176,600.0,200000,3999,0,27.27
S2,3,20,13,20979,500000,601.4133408917677,1.4133408917676888,600.0,500000,9999,0,25.87
S2,3,20,0,20966,500000,601.2620041967725,1.2620041967725228,600.0,500000,9999,0,44.71
S2,3,20,9,20975,500000,601.3516377148935,1.3516377148935135,600.0,500000,9999,0,41.41
S2,3,20,4,20970,500000,601.2087722311437,1.208772231143712,600.0,500000,9999,0,45.1
S2,3,20,14,20980,500000,601.0923587086428,1.0923587086427915,600.0,500000,9999,0,31.6
S2,3,20,6,20972,500000,601.4715405296065,1.4715405296065,600.0,500000,9999,0,45.16
S2,3,20,3,20969,500000,601.5028338872443,1.5028338872442646,600.0,500000,9999,0,49.36
S2,3,20,2,20968,500000,601.2385504120358,1.2385504120358064,600.0,500000,9999,0,55.23
S2,3,20,7,20973,500000,601.6699486519188,1.669948651918844,600.0,500000,9999,0,51.83
S2,3,20,18,20984,500000,601.3003428074704,1.3003428074704289,600.0,500000,9999,0,35.4
S2,3,20,8,20974,500000,601.0670004748775,1.0670004748775455,600.0,500000,9999,0,52.18
S2,3,20,20,20986,500000,601.5863732320709,1.586373232070855,600.0,500000,9999,0,39.28
S2,3,20,12,20978,500000,601.2711977966239,1.2711977966239374,600.0,500000,9999,0,50.98
S2,3,20,11,20977,500000,601.3107373786266,1.3107373786266407,600.0,500000,9999,0,53.59
S2,3,20,10,20976,500000,600.8379884953656,0.8379884953656074,600.0,500000,9999,0,60.58
S2,3,20,5,20971,500000,601.4338557631447,1.4338557631447202,600.0,500000,9999,0,65.43
S2,3,20,23,20989,500000,601.464422870576,1.4644228705759588,600.0,500000,9999,0,25.57
S2,3,20,1,20967,500000,601.0173254846538,1.0173254846538384,600.0,500000,9999,0,71.09
S2,3,20,17,20983,500000,601.6137148484535,1.6137148484534691,600.0,500000,9999,0,53.64
S2,4,10,0,11066,200000,858.5322976123646,58.53229761236457,800.0,200000,3999,0,19.52
S2,3,20,19,20985,500000,601.6603131485798,1.660313148579803,600.0,500000,9999,0,55.25
S2,3,20,16,20982,500000,601.1334733645409,1.1334733645409187,600.0,500000,9999,0,59.65
S2,3,20,21,20987,500000,601.2336592573351,1.2336592573351481,600.0,500000,9999,0,53.73
S2,4,10,4,11070,200000,886.1555314871127,86.15553148711274,800.0,200000,3999,0,15.04
S2,3,20,15,20981,500000,601.2851978797142,1.2851978797142465,600.0,500000,9999,0,64.53
S2,4,10,2,11068,200000,832.1422662734637,32.14226627346375,800.0,200000,3999,0,25.03
S2,4,10,13,11079,200000,828.2277359207238,28.22773592072383,800.0,200000,3999,0,15.45
S2,4,10,8,11074,200000,859.5973262770246,59.59732627702465,800.0,200000,3999,0,23.26
S2,3,20,22,20988,500000,601.2232303863241,1.2232303863240759,600.0,500000,9999,0,52.67
S2,4,10,16,11082,200000,852.3092628964573,52.30926289645731,800.0,200000,3999,0,14.23
S2,4,10,10,11076,200000,880.8511353372227,80.85113533722267,800.0,200000,3999,0,21.83
S2,4,10,6,11072,200000,877.7052721565921,77.70527215659206,800.0,200000,3999,0,28.57
S2,3,20,24,20990,500000,601.4976770223643,1.4976770223643143,600.0,500000,9999,0,49.78
S2,4,10,12,11078,200000,839.1243772978014,39.1243772978014,800.0,200000,3999,0,20.82
S2,4,10,7,11073,200000,869.6358118613527,69.63581186135275,800.0,200000,3999,0,29.91
S2,3,20,29,20995,500000,601.0689383552,1.0689383551999754,600.0,500000,9999,0,45.62
S2,4,10,1,11067,200000,866.0159386213451,66.01593862134507,800.0,200000,3999,0,44.87
S2,4,10,11,11077,200000,875.4726166373077,75.47261663730774,800.0,200000,3999,0,28.05
S2,4,10,15,11081,200000,912.0733156204627,112.07331562046272,800.0,200000,3999,0,25.49
S2,4,10,9,11075,200000,838.0,38.0,800.0,200000,3999,0,35.39
S2,4,10,3,11069,200000,853.3914609463352,53.3914609463352,800.0,200000,3999,0,45.6
S2,4,10,5,11071,200000,874.5,74.5,800.0,200000,3999,0,41.88
S2,3,20,28,20994,500000,601.1115732504887,1.111573250488732,600.0,500000,9999,0,56.66
S2,3,20,27,20993,500000,601.3069966566891,1.3069966566890798,600.0,500000,9999,0,59.55
S2,4,10,21,11087,200000,876.0,76.0,800.0,200000,3999,0,14.4
S2,4,10,18,11084,200000,857.2160955061818,57.21609550618177,800.0,200000,3999,0,17.85
S2,4,10,14,11080,200000,898.0675985830586,98.06759858305861,800.0,200000,3999,0,33.27
S2,3,20,26,20992,500000,601.2428245153808,1.2428245153807893,600.0,500000,9999,0,62.68
S2,4,10,23,11089,200000,860.9113961354785,60.911396135478526,800.0,200000,3999,0,15.37
S2,4,10,17,11083,200000,859.349447805286,59.34944780528599,800.0,200000,3999,0,34.03
S2,3,20,25,20991,500000,601.1529170614497,1.1529170614496707,600.0,500000,9999,0,68.64
S2,4,10,24,11090,200000,842.0,42.0,800.0,200000,3999,0,28.51
S2,4,10,19,11085,200000,887.0146677659375,87.01466776593747,800.0,200000,3999,0,33.26
S2,4,10,27,11093,200000,866.0093383371875,66.0093383371875,800.0,200000,3999,0,27.95
S2,4,10,22,11088,200000,899.3791477551787,99.37914775517868,800.0,200000,3999,0,33.97
S2,4,10,20,11086,200000,872.0069562356387,72.00695623563865,800.0,200000,3999,0,34.7
S2,4,10,25,11091,200000,877.3125726876503,77.31257268765034,800.0,200000,3999,0,32.9
S2,4,10,26,11092,200000,888.8431923492351,88.8431923492351,800.0,200000,3999,0,33.35
S2,4,10,29,11095,200000,897.4602597212354,97.46025972123539,800.0,200000,3999,0,36.5
S2,4,10,28,11094,200000,827.6554001613713,27.65540016137129,800.0,200000,3999,0,42.71
S2,4,20,6,21072,500000,1104.6921339781668,304.6921339781668,800.0,500000,9999,0,51.3
S2,4,20,5,21071,500000,1033.9504778778796,233.95047787787962,800.0,500000,9999,0,62.14
S2,4,20,14,21080,500000,1031.2716716866735,231.27167168667347,800.0,500000,9999,0,46.32
S2,4,20,11,21077,500000,981.2773008083243,181.2773008083243,800.0,500000,9999,0,56.8
S2,4,20,8,21074,500000,1022.3838528370429,222.38385283704292,800.0,500000,9999,0,70.78
S2,4,20,10,21076,500000,1125.7752371592378,325.7752371592378,800.0,500000,9999,0,70.59
S2,4,20,1,21067,500000,1028.920950712524,228.92095071252402,800.0,500000,9999,0,77.73
S2,4,20,0,21066,500000,1123.0330235482002,323.03302354820016,800.0,500000,9999,0,79.11
S2,4,20,15,21081,500000,1098.5826378412658,298.58263784126575,800.0,500000,9999,0,58.08
S2,4,20,12,21078,500000,1036.174947716531,236.17494771653105,800.0,500000,9999,0,73.66
S2,4,20,9,21075,500000,1151.9394154734036,351.93941547340364,800.0,500000,9999,0,79.74
S2,4,20,4,21070,500000,1058.833158036778,258.83315803677806,800.0,500000,9999,0,83.65
S2,4,20,3,21069,500000,1143.6938360743432,343.69383607434315,800.0,500000,9999,0,86.24
S2,4,20,13,21079,500000,947.1493596311818,147.14935963118182,800.0,500000,9999,0,70.23
S2,4,20,7,21073,500000,1109.442690705474,309.442690705474,800.0,500000,9999,0,85.29
S2,4,20,2,21068,500000,1028.7877301801514,228.78773018015136,800.0,500000,9999,0,90.53
S2,5,10,0,11166,200000,902.3649302284838,2.364930228483786,900.0,200000,3999,0,11.88
S2,4,20,16,21082,500000,1079.4633512262385,279.4633512262385,800.0,500000,9999,0,70.71
S2,5,10,4,11170,200000,902.3202947524289,2.3202947524289357,900.0,200000,3999,0,12.58
S2,5,10,3,11169,200000,901.5539740036626,1.5539740036625744,900.0,200000,3999,0,14.2
S2,5,10,2,11168,200000,902.3674535161633,2.367453516163323,900.0,200000,3999,0,16.52
S2,5,10,5,11171,200000,900.8739549330747,0.8739549330747423,900.0,200000,3999,0,14.46
S2,4,20,17,21083,500000,1087.0856329186788,287.0856329186788,800.0,500000,9999,0,81.29
S2,5,10,1,11167,200000,900.7676297602889,0.7676297602888553,900.0,200000,3999,0,21.92
S2,5,10,6,11172,200000,901.6883800388374,1.6883800388374084,900.0,200000,3999,0,17.83
S2,5,10,8,11174,200000,901.5035835247527,1.5035835247526848,900.0,200000,3999,0,14.95
S2,4,20,19,21085,500000,1085.0,285.0,800.0,500000,9999,0,83.12
S2,5,10,10,11176,200000,901.9014233442546,1.9014233442545674,900.0,200000,3999,0,9.58
S2,5,10,12,11178,200000,904.337200842081,4.337200842080961,900.0,200000,3999,0,8.07
S2,5,10,9,11175,200000,900.8875507422323,0.8875507422322926,900.0,200000,3999,0,20.41
S2,5,10,7,11173,200000,901.1031082767048,1.103108276704802,900.0,200000,3999,0,25.21
S2,5,10,11,11177,200000,901.4165821280935,1.4165821280935234,900.0,200000,3999,0,17.17
S2,5,10,20,11186,200000,900.3432705187155,0.3432705187154852,900.0,200000,3999,0,8.04
S2,4,20,18,21084,500000,1170.799356123976,370.79935612397594,800.0,500000,9999,0,93.15
S2,4,20,29,21095,500000,1078.2607777211915,278.2607777211915,800.0,500000,9999,0,39.63
S2,5,10,13,11179,200000,901.0473475077586,1.047347507758559,900.0,200000,3999,0,18.31
S2,4,20,20,21086,500000,1087.6816974886824,287.6816974886824,800.0,500000,9999,0,88.19
S2,4,20,22,21088,500000,1064.3077990124611,264.30779901246115,800.0,500000,9999,0,68.27
S2,4,20,21,21087,500000,1096.358054710755,296.3580547107549,800.0,500000,9999,0,86.12
S2,5,10,21,11187,200000,901.1696515937195,1.16965159371955,900.0,200000,3999,0,9.63
S2,5,10,14,11180,200000,901.5625456300293,1.5625456300292626,900.0,200000,3999,0,19.48
S2,4,20,23,21089,500000,1047.6034506838594,247.60345068385936,800.0,500000,9999,0,61.09
S2,5,10,17,11183,200000,900.750261508422,0.7502615084219997,900.0,200000,3999,0,18.92
S2,5,10,24,11190,200000,903.858804550514,3.858804550514037,900.0,200000,3999,0,9.68
S2,5,10,18,11184,200000,903.8556393387888,3.8556393387888193,900.0,200000,3999,0,18.83
S2,5,10,16,11182,200000,900.2780676957282,0.2780676957281685,900.0,200000,3999,0,20.13
S2,5,10,26,11192,200000,901.2667911272727,1.2667911272726542,900.0,200000,3999,0,10.98
S2,5,10,15,11181,200000,901.119124790625,1.119124790625051,900.0,200000,3999,0,27.94
S2,4,20,24,21090,500000,1111.6519449530285,311.65194495302853,800.0,500000,9999,0,68.06
S2,5,10,19,11185,200000,901.7337007344911,1.7337007344910944,900.0,200000,3999,0,26.46
S2,5,10,22,11188,200000,901.2488575160019,1.2488575160018627,900.0,200000,3999,0,20.05
S2,5,10,23,11189,200000,900.7077643961187,0.707764396118705,900.0,200000,3999,0,20.84
S2,5,10,25,11191,200000,900.6960092218617,0.6960092218616865,900.0,200000,3999,0,20.65
S2,5,10,28,11194,200000,902.5804880659407,2.580488065940699,900.0,200000,3999,0,17.29
S2,4,20,27,21093,500000,1053.16041297023,253.16041297023003,800.0,500000,9999,0,64.96
S2,4,20,25,21091,500000,1058.3466464145017,258.3466464145017,800.0,500000,9999,0,73.95
S2,5,10,27,11193,200000,901.2770945421586,1.2770945421585793,900.0,200000,3999,0,22.99
S2,5,10,29,11195,200000,901.772157366968,1.772157366968031,900.0,200000,3999,0,22.23
S2,4,20,26,21092,500000,1116.568533047876,316.5685330478759,800.0,500000,9999,0,80.94
S2,5,20,6,21172,500000,908.3686254801821,8.368625480182118,900.0,500000,9999,0,32.73
S2,5,20,4,21170,500000,909.4467501643563,9.446750164356331,900.0,500000,9999,0,34.32
S2,5,20,5,21171,500000,908.3326849891945,8.33268498919449,900.0,500000,9999,0,36.9
S2,5,20,7,21173,500000,906.4099868561312,6.4099868561312405,900.0,500000,9999,0,40.12
S2,5,20,11,21177,500000,906.8460208974836,6.8460208974836405,900.0,500000,9999,0,32.86
S2,5,20,12,21178,500000,908.3600096101904,8.360009610190446,900.0,500000,9999,0,32.13
S2,5,20,2,21168,500000,909.5074907096115,9.507490709611488,900.0,500000,9999,0,44.36
S2,5,20,0,21166,500000,904.3855046327459,4.385504632745892,900.0,500000,9999,0,45.53
S2,5,20,1,21167,500000,905.6044396113099,5.6044396113098855,900.0,500000,9999,0,45.53
S2,5,20,15,21181,500000,906.5924356635238,6.5924356635238155,900.0,500000,9999,0,31.67
S2,5,20,14,21180,500000,906.0032043755796,6.003204375579571,900.0,500000,9999,0,34.1
S2,5,20,16,21182,500000,905.633964940978,5.6339649409779895,900.0,500000,9999,0,34.51
S2,5,20,10,21176,500000,903.5735455879113,3.573545587911326,900.0,500000,9999,0,44.1
S2,4,20,28,21094,500000,1106.7924236275996,306.79242362759965,800.0,500000,9999,0,101.81
S2,5,20,3,21169,500000,906.5083403531518,6.508340353151766,900.0,500000,9999,0,54.91
S2,6,10,0,11266,200000,220901321.7869425,220899521.7869425,1800.0,200000,3999,0,10.29
S2,5,20,13,21179,500000,906.465636060749,6.465636060749034,900.0,500000,9999,0,44.09
S2,5,20,9,21175,500000,908.5450394286132,8.545039428613222,900.0,500000,9999,0,48.28
S2,6,10,1,11267,200000,14544321.753281415,14542521.753281415,1800.0,200000,3999,0,10.19
S2,5,20,8,21174,500000,906.047072290255,6.04707229025496,900.0,500000,9999,0,53.92
S2,5,20,21,21187,500000,906.5956892613636,6.5956892613636455,900.0,500000,9999,0,23.89
S2,5,20,19,21185,500000,906.8422885685195,6.842288568519507,900.0,500000,9999,0,40.07
S2,5,20,18,21184,500000,906.4321747236327,6.43217472363267,900.0,500000,9999,0,42.42
S2,6,10,3,11269,200000,375026422.07430303,375024622.07430303,1800.0,200000,3999,0,15.9
S2,6,10,11,11277,200000,46700290.61124534,46698490.61124534,1800.0,200000,3999,0,10.18
S2,5,20,23,21189,500000,906.3499704379099,6.34997043790986,900.0,500000,9999,0,32.8
S2,6,10,13,11279,200000,114538.13517574305,112738.13517574305,1800.0,200000,3999,0,10.27
S2,5,20,17,21183,500000,905.8155806890516,5.815580689051558,900.0,500000,9999,0,56.79
S2,5,20,20,21186,500000,907.3252104450157,7.325210445015728,900.0,500000,9999,0,42.15
S2,5,20,22,21188,500000,911.303050976932,11.303050976932013,900.0,500000,9999,0,38.84
S2,6,10,5,11271,200000,66056578.82366363,66054778.82366363,1800.0,200000,3999,0,20.12
S2,6,10,2,11268,200000,25026627.372285977,25024827.372285977,1800.0,200000,3999,0,25.48
S2,5,20,24,21190,500000,905.2207585965491,5.2207585965491035,900.0,500000,9999,0,32.93
S2,5,20,25,21191,500000,906.5897806033694,6.589780603369377,900.0,500000,9999,0,34.01
S2,6,10,15,11281,200000,18429081.368353654,18427281.368353654,1800.0,200000,3999,0,10.33
S2,6,10,6,11272,200000,33790283.13597814,33788483.13597814,1800.0,200000,3999,0,25.04
S2,6,10,4,11270,200000,214419696.47339123,214417896.47339123,1800.0,200000,3999,0,30.68
S2,6,10,19,11285,200000,8553.150086245787,6753.150086245787,1800.0,200000,3999,0,11.81
S2,6,10,9,11275,200000,406896295.76867706,406894495.76867706,1800.0,200000,3999,0,28.55
S2,5,20,28,21194,500000,903.757307639625,3.757307639624969,900.0,500000,9999,0,42.1
S2,6,10,12,11278,200000,13805819.786887059,13804019.786887059,1800.0,200000,3999,0,25.96
S2,5,20,27,21193,500000,904.770721307083,4.770721307083022,900.0,500000,9999,0,43.21
S2,6,10,8,11274,200000,131761.67820888117,129961.67820888117,1800.0,200000,3999,0,29.7
S2,6,10,7,11273,200000,8475586.715601984,8473786.715601984,1800.0,200000,3999,0,30.4
S2,6,10,10,11276,200000,4291223.483380567,4289423.483380567,1800.0,200000,3999,0,30.29
S2,6,10,22,11288,200000,4761652.710537055,4759852.710537055,1800.0,200000,3999,0,16.26
S2,5,20,26,21192,500000,905.5536965912942,5.55369659129417,900.0,500000,9999,0,48.65
S2,6,10,21,11287,200000,740715830.6633687,740714030.6633687,1800.0,200000,3999,0,18.45
S2,5,20,29,21195,500000,906.2627375003829,6.262737500382855,900.0,500000,9999,0,49.38
S2,6,10,14,11280,200000,625589832.6537919,625588032.6537919,1800.0,200000,3999,0,25.23
S2,6,10,20,11286,200000,624045.6031890198,622245.6031890198,1800.0,200000,3999,0,20.92
S2,6,10,26,11292,200000,89723.18953277684,87923.18953277684,1800.0,200000,3999,0,14.65
S2,6,10,23,11289,200000,1666456.8383189414,1664656.8383189414,1800.0,200000,3999,0,20.45
S2,6,10,27,11293,200000,32174426.511413272,32172626.511413272,1800.0,200000,3999,0,12.2
S2,6,10,18,11284,200000,924773.6122508302,922973.6122508302,1800.0,200000,3999,0,25.52
S2,6,10,29,11295,200000,40439362.06882891,40437562.06882891,1800.0,200000,3999,0,13.45
S2,6,10,17,11283,200000,33013471.033086076,33011671.033086076,1800.0,200000,3999,0,27.5
S2,6,10,25,11291,200000,69945901.93256658,69944101.93256658,1800.0,200000,3999,0,21.24
S2,6,10,16,11282,200000,2704604.884925312,2702804.884925312,1800.0,200000,3999,0,31.25
S2,6,10,28,11294,200000,130458792.44447432,130456992.44447432,1800.0,200000,3999,0,18.61
S2,6,10,24,11290,200000,144586.32180664147,142786.32180664147,1800.0,200000,3999,0,32.94
S2,6,20,6,21272,500000,4478470401.341068,4478468601.341068,1800.0,500000,9999,0,27.27
S2,6,20,5,21271,500000,3232599508.430504,3232597708.430504,1800.0,500000,9999,0,39.37
S2,6,20,18,21284,500000,3653033557.253283,3653031757.253283,1800.0,500000,9999,0,28.96
S2,6,20,16,21282,500000,3853807034.2429857,3853805234.2429857,1800.0,500000,9999,0,32.44
S2,6,20,10,21276,500000,327006119.46867305,327004319.46867305,1800.0,500000,9999,0,37.83
S2,6,20,7,21273,500000,2168577064.524737,2168575264.524737,1800.0,500000,9999,0,43.21
S2,6,20,2,21268,500000,1489429098.112032,1489427298.112032,1800.0,500000,9999,0,48.16
S2,6,20,13,21279,500000,4662549608.641608,4662547808.641608,1800.0,500000,9999,0,39.66
S2,6,20,0,21266,500000,3142922700.176487,3142920900.176487,1800.0,500000,9999,0,52.69
S2,6,20,8,21274,500000,2658684978.9890447,2658683178.9890447,1800.0,500000,9999,0,52.12
S2,6,20,11,21277,500000,4624086527.715326,4624084727.715326,1800.0,500000,9999,0,50.63
S2,6,20,3,21269,500000,2718718414.3224177,2718716614.3224177,1800.0,500000,9999,0,60.07
S2,6,20,1,21267,500000,2087566194.2499864,2087564394.2499864,1800.0,500000,9999,0,61.96
S2,6,20,4,21270,500000,6801234705.734539,6801232905.734539,1800.0,500000,9999,0,67.78
S2,6,20,15,21281,500000,5009613747.161728,5009611947.161728,1800.0,500000,9999,0,59.22
S2,6,20,12,21278,500000,2308866471.9043455,2308864671.9043455,1800.0,500000,9999,0,61.65
S2,6,20,23,21289,500000,3546824431.242684,3546822631.242684,1800.0,500000,9999,0,31.15
S2,6,20,14,21280,500000,552065586.841365,552063786.841365,1800.0,500000,9999,0,62.93
S2,6,20,25,21291,500000,3334025181.153271,3334023381.153271,1800.0,500000,9999,0,29.06
S2,6,20,9,21275,500000,3027463126.9690013,3027461326.9690013,1800.0,500000,9999,0,69.87
S2,6,20,17,21283,500000,3546064140.6785674,3546062340.6785674,1800.0,500000,9999,0,68.77
S2,6,20,19,21285,500000,2422437698.5720863,2422435898.5720863,1800.0,500000,9999,0,66.62
S2,6,20,20,21286,500000,4106656975.7850947,4106655175.7850947,1800.0,500000,9999,0,66.47
S2,6,20,28,21294,500000,2190199690.504479,2190197890.504479,1800.0,500000,9999,0,46.21
S2,6,20,21,21287,500000,7557545455.988767,7557543655.988767,1800.0,500000,9999,0,71.46
S2,6,20,22,21288,500000,1110622563.7099435,1110620763.7099435,1800.0,500000,9999,0,65.78
S2,6,20,27,21293,500000,3168795354.150301,3168793554.150301,1800.0,500000,9999,0,51.29
S2,6,20,29,21295,500000,4007535743.60964,4007533943.60964,1800.0,500000,9999,0,52.14
S2,6,20,26,21292,500000,4595147510.98845,4595145710.98845,1800.0,500000,9999,0,60.65
S2,6,20,24,21290,500000,4022973455.874713,4022971655.874713,1800.0,500000,9999,0,72.77
S2,7,10,7,11373,200000,2150.791418498953,150.79141849895313,2000.0,200000,3999,0,196.19
S2,7,10,0,11366,200000,2221.998691221398,221.99869122139808,2000.0,200000,3999,0,217.7
S2,7,10,5,11371,200000,2195.086383359006,195.08638335900605,2000.0,200000,3999,0,212.83
S2,7,10,10,11376,200000,2088.757830446106,88.7578304461058,2000.0,200000,3999,0,211.36
S2,7,10,8,11374,200000,2100.557312395675,100.55731239567513,2000.0,200000,3999,0,219.26
S2,7,10,1,11367,200000,2200.022592482749,200.02259248274913,2000.0,200000,3999,0,232.44
S2,7,10,4,11370,200000,2526.7311396415776,526.7311396415776,2000.0,200000,3999,0,230.92
S2,7,10,11,11377,200000,2073.513219613548,73.51321961354779,2000.0,200000,3999,0,219.27
S2,7,10,6,11372,200000,2563.4128839450796,563.4128839450796,2000.0,200000,3999,0,228.22
S2,7,10,13,11379,200000,2145.387098941059,145.38709894105887,2000.0,200000,3999,0,220.13
S2,7,10,15,11381,200000,2827.6587136076664,827.6587136076664,2000.0,200000,3999,0,219.02
S2,7,10,14,11380,200000,2084.876975221386,84.87697522138615,2000.0,200000,3999,0,238.45
S2,7,10,17,11383,200000,2294.5052778875393,294.50527788753925,2000.0,200000,3999,0,228.05
S2,7,10,9,11375,200000,2163.1691105840573,163.1691105840573,2000.0,200000,3999,0,253.96
S2,7,10,2,11368,200000,2378.9156834192513,378.9156834192513,2000.0,200000,3999,0,274.19
S2,7,10,18,11384,200000,2043.9623777547206,43.96237775472059,2000.0,200000,3999,0,238.11
S2,7,10,12,11378,200000,2065.619054073957,65.61905407395716,2000.0,200000,3999,0,264.44
S2,7,10,3,11369,200000,2168.2963176908834,168.29631769088337,2000.0,200000,3999,0,287.04
S2,7,10,21,11387,200000,2071.653540687045,71.65354068704482,2000.0,200000,3999,0,270.42
S2,7,10,16,11382,200000,2213.240177196192,213.24017719619178,2000.0,200000,3999,0,293.16
S2,7,10,20,11386,200000,2060.127082314155,60.127082314154904,2000.0,200000,3999,0,297.33
S2,7,10,19,11385,200000,2105.2276924458056,105.22769244580559,2000.0,200000,3999,0,310.3
S2,7,10,22,11388,200000,2811.290169993527,811.2901699935269,2000.0,200000,3999,0,209.68
S2,7,10,27,11393,200000,2102.912682232726,102.91268223272618,2000.0,200000,3999,0,206.57
S2,7,10,24,11390,200000,2233.1774369926147,233.17743699261473,2000.0,200000,3999,0,230.19
S2,7,10,26,11392,200000,2052.882973886144,52.8829738861441,2000.0,200000,3999,0,228.88
S2,7,10,28,11394,200000,2407.016470912594,407.01647091259383,2000.0,200000,3999,0,231.11
S2,7,10,23,11389,200000,2148.099737346657,148.0997373466571,2000.0,200000,3999,0,260.65
S2,7,10,29,11395,200000,2142.2978694941894,142.2978694941894,2000.0,200000,3999,0,236.66
S2,7,10,25,11391,200000,2045.646083819593,45.64608381959306,2000.0,200000,3999,0,263.9
S2,7,20,6,21372,500000,3630.504142302426,1630.5041423024259,2000.0,500000,9999,0,996.22
S2,7,20,4,21370,500000,5562.264057676437,3562.264057676437,2000.0,500000,9999,0,1041.2
S2,7,20,8,21374,500000,2685.951544197508,685.9515441975082,2000.0,500000,9999,0,1025.71
S2,7,20,1,21367,500000,4723.443978317484,2723.443978317484,2000.0,500000,9999,0,1085.09
S2,7,20,3,21369,500000,4721.185850090596,2721.1858500905964,2000.0,500000,9999,0,1085.84
S2,7,20,0,21366,500000,3370.2357215601996,1370.2357215601996,2000.0,500000,9999,0,1111.68
S2,7,20,2,21368,500000,5683.79606210183,3683.79606210183,2000.0,500000,9999,0,1119.27
S2,7,20,11,21377,500000,3220.7803632975547,1220.7803632975547,2000.0,500000,9999,0,1048.35
S2,7,20,13,21379,500000,3220.235973492745,1220.235973492745,2000.0,500000,9999,0,1037.86
S2,7,20,9,21375,500000,3167.930622740548,1167.9306227405482,2000.0,500000,9999,0,1103.93
S2,7,20,7,21373,500000,4736.267373158528,2736.2673731585282,2000.0,500000,9999,0,1126.04
S2,7,20,5,21371,500000,3306.5990719413903,1306.5990719413903,2000.0,500000,9999,0,1141.49
S2,7,20,12,21378,500000,4936.229728684754,2936.2297286847543,2000.0,500000,9999,0,1077.49
S2,7,20,10,21376,500000,3467.0359606779775,1467.0359606779775,2000.0,500000,9999,0,1104.64
S2,7,20,15,21381,500000,3410.657070001389,1410.657070001389,2000.0,500000,9999,0,1023.75
S2,7,20,16,21382,500000,2696.398661352638,696.3986613526381,2000.0,500000,9999,0,1065.1
S2,7,20,21,21387,500000,4447.767591646204,2447.767591646204,2000.0,500000,9999,0,1033.04
S2,7,20,14,21380,500000,4209.409468448441,2209.4094684484407,2000.0,500000,9999,0,1117.91
S2,7,20,17,21383,500000,3973.38606380476,1973.38606380476,2000.0,500000,9999,0,1110.12
S2,7,20,19,21385,500000,6043.721296634708,4043.721296634708,2000.0,500000,9999,0,1117.34
S2,7,20,18,21384,500000,4002.49727686856,2002.4972768685602,2000.0,500000,9999,0,1138.33
S2,7,20,20,21386,500000,3392.122907039129,1392.1229070391291,2000.0,500000,9999,0,1139.66
S2,8,10,2,11468,200000,2238.0436391734966,38.04363917349656,2200.0,200000,3999,0,318.38
S2,8,10,0,11466,200000,2521.7837455358467,321.7837455358467,2200.0,200000,3999,0,353.05
S2,8,10,5,11471,200000,2495.5004684638197,295.50046846381974,2200.0,200000,3999,0,320.53
S2,8,10,4,11470,200000,2877.970393836419,677.9703938364191,2200.0,200000,3999,0,336.91
S2,8,10,1,11467,200000,2505.6401476248584,305.6401476248584,2200.0,200000,3999,0,369.76
S2,8,10,3,11469,200000,2411.570114004226,211.57011400422607,2200.0,200000,3999,0,355.05
S2,8,10,6,11472,200000,2271.521583116736,71.52158311673611,2200.0,200000,3999,0,317.87
S2,8,10,7,11473,200000,2226.315743060079,26.315743060079058,2200.0,200000,3999,0,281.42
S2,8,10,8,11474,200000,2435.443473222793,235.44347322279282,2200.0,200000,3999,0,280.33
S2,8,10,9,11475,200000,2894.546850389684,694.5468503896841,2200.0,200000,3999,0,343.78
S2,8,10,12,11478,200000,2508.791003739337,308.79100373933716,2200.0,200000,3999,0,352.96
S2,8,10,10,11476,200000,2656.1604974233246,456.1604974233246,2200.0,200000,3999,0,386.68
S2,8,10,11,11477,200000,2752.4472013122004,552.4472013122004,2200.0,200000,3999,0,373.94
S2,8,10,13,11479,200000,2575.0137171073266,375.01371710732656,2200.0,200000,3999,0,350.16
S2,8,10,14,11480,200000,2268.860055295681,68.86005529568092,2200.0,200000,3999,0,322.94
S2,8,10,19,11485,200000,2430.8798092255815,230.87980922558154,2200.0,200000,3999,0,293.2
S2,8,10,15,11481,200000,2327.858301405641,127.85830140564121,2200.0,200000,3999,0,334.3
S2,8,10,17,11483,200000,2928.1548305009646,728.1548305009646,2200.0,200000,3999,0,341.34
S2,8,10,20,11486,200000,2881.0338447310596,681.0338447310596,2200.0,200000,3999,0,327.2
S2,8,10,22,11488,200000,3276.4119930659745,1076.4119930659745,2200.0,200000,3999,0,309.38
S2,8,10,21,11487,200000,2577.8841837793602,377.8841837793602,2200.0,200000,3999,0,321.67
S2,8,10,18,11484,200000,2436.5032664599403,236.50326645994028,2200.0,200000,3999,0,361.72
S2,8,10,16,11482,200000,2652.056349362244,452.05634936224396,2200.0,200000,3999,0,396.7
S2,8,10,23,11489,200000,2336.1237983275573,136.12379832755732,2200.0,200000,3999,0,330.59
S2,8,10,26,11492,200000,2286.3358010458733,86.33580104587327,2200.0,200000,3999,0,281.46
S2,7,20,27,21393,500000,3215.7988673398304,1215.7988673398304,2000.0,500000,9999,0,917.5
S2,8,10,24,11490,200000,2587.1929878247793,387.19298782477927,2200.0,200000,3999,0,328.07
S2,8,10,27,11493,200000,2257.613030734695,57.6130307346948,2200.0,200000,3999,0,348.69
S2,8,10,29,11495,200000,2228.1223484429547,28.122348442954717,2200.0,200000,3999,0,264.23
S2,8,10,25,11491,200000,2501.255095652321,301.25509565232096,2200.0,200000,3999,0,375.76
S2,8,10,28,11494,200000,2391.7078136865753,191.70781368657526,2200.0,200000,3999,0,327.21
S2,7,20,29,21395,500000,4729.517838037581,2729.517838037581,2000.0,500000,9999,0,1014.01
S2,7,20,26,21392,500000,3734.0333032278895,1734.0333032278895,2000.0,500000,9999,0,1102.78
S2,7,20,25,21391,500000,3132.3601674010188,1132.3601674010188,2000.0,500000,9999,0,1143.37
S2,7,20,24,21390,500000,4728.44631092187,2728.4463109218696,2000.0,500000,9999,0,1165.86
S2,7,20,22,21388,500000,4943.760574862206,2943.7605748622063,2000.0,500000,9999,0,1215.56
S2,7,20,23,21389,500000,3731.0075764337917,1731.0075764337917,2000.0,500000,9999,0,1192.06
S2,7,20,28,21394,500000,3636.861427239236,1636.861427239236,2000.0,500000,9999,0,1161.32
S2,8,20,0,21466,500000,98976561373.57358,98976559173.57358,2200.0,500000,9999,0,1538.57
S2,8,20,3,21469,500000,64151512.39878303,64149312.39878303,2200.0,500000,9999,0,1525.68
S2,8,20,5,21471,500000,5666.889475112095,3466.889475112095,2200.0,500000,9999,0,1533.69
S2,8,20,1,21467,500000,880623823.7269164,880621623.7269164,2200.0,500000,9999,0,1607.48
S2,8,20,6,21472,500000,510371367.3413021,510369167.3413021,2200.0,500000,9999,0,1568.44
S2,8,20,7,21473,500000,2852399486.951568,2852397286.951568,2200.0,500000,9999,0,1508.18
S2,8,20,14,21480,500000,19231593.49133163,19229393.49133163,2200.0,500000,9999,0,1367.76
S2,8,20,2,21468,500000,70650871.3886085,70648671.3886085,2200.0,500000,9999,0,1656.92
S2,8,20,10,21476,500000,3647909509.581558,3647907309.581558,2200.0,500000,9999,0,1485.48
S2,8,20,8,21474,500000,15167103612.696066,15167101412.696066,2200.0,500000,9999,0,1540.66
S2,8,20,15,21481,500000,97925641.18050414,97923441.18050414,2200.0,500000,9999,0,1401.71
S2,9,10,0,11566,200000,3640.943738479745,1340.9437384797452,2300.0,200000,3999,0,50.28
S2,9,10,1,11567,200000,3355.919715498171,1055.9197154981712,2300.0,200000,3999,0,64.28
S2,9,10,2,11568,200000,2915.94034389829,615.9403438982899,2300.0,200000,3999,0,65.06
S2,8,20,4,21470,500000,13689908237.246136,13689906037.246136,2200.0,500000,9999,0,1738.78
S2,9,10,3,11569,200000,2938.8013446289533,638.8013446289533,2300.0,200000,3999,0,40.89
S2,9,10,4,11570,200000,2843.2699176811407,543.2699176811407,2300.0,200000,3999,0,32.22
S2,8,20,11,21477,500000,166357.9920802428,164157.9920802428,2200.0,500000,9999,0,1571.9
S2,8,20,13,21479,500000,12075343.026672658,12073143.026672658,2200.0,500000,9999,0,1552.16
S2,9,10,6,11572,200000,3186.638164047861,886.6381640478612,2300.0,200000,3999,0,44.59
S2,8,20,12,21478,500000,2874308.400006276,2872108.400006276,2200.0,500000,9999,0,1585.1
S2,9,10,9,11575,200000,3019.5572758757926,719.5572758757926,2300.0,200000,3999,0,31.47
S2,9,10,10,11576,200000,3084.0822028289977,784.0822028289977,2300.0,200000,3999,0,39.25
S2,9,10,7,11573,200000,3148.6537053074844,848.6537053074844,2300.0,200000,3999,0,66.39
S2,9,10,5,11571,200000,3240.1149247519643,940.1149247519643,2300.0,200000,3999,0,69.1
S2,8,20,9,21475,500000,405658.779256117,403458.779256117,2200.0,500000,9999,0,1670.43
S2,8,20,16,21482,500000,748493696.0352157,748491496.0352157,2200.0,500000,9999,0,1488.98
S2,9,10,8,11574,200000,3153.499489367264,853.4994893672638,2300.0,200000,3999,0,62.61
S2,9,10,12,11578,200000,3341.4480153007153,1041.4480153007153,2300.0,200000,3999,0,38.65
S2,9,10,14,11580,200000,3407.817032514977,1107.8170325149772,2300.0,200000,3999,0,27.94
S2,9,10,11,11577,200000,3443.6909341636383,1143.6909341636383,2300.0,200000,3999,0,64.96
S2,9,10,16,11582,200000,3455.474055755005,1155.4740557550049,2300.0,200000,3999,0,60.41
S2,9,10,13,11579,200000,2845.404451730642,545.404451730642,2300.0,200000,3999,0,71.98
S2,9,10,15,11581,200000,3412.509788424917,1112.5097884249171,2300.0,200000,3999,0,67.97
S2,9,10,20,11586,200000,3070.241125587557,770.2411255875568,2300.0,200000,3999,0,54.8
S2,9,10,21,11587,200000,2952.0707094639647,652.0707094639647,2300.0,200000,3999,0,49.92
S2,9,10,17,11583,200000,3117.2278495291384,817.2278495291384,2300.0,200000,3999,0,64.31
S2,8,20,17,21483,500000,2877100729.8677835,2877098529.8677835,2200.0,500000,9999,0,1535.98
S2,9,10,18,11584,200000,2890.2270211994637,590.2270211994637,2300.0,200000,3999,0,72.45
S2,9,10,19,11585,200000,3020.4059597310516,720.4059597310516,2300.0,200000,3999,0,81.05
S2,9,10,25,11591,200000,3219.3102007310454,919.3102007310454,2300.0,200000,3999,0,41.74
S2,8,20,19,21485,500000,23959189142.17714,23959186942.17714,2200.0,500000,9999,0,1552.93
S2,9,10,23,11589,200000,3220.825833076056,920.8258330760559,2300.0,200000,3999,0,54.64
S2,9,10,24,11590,200000,3056.945897386606,756.9458973866058,2300.0,200000,3999,0,58.07
S2,9,10,22,11588,200000,3007.2483597560986,707.2483597560986,2300.0,200000,3999,0,78.5
S2,9,10,28,11594,200000,3384.205285649456,1084.205285649456,2300.0,200000,3999,0,56.53
S2,9,10,29,11595,200000,2733.9541486236694,433.9541486236694,2300.0,200000,3999,0,52.23
S2,9,10,26,11592,200000,3237.420835004806,937.4208350048061,2300.0,200000,3999,0,62.15
S2,9,10,27,11593,200000,3018.280647586402,718.2806475864022,2300.0,200000,3999,0,71.41
S2,8,20,21,21487,500000,3535.9988991658056,1335.9988991658056,2200.0,500000,9999,0,1547.78
S2,8,20,18,21484,500000,153620385446.11566,153620383246.11566,2200.0,500000,9999,0,1609.15
S2,9,20,0,21566,500000,7133.713317253682,4833.713317253682,2300.0,500000,9999,0,116.56
S2,8,20,20,21486,500000,796210108.8817439,796207908.8817439,2200.0,500000,9999,0,1649.45
S2,9,20,1,21567,500000,5749.758549330618,3449.758549330618,2300.0,500000,9999,0,150.94
S2,9,20,3,21569,500000,6324.89164634209,4024.89164634209,2300.0,500000,9999,0,146.58
S2,9,20,9,21575,500000,5029.744303414326,2729.744303414326,2300.0,500000,9999,0,134.83
S2,9,20,10,21576,500000,6589.549904687761,4289.549904687761,2300.0,500000,9999,0,131.16
S2,9,20,7,21573,500000,7208.336482590873,4908.336482590873,2300.0,500000,9999,0,146.86
S2,9,20,4,21570,500000,6412.593270581811,4112.593270581811,2300.0,500000,9999,0,166.42
S2,9,20,2,21568,500000,5294.886558720833,2994.886558720833,2300.0,500000,9999,0,172.6
S2,9,20,8,21574,500000,5684.107322137992,3384.107322137992,2300.0,500000,9999,0,152.01
S2,9,20,12,21578,500000,10198.178523369454,7898.178523369454,2300.0,500000,9999,0,137.55
S2,9,20,6,21572,500000,5507.810544819051,3207.810544819051,2300.0,500000,9999,0,186.35
S2,9,20,5,21571,500000,9406.072818421177,7106.072818421177,2300.0,500000,9999,0,196.28
S2,9,20,11,21577,500000,6975.397263967741,4675.397263967741,2300.0,500000,9999,0,160.3
S2,9,20,14,21580,500000,6823.612202746504,4523.612202746504,2300.0,500000,9999,0,133.79
S2,9,20,13,21579,500000,6326.862751666317,4026.8627516663173,2300.0,500000,9999,0,163.89
S2,9,20,16,21582,500000,6783.38799402535,4483.38799402535,2300.0,500000,9999,0,110.99
S2,9,20,17,21583,500000,5446.934386119198,3146.9343861191983,2300.0,500000,9999,0,110.66
S2,9,20,15,21581,500000,7660.251426829527,5360.251426829527,2300.0,500000,9999,0,168.4
S2,9,20,24,21590,500000,6508.037354065327,4208.037354065327,2300.0,500000,9999,0,112.48
S2,9,20,19,21585,500000,6000.338429428475,3700.338429428475,2300.0,500000,9999,0,140.72
S2,9,20,23,21589,500000,7729.424216559209,5429.424216559209,2300.0,500000,9999,0,125.32
S2,9,20,21,21587,500000,6221.930251218265,3921.930251218265,2300.0,500000,9999,0,141.55
S2,10,10,0,11666,200000,2687.1484443823956,287.1484443823956,2400.0,200000,3999,0,58.12
S2,9,20,27,21593,500000,6501.991574147907,4201.991574147907,2300.0,500000,9999,0,85.96
S2,9,20,18,21584,500000,5352.205218385769,3052.2052183857686,2300.0,500000,9999,0,170.87
S2,9,20,22,21588,500000,7201.722730640782,4901.722730640782,2300.0,500000,9999,0,163.9
S2,9,20,20,21586,500000,9038.179787233516,6738.1797872335155,2300.0,500000,9999,0,169.16
S2,10,10,2,11668,200000,2869.7672270550606,469.76722705506063,2400.0,200000,3999,0,38.11
S2,10,10,4,11670,200000,2796.306247469268,396.3062474692679,2400.0,200000,3999,0,37.54
S2,9,20,25,21591,500000,5752.238014941511,3452.238014941511,2300.0,500000,9999,0,148.96
S2,10,10,1,11667,200000,2950.6199996982523,550.6199996982523,2400.0,200000,3999,0,55.6
S2,10,10,3,11669,200000,2723.3535969685317,323.35359696853175,2400.0,200000,3999,0,57.33
S2,9,20,26,21592,500000,8932.027050623685,6632.027050623685,2300.0,500000,9999,0,166.45
S2,10,10,7,11673,200000,2780.4259221469483,380.4259221469483,2400.0,200000,3999,0,43.55
S2,9,20,28,21594,500000,5770.827459934149,3470.8274599341494,2300.0,500000,9999,0,121.0
S2,10,10,12,11678,200000,3494.790826793329,1094.790826793329,2400.0,200000,3999,0,35.49
S2,10,10,5,11671,200000,2764.8949268718893,364.8949268718893,2400.0,200000,3999,0,74.86
S2,10,10,8,11674,200000,2702.720943018036,302.720943018036,2400.0,200000,3999,0,51.18
S2,10,10,6,11672,200000,2701.2104146173733,301.2104146173733,2400.0,200000,3999,0,64.37
S2,10,10,10,11676,200000,2709.693780317305,309.693780317305,2400.0,200000,3999,0,59.69
S2,10,10,13,11679,200000,2691.420832126403,291.4208321264032,2400.0,200000,3999,0,53.88
S2,10,10,11,11677,200000,3998.608259530205,1598.608259530205,2400.0,200000,3999,0,63.62
S2,10,10,15,11681,200000,2757.0606984965198,357.06069849651976,2400.0,200000,3999,0,48.41
S2,10,10,9,11675,200000,2681.767382714228,281.767382714228,2400.0,200000,3999,0,79.35
S2,10,10,21,11687,200000,2851.5022045781684,451.5022045781684,2400.0,200000,3999,0,28.87
S2,10,10,18,11684,200000,2808.746118050543,408.7461180505429,2400.0,200000,3999,0,43.23
S2,10,10,16,11682,200000,2727.224365610842,327.22436561084214,2400.0,200000,3999,0,52.81
S2,10,10,14,11680,200000,2832.8546700962493,432.85467009624927,2400.0,200000,3999,0,70.68
S2,9,20,29,21595,500000,9791.946357570752,7491.946357570752,2300.0,500000,9999,0,174.64
S2,10,10,25,11691,200000,2654.5835031660267,254.58350316602673,2400.0,200000,3999,0,26.54
S2,10,10,20,11686,200000,2688.6050524689617,288.60505246896173,2400.0,200000,3999,0,53.15
S2,10,10,19,11685,200000,2858.8060875279134,458.8060875279134,2400.0,200000,3999,0,56.86
S2,10,10,17,11683,200000,2813.53271984821,413.53271984821004,2400.0,200000,3999,0,68.22
S2,10,10,24,11690,200000,2806.396605511023,406.39660551102315,2400.0,200000,3999,0,47.79
S2,10,10,22,11688,200000,2719.1760406101616,319.17604061016164,2400.0,200000,3999,0,67.9
S2,10,10,23,11689,200000,2729.0866974710434,329.0866974710434,2400.0,200000,3999,0,62.14
S2,10,10,26,11692,200000,2790.985424477858,390.98542447785803,2400.0,200000,3999,0,60.71
S2,10,10,29,11695,200000,2687.665671451967,287.6656714519668,2400.0,200000,3999,0,61.45
S2,10,10,28,11694,200000,2829.0226034048505,429.02260340485054,2400.0,200000,3999,0,64.17
S2,10,10,27,11693,200000,2781.090034994214,381.09003499421397,2400.0,200000,3999,0,76.82
S2,10,20,3,21669,500000,6324.974136320869,3924.9741363208686,2400.0,500000,9999,0,72.45
S2,10,20,8,21674,500000,7011.7230625993525,4611.7230625993525,2400.0,500000,9999,0,99.85
S2,10,20,0,21666,500000,7144.803052541223,4744.803052541223,2400.0,500000,9999,0,137.81
S2,10,20,5,21671,500000,6797.434582054027,4397.434582054027,2400.0,500000,9999,0,123.0
S2,10,20,4,21670,500000,6979.675313311057,4579.675313311057,2400.0,500000,9999,0,128.01
S2,10,20,7,21673,500000,6503.941693169637,4103.941693169637,2400.0,500000,9999,0,118.32
S2,10,20,2,21668,500000,6807.518099071838,4407.518099071838,2400.0,500000,9999,0,143.16
S2,10,20,10,21676,500000,6781.469179049176,4381.469179049176,2400.0,500000,9999,0,112.32
S2,10,20,11,21677,500000,6585.244602318886,4185.244602318886,2400.0,500000,9999,0,121.6
S2,10,20,1,21667,500000,7122.985846713186,4722.985846713186,2400.0,500000,9999,0,171.52
S2,10,20,9,21675,500000,6664.326830884662,4264.326830884662,2400.0,500000,9999,0,145.06
S2,10,20,6,21672,500000,6782.8584426366315,4382.8584426366315,2400.0,500000,9999,0,165.58
S2,10,20,12,21678,500000,3235.2685435100066,835.2685435100066,2400.0,500000,9999,0,145.44
S2,10,20,13,21679,500000,6086.7006228850705,3686.7006228850705,2400.0,500000,9999,0,143.66
S2,10,20,14,21680,500000,6464.3421425621,4064.3421425621,2400.0,500000,9999,0,136.44
S2,10,20,15,21681,500000,6264.460531605315,3864.460531605315,2400.0,500000,9999,0,97.91
S2,10,20,16,21682,500000,3298.7344638960462,898.7344638960462,2400.0,500000,9999,0,131.93
S2,10,20,20,21686,500000,4389.752560723266,1989.7525607232656,2400.0,500000,9999,0,127.29
S2,10,20,17,21683,500000,6682.126520292677,4282.126520292677,2400.0,500000,9999,0,151.95
S2,10,20,26,21692,500000,6911.7725021314745,4511.7725021314745,2400.0,500000,9999,0,94.03
S2,10,20,21,21687,500000,7208.132498644999,4808.132498644999,2400.0,500000,9999,0,142.11
S2,10,20,22,21688,500000,4495.033421079035,2095.033421079035,2400.0,500000,9999,0,128.96
S2,10,20,19,21685,500000,6948.506799571446,4548.506799571446,2400.0,500000,9999,0,159.69
S2,10,20,18,21684,500000,6563.238948670497,4163.238948670497,2400.0,500000,9999,0,169.13
S2,10,20,25,21691,500000,6490.210047072257,4090.210047072257,2400.0,500000,9999,0,134.23
S2,10,20,23,21689,500000,3353.116815134216,953.1168151342158,2400.0,500000,9999,0,152.67
S2,10,20,24,21690,500000,7434.803239647242,5034.803239647242,2400.0,500000,9999,0,160.43
S2,10,20,29,21695,500000,3148.4286830399906,748.4286830399906,2400.0,500000,9999,0,132.86
S2,11,10,0,11766,200000,2694.124171595041,94.12417159504093,2600.0,200000,3999,0,107.88
S2,10,20,27,21693,500000,7212.487141882424,4812.487141882424,2400.0,500000,9999,0,165.58
S2,11,10,4,11770,200000,2997.8907596103545,397.8907596103545,2600.0,200000,3999,0,75.1
S2,11,10,1,11767,200000,3286.2247437290634,686.2247437290634,2600.0,200000,3999,0,102.13
S2,11,10,2,11768,200000,3738.745967300004,1138.745967300004,2600.0,200000,3999,0,92.14
S2,10,20,28,21694,500000,7386.856912601868,4986.856912601868,2400.0,500000,9999,0,168.9
S2,11,10,3,11769,200000,3563.5805484836706,963.5805484836706,2600.0,200000,3999,0,94.25
S2,11,10,5,11771,200000,3026.603249085292,426.6032490852922,2600.0,200000,3999,0,94.83
S2,11,10,7,11773,200000,2766.7230186854745,166.72301868547447,2600.0,200000,3999,0,91.83
S2,11,10,6,11772,200000,2885.35740979224,285.3574097922401,2600.0,200000,3999,0,98.39
S2,11,10,8,11774,200000,2844.466282234636,244.46628223463586,2600.0,200000,3999,0,98.03
S2,11,10,9,11775,200000,3286.7439639795766,686.7439639795766,2600.0,200000,3999,0,89.29
S2,11,10,13,11779,200000,2864.5639957364856,264.5639957364856,2600.0,200000,3999,0,60.11
S2,11,10,10,11776,200000,2732.5903985052464,132.5903985052464,2600.0,200000,3999,0,106.01
S2,11,10,16,11782,200000,2652.7807614985895,52.78076149858953,2600.0,200000,3999,0,64.02
S2,11,10,11,11777,200000,2650.098641487061,50.09864148706083,2600.0,200000,3999,0,83.1
S2,11,10,12,11778,200000,2780.2630776513124,180.26307765131241,2600.0,200000,3999,0,74.25
S2,11,10,15,11781,200000,2835.5556966064664,235.55569660646643,2600.0,200000,3999,0,71.76
S2,11,10,17,11783,200000,2658.0599468895966,58.05994688959663,2600.0,200000,3999,0,70.04
S2,11,10,21,11787,200000,2820.863097185144,220.86309718514394,2600.0,200000,3999,0,60.21
S2,11,10,18,11784,200000,2833.2546800275613,233.25468002756134,2600.0,200000,3999,0,88.52
S2,11,10,23,11789,200000,3109.5409544668037,509.54095446680367,2600.0,200000,3999,0,70.71
S2,11,10,14,11780,200000,2831.508500238935,231.50850023893508,2600.0,200000,3999,0,114.55
S2,11,10,20,11786,200000,3087.332049298723,487.3320492987232,2600.0,200000,3999,0,92.87
S2,11,10,22,11788,200000,2784.7057374668057,184.70573746680566,2600.0,200000,3999,0,89.07
S2,11,10,19,11785,200000,2686.4770570800692,86.47705708006924,2600.0,200000,3999,0,107.11
S2,11,10,27,11793,200000,2720.8597018608043,120.85970186080431,2600.0,200000,3999,0,67.5
S2,11,10,25,11791,200000,2671.6355647248674,71.63556472486744,2600.0,200000,3999,0,70.11
S2,11,10,28,11794,200000,2962.805017022319,362.80501702231913,2600.0,200000,3999,0,70.15
S2,11,10,26,11792,200000,2739.9172308132747,139.91723081327473,2600.0,200000,3999,0,79.68
S2,11,10,29,11795,200000,3577.049823159742,977.0498231597421,2600.0,200000,3999,0,82.26
S2,11,10,24,11790,200000,2869.841692628659,269.8416926286591,2600.0,200000,3999,0,99.75
S2,11,20,0,21766,500000,10251.71927836311,7651.719278363111,2600.0,500000,9999,0,206.23
S2,11,20,2,21768,500000,15478.990558788373,12878.990558788373,2600.0,500000,9999,0,202.47
S2,8,20,24,21490,500000,7786754107.85731,7786751907.85731,2200.0,500000,9999,0,1490.16
S2,11,20,1,21767,500000,6451.934954787745,3851.9349547877446,2600.0,500000,9999,0,223.42
S2,11,20,7,21773,500000,6650.189915585249,4050.189915585249,2600.0,500000,9999,0,195.39
S2,11,20,10,21776,500000,8369.383785062972,5769.383785062972,2600.0,500000,9999,0,188.08
S2,11,20,4,21770,500000,6240.216303588326,3640.216303588326,2600.0,500000,9999,0,221.25
S2,11,20,6,21772,500000,6859.5879956382405,4259.5879956382405,2600.0,500000,9999,0,226.8
S2,11,20,12,21778,500000,9371.847172493275,6771.847172493275,2600.0,500000,9999,0,198.44
S2,11,20,8,21774,500000,7190.1915677254865,4590.1915677254865,2600.0,500000,9999,0,223.62
S2,11,20,9,21775,500000,6216.694972177299,3616.694972177299,2600.0,500000,9999,0,222.64
S2,8,20,27,21493,500000,19145176041.170223,19145173841.170223,2200.0,500000,9999,0,1496.25
S2,8,20,25,21491,500000,66352776481.58734,66352774281.58734,2200.0,500000,9999,0,1510.91
S2,11,20,3,21769,500000,7704.314792473463,5104.314792473463,2600.0,500000,9999,0,263.4
S2,11,20,5,21771,500000,5928.342701059131,3328.3427010591313,2600.0,500000,9999,0,269.28
S2,11,20,13,21779,500000,8959.917242972151,6359.917242972151,2600.0,500000,9999,0,230.45
S2,11,20,11,21777,500000,8609.84678678266,6009.84678678266,2600.0,500000,9999,0,241.68
S2,8,20,22,21488,500000,161374347.62531427,161372147.62531427,2200.0,500000,9999,0,1619.81
S2,8,20,23,21489,500000,22409183189.969597,22409180989.969597,2200.0,500000,9999,0,1619.53
S2,8,20,29,21495,500000,780045795.0971242,780043595.0971242,2200.0,500000,9999,0,1531.8
S2,11,20,14,21780,500000,4626.920348982188,2026.9203489821884,2600.0,500000,9999,0,172.0
S2,12,10,0,11866,200000,2971.289489761919,271.28948976191896,2700.0,200000,3999,0,71.64
S2,8,20,26,21492,500000,7430406563.804874,7430404363.804874,2200.0,500000,9999,0,1591.19
S2,12,10,2,11868,200000,3236.817826316533,536.8178263165328,2700.0,200000,3999,0,68.06
S2,8,20,28,21494,500000,1896357869.9906716,1896355669.9906716,2200.0,500000,9999,0,1586.15
S2,11,20,17,21783,500000,3969.216088579858,1369.216088579858,2600.0,500000,9999,0,207.91
S2,12,10,1,11867,200000,3356.9363212022063,656.9363212022063,2700.0,200000,3999,0,126.95
S2,11,20,19,21785,500000,6223.5010763334285,3623.5010763334285,2600.0,500000,9999,0,194.48
S2,12,10,3,11869,200000,3271.6539526589067,571.6539526589067,2700.0,200000,3999,0,90.19
S2,12,10,6,11872,200000,3127.396969257218,427.3969692572182,2700.0,200000,3999,0,80.71
S2,11,20,16,21782,500000,4994.35120087908,2394.3512008790804,2600.0,500000,9999,0,242.08
S2,11,20,24,21790,500000,8109.717392886994,5509.717392886994,2600.0,500000,9999,0,192.54
S2,11,20,18,21784,500000,9964.729898406784,7364.729898406784,2600.0,500000,9999,0,230.05
S2,11,20,20,21786,500000,13746.531786809544,11146.531786809544,2600.0,500000,9999,0,219.51
S2,12,10,4,11870,200000,3247.8696308766002,547.8696308766002,2700.0,200000,3999,0,99.51
S2,12,10,7,11873,200000,3220.114381578328,520.114381578328,2700.0,200000,3999,0,74.16
S2,11,20,15,21781,500000,9970.794839253469,7370.794839253469,2600.0,500000,9999,0,258.96
S2,12,10,8,11874,200000,3205.594536899466,505.5945368994662,2700.0,200000,3999,0,78.25
S2,11,20,21,21787,500000,7853.690915622226,5253.690915622226,2600.0,500000,9999,0,224.54
S2,11,20,25,21791,500000,5360.4244602936315,2760.4244602936315,2600.0,500000,9999,0,208.39
S2,12,10,5,11871,200000,3078.940210857449,378.9402108574491,2700.0,200000,3999,0,119.78
S2,11,20,23,21789,500000,7311.718531603482,4711.718531603482,2600.0,500000,9999,0,223.11
S2,11,20,28,21794,500000,8748.582737125036,6148.582737125036,2600.0,500000,9999,0,206.65
S2,11,20,27,21793,500000,6063.088782244786,3463.0887822447858,2600.0,500000,9999,0,219.67
S2,12,10,10,11876,200000,3341.9980452500445,641.9980452500445,2700.0,200000,3999,0,89.96
S2,12,10,11,11877,200000,3271.534454882485,571.5344548824851,2700.0,200000,3999,0,93.91
S2,12,10,20,11886,200000,2987.9403434768633,287.9403434768633,2700.0,200000,3999,0,57.17
S2,11,20,22,21788,500000,5767.3686795237545,3167.3686795237545,2600.0,500000,9999,0,270.48
S2,12,10,16,11882,200000,3128.3238206506862,428.32382065068623,2700.0,200000,3999,0,76.76
S2,12,10,13,11879,200000,3313.6670749683362,613.6670749683362,2700.0,200000,3999,0,86.09
S2,12,10,18,11884,200000,3239.1259025520603,539.1259025520603,2700.0,200000,3999,0,82.44
S2,11,20,26,21792,500000,13812.08821408753,11212.08821408753,2600.0,500000,9999,0,265.27
S2,12,10,17,11883,200000,3500.462422460054,800.4624224600539,2700.0,200000,3999,0,86.37
S2,12,10,12,11878,200000,3123.2734362044557,423.2734362044557,2700.0,200000,3999,0,98.79
S2,12,10,9,11875,200000,3125.0309405906246,425.0309405906246,2700.0,200000,3999,0,127.67
S2,12,10,14,11880,200000,3156.0405965851605,456.04059658516053,2700.0,200000,3999,0,112.88
S2,12,10,19,11885,200000,3310.21881514305,610.21881514305,2700.0,200000,3999,0,109.66
S2,12,10,15,11881,200000,3336.8933987851738,636.8933987851738,2700.0,200000,3999,0,114.47
S2,11,20,29,21795,500000,14755.676387105268,12155.676387105268,2600.0,500000,9999,0,286.59
S2,12,10,22,11888,200000,3186.7892515850594,486.78925158505945,2700.0,200000,3999,0,100.19
S2,12,10,23,11889,200000,3233.727954452277,533.7279544522771,2700.0,200000,3999,0,99.88
S2,12,10,25,11891,200000,3335.8919075608605,635.8919075608605,2700.0,200000,3999,0,97.16
S2,12,10,24,11890,200000,3097.784840985077,397.78484098507715,2700.0,200000,3999,0,102.39
S2,12,10,21,11887,200000,3536.061218078986,836.0612180789858,2700.0,200000,3999,0,122.56
S2,12,10,27,11893,200000,3316.2069475868393,616.2069475868393,2700.0,200000,3999,0,108.45
S2,12,10,28,11894,200000,3298.909995729681,598.9099957296812,2700.0,200000,3999,0,97.16
S2,12,10,26,11892,200000,3238.199924687183,538.1999246871828,2700.0,200000,3999,0,130.98
S2,12,10,29,11895,200000,3159.8629753662417,459.8629753662417,2700.0,200000,3999,0,116.72
S2,12,20,7,21873,500000,3997.650868575795,1297.650868575795,2700.0,500000,9999,0,181.26
S2,12,20,1,21867,500000,4232.7709152183725,1532.7709152183725,2700.0,500000,9999,0,204.47
S2,12,20,0,21866,500000,3898.1762414977675,1198.1762414977675,2700.0,500000,9999,0,217.19
S2,12,20,2,21868,500000,3889.661105046699,1189.661105046699,2700.0,500000,9999,0,222.89
S2,12,20,5,21871,500000,3706.557419112199,1006.5574191121991,2700.0,500000,9999,0,221.8
S2,12,20,9,21875,500000,3618.610219833067,918.6102198330668,2700.0,500000,9999,0,203.59
S2,12,20,14,21880,500000,4178.99160013623,1478.9916001362299,2700.0,500000,9999,0,185.67
S2,12,20,10,21876,500000,3790.198562085098,1090.1985620850978,2700.0,500000,9999,0,202.8
S2,12,20,6,21872,500000,4284.229412638968,1584.229412638968,2700.0,500000,9999,0,228.6
S2,12,20,17,21883,500000,3934.999469978286,1234.999469978286,2700.0,500000,9999,0,192.87
S3,1,10,1,10767,200000,8173.718764418356,7873.718764418356,300.0,200000,3999,0,5.02
S3,1,10,0,10766,200000,4911.045502165692,4611.045502165692,300.0,200000,3999,0,12.74
S3,1,10,2,10768,200000,18856.364799018538,18556.364799018538,300.0,200000,3999,0,5.5
S2,12,20,8,21874,500000,3629.4265359595015,929.4265359595015,2700.0,500000,9999,0,244.96
S2,12,20,18,21884,500000,4103.078287674887,1403.0782876748872,2700.0,500000,9999,0,191.04
S3,1,10,3,10769,200000,18088.6691616326,17788.6691616326,300.0,200000,3999,0,14.53
S3,1,10,6,10772,200000,20934.619509815137,20634.619509815137,300.0,200000,3999,0,5.0
S3,1,10,5,10771,200000,19244.851686646594,18944.851686646594,300.0,200000,3999,0,9.71
S3,1,10,4,10770,200000,22969.301993031586,22669.301993031586,300.0,200000,3999,0,11.97
S3,1,10,8,10774,200000,14961.507356280688,14661.507356280688,300.0,200000,3999,0,5.48
S3,1,10,10,10776,200000,9839.418515711413,9539.418515711413,300.0,200000,3999,0,5.68
S3,1,10,12,10778,200000,9973.81646259475,9673.81646259475,300.0,200000,3999,0,5.08
S3,1,10,7,10773,200000,9874.522563619006,9574.522563619006,300.0,200000,3999,0,13.68
S3,1,10,11,10777,200000,26801.602870673254,26501.602870673254,300.0,200000,3999,0,10.52
S3,1,10,13,10779,200000,11282.43753121753,10982.43753121753,300.0,200000,3999,0,5.03
S3,1,10,9,10775,200000,15474.89106041817,15174.89106041817,300.0,200000,3999,0,17.62
S2,12,20,4,21870,500000,4176.769795510185,1476.7697955101848,2700.0,500000,9999,0,278.57
S3,1,10,16,10782,200000,10006.64930893428,9706.64930893428,300.0,200000,3999,0,5.03
S3,1,10,15,10781,200000,21931.36174816031,21631.36174816031,300.0,200000,3999,0,9.31
S3,1,10,14,10780,200000,17733.478147506386,17433.478147506386,300.0,200000,3999,0,13.01
S2,12,20,15,21881,500000,3704.96050214954,1004.9605021495399,2700.0,500000,9999,0,247.62
S3,1,10,17,10783,200000,24039.965731109824,23739.965731109824,300.0,200000,3999,0,12.92
S3,1,10,18,10784,200000,10927.621807661268,10627.621807661268,300.0,200000,3999,0,14.76
S3,1,10,19,10785,200000,14057.165963769976,13757.165963769976,300.0,200000,3999,0,11.6
S3,1,10,22,10788,200000,12292.667949631266,11992.667949631266,300.0,200000,3999,0,5.1
S2,12,20,3,21869,500000,4092.606240214888,1392.6062402148882,2700.0,500000,9999,0,301.22
S2,12,20,13,21879,500000,4030.6508595511623,1330.6508595511623,2700.0,500000,9999,0,258.05
S3,1,10,21,10787,200000,23902.000748233153,23602.000748233153,300.0,200000,3999,0,10.57
S3,1,10,25,10791,200000,12725.273231271312,12425.273231271312,300.0,200000,3999,0,5.06
S3,1,10,26,10792,200000,7030.877055114964,6730.877055114964,300.0,200000,3999,0,5.04
S3,1,10,20,10786,200000,12500.174894869573,12200.174894869573,300.0,200000,3999,0,15.07
S3,1,10,28,10794,200000,11943.414950813223,11643.414950813223,300.0,200000,3999,0,9.2
S3,1,10,23,10789,200000,17742.680015782378,17442.680015782378,300.0,200000,3999,0,13.28
S3,1,10,27,10793,200000,8999.581492594853,8699.581492594853,300.0,200000,3999,0,12.29
S3,1,10,24,10790,200000,19904.74048785027,19604.74048785027,300.0,200000,3999,0,14.16
S2,12,20,12,21878,500000,4141.458507664165,1441.4585076641652,2700.0,500000,9999,0,272.11
S3,1,10,29,10795,200000,16312.484461197597,16012.484461197597,300.0,200000,3999,0,12.54
S2,12,20,11,21877,500000,4080.533106547062,1380.5331065470618,2700.0,500000,9999,0,281.54
S3,1,20,1,20767,500000,63414.18282690842,63114.18282690842,300.0,500000,9999,0,12.73
S2,12,20,16,21882,500000,3797.266526666822,1097.2665266668218,2700.0,500000,9999,0,275.22
S3,1,20,6,20772,500000,54595.548339780595,54295.548339780595,300.0,500000,9999,0,16.44
S3,1,20,0,20766,500000,56243.25578820676,55943.25578820676,300.0,500000,9999,0,25.74
S3,1,20,7,20773,500000,78778.35296968065,78478.35296968065,300.0,500000,9999,0,16.4
S3,1,20,2,20768,500000,55183.15678886727,54883.15678886727,300.0,500000,9999,0,30.04
S3,1,20,5,20771,500000,39077.57629067777,38777.57629067777,300.0,500000,9999,0,25.82
S3,1,20,10,20776,500000,53771.36386874316,53471.36386874316,300.0,500000,9999,0,21.56
S3,1,20,3,20769,500000,24051.266172425614,23751.266172425614,300.0,500000,9999,0,28.9
S3,1,20,11,20777,500000,40767.49729552193,40467.49729552193,300.0,500000,9999,0,15.01
S3,1,20,9,20775,500000,47840.4075158859,47540.4075158859,300.0,500000,9999,0,24.81
S3,1,20,4,20770,500000,66499.53561699195,66199.53561699195,300.0,500000,9999,0,32.08
S3,1,20,8,20774,500000,52507.72899824741,52207.72899824741,300.0,500000,9999,0,29.07
S2,12,20,20,21886,500000,4157.357003903333,1457.357003903333,2700.0,500000,9999,0,252.95
S3,1,20,13,20779,500000,63912.9248591021,63612.9248591021,300.0,500000,9999,0,17.02
S3,1,20,12,20778,500000,28805.718903808924,28505.718903808924,300.0,500000,9999,0,20.94
S2,12,20,19,21885,500000,3687.272234562215,987.2722345622151,2700.0,500000,9999,0,280.13
S3,1,20,19,20785,500000,28983.51654655696,28683.51654655696,300.0,500000,9999,0,12.82
S3,1,20,14,20780,500000,28700.928681547175,28400.928681547175,300.0,500000,9999,0,26.22
S3,1,20,18,20784,500000,45266.804797150915,44966.804797150915,300.0,500000,9999,0,20.17
S3,1,20,25,20791,500000,33776.29260362188,33476.29260362188,300.0,500000,9999,0,12.7
S3,1,20,27,20793,500000,53979.97212687316,53679.97212687316,300.0,500000,9999,0,12.7
S3,1,20,15,20781,500000,68828.27296365317,68528.27296365317,300.0,500000,9999,0,32.11
S3,1,20,20,20786,500000,38949.80124947716,38649.80124947716,300.0,500000,9999,0,28.84
S3,2,10,0,10866,200000,1051.2544486805618,651.2544486805618,400.0,200000,3999,0,7.04
S3,2,10,1,10867,200000,2243.736094339155,1843.736094339155,400.0,200000,3999,0,5.95
S3,1,20,23,20789,500000,34417.48569053301,34117.48569053301,300.0,500000,9999,0,28.46
S3,1,20,22,20788,500000,38051.93869634961,37751.93869634961,300.0,500000,9999,0,30.96
S3,1,20,21,20787,500000,51965.541668582606,51665.541668582606,300.0,500000,9999,0,32.28
S3,1,20,26,20792,500000,42254.44196437487,41954.44196437487,300.0,500000,9999,0,21.79
S3,1,20,16,20782,500000,39339.755402301445,39039.755402301445,300.0,500000,9999,0,37.48
S3,1,20,24,20790,500000,42477.68064334849,42177.68064334849,300.0,500000,9999,0,28.66
S3,1,20,17,20783,500000,53768.97508770282,53468.97508770282,300.0,500000,9999,0,39.88
S3,2,10,7,10873,200000,1755.3128676437195,1355.3128676437195,400.0,200000,3999,0,5.93
S2,12,20,21,21887,500000,3849.4853589837358,1149.4853589837358,2700.0,500000,9999,0,279.75
S3,2,10,11,10877,200000,1168.3443831813506,768.3443831813506,400.0,200000,3999,0,5.91
S3,2,10,2,10868,200000,1791.0930896790023,1391.0930896790023,400.0,200000,3999,0,13.83
S3,2,10,5,10871,200000,612.2584697766861,212.25846977668607,400.0,200000,3999,0,11.01
S3,2,10,8,10874,200000,1263.5690059162273,863.5690059162273,400.0,200000,3999,0,8.96
S3,2,10,3,10869,200000,798.8457296148993,398.84572961489926,400.0,200000,3999,0,15.32
S3,2,10,13,10879,200000,2352.3410174770297,1952.3410174770297,400.0,200000,3999,0,5.97
S3,2,10,4,10870,200000,1592.0888490346515,1192.0888490346515,400.0,200000,3999,0,17.02
S3,1,20,29,20795,500000,53060.450985896656,52760.450985896656,300.0,500000,9999,0,28.25
S3,2,10,9,10875,200000,848.3156289606885,448.3156289606885,400.0,200000,3999,0,12.8
S3,2,10,10,10876,200000,1205.6132945416643,805.6132945416643,400.0,200000,3999,0,13.73
S3,2,10,6,10872,200000,1598.334983968989,1198.334983968989,400.0,200000,3999,0,18.37
S3,2,10,14,10880,200000,1515.2507107438405,1115.2507107438405,400.0,200000,3999,0,11.94
S3,2,10,16,10882,200000,2792.9079576743493,2392.9079576743493,400.0,200000,3999,0,12.42
S3,2,10,15,10881,200000,1362.868405193176,962.8684051931759,400.0,200000,3999,0,13.18
S3,2,10,18,10884,200000,1184.322648694204,784.322648694204,400.0,200000,3999,0,11.98
S3,2,10,12,10878,200000,1803.9575566838043,1403.9575566838043,400.0,200000,3999,0,18.13
S3,2,10,24,10890,200000,1866.5176144454874,1466.5176144454874,400.0,200000,3999,0,8.96
S3,2,10,17,10883,200000,1888.0103483683476,1488.0103483683476,400.0,200000,3999,0,15.63
S3,1,20,28,20794,500000,50657.89286920894,50357.89286920894,300.0,500000,9999,0,42.89
S3,2,10,19,10885,200000,862.4853205437219,462.48532054372185,400.0,200000,3999,0,14.65
S3,2,10,20,10886,200000,1677.9997112881654,1277.9997112881654,400.0,200000,3999,0,13.32
S3,2,10,21,10887,200000,846.4781830109853,446.4781830109853,400.0,200000,3999,0,13.83
S3,2,10,27,10893,200000,740.9601978002454,340.9601978002454,400.0,200000,3999,0,9.08
S3,2,10,26,10892,200000,882.4549679412589,482.45496794125893,400.0,200000,3999,0,11.58
S3,2,10,23,10889,200000,900.4651402494416,500.46514024944156,400.0,200000,3999,0,17.18
S3,2,10,22,10888,200000,900.5953323636351,500.59533236363507,400.0,200000,3999,0,18.11
S2,12,20,22,21888,500000,4255.907070602805,1555.907070602805,2700.0,500000,9999,0,218.15
S3,2,10,28,10894,200000,655.9627227889457,255.9627227889457,400.0,200000,3999,0,15.07
S3,2,10,25,10891,200000,802.6392695281927,402.6392695281927,400.0,200000,3999,0,20.57
S3,2,10,29,10895,200000,764.0345940943766,364.03459409437664,400.0,200000,3999,0,15.75
S3,2,20,4,20870,500000,1229.834121801225,829.8341218012249,400.0,500000,9999,0,18.62
S3,2,20,7,20873,500000,1706.44838545449,1306.44838545449,400.0,500000,9999,0,14.82
S3,2,20,3,20869,500000,1810.8212639743083,1410.8212639743083,400.0,500000,9999,0,22.44
S3,2,20,11,20877,500000,4326.981851722512,3926.981851722512,400.0,500000,9999,0,15.07
S3,2,20,5,20871,500000,1603.3807460231785,1203.3807460231785,400.0,500000,9999,0,31.47
S3,2,20,15,20881,500000,4882.592807783304,4482.592807783304,400.0,500000,9999,0,15.04
S3,2,20,16,20882,500000,3113.0136297315894,2713.0136297315894,400.0,500000,9999,0,14.79
S3,2,20,0,20866,500000,2234.316075369383,1834.3160753693828,400.0,500000,9999,0,39.27
S2,12,20,24,21890,500000,3773.450292471052,1073.4502924710519,2700.0,500000,9999,0,235.17
S3,2,20,9,20875,500000,3095.8115448899102,2695.8115448899102,400.0,500000,9999,0,31.77
S3,2,20,1,20867,500000,3705.4334535377006,3305.4334535377006,400.0,500000,9999,0,39.3
S3,2,20,18,20884,500000,3136.9201065416037,2736.9201065416037,400.0,500000,9999,0,15.14
S3,2,20,6,20872,500000,3569.375891569282,3169.375891569282,400.0,500000,9999,0,37.4
S3,2,20,8,20874,500000,4577.203962491407,4177.203962491407,400.0,500000,9999,0,34.68
S3,2,20,12,20878,500000,4041.8589652484916,3641.8589652484916,400.0,500000,9999,0,32.07
S3,2,20,2,20868,500000,2091.9255888472017,1691.9255888472017,400.0,500000,9999,0,45.74
S3,2,20,10,20876,500000,2471.3451758083493,2071.3451758083493,400.0,500000,9999,0,40.94
S3,2,20,17,20883,500000,2423.0070539982953,2023.0070539982953,400.0,500000,9999,0,26.47
S3,2,20,20,20886,500000,3173.9036170832323,2773.9036170832323,400.0,500000,9999,0,15.32
S3,2,20,13,20879,500000,1951.1884728515802,1551.1884728515802,400.0,500000,9999,0,39.54
S3,2,20,22,20888,500000,2459.245475590639,2059.245475590639,400.0,500000,9999,0,15.45
S3,2,20,14,20880,500000,2598.1179823084526,2198.1179823084526,400.0,500000,9999,0,41.4
S3,2,20,21,20887,500000,4042.70007306165,3642.70007306165,400.0,500000,9999,0,23.15
S3,2,20,29,20895,500000,2135.0646967565513,1735.0646967565513,400.0,500000,9999,0,14.86
S2,12,20,25,21891,500000,3747.304241672832,1047.3042416728322,2700.0,500000,9999,0,237.86
S3,3,10,3,10969,200000,600.16680991804,0.16680991804003042,600.0,200000,3999,0,9.67
S2,12,20,26,21892,500000,3897.9688499185413,1197.9688499185413,2700.0,500000,9999,0,232.11
S2,12,20,29,21895,500000,3967.89043011949,1267.8904301194898,2700.0,500000,9999,0,225.01
S2,12,20,23,21889,500000,4076.3106127524334,1376.3106127524334,2700.0,500000,9999,0,268.53
S3,2,20,25,20891,500000,2145.480206613941,1745.480206613941,400.0,500000,9999,0,27.31
S3,3,10,0,10966,200000,600.4001725919484,0.40017259194837607,600.0,200000,3999,0,21.07
S3,2,20,24,20890,500000,3301.0520321361573,2901.0520321361573,400.0,500000,9999,0,29.63
S3,3,10,8,10974,200000,600.0986507825078,0.09865078250777515,600.0,200000,3999,0,9.73
S3,2,20,23,20889,500000,3845.3784937616,3445.3784937616,400.0,500000,9999,0,30.64
S3,3,10,10,10976,200000,600.2874980644771,0.28749806447706305,600.0,200000,3999,0,9.79
S3,2,20,19,20885,500000,3240.2927364046736,2840.2927364046736,400.0,500000,9999,0,37.46
S3,3,10,2,10968,200000,600.3578692077955,0.35786920779548836,600.0,200000,3999,0,20.91
S3,2,20,27,20893,500000,2684.850883157729,2284.850883157729,400.0,500000,9999,0,30.92
S3,3,10,4,10970,200000,600.2298817697404,0.22988176974035923,600.0,200000,3999,0,21.11
S2,12,20,28,21894,500000,4091.3554652513644,1391.3554652513644,2700.0,500000,9999,0,240.86
S3,2,20,26,20892,500000,3475.6557881717135,3075.6557881717135,400.0,500000,9999,0,34.25
S3,3,10,1,10967,200000,600.3600903400583,0.3600903400582638,600.0,200000,3999,0,26.89
S3,3,10,14,10980,200000,600.3968082087559,0.39680820875594236,600.0,200000,3999,0,9.83
S3,3,10,17,10983,200000,600.5337287588285,0.533728758828488,600.0,200000,3999,0,9.8
S3,3,10,5,10971,200000,600.2213567428446,0.22135674284459128,600.0,200000,3999,0,24.82
S3,3,10,7,10973,200000,600.3808509170979,0.38085091709785956,600.0,200000,3999,0,20.3
S3,3,10,9,10975,200000,600.3842740382387,0.38427403823868644,600.0,200000,3999,0,20.2
S3,3,10,6,10972,200000,600.1746013877726,0.17460138777255452,600.0,200000,3999,0,27.44
S3,3,10,12,10978,200000,600.1406933110786,0.14069331107862126,600.0,200000,3999,0,21.14
S2,12,20,27,21893,500000,3523.9736171848026,823.9736171848026,2700.0,500000,9999,0,253.85
S3,3,10,11,10977,200000,600.3413412154528,0.34134121545275775,600.0,200000,3999,0,22.5
S3,3,10,16,10982,200000,600.4097142742156,0.40971427421561657,600.0,200000,3999,0,17.04
S3,3,10,18,10984,200000,600.5343515969976,0.534351596997567,600.0,200000,3999,0,16.78
S3,3,10,27,10993,200000,600.2031329334715,0.20313293347146555,600.0,200000,3999,0,9.7
S3,2,20,28,20894,500000,2178.580460146939,1778.580460146939,400.0,500000,9999,0,45.45
S3,3,10,19,10985,200000,600.3302674451908,0.33026744519077056,600.0,200000,3999,0,18.07
S3,3,10,28,10994,200000,600.2540634303753,0.25406343037525403,600.0,200000,3999,0,11.39
S3,3,10,13,10979,200000,600.2945008903979,0.29450089039789873,600.0,200000,3999,0,24.88
S3,3,10,20,10986,200000,600.7940907393269,0.7940907393268617,600.0,200000,3999,0,19.85
S3,3,10,22,10988,200000,600.446489387593,0.4464893875930329,600.0,200000,3999,0,20.73
S3,3,10,15,10981,200000,600.3757965425266,0.37579654252658656,600.0,200000,3999,0,29.75
S3,3,10,29,10995,200000,600.4200653368669,0.42006533686685543,600.0,200000,3999,0,19.18
S3,3,10,23,10989,200000,600.6534821245939,0.6534821245938929,600.0,200000,3999,0,26.93
S3,3,10,24,10990,200000,600.1839439663491,0.18394396634914756,600.0,200000,3999,0,27.4
S3,3,10,26,10992,200000,600.1584221619175,0.15842216191754233,600.0,200000,3999,0,26.36
S3,3,10,21,10987,200000,600.4873731403446,0.48737314034463,600.0,200000,3999,0,31.1
S3,3,10,25,10991,200000,600.5240990014398,0.5240990014398221,600.0,200000,3999,0,32.34
S3,3,20,6,20972,500000,601.7360836732614,1.7360836732614189,600.0,500000,9999,0,25.19
S3,3,20,8,20974,500000,601.4880977544692,1.4880977544692087,600.0,500000,9999,0,25.22
S3,3,20,18,20984,500000,601.1378633788522,1.1378633788522166,600.0,500000,9999,0,24.52
S3,3,20,9,20975,500000,601.4214562175083,1.4214562175083074,600.0,500000,9999,0,47.25
S3,3,20,4,20970,500000,601.2676079976318,1.267607997631785,600.0,500000,9999,0,49.8
S3,3,20,13,20979,500000,602.0991027476264,2.0991027476263753,600.0,500000,9999,0,47.38
S3,3,20,5,20971,500000,602.000171212483,2.0001712124829965,600.0,500000,9999,0,52.75
S3,3,20,15,20981,500000,601.8390240970735,1.8390240970735476,600.0,500000,9999,0,44.78
S3,3,20,1,20967,500000,601.2249239997516,1.2249239997515815,600.0,500000,9999,0,63.4
S3,3,20,7,20973,500000,602.1734931598994,2.173493159899408,600.0,500000,9999,0,58.31
S3,3,20,2,20968,500000,601.8696738059539,1.8696738059538802,600.0,500000,9999,0,62.1
S3,3,20,17,20983,500000,601.9811943188896,1.9811943188896066,600.0,500000,9999,0,44.99
S3,3,20,3,20969,500000,601.8160499074992,1.8160499074991776,600.0,500000,9999,0,62.41
S3,3,20,10,20976,500000,600.6811958606146,0.6811958606145936,600.0,500000,9999,0,60.96
S3,3,20,0,20966,500000,601.6326583742149,1.6326583742148841,600.0,500000,9999,0,70.53
S3,3,20,23,20989,500000,601.9651478726855,1.9651478726855203,600.0,500000,9999,0,40.64
S3,3,20,16,20982,500000,601.1444809938769,1.1444809938768685,600.0,500000,9999,0,54.97
S3,3,20,11,20977,500000,601.5433120409606,1.5433120409605863,600.0,500000,9999,0,65.39
S3,3,20,20,20986,500000,601.8772061600977,1.8772061600976713,600.0,500000,9999,0,53.22
S3,3,20,12,20978,500000,601.4297299597072,1.4297299597071742,600.0,500000,9999,0,68.56
S3,3,20,19,20985,500000,602.5139587297127,2.5139587297127264,600.0,500000,9999,0,62.12
S3,4,10,0,11066,200000,906.5,106.5,800.0,200000,3999,0,22.3
S3,3,20,28,20994,500000,601.3437609700978,1.3437609700978328,600.0,500000,9999,0,27.83
S3,3,20,14,20980,500000,601.6977615468019,1.6977615468018712,600.0,500000,9999,0,74.65
S3,4,10,1,11067,200000,920.5,120.5,800.0,200000,3999,0,23.81
S3,4,10,4,11070,200000,946.3791774428153,146.37917744281526,800.0,200000,3999,0,24.74
S3,4,10,5,11071,200000,899.6131508845564,99.61315088455638,800.0,200000,3999,0,22.57
S3,3,20,22,20988,500000,601.2027772443771,1.2027772443771028,600.0,500000,9999,0,62.13
S3,4,10,9,11075,200000,850.1573105560325,50.157310556032485,800.0,200000,3999,0,20.09
S3,4,10,3,11069,200000,919.3227387715127,119.32273877151272,800.0,200000,3999,0,29.31
S3,4,10,7,11073,200000,876.3208033872927,76.3208033872927,800.0,200000,3999,0,23.87
S3,3,20,21,20987,500000,601.9354496478793,1.9354496478792953,600.0,500000,9999,0,70.22
S3,4,10,11,11077,200000,891.6834180964049,91.68341809640492,800.0,200000,3999,0,20.53
S3,3,20,24,20990,500000,601.6691391610166,1.6691391610165738,600.0,500000,9999,0,53.9
S3,4,10,6,11072,200000,994.0,194.0,800.0,200000,3999,0,31.14
S3,3,20,25,20991,500000,601.2121315297899,1.2121315297898718,600.0,500000,9999,0,46.95
S3,4,10,13,11079,200000,916.8944785267087,116.89447852670867,800.0,200000,3999,0,15.29
S3,4,10,14,11080,200000,902.4660851598869,102.46608515988692,800.0,200000,3999,0,15.62
S3,4,10,10,11076,200000,865.6827042717455,65.68270427174548,800.0,200000,3999,0,27.4
S3,3,20,27,20993,500000,601.668540253319,1.6685402533189517,600.0,500000,9999,0,47.83
S3,3,20,26,20992,500000,601.6082941880734,1.608294188073387,600.0,500000,9999,0,51.76
S3,4,10,2,11068,200000,869.6291373572553,69.62913735725533,800.0,200000,3999,0,43.44
S3,4,10,18,11084,200000,913.3608563880198,113.36085638801978,800.0,200000,3999,0,17.9
S3,4,10,8,11074,200000,944.4824938292592,144.48249382925917,800.0,200000,3999,0,38.95
S3,4,10,19,11085,200000,912.957735477612,112.957735477612,800.0,200000,3999,0,20.8
S3,4,10,15,11081,200000,874.0,74.0,800.0,200000,3999,0,28.15
S3,4,10,27,11093,200000,905.0516905452225,105.05169054522253,800.0,200000,3999,0,14.5
S3,4,10,12,11078,200000,859.9307029737965,59.93070297379654,800.0,200000,3999,0,31.91
S3,4,10,17,11083,200000,917.9089755512653,117.90897555126526,800.0,200000,3999,0,26.23
S3,3,20,29,20995,500000,600.9273482286811,0.9273482286811259,600.0,500000,9999,0,55.8
S3,4,10,28,11094,200000,923.0,123.0,800.0,200000,3999,0,18.04
S3,4,10,23,11089,200000,886.7387275661273,86.7387275661273,800.0,200000,3999,0,22.12
S3,4,10,26,11092,200000,912.5,112.5,800.0,200000,3999,0,22.02
S3,4,10,22,11088,200000,881.9194636914715,81.91946369147149,800.0,200000,3999,0,27.94
S3,4,10,16,11082,200000,858.3570214087803,58.35702140878027,800.0,200000,3999,0,36.52
S3,4,10,20,11086,200000,939.0759897253591,139.07598972535914,800.0,200000,3999,0,31.75
S3,4,10,24,11090,200000,902.0,102.0,800.0,200000,3999,0,31.98
S3,4,10,21,11087,200000,882.2443084224518,82.24430842245181,800.0,200000,3999,0,45.61
S3,4,10,25,11091,200000,857.2748746162603,57.27487461626026,800.0,200000,3999,0,41.21
S3,4,10,29,11095,200000,866.5000000001221,66.5000000001221,800.0,200000,3999,0,42.03
S3,4,20,5,21071,500000,1132.2451614843649,332.24516148436487,800.0,500000,9999,0,51.45
S3,4,20,16,21082,500000,1115.4011527758237,315.4011527758237,800.0,500000,9999,0,44.12
S3,4,20,14,21080,500000,1231.379912744609,431.3799127446091,800.0,500000,9999,0,47.3
S3,4,20,15,21081,500000,1079.1153824002445,279.11538240024447,800.0,500000,9999,0,46.39
S3,4,20,4,21070,500000,1121.4621268124379,321.4621268124379,800.0,500000,9999,0,61.15
S3,4,20,1,21067,500000,1104.4021259374845,304.40212593748447,800.0,500000,9999,0,67.38
S3,4,20,13,21079,500000,1148.6761057658862,348.6761057658862,800.0,500000,9999,0,55.84
S3,4,20,11,21077,500000,1161.6610513087373,361.66105130873734,800.0,500000,9999,0,63.1
S3,4,20,10,21076,500000,1105.8401555675778,305.84015556757777,800.0,500000,9999,0,67.24
S3,4,20,2,21068,500000,1151.2400354872866,351.2400354872866,800.0,500000,9999,0,79.56
S3,4,20,18,21084,500000,1248.3365810702612,448.3365810702612,800.0,500000,9999,0,56.26
S3,5,10,0,11166,200000,903.0682931761847,3.0682931761847385,900.0,200000,3999,0,7.8
S3,4,20,7,21073,500000,1095.870121537947,295.87012153794694,800.0,500000,9999,0,77.87
S3,4,20,9,21075,500000,1152.7265397199926,352.7265397199926,800.0,500000,9999,0,79.13
S3,5,10,1,11167,200000,900.318802130299,0.31880213029899096,900.0,200000,3999,0,12.46
S3,4,20,3,21069,500000,1129.788201721029,329.78820172102905,800.0,500000,9999,0,91.65
S3,4,20,12,21078,500000,1087.0,287.0,800.0,500000,9999,0,80.95
S3,4,20,6,21072,500000,1141.8752911412828,341.8752911412828,800.0,500000,9999,0,87.11
S3,5,10,4,11170,200000,903.1939376391613,3.193937639161277,900.0,200000,3999,0,10.27
S3,4,20,8,21074,500000,1147.3313224228111,347.3313224228111,800.0,500000,9999,0,89.52
S3,4,20,0,21066,500000,1074.2000458406883,274.2000458406883,800.0,500000,9999,0,104.71
S3,5,10,2,11168,200000,906.6845970704779,6.684597070477935,900.0,200000,3999,0,21.77
S3,4,20,17,21083,500000,1112.642568698844,312.6425686988439,800.0,500000,9999,0,82.47
S3,5,10,3,11169,200000,900.7526750533301,0.7526750533301083,900.0,200000,3999,0,19.3
S3,5,10,7,11173,200000,901.5756013386358,1.5756013386358063,900.0,200000,3999,0,16.47
S3,5,10,5,11171,200000,907.8183586931973,7.818358693197297,900.0,200000,3999,0,21.58
S3,5,10,8,11174,200000,902.9727754036528,2.972775403652804,900.0,200000,3999,0,19.1
S3,5,10,10,11176,200000,902.2291005065488,2.2291005065487752,900.0,200000,3999,0,16.21
S3,4,20,19,21085,500000,1062.2109979207123,262.2109979207123,800.0,500000,9999,0,78.73
S3,4,20,22,21088,500000,1193.5663163729182,393.5663163729182,800.0,500000,9999,0,57.42
S3,5,10,14,11180,200000,905.0570708498809,5.057070849880915,900.0,200000,3999,0,11.77
S3,5,10,6,11172,200000,901.5253912777044,1.5253912777044434,900.0,200000,3999,0,26.26
S3,5,10,13,11179,200000,902.943936428889,2.9439364288889465,900.0,200000,3999,0,16.8
S3,5,10,9,11175,200000,901.0005549707068,1.000554970706844,900.0,200000,3999,0,26.15
S3,5,10,11,11177,200000,901.7555603796374,1.755560379637359,900.0,200000,3999,0,22.73
S3,5,10,22,11188,200000,901.607509395683,1.607509395682996,900.0,200000,3999,0,7.87
S3,4,20,21,21087,500000,1163.574363341146,363.57436334114595,800.0,500000,9999,0,86.11
S3,5,10,12,11178,200000,908.0215221092243,8.021522109224293,900.0,200000,3999,0,22.99
S3,5,10,18,11184,200000,905.7465033689391,5.746503368939102,900.0,200000,3999,0,13.72
S3,4,20,20,21086,500000,1264.2543332813266,464.2543332813266,800.0,500000,9999,0,91.83
S3,5,10,16,11182,200000,901.285757408253,1.2857574082529482,900.0,200000,3999,0,19.3
S3,5,10,17,11183,200000,905.1417259708285,5.141725970828475,900.0,200000,3999,0,19.91
S3,5,10,15,11181,200000,905.6744751526212,5.6744751526211985,900.0,200000,3999,0,24.92
S3,5,10,21,11187,200000,906.3276647258454,6.327664725845352,900.0,200000,3999,0,17.39
S3,4,20,23,21089,500000,976.5083394525425,176.5083394525425,800.0,500000,9999,0,69.42
S3,5,10,29,11195,200000,903.9605288723128,3.960528872312807,900.0,200000,3999,0,8.98
S3,5,10,27,11193,200000,901.1350695037163,1.135069503716295,900.0,200000,3999,0,11.29
S3,4,20,27,21093,500000,1221.5990634312452,421.5990634312452,800.0,500000,9999,0,68.55
S3,5,10,24,11190,200000,903.9087689436928,3.9087689436928486,900.0,200000,3999,0,15.83
S3,5,10,20,11186,200000,902.3237224442543,2.3237224442542583,900.0,200000,3999,0,23.13
S3,5,10,19,11185,200000,902.2021714133036,2.202171413303631,900.0,200000,3999,0,23.65
S3,5,10,26,11192,200000,902.3682421831106,2.368242183110624,900.0,200000,3999,0,17.09
S3,5,10,25,11191,200000,905.7113897010067,5.711389701006738,900.0,200000,3999,0,20.07
S3,4,20,29,21095,500000,1136.5,336.5,800.0,500000,9999,0,66.34
S3,5,10,23,11189,200000,900.8859688486792,0.8859688486792265,900.0,200000,3999,0,22.37
S3,4,20,26,21092,500000,1023.2596721001,223.25967210010003,800.0,500000,9999,0,77.92
S3,4,20,24,21090,500000,1189.8113735472652,389.81137354726525,800.0,500000,9999,0,80.41
S3,5,10,28,11194,200000,903.0901697896436,3.0901697896435962,900.0,200000,3999,0,21.17
S3,4,20,28,21094,500000,1274.5717347826921,474.57173478269215,800.0,500000,9999,0,77.34
S3,4,20,25,21091,500000,1164.8055476553986,364.80554765539864,800.0,500000,9999,0,88.39
S3,5,20,7,21173,500000,912.6948574597133,12.694857459713262,900.0,500000,9999,0,20.14
S3,5,20,13,21179,500000,909.3243174594062,9.324317459406188,900.0,500000,9999,0,19.82
S3,5,20,5,21171,500000,910.6894213951618,10.689421395161844,900.0,500000,9999,0,27.92
S3,5,20,1,21167,500000,906.2439032624815,6.243903262481467,900.0,500000,9999,0,34.72
S3,5,20,3,21169,500000,910.9632580911657,10.963258091165699,900.0,500000,9999,0,34.47
S3,5,20,2,21168,500000,919.2929527872716,19.292952787271588,900.0,500000,9999,0,40.72
S3,5,20,6,21172,500000,919.10502675497,19.105026754970027,900.0,500000,9999,0,40.36
S3,5,20,18,21184,500000,908.5654548814057,8.565454881405685,900.0,500000,9999,0,28.88
S3,5,20,22,21188,500000,917.2104587147918,17.2104587147918,900.0,500000,9999,0,20.41
S3,5,20,8,21174,500000,921.9081572189796,21.908157218979568,900.0,500000,9999,0,41.23
S3,5,20,0,21166,500000,914.5218342315327,14.521834231532694,900.0,500000,9999,0,51.76
S3,5,20,4,21170,500000,918.3675689258135,18.367568925813544,900.0,500000,9999,0,48.75
S3,5,20,10,21176,500000,921.7203225757385,21.720322575738464,900.0,500000,9999,0,44.15
S3,5,20,12,21178,500000,924.7054343187617,24.705434318761718,900.0,500000,9999,0,45.63
S3,5,20,15,21181,500000,910.5471162644817,10.547116264481701,900.0,500000,9999,0,41.8
S3,5,20,20,21186,500000,931.3458699648007,31.345869964800727,900.0,500000,9999,0,37.31
S3,6,10,0,11266,200000,67987.24924803613,66187.24924803613,1800.0,200000,3999,0,11.33
S3,5,20,23,21189,500000,918.0503039884005,18.050303988400515,900.0,500000,9999,0,28.85
S3,5,20,16,21182,500000,919.4213333467193,19.42133334671928,900.0,500000,9999,0,48.29
S3,5,20,14,21180,500000,918.3262803316616,18.326280331661565,900.0,500000,9999,0,50.68
S3,5,20,29,21195,500000,908.8899856068878,8.889985606887763,900.0,500000,9999,0,19.65
S3,6,10,7,11273,200000,279320.17636544793,277520.17636544793,1800.0,200000,3999,0,9.94
S3,5,20,25,21191,500000,913.5344362802441,13.534436280244108,900.0,500000,9999,0,31.95
S3,5,20,11,21177,500000,922.3744174193355,22.374417419335487,900.0,500000,9999,0,58.55
S3,6,10,8,11274,200000,3635994.143853945,3634194.143853945,1800.0,200000,3999,0,10.31
S3,5,20,17,21183,500000,913.9995194852497,13.99951948524972,900.0,500000,9999,0,54.36
S3,5,20,21,21187,500000,909.1685562622652,9.168556262265156,900.0,500000,9999,0,44.35
S3,5,20,24,21190,500000,907.8650851531395,7.865085153139489,900.0,500000,9999,0,38.24
S3,5,20,28,21194,500000,909.1250790295662,9.125079029566223,900.0,500000,9999,0,29.54
S3,5,20,9,21175,500000,904.2353483309755,4.235348330975512,900.0,500000,9999,0,66.87
S3,5,20,19,21185,500000,909.8494205269168,9.849420526916788,900.0,500000,9999,0,59.53
S3,6,10,14,11280,200000,442343620.5989828,442341820.5989828,1800.0,200000,3999,0,11.6
S3,5,20,26,21192,500000,907.8385398001001,7.8385398001000794,900.0,500000,9999,0,40.71
S3,6,10,12,11278,200000,89608.38239339192,87808.38239339192,1800.0,200000,3999,0,13.16
S3,6,10,3,11269,200000,139026.7781782971,137226.7781782971,1800.0,200000,3999,0,26.8
S3,6,10,1,11267,200000,36263.802362286,34463.802362286,1800.0,200000,3999,0,32.05
S3,6,10,9,11275,200000,181307368.67182338,181305568.67182338,1800.0,200000,3999,0,21.47
S3,6,10,13,11279,200000,28217627.349441122,28215827.349441122,1800.0,200000,3999,0,16.54
S3,6,10,6,11272,200000,146260573.02745587,146258773.02745587,1800.0,200000,3999,0,27.35
S3,6,10,4,11270,200000,37018661.40898241,37016861.40898241,1800.0,200000,3999,0,30.5
S3,6,10,2,11268,200000,5933608.896293158,5931808.896293158,1800.0,200000,3999,0,34.74
S3,6,10,5,11271,200000,67961244.2889706,67959444.2889706,1800.0,200000,3999,0,30.71
S3,6,10,11,11277,200000,13384514.233394258,13382714.233394258,1800.0,200000,3999,0,22.03
S3,6,10,15,11281,200000,40530.9668492104,38730.9668492104,1800.0,200000,3999,0,19.37
S3,6,10,23,11289,200000,168654.3693942906,166854.3693942906,1800.0,200000,3999,0,10.07
S3,6,10,18,11284,200000,91337.4328770569,89537.4328770569,1800.0,200000,3999,0,20.92
S3,6,10,16,11282,200000,6932907.530233915,6931107.530233915,1800.0,200000,3999,0,22.63
S3,6,10,17,11283,200000,82563.11632222925,80763.11632222925,1800.0,200000,3999,0,22.8
S3,6,10,10,11276,200000,31572.802513925075,29772.802513925075,1800.0,200000,3999,0,32.89
S3,6,10,25,11291,200000,20364737.933339782,20362937.933339782,1800.0,200000,3999,0,17.36
S3,6,10,22,11288,200000,1259869.3875921408,1258069.3875921408,1800.0,200000,3999,0,19.82
S3,6,10,19,11285,200000,27609244.1944241,27607444.1944241,1800.0,200000,3999,0,27.96
S3,6,10,27,11293,200000,8349393.860479236,8347593.860479236,1800.0,200000,3999,0,18.7
S3,6,10,29,11295,200000,109704.92125863176,107904.92125863176,1800.0,200000,3999,0,21.26
S3,6,10,24,11290,200000,52658946.79584725,52657146.79584725,1800.0,200000,3999,0,26.7
S3,6,10,28,11294,200000,112458.20436331253,110658.20436331253,1800.0,200000,3999,0,24.45
S3,5,20,27,21193,500000,910.1872419740173,10.187241974017297,900.0,500000,9999,0,64.21
S3,6,10,21,11287,200000,351931777.15150565,351929977.15150565,1800.0,200000,3999,0,34.51
S3,6,10,20,11286,200000,26159039.917411674,26157239.917411674,1800.0,200000,3999,0,35.08
S3,6,10,26,11292,200000,52121.93368743546,50321.93368743546,1800.0,200000,3999,0,31.9
S3,6,20,14,21280,500000,834688400.6149954,834686600.6149954,1800.0,500000,9999,0,24.95
S3,6,20,4,21270,500000,8247600633.778209,8247598833.778209,1800.0,500000,9999,0,42.94
S3,6,20,5,21271,500000,3841923280.392219,3841921480.392219,1800.0,500000,9999,0,42.57
S3,6,20,16,21282,500000,2862352434.7971087,2862350634.7971087,1800.0,500000,9999,0,25.1
S3,6,20,6,21272,500000,2016588992.2207487,2016587192.2207487,1800.0,500000,9999,0,47.61
S3,6,20,1,21267,500000,4105355474.1778784,4105353674.1778784,1800.0,500000,9999,0,54.93
S3,6,20,8,21274,500000,2210119093.3423314,2210117293.3423314,1800.0,500000,9999,0,51.41
S3,6,20,9,21275,500000,1015548056.8006217,1015546256.8006217,1800.0,500000,9999,0,50.52
S3,6,20,17,21283,500000,3585666984.050685,3585665184.050685,1800.0,500000,9999,0,40.54
S3,6,20,0,21266,500000,3714693831.4140816,3714692031.4140816,1800.0,500000,9999,0,67.06
S3,6,20,13,21279,500000,1449959912.219224,1449958112.219224,1800.0,500000,9999,0,51.94
S3,6,20,3,21269,500000,5403074456.383768,5403072656.383768,1800.0,500000,9999,0,65.41
S3,6,20,2,21268,500000,3223380419.911384,3223378619.911384,1800.0,500000,9999,0,68.1
S3,6,20,15,21281,500000,4423139061.469835,4423137261.469835,1800.0,500000,9999,0,53.14
S3,6,20,12,21278,500000,3739850604.0267367,3739848804.0267367,1800.0,500000,9999,0,62.54
S3,6,20,11,21277,500000,4348670464.625812,4348668664.625812,1800.0,500000,9999,0,63.44
S3,6,20,21,21287,500000,5636366835.817698,5636365035.817698,1800.0,500000,9999,0,49.03
S3,6,20,7,21273,500000,3163509090.00122,3163507290.00122,1800.0,500000,9999,0,73.54
S3,6,20,18,21284,500000,5271082109.461961,5271080309.461961,1800.0,500000,9999,0,59.68
S3,6,20,23,21289,500000,8060544350.212488,8060542550.212488,1800.0,500000,9999,0,38.23
S3,6,20,19,21285,500000,2034415143.6809115,2034413343.6809115,1800.0,500000,9999,0,59.28
S3,6,20,10,21276,500000,2799392436.9161787,2799390636.9161787,1800.0,500000,9999,0,73.87
S3,6,20,24,21290,500000,2631746318.0896835,2631744518.0896835,1800.0,500000,9999,0,40.54
S3,6,20,25,21291,500000,954386760.5330745,954384960.5330745,1800.0,500000,9999,0,43.63
S3,6,20,22,21288,500000,908785307.5797313,908783507.5797313,1800.0,500000,9999,0,54.65
S3,6,20,20,21286,500000,3986868852.405234,3986867052.405234,1800.0,500000,9999,0,77.41
S3,6,20,27,21293,500000,3707171565.766759,3707169765.766759,1800.0,500000,9999,0,52.94
S3,6,20,29,21295,500000,4129748822.654117,4129747022.654117,1800.0,500000,9999,0,58.6
S3,6,20,26,21292,500000,4776523833.261824,4776522033.261824,1800.0,500000,9999,0,68.12
S3,6,20,28,21294,500000,3583499858.675373,3583498058.675373,1800.0,500000,9999,0,64.63
S3,7,10,5,11371,200000,2264.1736477041245,264.1736477041245,2000.0,200000,3999,0,178.66
S3,7,10,4,11370,200000,2233.6255044258533,233.62550442585325,2000.0,200000,3999,0,185.49
S3,7,10,15,11381,200000,2443.855274592396,443.8552745923962,2000.0,200000,3999,0,172.07
S3,7,10,1,11367,200000,2954.5521431706416,954.5521431706416,2000.0,200000,3999,0,214.28
S3,7,10,0,11366,200000,2258.442263699874,258.4422636998738,2000.0,200000,3999,0,222.66
S3,7,10,16,11382,200000,2291.4123460897176,291.41234608971763,2000.0,200000,3999,0,191.12
S3,7,10,18,11384,200000,2217.2355740584276,217.23557405842757,2000.0,200000,3999,0,185.91
S3,7,10,14,11380,200000,4170.072118566363,2170.0721185663633,2000.0,200000,3999,0,208.96
S3,7,10,8,11374,200000,2798.904330538853,798.9043305388532,2000.0,200000,3999,0,223.7
S3,7,10,11,11377,200000,2086.3079135738403,86.30791357384032,2000.0,200000,3999,0,221.25
S3,7,10,12,11378,200000,2417.372928559157,417.3729285591571,2000.0,200000,3999,0,226.74
S3,7,10,21,11387,200000,2713.0534421349926,713.0534421349926,2000.0,200000,3999,0,207.11
S3,7,10,3,11369,200000,2207.519845323474,207.51984532347387,2000.0,200000,3999,0,269.02
S3,7,10,13,11379,200000,2520.1588174104,520.1588174103999,2000.0,200000,3999,0,261.71
S3,7,10,6,11372,200000,2177.904115188264,177.90411518826386,2000.0,200000,3999,0,272.02
S3,7,10,9,11375,200000,2285.9551310056418,285.95513100564176,2000.0,200000,3999,0,269.62
S3,7,10,2,11368,200000,2502.3603412283105,502.3603412283105,2000.0,200000,3999,0,284.48
S3,7,10,10,11376,200000,2212.417542162732,212.41754216273193,2000.0,200000,3999,0,269.07
S3,7,10,7,11373,200000,2075.1784330376126,75.17843303761265,2000.0,200000,3999,0,287.21
S3,7,10,19,11385,200000,2114.2289210673543,114.22892106735435,2000.0,200000,3999,0,246.44
S3,7,10,17,11383,200000,2254.7052738269986,254.70527382699856,2000.0,200000,3999,0,277.13
S3,7,10,20,11386,200000,2516.6051636656343,516.6051636656343,2000.0,200000,3999,0,265.31
S3,7,10,22,11388,200000,4928.145548954174,2928.145548954174,2000.0,200000,3999,0,220.87
S3,7,10,25,11391,200000,3352.5257394349464,1352.5257394349464,2000.0,200000,3999,0,203.63
S3,7,10,24,11390,200000,2100.7165218193013,100.7165218193013,2000.0,200000,3999,0,244.83
S3,7,10,23,11389,200000,2681.829951052825,681.829951052825,2000.0,200000,3999,0,251.59
S3,7,10,27,11393,200000,2245.5305510555677,245.53055105556768,2000.0,200000,3999,0,240.51
S3,7,10,28,11394,200000,2385.7116747879163,385.7116747879163,2000.0,200000,3999,0,267.24
S3,7,10,26,11392,200000,2358.721252943409,358.7212529434091,2000.0,200000,3999,0,295.91
S3,7,10,29,11395,200000,4351.93234760405,2351.93234760405,2000.0,200000,3999,0,312.38
S3,7,20,2,21368,500000,8074.812640552498,6074.812640552498,2000.0,500000,9999,0,921.75
S3,7,20,9,21375,500000,4395.345795411431,2395.345795411431,2000.0,500000,9999,0,944.97
S3,7,20,15,21381,500000,4301.3064644105525,2301.3064644105525,2000.0,500000,9999,0,863.97
S3,7,20,0,21366,500000,3310.5831948458494,1310.5831948458494,2000.0,500000,9999,0,1049.68
S3,7,20,5,21371,500000,2945.0877641419897,945.0877641419897,2000.0,500000,9999,0,1035.12
S3,7,20,7,21373,500000,6613.034092323475,4613.034092323475,2000.0,500000,9999,0,1034.69
S3,7,20,11,21377,500000,3407.232650876317,1407.2326508763172,2000.0,500000,9999,0,1044.45
S3,7,20,10,21376,500000,4592.8281736741765,2592.8281736741765,2000.0,500000,9999,0,1081.06
S3,7,20,4,21370,500000,6738.0811075660995,4738.0811075660995,2000.0,500000,9999,0,1113.22
S3,7,20,3,21369,500000,5345.906376493156,3345.906376493156,2000.0,500000,9999,0,1127.84
S3,7,20,8,21374,500000,5171.766893354465,3171.7668933544646,2000.0,500000,9999,0,1117.36
S3,7,20,6,21372,500000,3109.694152548472,1109.6941525484722,2000.0,500000,9999,0,1128.43
S3,7,20,1,21367,500000,5459.318898955473,3459.318898955473,2000.0,500000,9999,0,1190.82
S3,7,20,12,21378,500000,5361.483537531536,3361.483537531536,2000.0,500000,9999,0,1121.61
S3,7,20,13,21379,500000,4723.015856241153,2723.0158562411534,2000.0,500000,9999,0,1125.72
S3,7,20,16,21382,500000,5197.898139439001,3197.898139439001,2000.0,500000,9999,0,1080.33
S3,7,20,18,21384,500000,4048.8733965834085,2048.8733965834085,2000.0,500000,9999,0,1071.13
S3,7,20,19,21385,500000,5756.768630200146,3756.7686302001457,2000.0,500000,9999,0,1039.17
S3,7,20,14,21380,500000,3321.833763688941,1321.833763688941,2000.0,500000,9999,0,1128.75
S3,7,20,20,21386,500000,3105.6185386700454,1105.6185386700454,2000.0,500000,9999,0,1040.66
S3,7,20,17,21383,500000,5833.450281732634,3833.450281732634,2000.0,500000,9999,0,1164.88
S3,8,10,0,11466,200000,2578.264618997711,378.26461899771084,2200.0,200000,3999,0,330.35
S3,8,10,1,11467,200000,2978.112859126142,778.1128591261422,2200.0,200000,3999,0,322.95
S3,8,10,2,11468,200000,3349.1477284413168,1149.1477284413168,2200.0,200000,3999,0,318.78
S3,8,10,5,11471,200000,2556.814804043547,356.81480404354716,2200.0,200000,3999,0,290.24
S3,7,20,21,21387,500000,3732.6921210169694,1732.6921210169694,2000.0,500000,9999,0,1187.0
S3,8,10,6,11472,200000,3420.698649818569,1220.6986498185688,2200.0,200000,3999,0,308.59
S3,8,10,3,11469,200000,3668.751804608133,1468.7518046081332,2200.0,200000,3999,0,345.76
S3,8,10,7,11473,200000,7967.921303175827,5767.921303175827,2200.0,200000,3999,0,278.69
S3,8,10,4,11470,200000,4181.25114958672,1981.2511495867202,2200.0,200000,3999,0,402.32
S3,8,10,9,11475,200000,3489.625075493459,1289.625075493459,2200.0,200000,3999,0,335.05
S3,8,10,10,11476,200000,1319253.1490014007,1317053.1490014007,2200.0,200000,3999,0,339.65
S3,8,10,11,11477,200000,906452.7176825282,904252.7176825282,2200.0,200000,3999,0,334.14
S3,8,10,8,11474,200000,1635014.522663734,1632814.522663734,2200.0,200000,3999,0,373.08
S3,8,10,12,11478,200000,4420.769510322107,2220.7695103221067,2200.0,200000,3999,0,337.45
S3,8,10,19,11485,200000,3197.3025168922836,997.3025168922836,2200.0,200000,3999,0,270.21
S3,8,10,15,11481,200000,2637.72835274224,437.7283527422401,2200.0,200000,3999,0,308.27
S3,8,10,18,11484,200000,3717.4260827413473,1517.4260827413473,2200.0,200000,3999,0,279.94
S3,8,10,14,11480,200000,2273.751446095138,73.75144609513791,2200.0,200000,3999,0,359.49
S3,8,10,13,11479,200000,18869.61112646639,16669.61112646639,2200.0,200000,3999,0,389.5
S3,8,10,16,11482,200000,2838.488310836281,638.488310836281,2200.0,200000,3999,0,389.87
S3,8,10,17,11483,200000,3894.6815110327693,1694.6815110327693,2200.0,200000,3999,0,390.33
S3,8,10,20,11486,200000,4706.1546544678995,2506.1546544678995,2200.0,200000,3999,0,330.54
S3,8,10,21,11487,200000,2380.1570562995685,180.15705629956847,2200.0,200000,3999,0,322.92
S3,7,20,22,21388,500000,9259.341584735117,7259.341584735117,2000.0,500000,9999,0,1025.01
S3,8,10,23,11489,200000,5531.332469514431,3331.332469514431,2200.0,200000,3999,0,337.38
S3,8,10,25,11491,200000,2794.0574261039924,594.0574261039924,2200.0,200000,3999,0,311.13
S3,8,10,24,11490,200000,4582.7425675228305,2382.7425675228305,2200.0,200000,3999,0,364.18
S3,8,10,22,11488,200000,2772.378972863385,572.3789728633851,2200.0,200000,3999,0,392.15
S3,7,20,23,21389,500000,4505.542764402449,2505.5427644024494,2000.0,500000,9999,0,1049.58
S3,8,10,26,11492,200000,2477.659164754082,277.6591647540822,2200.0,200000,3999,0,346.94
S3,7,20,24,21390,500000,6561.747216708846,4561.747216708846,2000.0,500000,9999,0,1011.12
S3,7,20,27,21393,500000,7801.348879122433,5801.348879122433,2000.0,500000,9999,0,976.99
S3,8,10,29,11495,200000,3057.124794031554,857.1247940315538,2200.0,200000,3999,0,280.13
S3,7,20,25,21391,500000,3953.0856265005355,1953.0856265005355,2000.0,500000,9999,0,1070.28
S3,8,10,27,11493,200000,3083.801981086799,883.8019810867991,2200.0,200000,3999,0,338.38
S3,8,10,28,11494,200000,3093.091334026227,893.0913340262268,2200.0,200000,3999,0,353.99
S3,7,20,26,21392,500000,9886.669575723397,7886.669575723397,2000.0,500000,9999,0,1105.8
S3,7,20,29,21395,500000,6439.780676156375,4439.780676156375,2000.0,500000,9999,0,1093.84
S3,7,20,28,21394,500000,3892.468730918271,1892.468730918271,2000.0,500000,9999,0,1158.34
S3,8,20,2,21468,500000,575517409.3835545,575515209.3835545,2200.0,500000,9999,0,1399.57
S3,8,20,0,21466,500000,2573951555909.131,2573951553709.131,2200.0,500000,9999,0,1532.55
S3,8,20,4,21470,500000,22548715980.760742,22548713780.760742,2200.0,500000,9999,0,1520.15
S3,8,20,5,21471,500000,8995212291.729214,8995210091.729214,2200.0,500000,9999,0,1509.59
S3,8,20,7,21473,500000,119204422.20673998,119202222.20673998,2200.0,500000,9999,0,1457.34
S3,8,20,3,21469,500000,22637304613.766003,22637302413.766003,2200.0,500000,9999,0,1609.23
S3,8,20,6,21472,500000,246972439.3812005,246970239.3812005,2200.0,500000,9999,0,1536.98
S3,8,20,10,21476,500000,7015608.764086935,7013408.764086935,2200.0,500000,9999,0,1486.45
S3,8,20,16,21482,500000,9035.893864259684,6835.893864259684,2200.0,500000,9999,0,1423.24
S3,8,20,15,21481,500000,33615.19347182464,31415.19347182464,2200.0,500000,9999,0,1468.45
S3,8,20,9,21475,500000,9558.691588122712,7358.691588122712,2200.0,500000,9999,0,1533.77
S3,8,20,1,21467,500000,90960943.39982878,90958743.39982878,2200.0,500000,9999,0,1695.24
S3,8,20,14,21480,500000,85107658.64491828,85105458.64491828,2200.0,500000,9999,0,1513.05
S3,8,20,8,21474,500000,4019461029.632829,4019458829.632829,2200.0,500000,9999,0,1597.95
S3,9,10,1,11567,200000,3217.6185936720462,917.6185936720462,2300.0,200000,3999,0,48.86
S3,9,10,0,11566,200000,3737.767354501505,1437.767354501505,2300.0,200000,3999,0,56.56
S3,9,10,2,11568,200000,2847.553054176685,547.5530541766848,2300.0,200000,3999,0,50.54
S3,9,10,4,11570,200000,3208.1814027149812,908.1814027149812,2300.0,200000,3999,0,38.56
S3,9,10,3,11569,200000,2908.539604187603,608.5396041876029,2300.0,200000,3999,0,58.86
S3,8,20,12,21478,500000,6671026860.809087,6671024660.809087,2200.0,500000,9999,0,1573.69
S3,8,20,13,21479,500000,23261.326532047537,21061.326532047537,2200.0,500000,9999,0,1572.72
S3,8,20,11,21477,500000,23537.134232824064,21337.134232824064,2200.0,500000,9999,0,1593.44
S3,9,10,8,11574,200000,3228.4140879700717,928.4140879700717,2300.0,200000,3999,0,36.74
S3,9,10,9,11575,200000,3163.4344892749623,863.4344892749623,2300.0,200000,3999,0,36.53
S3,9,10,5,11571,200000,2924.0982062799767,624.0982062799767,2300.0,200000,3999,0,78.5
S3,9,10,6,11572,200000,3482.751185228599,1182.7511852285988,2300.0,200000,3999,0,68.24
S3,9,10,10,11576,200000,2888.0475438501708,588.0475438501708,2300.0,200000,3999,0,48.59
S3,9,10,7,11573,200000,3225.5105484165006,925.5105484165006,2300.0,200000,3999,0,73.03
S3,8,20,18,21484,500000,14950916502.138529,14950914302.138529,2200.0,500000,9999,0,1529.72
S3,9,10,17,11583,200000,3302.5085033466876,1002.5085033466876,2300.0,200000,3999,0,27.66
S3,9,10,11,11577,200000,3544.661380193889,1244.6613801938888,2300.0,200000,3999,0,65.67
S3,9,10,16,11582,200000,3226.0742474394187,926.0742474394187,2300.0,200000,3999,0,40.02
S3,9,10,12,11578,200000,3186.8173722558167,886.8173722558167,2300.0,200000,3999,0,68.37
S3,8,20,21,21487,500000,9221116690.933207,9221114490.933207,2200.0,500000,9999,0,1433.62
S3,9,10,14,11580,200000,3647.7492175124403,1347.7492175124403,2300.0,200000,3999,0,60.32
S3,9,10,15,11581,200000,3315.080555662481,1015.080555662481,2300.0,200000,3999,0,62.64
S3,9,10,13,11579,200000,2729.0436500054893,429.0436500054893,2300.0,200000,3999,0,75.55
S3,9,10,19,11585,200000,2994.1339666691056,694.1339666691056,2300.0,200000,3999,0,47.68
S3,9,10,20,11586,200000,3111.4606073093623,811.4606073093623,2300.0,200000,3999,0,50.58
S3,9,10,26,11592,200000,3035.916926975179,735.9169269751792,2300.0,200000,3999,0,32.64
S3,9,10,18,11584,200000,2877.751131458309,577.7511314583089,2300.0,200000,3999,0,67.64
S3,9,10,22,11588,200000,3029.287879701843,729.2878797018429,2300.0,200000,3999,0,44.23
S3,9,10,21,11587,200000,2891.3763072962065,591.3763072962065,2300.0,200000,3999,0,59.6
S3,9,10,25,11591,200000,3249.6037197881633,949.6037197881633,2300.0,200000,3999,0,69.05
S3,9,10,23,11589,200000,3505.44247561876,1205.44247561876,2300.0,200000,3999,0,71.8
S3,9,10,24,11590,200000,2626.8574902559544,326.8574902559544,2300.0,200000,3999,0,72.21
S3,8,20,20,21486,500000,127955383363.87964,127955381163.87964,2200.0,500000,9999,0,1542.09
S3,9,10,28,11594,200000,3051.618830704457,751.6188307044572,2300.0,200000,3999,0,69.89
S3,9,10,27,11593,200000,2942.027870751886,642.027870751886,2300.0,200000,3999,0,74.06
S3,9,10,29,11595,200000,2979.9640706743376,679.9640706743376,2300.0,200000,3999,0,81.79
S3,9,20,2,21568,500000,4833.927401397007,2533.927401397007,2300.0,500000,9999,0,70.76
S3,8,20,17,21483,500000,11046.985600209053,8846.985600209053,2200.0,500000,9999,0,1681.7
S3,9,20,1,21567,500000,5828.408801013892,3528.408801013892,2300.0,500000,9999,0,115.67
S3,8,20,19,21485,500000,3912588771.8696156,3912586571.8696156,2200.0,500000,9999,0,1665.85
S3,9,20,0,21566,500000,7108.252054619731,4808.252054619731,2300.0,500000,9999,0,124.29
S3,9,20,6,21572,500000,5072.824253397921,2772.824253397921,2300.0,500000,9999,0,133.98
S3,9,20,3,21569,500000,5695.443739226516,3395.4437392265163,2300.0,500000,9999,0,164.13
S3,9,20,5,21571,500000,12512.597825468532,10212.597825468532,2300.0,500000,9999,0,135.66
S3,9,20,8,21574,500000,4388.961174055552,2088.961174055552,2300.0,500000,9999,0,134.07
S3,9,20,4,21570,500000,6380.485326539167,4080.4853265391666,2300.0,500000,9999,0,165.41
S3,9,20,9,21575,500000,5408.338195771916,3108.3381957719157,2300.0,500000,9999,0,145.71
S3,9,20,7,21573,500000,7935.521422527842,5635.521422527842,2300.0,500000,9999,0,173.51
S3,9,20,11,21577,500000,6797.958106313262,4497.958106313262,2300.0,500000,9999,0,153.03
S3,9,20,10,21576,500000,6582.155123290557,4282.155123290557,2300.0,500000,9999,0,173.72
S3,9,20,12,21578,500000,8880.820746283,6580.820746283,2300.0,500000,9999,0,162.44
S3,9,20,14,21580,500000,8017.498078816313,5717.498078816313,2300.0,500000,9999,0,128.07
S3,9,20,13,21579,500000,9605.94347603881,7305.94347603881,2300.0,500000,9999,0,182.09
S3,9,20,15,21581,500000,8064.319799632489,5764.319799632489,2300.0,500000,9999,0,142.81
S3,9,20,16,21582,500000,5664.0841299354615,3364.0841299354615,2300.0,500000,9999,0,142.6
S3,9,20,18,21584,500000,5212.286650743963,2912.286650743963,2300.0,500000,9999,0,95.4
S3,9,20,17,21583,500000,4797.670950327638,2497.670950327638,2300.0,500000,9999,0,100.93
S3,10,10,0,11666,200000,2824.2754991298134,424.2754991298134,2400.0,200000,3999,0,32.42
S3,9,20,19,21585,500000,6101.62870041857,3801.6287004185697,2300.0,500000,9999,0,129.83
S3,10,10,1,11667,200000,2990.7536865647508,590.7536865647508,2400.0,200000,3999,0,42.6
S3,10,10,2,11668,200000,4043.9405862259982,1643.9405862259982,2400.0,200000,3999,0,63.86
S3,9,20,20,21586,500000,10224.421612916387,7924.421612916387,2300.0,500000,9999,0,157.54
S3,9,20,24,21590,500000,5916.369281862113,3616.369281862113,2300.0,500000,9999,0,116.73
S3,9,20,25,21591,500000,5249.613590861429,2949.6135908614287,2300.0,500000,9999,0,114.91
S3,9,20,21,21587,500000,6053.172969036559,3753.172969036559,2300.0,500000,9999,0,158.02
S3,9,20,23,21589,500000,8154.135030584246,5854.135030584246,2300.0,500000,9999,0,132.81
S3,10,10,4,11670,200000,2984.9578790125724,584.9578790125724,2400.0,200000,3999,0,47.77
S3,10,10,3,11669,200000,2750.320532656294,350.32053265629384,2400.0,200000,3999,0,59.0
S3,10,10,5,11671,200000,2898.263744420028,498.26374442002816,2400.0,200000,3999,0,55.78
S3,10,10,8,11674,200000,2667.476590970518,267.4765909705179,2400.0,200000,3999,0,28.74
S3,9,20,26,21592,500000,7914.036951346667,5614.036951346667,2300.0,500000,9999,0,146.55
S3,10,10,7,11673,200000,2831.0715556735117,431.07155567351174,2400.0,200000,3999,0,48.46
S3,9,20,22,21588,500000,7823.684864877358,5523.684864877358,2300.0,500000,9999,0,189.09
S3,9,20,28,21594,500000,4411.517382838791,2111.5173828387906,2300.0,500000,9999,0,127.09
S3,10,10,9,11675,200000,2671.436886198503,271.4368861985031,2400.0,200000,3999,0,50.67
S3,10,10,6,11672,200000,2692.6690868332175,292.66908683321753,2400.0,200000,3999,0,57.28
S3,10,10,11,11677,200000,4820.712703414634,2420.7127034146342,2400.0,200000,3999,0,51.67
S3,10,10,10,11676,200000,4466.2768295049045,2066.2768295049045,2400.0,200000,3999,0,56.34
S3,10,10,12,11678,200000,3480.5538158197296,1080.5538158197296,2400.0,200000,3999,0,54.2
S3,10,10,14,11680,200000,2919.8032773988875,519.8032773988875,2400.0,200000,3999,0,40.29
S3,9,20,29,21595,500000,9026.731205782526,6726.731205782526,2300.0,500000,9999,0,144.6
S3,9,20,27,21593,500000,6635.27625736163,4335.27625736163,2300.0,500000,9999,0,164.36
S3,10,10,13,11679,200000,2656.527030173424,256.527030173424,2400.0,200000,3999,0,67.13
S3,10,10,15,11681,200000,2872.358131041274,472.3581310412742,2400.0,200000,3999,0,67.09
S3,10,10,22,11688,200000,2674.8506245438653,274.85062454386525,2400.0,200000,3999,0,39.75
S3,10,10,20,11686,200000,3157.704337853072,757.704337853072,2400.0,200000,3999,0,44.42
S3,10,10,18,11684,200000,3756.919186259601,1356.9191862596008,2400.0,200000,3999,0,55.87
S3,10,10,21,11687,200000,3194.283125534098,794.283125534098,2400.0,200000,3999,0,53.8
S3,10,10,16,11682,200000,2738.4468602868883,338.4468602868883,2400.0,200000,3999,0,61.11
S3,10,10,19,11685,200000,4060.404752881478,1660.404752881478,2400.0,200000,3999,0,60.56
S3,10,10,17,11683,200000,2655.3292800724344,255.32928007243436,2400.0,200000,3999,0,66.27
S3,10,10,27,11693,200000,2873.1654854746016,473.1654854746016,2400.0,200000,3999,0,44.84
S3,10,10,24,11690,200000,2758.401921154337,358.40192115433683,2400.0,200000,3999,0,52.71
S3,10,10,25,11691,200000,2660.89071190995,260.8907119099499,2400.0,200000,3999,0,54.41
S3,10,10,23,11689,200000,2746.64412731951,346.64412731951006,2400.0,200000,3999,0,61.17
S3,10,10,26,11692,200000,2811.0474258790828,411.04742587908277,2400.0,200000,3999,0,60.07
S3,10,10,28,11694,200000,2863.777340491998,463.7773404919981,2400.0,200000,3999,0,63.63
S3,10,10,29,11695,200000,2707.6829134961777,307.68291349617766,2400.0,200000,3999,0,56.77
S3,10,20,0,21666,500000,7105.995507956916,4705.995507956916,2400.0,500000,9999,0,121.81
S3,10,20,6,21672,500000,6141.287673957901,3741.2876739579006,2400.0,500000,9999,0,121.93
S3,10,20,5,21671,500000,6746.457776388386,4346.457776388386,2400.0,500000,9999,0,126.53
S3,10,20,2,21668,500000,6702.827562690438,4302.827562690438,2400.0,500000,9999,0,134.65
S3,10,20,7,21673,500000,6232.5649750578505,3832.5649750578505,2400.0,500000,9999,0,123.82
S3,10,20,11,21677,500000,6634.011649644442,4234.011649644442,2400.0,500000,9999,0,118.93
S3,10,20,8,21674,500000,3401.524387145343,1001.5243871453431,2400.0,500000,9999,0,133.76
S3,10,20,9,21675,500000,6611.540001840867,4211.540001840867,2400.0,500000,9999,0,140.13
S3,10,20,1,21667,500000,7629.117790780053,5229.117790780053,2400.0,500000,9999,0,165.63
S3,10,20,10,21676,500000,6567.494339172748,4167.494339172748,2400.0,500000,9999,0,147.53
S3,10,20,4,21670,500000,7709.007294884962,5309.007294884962,2400.0,500000,9999,0,161.3
S3,10,20,13,21679,500000,4927.512356076814,2527.5123560768143,2400.0,500000,9999,0,124.49
S3,10,20,3,21669,500000,7225.014085920581,4825.014085920581,2400.0,500000,9999,0,170.67
S3,10,20,12,21678,500000,3214.2702313646223,814.2702313646223,2400.0,500000,9999,0,177.54
S3,10,20,18,21684,500000,6679.129359321132,4279.129359321132,2400.0,500000,9999,0,110.5
S3,10,20,26,21692,500000,6620.954800671765,4220.954800671765,2400.0,500000,9999,0,73.91
S3,10,20,14,21680,500000,7716.183827845693,5316.183827845693,2400.0,500000,9999,0,136.89
S3,10,20,22,21688,500000,7455.911873742616,5055.911873742616,2400.0,500000,9999,0,105.36
S3,10,20,17,21683,500000,7351.887208006103,4951.887208006103,2400.0,500000,9999,0,132.93
S3,10,20,15,21681,500000,8075.8213991127905,5675.8213991127905,2400.0,500000,9999,0,138.55
S3,10,20,16,21682,500000,3301.149730040251,901.1497300402511,2400.0,500000,9999,0,139.66
S3,10,20,23,21689,500000,7782.839269441855,5382.839269441855,2400.0,500000,9999,0,118.2
S3,10,20,21,21687,500000,6996.743723495237,4596.743723495237,2400.0,500000,9999,0,133.22
S3,10,20,19,21685,500000,7498.037254651329,5098.037254651329,2400.0,500000,9999,0,149.67
S3,10,20,20,21686,500000,7461.194197027421,5061.194197027421,2400.0,500000,9999,0,153.9
S3,10,20,24,21690,500000,7932.313152066233,5532.313152066233,2400.0,500000,9999,0,138.01
S3,11,10,1,11767,200000,2973.777197590609,373.7771975906089,2600.0,200000,3999,0,42.71
S3,11,10,0,11766,200000,2746.989664927673,146.98966492767295,2600.0,200000,3999,0,73.96
S3,10,20,25,21691,500000,7374.779133175664,4974.779133175664,2400.0,500000,9999,0,157.8
S3,11,10,7,11773,200000,2902.5866763689182,302.58667636891823,2600.0,200000,3999,0,53.87
S3,11,10,2,11768,200000,3763.8833574890123,1163.8833574890123,2600.0,200000,3999,0,86.72
S3,11,10,4,11770,200000,2992.752420260726,392.752420260726,2600.0,200000,3999,0,82.27
S3,11,10,3,11769,200000,4326.807033511328,1726.807033511328,2600.0,200000,3999,0,88.48
S3,11,10,9,11775,200000,3069.390916441382,469.39091644138216,2600.0,200000,3999,0,57.62
S3,10,20,28,21694,500000,7312.740676503392,4912.740676503392,2400.0,500000,9999,0,120.42
S3,10,20,27,21693,500000,6487.133096747601,4087.1330967476006,2400.0,500000,9999,0,145.43
S3,11,10,8,11774,200000,2743.6295560035705,143.62955600357054,2600.0,200000,3999,0,71.85
S3,11,10,5,11771,200000,4770.098908115816,2170.098908115816,2600.0,200000,3999,0,92.38
S3,11,10,10,11776,200000,2788.0959524763925,188.09595247639254,2600.0,200000,3999,0,73.28
S3,11,10,6,11772,200000,3143.003652152791,543.0036521527909,2600.0,200000,3999,0,101.12
S3,10,20,29,21695,500000,7657.950561888747,5257.950561888747,2400.0,500000,9999,0,146.35
S3,11,10,11,11777,200000,2626.0192220037347,26.01922200373474,2600.0,200000,3999,0,79.69
S3,11,10,12,11778,200000,3657.79612519655,1057.7961251965498,2600.0,200000,3999,0,86.58
S3,11,10,17,11783,200000,2708.468173606442,108.46817360644218,2600.0,200000,3999,0,62.98
S3,11,10,13,11779,200000,3128.9282723206506,528.9282723206506,2600.0,200000,3999,0,82.15
S3,11,10,19,11785,200000,2906.3197901236235,306.31979012362353,2600.0,200000,3999,0,71.96
S3,11,10,20,11786,200000,3756.274806767756,1156.2748067677562,2600.0,200000,3999,0,68.34
S3,11,10,22,11788,200000,2699.933077986976,99.93307798697606,2600.0,200000,3999,0,62.45
S3,11,10,18,11784,200000,2725.2403402092727,125.24034020927274,2600.0,200000,3999,0,81.85
S3,11,10,15,11781,200000,2885.691212011779,285.69121201177904,2600.0,200000,3999,0,104.68
S3,11,10,14,11780,200000,4660.462005626459,2060.4620056264594,2600.0,200000,3999,0,109.08
S3,11,10,16,11782,200000,2684.695695278049,84.69569527804879,2600.0,200000,3999,0,115.94
S3,11,10,21,11787,200000,2678.7633285497427,78.76332854974271,2600.0,200000,3999,0,105.22
S3,11,10,25,11791,200000,2868.158266245112,268.1582662451119,2600.0,200000,3999,0,78.21
S3,11,10,24,11790,200000,2879.6987591772736,279.6987591772736,2600.0,200000,3999,0,96.46
S3,11,10,27,11793,200000,2802.5310356653736,202.53103566537357,2600.0,200000,3999,0,69.0
S3,11,10,23,11789,200000,3859.2374475601523,1259.2374475601523,2600.0,200000,3999,0,110.32
S3,11,10,26,11792,200000,2799.314067427005,199.31406742700483,2600.0,200000,3999,0,91.64
S3,11,10,29,11795,200000,2964.306481665322,364.3064816653218,2600.0,200000,3999,0,80.32
S3,11,10,28,11794,200000,5287.000061288823,2687.0000612888234,2600.0,200000,3999,0,93.0
S3,8,20,22,21488,500000,115049648.10413657,115047448.10413657,2200.0,500000,9999,0,1427.51
S3,11,20,1,21767,500000,6565.374326512213,3965.374326512213,2600.0,500000,9999,0,169.1
S3,11,20,3,21769,500000,11540.279619982917,8940.279619982917,2600.0,500000,9999,0,214.72
S3,11,20,2,21768,500000,15951.622436507478,13351.622436507478,2600.0,500000,9999,0,229.52
S3,11,20,10,21776,500000,12327.643268497193,9727.643268497193,2600.0,500000,9999,0,176.68
S3,11,20,12,21778,500000,10841.128439370685,8241.128439370685,2600.0,500000,9999,0,169.29
S3,11,20,6,21772,500000,8232.83083995571,5632.83083995571,2600.0,500000,9999,0,218.13
S3,8,20,23,21489,500000,5070316585899.883,5070316583699.883,2200.0,500000,9999,0,1508.91
S3,11,20,4,21770,500000,13988.410883452463,11388.410883452463,2600.0,500000,9999,0,248.02
S3,11,20,0,21766,500000,11152.112335976573,8552.112335976573,2600.0,500000,9999,0,279.08
S3,11,20,5,21771,500000,5277.149753245985,2677.1497532459853,2600.0,500000,9999,0,246.49
S3,11,20,13,21779,500000,6110.710671875215,3510.7106718752148,2600.0,500000,9999,0,203.04
S3,11,20,7,21773,500000,4895.260354017968,2295.260354017968,2600.0,500000,9999,0,244.9
S3,8,20,25,21491,500000,2992748117490.6455,2992748115290.6455,2200.0,500000,9999,0,1486.42
S3,11,20,8,21774,500000,5983.732651434551,3383.7326514345514,2600.0,500000,9999,0,255.2
S3,11,20,11,21777,500000,6245.315711564603,3645.3157115646027,2600.0,500000,9999,0,242.98
S3,11,20,9,21775,500000,7078.683389673768,4478.683389673768,2600.0,500000,9999,0,262.22
S3,11,20,14,21780,500000,6400.963925645485,3800.963925645485,2600.0,500000,9999,0,226.95
S3,11,20,15,21781,500000,17723.085131269603,15123.085131269603,2600.0,500000,9999,0,170.38
S3,8,20,29,21495,500000,174980.53102689647,172780.53102689647,2200.0,500000,9999,0,1479.99
S3,12,10,1,11867,200000,3336.9950646403868,636.9950646403868,2700.0,200000,3999,0,66.21
S3,8,20,24,21490,500000,34658870255.70829,34658868055.70829,2200.0,500000,9999,0,1593.11
S3,12,10,0,11866,200000,2961.9395540364703,261.9395540364703,2700.0,200000,3999,0,82.99
S3,8,20,26,21492,500000,95602536665.78435,95602534465.78435,2200.0,500000,9999,0,1583.24
S3,11,20,17,21783,500000,4032.118992675566,1432.118992675566,2600.0,500000,9999,0,167.55
S3,11,20,16,21782,500000,6748.8599054383485,4148.8599054383485,2600.0,500000,9999,0,190.68
S3,11,20,19,21785,500000,9917.319213020646,7317.319213020646,2600.0,500000,9999,0,192.66
S3,11,20,21,21787,500000,10250.944155721254,7650.944155721254,2600.0,500000,9999,0,185.23
S3,12,10,5,11871,200000,3084.586036155615,384.58603615561515,2700.0,200000,3999,0,58.4
S3,12,10,3,11869,200000,3167.190700071031,467.1907000710312,2700.0,200000,3999,0,80.69
S3,8,20,28,21494,500000,6653214.209929787,6651014.209929787,2200.0,500000,9999,0,1583.69
S3,12,10,2,11868,200000,3314.3445828635226,614.3445828635226,2700.0,200000,3999,0,123.99
S3,12,10,8,11874,200000,3302.3529848723006,602.3529848723006,2700.0,200000,3999,0,68.94
S3,12,10,4,11870,200000,3358.1875395051256,658.1875395051256,2700.0,200000,3999,0,95.38
S3,11,20,23,21789,500000,10204.634415837209,7604.6344158372085,2600.0,500000,9999,0,202.32
S3,8,20,27,21493,500000,213792211.21394175,213790011.21394175,2200.0,500000,9999,0,1607.99
S3,11,20,24,21790,500000,16139.089009321066,13539.089009321066,2600.0,500000,9999,0,214.4
S3,11,20,20,21786,500000,16148.621561949914,13548.621561949914,2600.0,500000,9999,0,239.04
S3,11,20,22,21788,500000,4989.41375563709,2389.4137556370897,2600.0,500000,9999,0,228.34
S3,12,10,6,11872,200000,3216.437521924978,516.4375219249778,2700.0,200000,3999,0,104.37
S3,12,10,7,11873,200000,3148.1207532748795,448.12075327487946,2700.0,200000,3999,0,101.72
S3,12,10,9,11875,200000,3157.065032843362,457.06503284336213,2700.0,200000,3999,0,82.14
S3,11,20,27,21793,500000,4751.034261968542,2151.0342619685416,2600.0,500000,9999,0,210.66
S3,11,20,26,21792,500000,17952.486855886244,15352.486855886244,2600.0,500000,9999,0,222.42
S3,11,20,18,21784,500000,21356.841772090815,18756.841772090815,2600.0,500000,9999,0,275.56
S3,12,10,10,11876,200000,3204.3883186742764,504.38831867427643,2700.0,200000,3999,0,74.44
S3,11,20,29,21795,500000,13815.890989782847,11215.890989782847,2600.0,500000,9999,0,204.72
S3,12,10,14,11880,200000,3206.7075775957546,506.7075775957546,2700.0,200000,3999,0,70.48
S3,11,20,25,21791,500000,6870.514969085648,4270.514969085648,2600.0,500000,9999,0,260.21
S3,12,10,11,11877,200000,3205.619874840545,505.619874840545,2700.0,200000,3999,0,95.64
S3,12,10,20,11886,200000,2969.8173506661788,269.81735066617875,2700.0,200000,3999,0,59.31
S3,12,10,12,11878,200000,3134.832929509086,434.83292950908617,2700.0,200000,3999,0,105.6
S3,12,10,15,11881,200000,3300.410730050524,600.4107300505239,2700.0,200000,3999,0,90.91
S3,12,10,13,11879,200000,3313.9006369842855,613.9006369842855,2700.0,200000,3999,0,108.87
S3,12,10,25,11891,200000,3241.418862430698,541.418862430698,2700.0,200000,3999,0,61.95
S3,12,10,19,11885,200000,3353.239625099551,653.2396250995512,2700.0,200000,3999,0,82.56
S3,11,20,28,21794,500000,10355.532161024108,7755.532161024108,2600.0,500000,9999,0,262.5
S3,12,10,18,11884,200000,3216.9668845211936,516.9668845211936,2700.0,200000,3999,0,89.38
S3,12,10,16,11882,200000,3186.551456129241,486.55145612924116,2700.0,200000,3999,0,102.53
S3,12,10,22,11888,200000,3360.33442982843,660.3344298284301,2700.0,200000,3999,0,93.68
S3,12,10,17,11883,200000,3438.104293071562,738.1042930715621,2700.0,200000,3999,0,114.6
S3,12,10,23,11889,200000,3219.090436735104,519.090436735104,2700.0,200000,3999,0,95.01
S3,12,10,21,11887,200000,3496.2516661002096,796.2516661002096,2700.0,200000,3999,0,108.05
S3,12,10,29,11895,200000,3253.1902114849568,553.1902114849568,2700.0,200000,3999,0,93.39
S3,12,10,26,11892,200000,3120.1569776922597,420.1569776922597,2700.0,200000,3999,0,99.66
S3,12,10,24,11890,200000,3067.5863933962382,367.58639339623824,2700.0,200000,3999,0,111.47
S3,12,10,28,11894,200000,3247.850251566627,547.8502515666269,2700.0,200000,3999,0,103.67
S3,12,10,27,11893,200000,3244.0710586623773,544.0710586623773,2700.0,200000,3999,0,115.58
S3,12,20,1,21867,500000,4172.414329511159,1472.414329511159,2700.0,500000,9999,0,202.09
S3,12,20,4,21870,500000,3870.1939013669944,1170.1939013669944,2700.0,500000,9999,0,215.39
S3,12,20,5,21871,500000,3893.977791578567,1193.9777915785671,2700.0,500000,9999,0,215.46
S3,12,20,7,21873,500000,4287.974985265848,1587.9749852658479,2700.0,500000,9999,0,208.79
S3,12,20,16,21882,500000,3657.716080414393,957.7160804143932,2700.0,500000,9999,0,174.62
S3,12,20,11,21877,500000,3971.1893161684643,1271.1893161684643,2700.0,500000,9999,0,226.37
S3,12,20,18,21884,500000,4123.627393986711,1423.6273939867106,2700.0,500000,9999,0,191.77
S3,12,20,10,21876,500000,3917.2440530550402,1217.2440530550402,2700.0,500000,9999,0,244.38
S3,12,20,21,21887,500000,3936.8790294062255,1236.8790294062255,2700.0,500000,9999,0,186.07
S3,12,20,6,21872,500000,4096.8582261992615,1396.8582261992615,2700.0,500000,9999,0,262.8
S3,12,20,9,21875,500000,3502.9433036392247,802.9433036392247,2700.0,500000,9999,0,252.95
S3,12,20,8,21874,500000,3701.5698194602373,1001.5698194602373,2700.0,500000,9999,0,254.93
S3,12,20,0,21866,500000,3822.1894741082015,1122.1894741082015,2700.0,500000,9999,0,311.56
S3,12,20,13,21879,500000,4236.910949759105,1536.9109497591053,2700.0,500000,9999,0,235.06
S3,12,20,15,21881,500000,3616.3884113913873,916.3884113913873,2700.0,500000,9999,0,232.41
S3,12,20,20,21886,500000,4042.115032604158,1342.115032604158,2700.0,500000,9999,0,218.13
S3,12,20,3,21869,500000,3899.959600332627,1199.959600332627,2700.0,500000,9999,0,292.28
S3,12,20,12,21878,500000,4401.198808274663,1701.198808274663,2700.0,500000,9999,0,264.03
S3,12,20,19,21885,500000,3772.5558493548406,1072.5558493548406,2700.0,500000,9999,0,224.4
S3,12,20,2,21868,500000,4191.975784342745,1491.975784342745,2700.0,500000,9999,0,297.15
S3,12,20,14,21880,500000,4264.240417016601,1564.240417016601,2700.0,500000,9999,0,252.36
S3,12,20,17,21883,500000,3951.267928757461,1251.267928757461,2700.0,500000,9999,0,266.11
S3,12,20,26,21892,500000,3868.2678934413643,1168.2678934413643,2700.0,500000,9999,0,126.56
S3,12,20,22,21888,500000,4259.757457609236,1559.7574576092356,2700.0,500000,9999,0,190.58
S3,12,20,23,21889,500000,4126.365451866461,1426.3654518664607,2700.0,500000,9999,0,179.4
S3,12,20,25,21891,500000,3775.6416792325917,1075.6416792325917,2700.0,500000,9999,0,184.31
S3,12,20,24,21890,500000,3745.946584859543,1045.9465848595428,2700.0,500000,9999,0,196.27
S3,12,20,27,21893,500000,3442.774042231171,742.7740422311708,2700.0,500000,9999,0,176.71
S3,12,20,28,21894,500000,4121.656721740171,1421.6567217401707,2700.0,500000,9999,0,172.78
S3,12,20,29,21895,500000,4084.452579803471,1384.452579803471,2700.0,500000,9999,0,181.58
P0d,1,10,2,10768,200000,300.0000000000194,1.9383605831535533e-11,300.0,200041,3961,1941,3.31
P0d,1,10,0,10766,200000,300.0000000000092,9.208633855450898e-12,300.0,200042,3961,1942,3.45
P0d,1,10,3,10769,200000,300.0000000000084,8.412825991399586e-12,300.0,200036,3961,1936,3.38
P0d,1,10,5,10771,200000,300.0000000000171,1.7109869077103212e-11,300.0,200037,3961,1937,3.32
P0d,1,10,1,10767,200000,300.00000000000847,8.469669410260394e-12,300.0,200033,3961,1933,3.45
P0d,1,10,12,10778,200000,300.0000000000116,1.1596057447604835e-11,300.0,200025,3961,1925,3.27
P0d,1,10,4,10770,200000,300.000000000009,8.981260180007666e-12,300.0,200031,3961,1931,3.45
P0d,1,10,13,10779,200000,300.00000000001677,1.6768808563938364e-11,300.0,200041,3961,1941,3.33
P0d,1,10,6,10772,200000,300.00000000001205,1.2050804798491299e-11,300.0,200044,3961,1944,3.48
P0d,1,10,11,10777,200000,300.00000000001864,1.864464138634503e-11,300.0,200034,3961,1934,3.41
P0d,1,10,7,10773,200000,300.0000000000112,1.1198153515579179e-11,300.0,200032,3961,1932,3.48
P0d,1,10,14,10780,200000,300.00000000001603,1.602984411874786e-11,300.0,200040,3961,1940,3.38
P0d,1,10,10,10776,200000,300.00000000001376,1.375610736431554e-11,300.0,200040,3961,1940,3.45
P0d,1,10,9,10775,200000,300.00000000000597,5.9685589803848416e-12,300.0,200034,3961,1934,3.47
P0d,1,10,8,10774,200000,300.0000000000123,1.2278178473934531e-11,300.0,200033,3961,1933,3.52
P0d,1,10,15,10781,200000,300.00000000000887,8.86757334228605e-12,300.0,200039,3961,1939,3.42
P0d,1,10,20,10786,200000,300.00000000001376,1.375610736431554e-11,300.0,200032,3961,1932,3.41
P0d,1,10,19,10785,200000,300.0000000000135,1.34718902700115e-11,300.0,200034,3961,1934,3.42
P0d,1,10,17,10783,200000,300.0000000000063,6.30961949354969e-12,300.0,200024,3961,1924,3.43
P0d,1,10,16,10782,200000,300.0000000000202,2.0179413695586845e-11,300.0,200034,3961,1934,3.47
P0d,1,10,18,10784,200000,300.0000000000078,7.787548383930698e-12,300.0,200037,3961,1937,3.45
P0d,1,10,21,10787,200000,300.0000000000174,1.7394086171407253e-11,300.0,200035,3961,1935,3.39
P0d,1,10,25,10791,200000,300.0000000000191,1.9099388737231493e-11,300.0,200032,3961,1932,3.34
P0d,1,10,24,10790,200000,300.0000000000084,8.412825991399586e-12,300.0,200031,3961,1931,3.39
P0d,1,10,23,10789,200000,300.0000000000132,1.318767317570746e-11,300.0,200040,3961,1940,3.43
P0d,1,10,27,10793,200000,300.00000000001086,1.0857093002414331e-11,300.0,200034,3961,1934,3.35
P0d,1,10,22,10788,200000,300.00000000001324,1.3244516594568267e-11,300.0,200038,3961,1938,3.51
P0d,1,10,26,10792,200000,300.00000000001893,1.892885848064907e-11,300.0,200041,3961,1941,3.44
P0d,1,10,28,10794,200000,300.0000000000178,1.779199010343291e-11,300.0,200035,3961,1935,3.47
P0d,1,10,29,10795,200000,300.0000000000075,7.503331289626658e-12,300.0,200040,3961,1940,3.55
P0d,1,20,3,20769,500000,300.0000000001162,1.1618794815149158e-10,300.0,500023,9902,4873,8.69
P0d,1,20,1,20767,500000,300.0000000000869,8.691358743817545e-11,300.0,500015,9902,4865,8.76
P0d,1,20,7,20773,500000,300.00000000014256,1.425632945029065e-10,300.0,500012,9902,4862,8.65
P0d,1,20,2,20768,500000,300.000000000154,1.539888216939289e-10,300.0,500023,9902,4873,8.75
P0d,1,20,0,20766,500000,300.0000000001051,1.0510348147363402e-10,300.0,500015,9902,4865,8.79
P0d,1,20,6,20772,500000,300.00000000012153,1.2153122952440754e-10,300.0,500018,9902,4868,8.75
P0d,1,20,4,20770,500000,300.0000000001511,1.510898073320277e-10,300.0,500022,9902,4872,8.8
P0d,1,20,5,20771,500000,300.00000000011096,1.1095835361629725e-10,300.0,500020,9902,4870,8.8
P0d,1,20,8,20774,500000,300.0000000001254,1.2539658200694248e-10,300.0,500013,9902,4863,8.81
P0d,1,20,10,20776,500000,300.0000000001269,1.268745108973235e-10,300.0,500024,9902,4874,8.81
P0d,1,20,9,20775,500000,300.00000000015496,1.5495515981456265e-10,300.0,500018,9902,4868,8.85
P0d,1,20,11,20777,500000,300.0000000001276,1.27613475342514e-10,300.0,500020,9902,4870,8.85
P0d,1,20,14,20780,500000,300.0000000000843,8.429879017057829e-11,300.0,500017,9902,4867,8.58
P0d,1,20,12,20778,500000,300.0000000001598,1.5978685041773133e-10,300.0,500017,9902,4867,8.76
P0d,1,20,13,20779,500000,300.0000000001346,1.3460521586239338e-10,300.0,500031,9902,4881,8.75
P0d,1,20,16,20782,500000,300.00000000009624,9.623590813134797e-11,300.0,500024,9902,4874,8.67
P0d,1,20,15,20781,500000,300.0000000001841,1.8411583369015716e-10,300.0,500019,9902,4869,8.86
P0d,1,20,18,20784,500000,300.00000000016036,1.603552846063394e-10,300.0,500012,9902,4862,8.77
P0d,1,20,17,20783,500000,300.000000000143,1.4301804185379297e-10,300.0,500024,9902,4874,8.87
P0d,1,20,19,20785,500000,300.0000000001433,1.43302258948097e-10,300.0,500032,9902,4882,8.81
P0d,1,20,20,20786,500000,300.0000000001614,1.6137846614583395e-10,300.0,500034,9902,4884,8.9
P0d,2,10,0,10866,200000,404.073596342143,4.0735963421429915,400.0,200011,3963,1811,4.38
P0d,2,10,1,10867,200000,408.9161019277815,8.916101927781483,400.0,200000,3960,1950,4.44
P0d,2,10,2,10868,200000,404.07976779694485,4.07976779694485,400.0,200011,3965,1711,4.47
P0d,2,10,3,10869,200000,404.06778747117073,4.067787471170732,400.0,200017,3964,1767,4.49
P0d,2,10,5,10871,200000,404.0831635776436,4.083163577643575,400.0,200040,3964,1790,4.45
P0d,2,10,6,10872,200000,404.0960180579477,4.096018057947674,400.0,200023,3963,1823,4.44
P0d,2,10,7,10873,200000,404.37457507366923,4.374575073669234,400.0,200050,3962,1900,4.4
P0d,2,10,4,10870,200000,404.3745749437477,4.374574943747689,400.0,200034,3962,1884,4.68
P0d,2,10,9,10875,200000,404.0882926569815,4.08829265698148,400.0,200000,3963,1800,4.42
P0d,2,10,8,10874,200000,404.11296323364365,4.112963233643654,400.0,200002,3963,1802,4.48
P0d,2,10,10,10876,200000,408.9161019277815,8.916101927781483,400.0,200012,3961,1912,4.51
P0d,2,10,11,10877,200000,404.08364279143956,4.0836427914395586,400.0,200024,3964,1774,4.5
P0d,1,20,21,20787,500000,300.000000000143,1.4301804185379297e-10,300.0,500021,9902,4871,8.88
P0d,1,20,24,20790,500000,300.00000000016956,1.695639184617903e-10,300.0,500011,9902,4861,8.98
P0d,1,20,22,20788,500000,300.00000000011806,1.1806378097389825e-10,300.0,500008,9902,4858,9.0
P0d,1,20,25,20791,500000,300.0000000001321,1.3210410543251783e-10,300.0,500016,9902,4866,9.02
P0d,1,20,23,20789,500000,300.0000000001312,1.311946107307449e-10,300.0,500012,9902,4862,9.11
P0d,1,20,27,20793,500000,300.0000000001554,1.554099071654491e-10,300.0,500019,9902,4869,9.07
P0d,2,10,13,10879,200000,404.0646315484924,4.0646315484924,400.0,200013,3964,1763,4.48
P0d,2,10,12,10878,200000,404.0757171111699,4.075717111169922,400.0,200003,3964,1753,4.59
P0d,1,20,29,20795,500000,300.00000000011033,1.1033307600882836e-10,300.0,500023,9902,4873,9.01
P0d,1,20,28,20794,500000,300.00000000008754,8.753886504564434e-11,300.0,500022,9902,4872,9.15
P0d,1,20,26,20792,500000,300.0000000000965,9.652012522565201e-11,300.0,500012,9902,4862,9.2
P0d,2,10,14,10880,200000,404.1049778180985,4.104977818098519,400.0,200038,3964,1788,4.6
P0d,2,10,16,10882,200000,408.9161019277816,8.916101927781597,400.0,200047,3961,1947,4.46
P0d,2,10,18,10884,200000,408.9161019277814,8.916101927781426,400.0,200009,3961,1909,4.43
P0d,2,10,17,10883,200000,404.0989517534914,4.098951753491406,400.0,200033,3964,1783,4.58
P0d,2,10,15,10881,200000,404.08234078137104,4.082340781371045,400.0,200006,3965,1706,4.73
P0d,2,10,19,10885,200000,408.9161019277815,8.916101927781483,400.0,200034,3961,1934,4.52
P0d,2,10,21,10887,200000,404.07779457252764,4.077794572527637,400.0,200043,3966,1693,4.56
P0d,2,10,20,10886,200000,408.9161019277815,8.916101927781483,400.0,200028,3961,1928,4.68
P0d,2,10,22,10888,200000,408.91610192778137,8.91610192778137,400.0,200050,3961,1950,4.54
P0d,2,10,23,10889,200000,404.0708906003496,4.070890600349628,400.0,200023,3965,1723,4.49
P0d,2,10,24,10890,200000,404.08274185413643,4.0827418541364295,400.0,200029,3964,1779,4.41
P0d,2,10,25,10891,200000,408.9161019277814,8.916101927781426,400.0,200049,3961,1949,4.47
P0d,2,10,27,10893,200000,404.0748618919554,4.074861891955379,400.0,200019,3965,1719,4.52
P0d,2,10,29,10895,200000,404.06793479258675,4.067934792586755,400.0,200047,3964,1797,4.48
P0d,2,10,26,10892,200000,404.089121783801,4.089121783800977,400.0,200036,3963,1836,4.67
P0d,2,10,28,10894,200000,404.09602001981074,4.096020019810737,400.0,200047,3964,1797,4.64
P0d,2,20,0,20866,500000,449.08447897962543,49.08447897962543,400.0,500001,9902,4851,11.35
P0d,2,20,5,20871,500000,449.0844789796766,49.08447897967659,400.0,500003,9902,4853,11.21
P0d,2,20,1,20867,500000,400.47522090295297,0.4752209029529695,400.0,500023,9909,4523,11.39
P0d,2,20,4,20870,500000,400.2972559246559,0.2972559246558717,400.0,500015,9913,4315,11.37
P0d,2,20,3,20869,500000,444.895469317456,44.89546931745599,400.0,500048,9902,4898,11.55
P0d,2,20,2,20868,500000,449.08447897970865,49.08447897970865,400.0,500000,9902,4850,11.65
P0d,2,20,8,20874,500000,449.08447897966386,49.08447897966386,400.0,500003,9902,4853,11.15
P0d,2,20,6,20872,500000,449.08447897966346,49.08447897966346,400.0,500004,9902,4854,11.38
P0d,2,20,9,20875,500000,400.0408362972007,0.04083629720071258,400.0,500041,9910,4491,11.3
P0d,2,20,11,20877,500000,449.0844789796285,49.0844789796285,400.0,500000,9902,4850,11.17
P0d,2,20,10,20876,500000,449.0844789796837,49.084478979683695,400.0,500032,9907,4632,11.32
P0d,2,20,13,20879,500000,449.0844789796752,49.084478979675225,400.0,500049,9902,4899,11.23
P0d,2,20,7,20873,500000,400.8268938624155,0.8268938624154885,400.0,500011,9918,4061,11.64
P0d,2,20,12,20878,500000,400.0833539682362,0.08335396823622432,400.0,500006,9909,4506,11.33
P0d,2,20,14,20880,500000,449.0844789796581,49.084478979658115,400.0,500004,9902,4854,11.46
P0d,2,20,19,20885,500000,449.08447897962697,49.084478979626965,400.0,500000,9902,4850,10.95
P0d,2,20,16,20882,500000,449.08447897968404,49.084478979684036,400.0,500000,9902,4850,11.19
P0d,2,20,15,20881,500000,444.89546931745724,44.89546931745724,400.0,500008,9902,4858,11.43
P0d,2,20,18,20884,500000,428.93560627143006,28.93560627143006,400.0,500020,9903,4820,11.14
P0d,2,20,17,20883,500000,400.00029883784197,0.0002988378419672699,400.0,500008,9905,4708,11.43
P0d,2,20,20,20886,500000,449.0844789797202,49.08447897972019,400.0,500009,9902,4859,11.37
P0d,2,20,24,20890,500000,449.08447897962236,49.08447897962236,400.0,500049,9902,4899,10.94
P0d,2,20,23,20889,500000,449.08447897959184,49.084478979591836,400.0,500003,9902,4853,11.08
P0d,2,20,21,20887,500000,400.0083244223717,0.008324422371686069,400.0,500005,9910,4455,11.24
P0d,2,20,22,20888,500000,449.0844789796336,49.084478979633616,400.0,500001,9902,4851,11.26
P0d,2,20,26,20892,500000,449.08447897967517,49.08447897967517,400.0,500004,9902,4854,11.05
P0d,3,10,0,10966,200000,600.0,0.0,600.0,200000,3960,1950,8.39
P0d,3,10,1,10967,200000,600.0,0.0,600.0,200000,3960,1950,8.34
P0d,3,10,4,10970,200000,600.0,0.0,600.0,200000,3960,1950,8.36
P0d,3,10,2,10968,200000,600.0,0.0,600.0,200000,3960,1950,8.44
P0d,2,20,25,20891,500000,400.4953311922516,0.49533119225162636,400.0,500040,9923,3840,11.41
P0d,3,10,3,10969,200000,600.0,0.0,600.0,200000,3960,1950,8.45
P0d,3,10,5,10971,200000,600.0,0.0,600.0,200000,3960,1950,8.4
P0d,3,10,6,10972,200000,600.0,0.0,600.0,200000,3960,1950,8.3
P0d,3,10,7,10973,200000,600.0,0.0,600.0,200000,3960,1950,8.43
P0d,3,10,9,10975,200000,600.0,0.0,600.0,200000,3960,1950,8.35
P0d,3,10,8,10974,200000,600.0,0.0,600.0,200000,3960,1950,8.52
P0d,3,10,10,10976,200000,600.0,0.0,600.0,200000,3960,1950,8.48
P0d,3,10,11,10977,200000,600.0,0.0,600.0,200000,3960,1950,8.57
P0d,2,20,28,20894,500000,449.08447897972803,49.08447897972803,400.0,500005,9902,4855,11.19
P0d,2,20,27,20893,500000,444.89546931746355,44.89546931746355,400.0,500037,9902,4887,11.32
P0d,2,20,29,20895,500000,444.8954693174569,44.8954693174569,400.0,500004,9902,4854,11.3
P0d,3,10,13,10979,200000,600.0,0.0,600.0,200000,3960,1950,8.6
P0d,3,10,12,10978,200000,600.0,0.0,600.0,200000,3960,1950,8.79
P0d,3,10,15,10981,200000,600.0,0.0,600.0,200000,3960,1950,8.63
P0d,3,10,14,10980,200000,600.0,0.0,600.0,200000,3960,1950,8.68
P0d,3,10,17,10983,200000,600.0,0.0,600.0,200000,3960,1950,8.51
P0d,3,10,16,10982,200000,600.0,0.0,600.0,200000,3960,1950,8.66
P0d,3,10,18,10984,200000,600.0,0.0,600.0,200000,3960,1950,8.65
P0d,3,10,20,10986,200000,600.0,0.0,600.0,200000,3960,1950,8.42
P0d,3,10,22,10988,200000,600.0,0.0,600.0,200000,3960,1950,8.61
P0d,3,10,19,10985,200000,600.0,0.0,600.0,200000,3960,1950,8.73
P0d,3,10,21,10987,200000,600.0,0.0,600.0,200000,3960,1950,8.77
P0d,3,10,23,10989,200000,600.0,0.0,600.0,200000,3960,1950,8.59
P0d,3,10,24,10990,200000,600.0,0.0,600.0,200000,3960,1950,8.63
P0d,3,10,26,10992,200000,600.0,0.0,600.0,200000,3960,1950,8.54
P0d,3,10,27,10993,200000,600.0,0.0,600.0,200000,3960,1950,8.48
P0d,3,10,25,10991,200000,600.0,0.0,600.0,200000,3960,1950,8.6
P0d,3,10,28,10994,200000,600.0,0.0,600.0,200000,3960,1950,8.62
P0d,3,10,29,10995,200000,600.0,0.0,600.0,200000,3960,1950,8.65
P0d,3,20,0,20966,500000,600.0000000000001,1.1368683772161603e-13,600.0,500000,9901,4900,21.85
P0d,3,20,2,20968,500000,600.0,0.0,600.0,500000,9901,4900,21.66
P0d,3,20,1,20967,500000,600.0000000000001,1.1368683772161603e-13,600.0,500000,9901,4900,22.01
P0d,3,20,3,20969,500000,600.0,0.0,600.0,500000,9901,4900,22.14
P0d,3,20,10,20976,500000,600.0,0.0,600.0,500000,9901,4900,21.89
P0d,3,20,6,20972,500000,600.0,0.0,600.0,500000,9901,4900,22.16
P0d,3,20,5,20971,500000,600.0,0.0,600.0,500000,9901,4900,22.34
P0d,3,20,4,20970,500000,600.0,0.0,600.0,500000,9901,4900,22.39
P0d,3,20,9,20975,500000,600.0,0.0,600.0,500000,9901,4900,22.21
P0d,3,20,7,20973,500000,600.0,0.0,600.0,500000,9901,4900,22.57
P0d,3,20,12,20978,500000,600.0,0.0,600.0,500000,9901,4900,22.28
P0d,3,20,8,20974,500000,600.0,0.0,600.0,500000,9901,4900,22.71
P0d,3,20,11,20977,500000,600.0000000000001,1.1368683772161603e-13,600.0,500000,9901,4900,22.41
P0d,3,20,14,20980,500000,600.0,0.0,600.0,500000,9901,4900,22.21
P0d,3,20,13,20979,500000,600.0,0.0,600.0,500000,9901,4900,22.53
P0d,3,20,16,20982,500000,600.0,0.0,600.0,500000,9901,4900,22.3
P0d,3,20,17,20983,500000,600.0,0.0,600.0,500000,9901,4900,22.33
P0d,3,20,18,20984,500000,600.0000000000001,1.1368683772161603e-13,600.0,500000,9901,4900,22.58
P0d,3,20,19,20985,500000,600.0,0.0,600.0,500000,9901,4900,22.28
P0d,3,20,15,20981,500000,600.0,0.0,600.0,500000,9901,4900,22.85
P0d,3,20,20,20986,500000,600.0,0.0,600.0,500000,9901,4900,22.7
P0d,4,10,0,11066,200000,820.0000000000001,20.000000000000114,800.0,200044,3961,1944,13.06
P0d,4,10,1,11067,200000,824.0,24.0,800.0,200049,3961,1949,12.97
P0d,4,10,3,11069,200000,822.0000000000002,22.000000000000227,800.0,200046,3961,1946,13.14
P0d,4,10,4,11070,200000,814.0000000000038,14.000000000003752,800.0,200043,3961,1943,13.17
P0d,4,10,2,11068,200000,818.0000000000028,18.000000000002842,800.0,200041,3961,1941,13.24
P0d,4,10,5,11071,200000,822.0000000000002,22.000000000000227,800.0,200047,3961,1947,13.12
P0d,4,10,7,11073,200000,820.0000000000091,20.000000000009095,800.0,200039,3961,1939,13.08
P0d,4,10,6,11072,200000,828.0,28.0,800.0,200047,3961,1947,13.15
P0d,4,10,8,11074,200000,824.0,24.0,800.0,200047,3961,1947,13.04
P0d,4,10,9,11075,200000,818.0000007870103,18.000000787010322,800.0,200043,3961,1943,13.04
P0d,4,10,10,11076,200000,816.0000000000001,16.000000000000114,800.0,200044,3961,1944,13.11
P0d,4,10,11,11077,200000,820.0000000000019,20.000000000001933,800.0,200043,3961,1943,13.15
P0d,3,20,22,20988,500000,600.0,0.0,600.0,500000,9901,4900,22.05
P0d,3,20,21,20987,500000,600.0,0.0,600.0,500000,9901,4900,22.14
P0d,3,20,23,20989,500000,600.0000000000001,1.1368683772161603e-13,600.0,500000,9901,4900,22.0
P0d,3,20,25,20991,500000,600.0,0.0,600.0,500000,9901,4900,22.01
P0d,3,20,26,20992,500000,600.0,0.0,600.0,500000,9901,4900,22.06
P0d,3,20,24,20990,500000,600.0,0.0,600.0,500000,9901,4900,22.29
P0d,3,20,28,20994,500000,600.0,0.0,600.0,500000,9901,4900,22.03
P0d,3,20,29,20995,500000,600.0,0.0,600.0,500000,9901,4900,22.03
P0d,3,20,27,20993,500000,600.0,0.0,600.0,500000,9901,4900,22.16
P0d,4,10,13,11079,200000,818.0000000000682,18.000000000068212,800.0,200045,3961,1945,13.26
P0d,4,10,12,11078,200000,820.0,20.0,800.0,200047,3961,1947,13.33
P0d,4,10,14,11080,200000,824.0,24.0,800.0,200047,3961,1947,13.04
P0d,4,10,15,11081,200000,816.0000000000024,16.000000000002387,800.0,200048,3961,1948,13.25
P0d,4,10,17,11083,200000,824.0,24.0,800.0,200047,3961,1947,13.14
P0d,4,10,16,11082,200000,816.0000000000011,16.000000000001137,800.0,200041,3961,1941,13.47
P0d,4,10,19,11085,200000,812.0000000000007,12.000000000000682,800.0,200039,3961,1939,13.17
P0d,4,10,18,11084,200000,826.0008109176619,26.000810917661852,800.0,200047,3961,1947,13.37
P0d,4,10,21,11087,200000,818.0,18.0,800.0,200046,3961,1946,13.14
P0d,4,10,20,11086,200000,828.0000000000001,28.000000000000114,800.0,200047,3961,1947,13.37
P0d,4,10,22,11088,200000,818.0,18.0,800.0,200048,3961,1948,13.45
P0d,4,10,23,11089,200000,818.0000000000057,18.000000000005684,800.0,200048,3961,1948,13.06
P0d,4,10,25,11091,200000,812.0000000000017,12.000000000001705,800.0,200042,3961,1942,13.39
P0d,4,10,26,11092,200000,823.0606642584011,23.06066425840106,800.0,200040,3961,1940,13.4
P0d,4,10,24,11090,200000,814.0000000000023,14.000000000002274,800.0,200039,3961,1939,13.53
P0d,4,10,28,11094,200000,816.0000000000002,16.000000000000227,800.0,200000,3960,1950,12.96
P0d,4,10,27,11093,200000,816.0000000004038,16.000000000403816,800.0,200042,3961,1942,13.12
P0d,4,10,29,11095,200000,814.0000000000001,14.000000000000114,800.0,200049,3961,1949,13.01
P0d,4,20,0,21066,500000,892.0000000000052,92.00000000000523,800.0,500038,9902,4888,33.76
P0d,4,20,1,21067,500000,866.0000000000027,66.00000000000273,800.0,500038,9902,4888,33.82
P0d,4,20,2,21068,500000,868.0000000000059,68.00000000000591,800.0,500040,9902,4890,33.84
P0d,4,20,4,21070,500000,880.0000000000015,80.00000000000148,800.0,500042,9902,4892,33.39
P0d,4,20,5,21071,500000,908.0000000000011,108.00000000000114,800.0,500040,9902,4890,33.74
P0d,4,20,6,21072,500000,934.0,134.0,800.0,500037,9902,4887,33.57
P0d,4,20,7,21073,500000,894.0000000000007,94.00000000000068,800.0,500038,9902,4888,33.61
P0d,4,20,3,21069,500000,852.0000000000068,52.00000000000682,800.0,500040,9902,4890,34.07
P0d,4,20,8,21074,500000,884.0000000000053,84.00000000000534,800.0,500040,9902,4890,33.73
P0d,4,20,9,21075,500000,892.0000000000044,92.00000000000443,800.0,500044,9902,4894,33.55
P0d,4,20,10,21076,500000,852.0000000000005,52.000000000000455,800.0,500044,9902,4894,33.45
P0d,4,20,11,21077,500000,878.0000000000018,78.00000000000182,800.0,500034,9902,4884,33.52
P0d,4,20,12,21078,500000,912.0000000000041,112.00000000000409,800.0,500041,9902,4891,33.52
P0d,4,20,13,21079,500000,906.0000000000018,106.00000000000182,800.0,500040,9902,4890,33.38
P0d,4,20,14,21080,500000,914.0000000000081,114.00000000000807,800.0,500032,9902,4882,33.56
P0d,4,20,16,21082,500000,886.0000000000057,86.00000000000568,800.0,500044,9902,4894,33.45
P0d,4,20,15,21081,500000,894.0000000000002,94.00000000000023,800.0,500038,9902,4888,33.61
P0d,4,20,17,21083,500000,896.5000000000007,96.50000000000068,800.0,500038,9902,4888,33.83
P0d,5,10,0,11166,200000,900.0000000000001,1.1368683772161603e-13,900.0,200000,3960,1950,6.46
P0d,5,10,1,11167,200000,900.0000000000002,2.2737367544323206e-13,900.0,200000,3960,1950,6.6
P0d,5,10,2,11168,200000,900.0,0.0,900.0,200000,3960,1950,6.54
P0d,5,10,3,11169,200000,900.0000000000001,1.1368683772161603e-13,900.0,200000,3960,1950,6.5
P0d,5,10,4,11170,200000,900.0000000000001,1.1368683772161603e-13,900.0,200000,3960,1950,6.54
P0d,4,20,20,21086,500000,878.0000000000095,78.00000000000955,800.0,500039,9902,4889,33.4
P0d,4,20,18,21084,500000,864.0000000000052,64.00000000000523,800.0,500025,9902,4875,33.58
P0d,5,10,5,11171,200000,900.0000000000001,1.1368683772161603e-13,900.0,200000,3960,1950,6.39
P0d,4,20,19,21085,500000,862.000000000005,62.000000000005,800.0,500048,9902,4898,33.62
P0d,5,10,6,11172,200000,900.0000000000001,1.1368683772161603e-13,900.0,200000,3960,1950,6.52
P0d,5,10,7,11173,200000,900.0,0.0,900.0,200000,3960,1950,6.61
P0d,5,10,8,11174,200000,900.0,0.0,900.0,200000,3960,1950,6.75
P0d,5,10,9,11175,200000,900.0000000000001,1.1368683772161603e-13,900.0,200000,3960,1950,6.61
P0d,5,10,10,11176,200000,900.0000000000001,1.1368683772161603e-13,900.0,200000,3960,1950,6.48
P0d,5,10,11,11177,200000,900.0000000000001,1.1368683772161603e-13,900.0,200000,3960,1950,6.43
P0d,5,10,12,11178,200000,900.0000000000001,1.1368683772161603e-13,900.0,200000,3960,1950,6.46
P0d,5,10,13,11179,200000,900.454324018591,0.45432401859102356,900.0,200000,3960,1950,6.6
P0d,5,10,15,11181,200000,900.0,0.0,900.0,200000,3960,1950,6.39
P0d,5,10,14,11180,200000,900.0,0.0,900.0,200000,3960,1950,6.61
P0d,5,10,16,11182,200000,900.0,0.0,900.0,200000,3960,1950,6.54
P0d,5,10,17,11183,200000,900.0000000000001,1.1368683772161603e-13,900.0,200000,3960,1950,6.51
P0d,5,10,18,11184,200000,900.0,0.0,900.0,200000,3960,1950,6.84
P0d,5,10,19,11185,200000,900.0000000000001,1.1368683772161603e-13,900.0,200000,3960,1950,6.73
P0d,5,10,20,11186,200000,900.0,0.0,900.0,200000,3960,1950,6.66
P0d,5,10,22,11188,200000,900.0,0.0,900.0,200000,3960,1950,6.46
P0d,5,10,21,11187,200000,900.0000000000001,1.1368683772161603e-13,900.0,200000,3960,1950,6.57
P0d,5,10,23,11189,200000,900.0,0.0,900.0,200000,3960,1950,6.51
P0d,5,10,24,11190,200000,900.0,0.0,900.0,200000,3960,1950,6.46
P0d,5,10,25,11191,200000,900.0000000000001,1.1368683772161603e-13,900.0,200000,3960,1950,6.56
P0d,5,10,26,11192,200000,900.0895282504165,0.08952825041649248,900.0,200000,3960,1950,6.61
P0d,5,10,27,11193,200000,900.0000000000002,2.2737367544323206e-13,900.0,200000,3960,1950,6.53
P0d,5,10,28,11194,200000,900.0895282504165,0.08952825041649248,900.0,200050,3961,1950,6.49
P0d,5,10,29,11195,200000,900.0,0.0,900.0,200000,3960,1950,6.58
P0d,4,20,21,21087,500000,898.0000000000048,98.00000000000477,800.0,500038,9902,4888,32.61
P0d,4,20,22,21088,500000,866.0000000000016,66.00000000000159,800.0,500040,9902,4890,32.85
P0d,4,20,23,21089,500000,890.0000000000066,90.0000000000066,800.0,500029,9902,4879,33.13
P0d,5,20,0,21166,500000,900.0000000000009,9.094947017729282e-13,900.0,500041,9902,4891,16.41
P0d,5,20,1,21167,500000,900.0895282504176,0.08952825041762935,900.0,500000,9901,4900,16.52
P0d,5,20,2,21168,500000,901.0877045380174,1.0877045380174195,900.0,500037,9902,4887,16.48
P0d,4,20,24,21090,500000,892.0000000016688,92.00000000166881,800.0,500043,9902,4893,33.17
P0d,4,20,25,21091,500000,852.0000000000182,52.00000000001819,800.0,500023,9902,4873,32.83
P0d,4,20,27,21093,500000,872.5000000000225,72.50000000002251,800.0,500041,9902,4891,32.83
P0d,4,20,26,21092,500000,888.500000000005,88.500000000005,800.0,500043,9902,4893,33.25
P0d,4,20,28,21094,500000,858.0000000000139,58.00000000001387,800.0,500035,9902,4885,33.42
P0d,4,20,29,21095,500000,868.0000000000122,68.00000000001216,800.0,500040,9902,4890,33.23
P0d,5,20,6,21172,500000,900.0895282504171,0.08952825041706092,900.0,500048,9902,4898,16.29
P0d,5,20,4,21170,500000,900.0895282504183,0.08952825041831147,900.0,500027,9902,4877,16.54
P0d,5,20,3,21169,500000,900.0895282504173,0.08952825041728829,900.0,500045,9902,4895,16.8
P0d,5,20,5,21171,500000,900.26858475125,0.2685847512500459,900.0,500044,9902,4894,16.7
P0d,5,20,9,21175,500000,900.179056500834,0.17905650083400815,900.0,500046,9902,4896,16.51
P0d,5,20,10,21176,500000,900.0000000000011,1.1368683772161603e-12,900.0,500045,9902,4895,16.54
P0d,5,20,8,21174,500000,900.3581130016662,0.3581130016661973,900.0,500035,9903,4835,16.63
P0d,5,20,7,21173,500000,900.8124370202576,0.8124370202575619,900.0,500031,9902,4881,16.83
P0d,5,20,11,21177,500000,900.2685847512503,0.26858475125027326,900.0,500015,9902,4865,16.67
P0d,5,20,12,21178,500000,900.0000000000017,1.7053025658242404e-12,900.0,500015,9902,4865,16.38
P0d,5,20,13,21179,500000,900.2685847512498,0.2685847512498185,900.0,500049,9902,4899,16.29
P0d,5,20,14,21180,500000,900.5438522690084,0.5438522690084255,900.0,500023,9902,4873,16.26
P0d,6,10,1,11267,200000,5609.069093304329,3809.069093304329,1800.0,200024,3966,1674,8.66
P0d,6,10,0,11266,200000,7462.873440960915,5662.873440960915,1800.0,200005,3966,1655,8.74
P0d,6,10,2,11268,200000,4663.723059651875,2863.723059651875,1800.0,200032,3967,1632,8.69
P0d,5,20,15,21181,500000,901.1772327884345,1.1772327884344804,900.0,500000,9901,4900,16.08
P0d,5,20,16,21182,500000,900.9981762876006,0.998176287600586,900.0,500047,9902,4897,16.34
P0d,5,20,17,21183,500000,900.0895282504174,0.08952825041740198,900.0,500041,9902,4891,16.15
P0d,5,20,19,21185,500000,900.4543240185924,0.4543240185923878,900.0,500046,9902,4896,16.08
P0d,5,20,18,21184,500000,901.1772327884332,1.1772327884332299,900.0,500046,9902,4896,16.5
P0d,5,20,20,21186,500000,900.998176287603,0.9981762876029734,900.0,500042,9902,4892,16.33
P0d,5,20,21,21187,500000,900.998176287603,0.9981762876029734,900.0,500034,9902,4884,16.08
P0d,5,20,23,21189,500000,900.2685847512504,0.26858475125038694,900.0,500038,9902,4888,16.25
P0d,5,20,22,21188,500000,900.2685847512507,0.268584751250728,900.0,500016,9902,4866,16.4
P0d,5,20,24,21190,500000,900.7229087698422,0.7229087698422063,900.0,500039,9902,4889,15.99
P0d,6,10,3,11269,200000,7872.342035667949,6072.342035667949,1800.0,200019,3965,1719,8.66
P0d,5,20,25,21191,500000,901.0877045380154,1.0877045380153731,900.0,500000,9901,4900,16.17
P0d,5,20,26,21192,500000,900.6333805194273,0.6333805194273054,900.0,500000,9901,4900,16.21
P0d,5,20,27,21193,500000,900.1790565008338,0.17905650083378077,900.0,500043,9902,4893,16.28
P0d,6,10,4,11270,200000,2457.930828002472,657.930828002472,1800.0,200042,3967,1642,8.88
P0d,5,20,29,21195,500000,900.0000000000014,1.3642420526593924e-12,900.0,500046,9902,4896,16.07
P0d,6,10,5,11271,200000,22770.280286353507,20970.280286353507,1800.0,200024,3966,1674,8.75
P0d,5,20,28,21194,500000,900.0895282504176,0.08952825041762935,900.0,500045,9902,4895,16.3
P0d,6,10,6,11272,200000,8819.949103891711,7019.949103891711,1800.0,200008,3965,1708,8.73
P0d,6,10,7,11273,200000,10985.588773460962,9185.588773460962,1800.0,200048,3966,1698,8.78
P0d,6,10,8,11274,200000,9110.035782053748,7310.035782053748,1800.0,200035,3966,1685,8.9
P0d,6,10,9,11275,200000,9912.423567311069,8112.423567311069,1800.0,200011,3966,1661,8.6
P0d,6,10,10,11276,200000,2003.6279167723421,203.62791677234213,1800.0,200014,3964,1764,8.78
P0d,6,10,11,11277,200000,14216.496246486602,12416.496246486602,1800.0,200012,3965,1712,8.92
P0d,6,10,12,11278,200000,7644.637912513544,5844.637912513544,1800.0,200039,3966,1689,8.81
P0d,6,10,13,11279,200000,37090.44966052759,35290.44966052759,1800.0,200001,3965,1701,8.82
P0d,6,10,14,11280,200000,4828.022688554938,3028.022688554938,1800.0,200032,3967,1632,8.9
P0d,6,10,15,11281,200000,29069.121292909877,27269.121292909877,1800.0,200010,3965,1710,8.92
P0d,6,10,16,11282,200000,12477.449851560825,10677.449851560825,1800.0,200041,3968,1591,8.74
P0d,6,10,17,11283,200000,22975.43165162346,21175.43165162346,1800.0,200026,3965,1726,8.66
P0d,6,10,18,11284,200000,3693.771608842519,1893.771608842519,1800.0,200026,3966,1676,8.68
P0d,6,10,19,11285,200000,2464.504761524552,664.5047615245521,1800.0,200046,3966,1696,8.87
P0d,6,10,20,11286,200000,8160.840679887227,6360.840679887227,1800.0,200046,3966,1696,9.09
P0d,6,10,21,11287,200000,5613.020452122723,3813.0204521227233,1800.0,200017,3965,1717,8.94
P0d,6,10,23,11289,200000,6847.600502022901,5047.600502022901,1800.0,200038,3966,1688,8.76
P0d,6,10,22,11288,200000,3250.605339323624,1450.6053393236239,1800.0,200049,3966,1699,8.87
P0d,6,10,25,11291,200000,8223.394753902852,6423.394753902852,1800.0,200003,3963,1803,8.79
P0d,6,10,24,11290,200000,11538.204396127076,9738.204396127076,1800.0,200037,3965,1737,8.93
P0d,6,10,26,11292,200000,6705.723031188225,4905.723031188225,1800.0,200029,3966,1679,8.77
P0d,6,10,28,11294,200000,19974.894410117413,18174.894410117413,1800.0,200042,3964,1792,8.7
P0d,6,10,27,11293,200000,10002.236670038506,8202.236670038506,1800.0,200021,3965,1721,8.89
P0d,6,10,29,11295,200000,19985.62888465756,18185.62888465756,1800.0,200012,3965,1712,8.81
P0d,6,20,0,21266,500000,75767.96845298451,73967.96845298451,1800.0,500028,9909,4528,22.06
P0d,6,20,1,21267,500000,78016.6071445808,76216.6071445808,1800.0,500012,9909,4512,22.05
P0d,6,20,2,21268,500000,48698.084434829725,46898.084434829725,1800.0,500011,9908,4561,22.46
P0d,6,20,3,21269,500000,98725.74118918917,96925.74118918917,1800.0,500029,9908,4579,22.52
P0d,6,20,5,21271,500000,87607.1173417558,85807.1173417558,1800.0,500036,9909,4536,22.02
P0d,6,20,4,21270,500000,77537.56909806708,75737.56909806708,1800.0,500031,9911,4431,22.41
P0d,6,20,6,21272,500000,74742.4743645857,72942.4743645857,1800.0,500023,9911,4423,22.23
P0d,6,20,8,21274,500000,66172.15518439951,64372.15518439951,1800.0,500045,9907,4645,22.18
P0d,6,20,7,21273,500000,77427.15316438203,75627.15316438203,1800.0,500028,9909,4528,22.36
P0d,6,20,9,21275,500000,86764.31144894092,84964.31144894092,1800.0,500021,9910,4471,22.35
P0d,6,20,10,21276,500000,39154.18752508183,37354.18752508183,1800.0,500022,9909,4522,22.07
P0d,6,20,11,21277,500000,65421.035973276325,63621.035973276325,1800.0,500049,9909,4549,22.28
P0d,6,20,13,21279,500000,65435.18711166587,63635.18711166587,1800.0,500014,9910,4464,22.29
P0d,6,20,12,21278,500000,80790.22666898758,78990.22666898758,1800.0,500005,9909,4505,22.31
P0d,6,20,14,21280,500000,56623.23734111745,54823.23734111745,1800.0,500024,9911,4424,22.29
P0d,6,20,15,21281,500000,63472.403577680976,61672.403577680976,1800.0,500012,9910,4462,22.08
P0d,6,20,17,21283,500000,84968.65891198133,83168.65891198133,1800.0,500004,9909,4504,22.08
P0d,6,20,16,21282,500000,56442.529977150254,54642.529977150254,1800.0,500039,9909,4539,22.29
P0d,6,20,18,21284,500000,87589.46545207169,85789.46545207169,1800.0,500042,9911,4442,22.19
P0d,6,20,19,21285,500000,61485.43226964578,59685.43226964578,1800.0,500026,9909,4526,22.12
P0d,6,20,20,21286,500000,75419.35447018358,73619.35447018358,1800.0,500048,9909,4548,22.23
P0d,6,20,21,21287,500000,121835.18200195674,120035.18200195674,1800.0,500029,9906,4679,22.1
P0d,6,20,22,21288,500000,65937.14765945656,64137.14765945656,1800.0,500015,9908,4565,21.79
P0d,6,20,23,21289,500000,87903.97758007405,86103.97758007405,1800.0,500045,9909,4545,21.92
P0d,6,20,25,21291,500000,85418.97267543766,83618.97267543766,1800.0,500011,9908,4561,21.95
P0d,6,20,24,21290,500000,49462.57816796675,47662.57816796675,1800.0,500025,9909,4525,22.17
P0d,6,20,27,21293,500000,53950.91215216473,52150.91215216473,1800.0,500044,9911,4444,21.86
P0d,6,20,26,21292,500000,61683.247163789456,59883.247163789456,1800.0,500024,9909,4524,22.05
P0d,6,20,28,21294,500000,88062.04181940922,86262.04181940922,1800.0,500031,9910,4481,21.94
P0d,6,20,29,21295,500000,101554.48435337582,99754.48435337582,1800.0,500010,9910,4460,21.97
P0d,7,10,0,11366,200000,2021.446257121072,21.446257121071994,2000.0,200021,3961,1921,120.52
P0d,7,10,7,11373,200000,2020.0310244966372,20.0310244966372,2000.0,200027,3961,1927,120.18
P0d,7,10,2,11368,200000,2020.9997225966865,20.999722596686524,2000.0,200022,3961,1922,120.52
P0d,7,10,4,11370,200000,2020.365741283572,20.365741283572106,2000.0,200023,3961,1923,120.56
P0d,7,10,5,11371,200000,2020.5310522976408,20.531052297640827,2000.0,200039,3961,1939,120.54
P0d,7,10,6,11372,200000,2019.0013881211737,19.001388121173704,2000.0,200026,3961,1926,120.56
P0d,7,10,3,11369,200000,2020.502542139397,20.502542139397065,2000.0,200024,3961,1924,120.82
P0d,7,10,8,11374,200000,2020.0723536568817,20.07235365688166,2000.0,200029,3961,1929,120.66
P0d,7,10,1,11367,200000,2020.5002873675364,20.50028736753643,2000.0,200024,3961,1924,121.74
P0d,7,10,9,11375,200000,2021.0047912581017,21.004791258101704,2000.0,200024,3961,1924,119.91
P0d,7,10,10,11376,200000,2022.0498461385394,22.04984613853935,2000.0,200022,3961,1922,120.33
P0d,7,10,11,11377,200000,2020.4978851785802,20.49788517858019,2000.0,200024,3961,1924,120.02
P0d,7,10,12,11378,200000,2021.0481900776936,21.04819007769356,2000.0,200023,3961,1923,119.49
P0d,7,10,13,11379,200000,2021.1699170584259,21.16991705842588,2000.0,200025,3961,1925,120.37
P0d,7,10,15,11381,200000,2020.003086670277,20.00308667027707,2000.0,200022,3961,1922,120.11
P0d,7,10,18,11384,200000,2021.49526818628,21.4952681862801,2000.0,200014,3961,1914,119.86
P0d,7,10,14,11380,200000,2021.0076418914348,21.007641891434787,2000.0,200024,3961,1924,120.64
P0d,7,10,16,11382,200000,2024.372711095896,24.372711095895966,2000.0,200033,3961,1933,120.58
P0d,7,10,19,11385,200000,2020.997108155359,20.997108155359,2000.0,200030,3961,1930,120.19
P0d,7,10,17,11383,200000,2021.518058967101,21.51805896710107,2000.0,200031,3961,1931,120.79
P0d,7,10,20,11386,200000,2021.4101556241276,21.410155624127583,2000.0,200028,3961,1928,120.72
P0d,7,10,21,11387,200000,2022.5497888268326,22.549788826832582,2000.0,200026,3961,1926,121.37
P0d,7,10,25,11391,200000,2015.5675534340226,15.567553434022557,2000.0,200018,3961,1918,121.09
P0d,7,10,27,11393,200000,2022.490057782322,22.490057782322083,2000.0,200020,3961,1920,121.09
P0d,7,10,23,11389,200000,2021.1860737021088,21.186073702108843,2000.0,200024,3961,1924,121.56
P0d,7,10,22,11388,200000,2021.563969666681,21.563969666681032,2000.0,200031,3961,1931,121.71
P0d,7,10,26,11392,200000,2021.8231737739663,21.823173773966346,2000.0,200025,3961,1925,121.86
P0d,7,10,24,11390,200000,2021.663300476084,21.663300476084032,2000.0,200029,3961,1929,122.28
P0d,7,10,28,11394,200000,2021.9919756601703,21.991975660170283,2000.0,200022,3961,1922,121.86
P0d,7,10,29,11395,200000,2020.0558202645277,20.05582026452771,2000.0,200030,3961,1930,122.47
P0d,7,20,0,21366,500000,2022.3649307133564,22.364930713356443,2000.0,500044,9904,4794,552.82
P0d,7,20,1,21367,500000,2031.045470726187,31.045470726186977,2000.0,500041,9904,4791,553.0
P0d,7,20,2,21368,500000,2025.1816779083388,25.18167790833877,2000.0,500031,9904,4781,556.14
P0d,7,20,3,21369,500000,2027.2865358112492,27.286535811249223,2000.0,500019,9903,4819,552.79
P0d,7,20,5,21371,500000,2043.5073536380787,43.50735363807871,2000.0,500038,9904,4788,553.83
P0d,7,20,6,21372,500000,2026.8260668990977,26.82606689909767,2000.0,500033,9903,4833,554.33
P0d,7,20,7,21373,500000,2025.0706367141645,25.070636714164493,2000.0,500040,9905,4740,554.44
P0d,7,20,4,21370,500000,2026.342977106899,26.34297710689907,2000.0,500028,9903,4828,555.97
P0d,7,20,11,21377,500000,2022.7655743800144,22.765574380014414,2000.0,500031,9905,4731,554.32
P0d,7,20,9,21375,500000,2024.8552675283574,24.855267528357444,2000.0,500027,9903,4827,555.58
P0d,7,20,8,21374,500000,2022.048902289757,22.048902289757052,2000.0,500021,9903,4821,556.25
P0d,7,20,10,21376,500000,2027.1789174599965,27.178917459996455,2000.0,500004,9903,4804,557.06
P0d,7,20,16,21382,500000,2030.1097951264403,30.109795126440304,2000.0,500029,9904,4779,554.32
P0d,7,20,12,21378,500000,2029.5016379744704,29.50163797447044,2000.0,500049,9904,4799,555.29
P0d,7,20,17,21383,500000,2027.9337768823116,27.933776882311577,2000.0,500037,9904,4787,554.08
P0d,7,20,13,21379,500000,2024.552852939761,24.552852939760896,2000.0,500040,9904,4790,554.95
P0d,7,20,14,21380,500000,2029.8821953836348,29.88219538363478,2000.0,500008,9903,4808,554.73
P0d,7,20,18,21384,500000,2024.601974482755,24.60197448275494,2000.0,500011,9903,4811,554.21
P0d,7,20,19,21385,500000,2027.356437294739,27.356437294738953,2000.0,500039,9904,4789,554.92
P0d,7,20,15,21381,500000,2025.4297431113353,25.429743111335256,2000.0,500032,9904,4782,557.04
P0d,7,20,20,21386,500000,2040.6808760213962,40.680876021396216,2000.0,500023,9904,4773,557.77
P0d,8,10,0,11466,200000,2221.0996523588196,21.09965235881964,2200.0,200014,3961,1914,171.38
P0d,8,10,1,11467,200000,2220.6883163243115,20.688316324311472,2200.0,200020,3961,1920,171.35
P0d,8,10,2,11468,200000,2221.5108770081647,21.510877008164698,2200.0,200023,3961,1923,171.51
P0d,8,10,6,11472,200000,2222.2703870279856,22.270387027985635,2200.0,200015,3961,1915,171.15
P0d,8,10,3,11469,200000,2201.64634708722,1.646347087219965,2200.0,200017,3961,1917,171.53
P0d,8,10,5,11471,200000,2222.026288222167,22.02628822216684,2200.0,200021,3961,1921,171.69
P0d,8,10,7,11473,200000,2205.1767971122545,5.176797112254462,2200.0,200004,3961,1904,171.66
P0d,8,10,8,11474,200000,2220.5890251559367,20.589025155936724,2200.0,200014,3961,1914,171.46
P0d,8,10,4,11470,200000,2221.134174909712,21.134174909711874,2200.0,200023,3961,1923,172.55
P0d,8,10,9,11475,200000,2222.224466836647,22.224466836647025,2200.0,200023,3961,1923,171.52
P0d,8,10,10,11476,200000,2222.652116839164,22.652116839164137,2200.0,200023,3961,1923,172.17
P0d,8,10,11,11477,200000,2221.5851853923846,21.585185392384574,2200.0,200001,3961,1901,173.05
P0d,8,10,12,11478,200000,2222.0502681452367,22.050268145236714,2200.0,200014,3961,1914,171.85
P0d,8,10,13,11479,200000,2222.363785919635,22.36378591963512,2200.0,200014,3961,1914,172.96
P0d,8,10,14,11480,200000,2203.2929035570414,3.292903557041427,2200.0,200012,3961,1912,173.02
P0d,8,10,16,11482,200000,2221.753268271363,21.75326827136314,2200.0,200022,3961,1922,171.83
P0d,8,10,15,11481,200000,2222.437518967694,22.437518967693904,2200.0,200019,3961,1919,172.02
P0d,8,10,17,11483,200000,2201.4216039791804,1.4216039791804178,2200.0,200007,3961,1907,171.78
P0d,8,10,19,11485,200000,2221.719957599782,21.719957599781992,2200.0,200018,3961,1918,171.96
P0d,8,10,20,11486,200000,2203.53170348185,3.531703481849945,2200.0,200013,3961,1913,171.69
P0d,8,10,18,11484,200000,2221.2066362551736,21.206636255173635,2200.0,200021,3961,1921,172.7
P0d,8,10,21,11487,200000,2223.207452095828,23.207452095828103,2200.0,200028,3961,1928,171.69
P0d,8,10,22,11488,200000,2202.69034519321,2.6903451932098505,2200.0,200010,3961,1910,171.85
P0d,8,10,23,11489,200000,2203.755877366857,3.755877366857021,2200.0,200012,3961,1912,173.07
P0d,8,10,24,11490,200000,2221.03482232764,21.034822327640086,2200.0,200016,3961,1916,171.51
P0d,8,10,25,11491,200000,2200.8568436793316,0.8568436793316323,2200.0,200005,3961,1905,172.65
P0d,8,10,26,11492,200000,2220.872282904174,20.87228290417397,2200.0,200021,3961,1921,172.15
P0d,7,20,21,21387,500000,2025.8514810661154,25.85148106611541,2000.0,500048,9905,4748,554.83
P0d,7,20,22,21388,500000,2044.6408919239218,44.6408919239218,2000.0,500013,9905,4713,555.96
P0d,7,20,23,21389,500000,2023.2417599533735,23.241759953373503,2000.0,500041,9904,4791,556.72
P0d,7,20,24,21390,500000,2028.9932115703255,28.993211570325457,2000.0,500035,9904,4785,557.62
P0d,7,20,25,21391,500000,2039.411721836035,39.411721836034985,2000.0,500044,9903,4844,555.33
P0d,7,20,29,21395,500000,2024.7015788178996,24.701578817899644,2000.0,500034,9905,4734,554.06
P0d,7,20,26,21392,500000,2032.7280918719503,32.728091871950255,2000.0,500034,9906,4684,557.03
P0d,7,20,27,21393,500000,2031.285985643477,31.285985643477034,2000.0,500031,9904,4781,557.01
P0d,7,20,28,21394,500000,2026.6367306963523,26.636730696352288,2000.0,500021,9904,4771,559.53
P0d,8,10,28,11494,200000,2222.5446967755092,22.544696775509237,2200.0,200026,3961,1926,171.64
P0d,8,10,27,11493,200000,2221.7870536078262,21.787053607826238,2200.0,200024,3961,1924,171.72
P0d,8,10,29,11495,200000,2202.4832437506143,2.4832437506142924,2200.0,200006,3961,1906,172.55
P0d,8,20,2,21468,500000,2244.5450237546015,44.545023754601516,2200.0,500049,9906,4699,793.89
P0d,8,20,3,21469,500000,2230.7344259242946,30.734425924294555,2200.0,500013,9904,4763,796.51
P0d,8,20,1,21467,500000,2225.0585949843357,25.05859498433574,2200.0,500002,9904,4752,800.05
P0d,8,20,0,21466,500000,2223.970296252029,23.97029625202913,2200.0,500027,9905,4727,801.38
P0d,8,20,4,21470,500000,2237.994035785224,37.99403578522379,2200.0,500050,9905,4750,800.06
P0d,8,20,5,21471,500000,2349.437936829548,149.4379368295481,2200.0,500027,9905,4727,804.76
P0d,8,20,6,21472,500000,2285.4187371627413,85.41873716274131,2200.0,500001,9904,4751,799.2
P0d,8,20,7,21473,500000,2230.4344118552976,30.43441185529764,2200.0,500013,9904,4763,798.44
P0d,8,20,8,21474,500000,2237.0553988167285,37.055398816728484,2200.0,500022,9904,4772,800.09
P0d,8,20,9,21475,500000,2243.7524668593337,43.75246685933371,2200.0,500003,9904,4753,796.99
P0d,8,20,10,21476,500000,2234.165346574402,34.165346574402065,2200.0,500031,9904,4781,796.35
P0d,8,20,11,21477,500000,2267.131081880489,67.13108188048909,2200.0,500024,9904,4774,795.93
P0d,8,20,14,21480,500000,2242.185174456815,42.18517445681482,2200.0,500035,9906,4685,792.83
P0d,8,20,12,21478,500000,2237.132130607489,37.132130607489216,2200.0,500027,9906,4677,794.82
P0d,8,20,13,21479,500000,2273.3485199099146,73.34851990991456,2200.0,500005,9904,4755,795.36
P0d,8,20,16,21482,500000,2227.671884713411,27.671884713411146,2200.0,500021,9905,4721,798.77
P0d,8,20,15,21481,500000,2232.2546865212857,32.25468652128575,2200.0,500012,9903,4812,800.47
P0d,8,20,17,21483,500000,2238.96579315435,38.965793154350195,2200.0,500021,9904,4771,799.56
P0d,9,10,0,11566,200000,2659.0943447804575,359.0943447804575,2300.0,200027,3962,1877,27.74
P0d,9,10,1,11567,200000,2659.0943447804216,359.0943447804216,2300.0,200033,3962,1883,27.33
P0d,9,10,2,11568,200000,2659.094344780404,359.09434478040384,2300.0,200029,3962,1879,27.67
P0d,9,10,3,11569,200000,2659.0943447804475,359.0943447804475,2300.0,200039,3963,1839,27.51
P0d,9,10,4,11570,200000,2659.0943447804116,359.0943447804116,2300.0,200028,3962,1878,27.42
P0d,9,10,5,11571,200000,2659.094344780404,359.09434478040384,2300.0,200049,3963,1849,27.41
P0d,9,10,6,11572,200000,2659.0943447804016,359.09434478040157,2300.0,200040,3962,1890,27.48
P0d,9,10,7,11573,200000,2300.0000027976216,2.7976216188108083e-06,2300.0,200008,3961,1908,27.62
P0d,9,10,8,11574,200000,2659.094344780422,359.09434478042203,2300.0,200008,3962,1858,27.81
P0d,9,10,9,11575,200000,2659.0943447804207,359.09434478042067,2300.0,200002,3962,1852,27.33
P0d,9,10,10,11576,200000,2300.0000031604886,3.160488631692715e-06,2300.0,200019,3961,1919,27.48
P0d,9,10,11,11577,200000,2659.094344780394,359.09434478039384,2300.0,200021,3962,1871,27.53
P0d,9,10,12,11578,200000,2659.0943447803816,359.09434478038156,2300.0,200038,3962,1888,27.48
P0d,9,10,13,11579,200000,2659.094344780498,359.094344780498,2300.0,200009,3962,1859,27.25
P0d,9,10,14,11580,200000,2659.094344780375,359.0943447803752,2300.0,200050,3963,1850,27.6
P0d,9,10,15,11581,200000,2659.09434478041,359.0943447804102,2300.0,200021,3962,1871,27.59
P0d,9,10,16,11582,200000,2659.094344780431,359.09434478043113,2300.0,200042,3963,1842,27.92
P0d,8,20,19,21485,500000,2230.881238095902,30.881238095902063,2200.0,500020,9905,4720,793.93
P0d,9,10,17,11583,200000,2659.0943447803793,359.0943447803793,2300.0,200025,3962,1875,27.32
P0d,8,20,18,21484,500000,2223.5237324300433,23.52373243004331,2200.0,500009,9903,4809,795.91
P0d,9,10,18,11584,200000,2659.0943447803934,359.0943447803934,2300.0,200032,3962,1882,27.33
P0d,9,10,19,11585,200000,2659.094344780372,359.094344780372,2300.0,200004,3961,1904,27.49
P0d,8,20,20,21486,500000,2231.606945140598,31.606945140597873,2200.0,500015,9906,4665,797.84
P0d,9,10,20,11586,200000,2659.094344780379,359.09434478037883,2300.0,200041,3962,1891,27.6
P0d,9,10,21,11587,200000,2659.0943447804675,359.0943447804675,2300.0,200002,3962,1852,27.69
P0d,9,10,22,11588,200000,2659.094344780434,359.09434478043386,2300.0,200003,3962,1853,27.87
P0d,9,10,23,11589,200000,2659.0943447803706,359.09434478037065,2300.0,200004,3961,1904,27.71
P0d,9,10,24,11590,200000,2659.094344780446,359.09434478044614,2300.0,200046,3963,1846,27.59
P0d,9,10,25,11591,200000,2659.094344780399,359.09434478039884,2300.0,200049,3962,1899,27.47
P0d,9,10,26,11592,200000,2659.0943447803847,359.09434478038474,2300.0,200016,3962,1866,27.83
P0d,9,10,28,11594,200000,2659.0943447804248,359.09434478042476,2300.0,200048,3963,1848,27.46
P0d,9,10,27,11593,200000,2659.0943447803925,359.0943447803925,2300.0,200028,3962,1878,27.67
P0d,9,10,29,11595,200000,2659.0943447803634,359.0943447803634,2300.0,200003,3961,1903,27.77
P0d,9,20,0,21566,500000,2635.638770271676,335.6387702716761,2300.0,500008,9902,4858,69.46
P0d,9,20,1,21567,500000,2635.638787692137,335.63878769213716,2300.0,500000,9903,4800,69.14
P0d,9,20,2,21568,500000,2635.6387702720485,335.63877027204853,2300.0,500022,9903,4822,69.9
P0d,9,20,3,21569,500000,2635.6387702718,335.6387702717998,2300.0,500012,9903,4812,69.58
P0d,9,20,4,21570,500000,2635.668179217541,335.6681792175409,2300.0,500030,9903,4830,69.5
P0d,9,20,5,21571,500000,2635.6387702717657,335.6387702717657,2300.0,500007,9902,4857,69.46
P0d,9,20,6,21572,500000,2635.638770273761,335.6387702737611,2300.0,500023,9902,4873,69.51
P0d,9,20,7,21573,500000,2635.6387702718594,335.63877027185936,2300.0,500003,9902,4853,69.5
P0d,9,20,8,21574,500000,2635.668179217752,335.6681792177519,2300.0,500013,9903,4813,69.15
P0d,9,20,9,21575,500000,2635.6391005198443,335.6391005198443,2300.0,500002,9902,4852,69.61
P0d,9,20,10,21576,500000,2635.668179217484,335.66817921748407,2300.0,500004,9902,4854,69.59
P0d,9,20,11,21577,500000,2635.6387702718107,335.6387702718107,2300.0,500020,9903,4820,69.68
P0d,9,20,12,21578,500000,2635.6387702717325,335.6387702717325,2300.0,500034,9903,4834,69.69
P0d,9,20,13,21579,500000,2635.6387702717475,335.6387702717475,2300.0,500045,9903,4845,69.24
P0d,9,20,14,21580,500000,2635.6387702717443,335.6387702717443,2300.0,500010,9902,4860,69.73
P0d,9,20,15,21581,500000,2635.6681792174813,335.66817921748134,2300.0,500043,9903,4843,70.11
P0d,9,20,16,21582,500000,2635.6387702720317,335.6387702720317,2300.0,500048,9903,4848,69.85
P0d,9,20,17,21583,500000,2635.668179217517,335.6681792175168,2300.0,500050,9903,4850,69.98
P0d,9,20,18,21584,500000,2635.6387702717566,335.6387702717566,2300.0,500030,9903,4830,70.13
P0d,9,20,19,21585,500000,2635.63877027182,335.6387702718198,2300.0,500016,9903,4816,69.25
P0d,9,20,20,21586,500000,2635.6387702717293,335.6387702717293,2300.0,500045,9903,4845,69.88
P0d,9,20,22,21588,500000,2635.668179217533,335.6681792175332,2300.0,500012,9903,4812,69.23
P0d,9,20,21,21587,500000,2635.667056383348,335.66705638334815,2300.0,500011,9902,4861,69.61
P0d,9,20,23,21589,500000,2635.638770271884,335.6387702718839,2300.0,500024,9902,4874,69.33
P0d,10,10,0,11666,200000,2622.0632402678634,222.06324026786342,2400.0,200041,3961,1941,26.16
P0d,10,10,1,11667,200000,2621.122057282526,221.12205728252593,2400.0,200045,3961,1945,25.89
P0d,10,10,2,11668,200000,2622.1033499380947,222.10334993809465,2400.0,200015,3961,1915,26.28
P0d,10,10,3,11669,200000,2620.8726497489806,220.87264974898062,2400.0,200049,3961,1949,25.89
P0d,10,10,4,11670,200000,2622.174400077496,222.1744000774961,2400.0,200033,3961,1933,26.02
P0d,10,10,5,11671,200000,2726.4804084055786,326.4804084055786,2400.0,200030,3961,1930,26.08
P0d,9,20,25,21591,500000,2635.638770272747,335.638770272747,2300.0,500009,9903,4809,69.05
P0d,9,20,24,21590,500000,2635.638770271975,335.63877027197486,2300.0,500048,9903,4848,69.5
P0d,9,20,26,21592,500000,2635.638770271853,335.638770271853,2300.0,500007,9902,4857,69.98
P0d,10,10,7,11673,200000,2621.122057282525,221.12205728252502,2400.0,200042,3961,1942,25.93
P0d,10,10,6,11672,200000,2622.117044922352,222.11704492235185,2400.0,200031,3961,1931,26.47
P0d,10,10,8,11674,200000,2619.403672119385,219.4036721193852,2400.0,200030,3961,1930,26.04
P0d,10,10,9,11675,200000,2620.872649748981,220.87264974898108,2400.0,200045,3961,1945,25.95
P0d,10,10,10,11676,200000,2622.103356590368,222.1033565903681,2400.0,200047,3961,1947,26.21
P0d,10,10,11,11677,200000,2622.1977721503577,222.19777215035765,2400.0,200031,3961,1931,25.85
P0d,9,20,28,21594,500000,2635.668179217712,335.6681792177119,2300.0,500006,9902,4856,68.94
P0d,9,20,27,21593,500000,2635.638770271794,335.6387702717939,2300.0,500047,9903,4847,70.31
P0d,9,20,29,21595,500000,2635.6387702723246,335.63877027232456,2300.0,500031,9903,4831,69.96
P0d,10,10,12,11678,200000,2620.8726497489833,220.87264974898335,2400.0,200025,3961,1925,25.98
P0d,10,10,13,11679,200000,2622.103456336774,222.1034563367739,2400.0,200025,3961,1925,26.02
P0d,10,10,14,11680,200000,2717.866249576586,317.86624957658614,2400.0,200029,3961,1929,25.93
P0d,10,10,15,11681,200000,2621.122057282525,221.12205728252502,2400.0,200043,3961,1943,26.07
P0d,10,10,16,11682,200000,2623.3403231251714,223.34032312517138,2400.0,200046,3961,1946,26.22
P0d,10,10,17,11683,200000,2620.551692532506,220.55169253250597,2400.0,200020,3961,1920,26.05
P0d,10,10,18,11684,200000,2622.1033674914165,222.10336749141652,2400.0,200030,3961,1930,26.32
P0d,10,10,19,11685,200000,2621.3494272349853,221.34942723498534,2400.0,200026,3961,1926,26.17
P0d,10,10,20,11686,200000,2622.1516506522976,222.15165065229758,2400.0,200047,3961,1947,26.09
P0d,10,10,21,11687,200000,2622.4738766144173,222.47387661441735,2400.0,200040,3961,1940,26.07
P0d,10,10,22,11688,200000,2622.1516506522967,222.15165065229667,2400.0,200000,3960,1950,25.94
P0d,10,10,23,11689,200000,2621.56566464985,221.56566464985008,2400.0,200035,3961,1935,26.14
P0d,10,10,24,11690,200000,2620.8726497489815,220.87264974898153,2400.0,200023,3961,1923,26.23
P0d,10,10,25,11691,200000,2620.872649748982,220.87264974898198,2400.0,200035,3961,1935,25.94
P0d,10,10,26,11692,200000,2730.385482423889,330.3854824238888,2400.0,200039,3961,1939,25.87
P0d,10,10,27,11693,200000,2622.1516506522994,222.1516506522994,2400.0,200028,3961,1928,25.98
P0d,10,10,28,11694,200000,2623.0003897541837,223.00038975418374,2400.0,200038,3961,1938,26.3
P0d,10,10,29,11695,200000,2620.8726497489806,220.87264974898062,2400.0,200039,3961,1939,25.74
P0d,10,20,0,21666,500000,2922.3497188243864,522.3497188243864,2400.0,500027,9902,4877,65.73
P0d,10,20,2,21668,500000,2801.088756388465,401.08875638846484,2400.0,500004,9902,4854,65.67
P0d,10,20,1,21667,500000,4216.946016379059,1816.946016379059,2400.0,500032,9903,4832,66.59
P0d,10,20,3,21669,500000,2918.266148394752,518.2661483947518,2400.0,500025,9902,4875,65.93
P0d,10,20,4,21670,500000,4101.782946292082,1701.7829462920818,2400.0,500013,9903,4813,65.69
P0d,10,20,5,21671,500000,2797.5884403922782,397.58844039227824,2400.0,500046,9903,4846,66.01
P0d,10,20,7,21673,500000,2928.21330109205,528.2133010920502,2400.0,500018,9902,4868,64.98
P0d,10,20,6,21672,500000,2954.0586748431224,554.0586748431224,2400.0,500024,9902,4874,65.8
P0d,10,20,8,21674,500000,2804.9509797598967,404.95097975989665,2400.0,500026,9902,4876,65.97
P0d,10,20,9,21675,500000,2800.0791436964037,400.07914369640366,2400.0,500004,9902,4854,65.74
P0d,10,20,10,21676,500000,2801.5618562004347,401.5618562004347,2400.0,500010,9902,4860,65.8
P0d,10,20,11,21677,500000,2957.4658990687362,557.4658990687362,2400.0,500010,9902,4860,66.17
P0d,10,20,12,21678,500000,2803.235380096183,403.2353800961828,2400.0,500046,9902,4896,65.64
P0d,10,20,14,21680,500000,4491.630857883434,2091.630857883434,2400.0,500038,9903,4838,65.84
P0d,10,20,13,21679,500000,4088.769642140165,1688.7696421401652,2400.0,500009,9903,4809,65.94
P0d,10,20,15,21681,500000,2804.1065737621216,404.10657376212157,2400.0,500043,9904,4793,66.12
P0d,10,20,16,21682,500000,2960.214813115052,560.214813115052,2400.0,500030,9902,4880,65.73
P0d,10,20,17,21683,500000,2804.8538712789177,404.8538712789177,2400.0,500033,9902,4883,65.65
P0d,10,20,18,21684,500000,2935.666126240557,535.6661262405569,2400.0,500043,9903,4843,65.59
P0d,10,20,19,21685,500000,2938.4450977745446,538.4450977745446,2400.0,500038,9902,4888,66.09
P0d,10,20,21,21687,500000,2802.781611260472,402.7816112604719,2400.0,500049,9903,4849,65.37
P0d,10,20,20,21686,500000,2801.8251953539857,401.8251953539857,2400.0,500004,9902,4854,65.88
P0d,10,20,22,21688,500000,2801.2118347973174,401.21183479731735,2400.0,500038,9902,4888,65.81
P0d,10,20,23,21689,500000,2809.0251211520717,409.02512115207173,2400.0,500044,9902,4894,65.89
P0d,11,10,0,11766,200000,2600.0000013359195,1.3359194781514816e-06,2600.0,200035,3961,1935,43.54
P0d,11,10,1,11767,200000,2600.000001577407,1.5774071471241768e-06,2600.0,200036,3961,1936,43.09
P0d,10,20,24,21690,500000,2802.5701205952723,402.57012059527233,2400.0,500017,9903,4817,65.75
P0d,11,10,2,11768,200000,2600.000001482104,1.482103925809497e-06,2600.0,200000,3961,1900,43.58
P0d,11,10,3,11769,200000,2600.000001343776,1.343776148132747e-06,2600.0,200030,3961,1930,43.51
P0d,10,20,26,21692,500000,2801.334605822674,401.3346058226739,2400.0,500029,9902,4879,65.94
P0d,10,20,25,21691,500000,4095.7507666013157,1695.7507666013157,2400.0,500044,9903,4844,66.15
P0d,11,10,4,11770,200000,2623.4308474762415,23.430847476241524,2600.0,200003,3961,1903,43.64
P0d,11,10,5,11771,200000,2600.000001640856,1.6408562260039616e-06,2600.0,200049,3962,1899,43.8
P0d,10,20,28,21694,500000,2804.9920069660084,404.9920069660084,2400.0,500023,9902,4873,65.76
P0d,10,20,27,21693,500000,4470.283487290088,2070.2834872900876,2400.0,500044,9903,4844,66.43
P0d,10,20,29,21695,500000,2800.890412086135,400.8904120861348,2400.0,500025,9902,4875,65.59
P0d,11,10,6,11772,200000,2600.0000015109695,1.5109694686543662e-06,2600.0,200027,3961,1927,42.92
P0d,11,10,7,11773,200000,2600.0000014999364,1.4999363884271588e-06,2600.0,200039,3961,1939,43.15
P0d,11,10,8,11774,200000,2623.4308474762415,23.430847476241524,2600.0,200000,3961,1900,43.82
P0d,11,10,10,11776,200000,2600.00000088537,8.853699000610504e-07,2600.0,200001,3961,1901,42.97
P0d,11,10,9,11775,200000,2600.000001347866,1.34786614580662e-06,2600.0,200000,3961,1900,43.34
P0d,11,10,12,11778,200000,2600.000001197432,1.1974320841545705e-06,2600.0,200000,3961,1900,42.98
P0d,11,10,11,11777,200000,2600.0000010984613,1.0984613254549913e-06,2600.0,200042,3961,1942,43.27
P0d,11,10,13,11779,200000,2600.000001098284,1.0982839739881456e-06,2600.0,200000,3961,1900,43.22
P0d,11,10,14,11780,200000,2600.000001673964,1.6739641068852507e-06,2600.0,200000,3961,1900,43.62
P0d,11,10,15,11781,200000,2600.0000015713917,1.5713917491666507e-06,2600.0,200004,3961,1904,43.65
P0d,11,10,16,11782,200000,2623.4308474762415,23.430847476241524,2600.0,200013,3961,1913,43.73
P0d,11,10,17,11783,200000,2600.0000020231173,2.0231173039064743e-06,2600.0,200005,3961,1905,43.3
P0d,11,10,18,11784,200000,2600.00000188897,1.8889700186264236e-06,2600.0,200001,3961,1901,43.83
P0d,11,10,19,11785,200000,2623.4308474762415,23.430847476241524,2600.0,200003,3961,1903,43.33
P0d,11,10,20,11786,200000,2600.0000013713575,1.3713574844587129e-06,2600.0,200035,3961,1935,42.78
P0d,11,10,21,11787,200000,2600.000001919424,1.919423993967939e-06,2600.0,200000,3961,1900,43.05
P0d,11,10,22,11788,200000,2600.000001671311,1.671311110840179e-06,2600.0,200016,3961,1916,43.48
P0d,11,10,23,11789,200000,2600.000001306299,1.3062990547041409e-06,2600.0,200000,3961,1900,43.15
P0d,11,10,25,11791,200000,2600.0000014874036,1.4874035514367279e-06,2600.0,200001,3961,1901,43.13
P0d,11,10,24,11790,200000,2622.425596245957,22.425596245956967,2600.0,200048,3961,1948,43.39
P0d,11,10,26,11792,200000,2600.00000141128,1.4112802091403864e-06,2600.0,200029,3961,1929,43.2
P0d,11,10,27,11793,200000,2600.000001499743,1.499743120803032e-06,2600.0,200022,3961,1922,43.27
P0d,11,10,28,11794,200000,2600.000001263365,1.2633649930648971e-06,2600.0,200041,3961,1941,43.1
P0d,11,10,29,11795,200000,2600.000001216569,1.2165692169219255e-06,2600.0,200004,3961,1904,43.49
P0d,8,20,21,21487,500000,2288.0567415612527,88.0567415612527,2200.0,500042,9906,4692,798.73
P0d,8,20,23,21489,500000,2230.5382212931127,30.538221293112656,2200.0,500014,9904,4764,798.4
P0d,8,20,22,21488,500000,2224.6483601134373,24.64836011343732,2200.0,500012,9904,4762,802.31
P0d,11,20,1,21767,500000,2600.000003235453,3.235452822991647e-06,2600.0,500000,9902,4850,108.77
P0d,11,20,0,21766,500000,2615.341012908393,15.341012908393168,2600.0,500036,9903,4836,109.74
P0d,8,20,24,21490,500000,2226.410745819572,26.410745819572185,2200.0,500050,9905,4750,799.44
P0d,8,20,25,21491,500000,2226.856752740859,26.856752740859065,2200.0,500021,9905,4721,799.66
P0d,11,20,2,21768,500000,2600.000003079715,3.0797150429862086e-06,2600.0,500001,9902,4851,109.08
P0d,11,20,4,21770,500000,2600.000003209402,3.209402166248765e-06,2600.0,500046,9906,4696,108.65
P0d,11,20,6,21772,500000,2600.0000032384355,3.238435510866111e-06,2600.0,500009,9903,4809,108.25
P0d,11,20,5,21771,500000,2600.0000035722583,3.5722582651942503e-06,2600.0,500001,9902,4851,108.82
P0d,11,20,3,21769,500000,2615.3410129083923,15.341012908392258,2600.0,500001,9903,4801,110.25
P0d,11,20,7,21773,500000,2600.0000031570867,3.1570866667607334e-06,2600.0,500037,9903,4837,109.17
P0d,11,20,8,21774,500000,2615.3410129083936,15.341012908393623,2600.0,500000,9902,4850,109.92
P0d,11,20,10,21776,500000,2600.000003843716,3.843716058327118e-06,2600.0,500005,9903,4805,108.49
P0d,11,20,9,21775,500000,2616.3648736322834,16.364873632283434,2600.0,500000,9902,4850,109.91
P0d,11,20,11,21777,500000,2616.2428468075036,16.24284680750361,2600.0,500000,9902,4850,109.85
P0d,8,20,26,21492,500000,2241.9337161998365,41.933716199836454,2200.0,500037,9905,4737,805.76
P0d,8,20,28,21494,500000,2226.9642508018314,26.96425080183144,2200.0,500031,9905,4731,802.21
P0d,8,20,27,21493,500000,2225.0212884393254,25.021288439325417,2200.0,500031,9905,4731,806.14
P0d,8,20,29,21495,500000,2226.062616890173,26.062616890173103,2200.0,500005,9903,4805,803.51
P0d,11,20,12,21778,500000,2600.000003106511,3.1065110306371935e-06,2600.0,500037,9906,4687,109.22
P0d,11,20,13,21779,500000,2600.000003939753,3.939752787118778e-06,2600.0,500002,9903,4802,109.27
P0d,11,20,14,21780,500000,2600.0000034740633,3.4740633054752834e-06,2600.0,500036,9903,4836,108.87
P0d,11,20,15,21781,500000,2600.0000030675264,3.0675264497403987e-06,2600.0,500007,9902,4857,108.39
P0d,11,20,16,21782,500000,2600.000003336969,3.3369688026141375e-06,2600.0,500012,9902,4862,108.56
P0d,11,20,17,21783,500000,2600.0000030721776,3.0721776056452654e-06,2600.0,500044,9903,4844,109.57
P0d,11,20,18,21784,500000,2622.9352746816016,22.93527468160164,2600.0,500046,9903,4846,109.85
P0d,11,20,19,21785,500000,2600.0000031068917,3.1068916541698854e-06,2600.0,500001,9902,4851,109.34
P0d,11,20,22,21788,500000,2600.000003112769,3.112768808932742e-06,2600.0,500000,9902,4850,108.86
P0d,11,20,20,21786,500000,2600.0000036193182,3.619318249548087e-06,2600.0,500026,9903,4826,109.35
P0d,11,20,21,21787,500000,2600.000003401106,3.4011059142358135e-06,2600.0,500040,9903,4840,109.52
P0d,11,20,23,21789,500000,2600.0000036568717,3.656871740531642e-06,2600.0,500002,9902,4852,108.84
P0d,11,20,24,21790,500000,2615.341012908393,15.341012908393168,2600.0,500042,9902,4892,110.12
P0d,12,10,0,11866,200000,2866.5188177597556,166.51881775975562,2700.0,200040,3961,1940,47.6
P0d,11,20,25,21791,500000,2623.7727859280953,23.772785928095345,2600.0,500009,9902,4859,110.99
P0d,11,20,26,21792,500000,2600.0000034455084,3.4455083550710697e-06,2600.0,500012,9905,4712,108.9
P0d,11,20,27,21793,500000,2600.000003520423,3.520422978908755e-06,2600.0,500016,9903,4816,109.06
P0d,12,10,1,11867,200000,2865.9653853268155,165.96538532681552,2700.0,200017,3961,1917,48.11
P0d,11,20,28,21794,500000,2600.0000039864635,3.9864635255071335e-06,2600.0,500000,9902,4850,109.5
P0d,12,10,2,11868,200000,2865.9453862277287,165.9453862277287,2700.0,200028,3961,1928,48.09
P0d,11,20,29,21795,500000,2600.000003283122,3.2831221687956713e-06,2600.0,500024,9906,4674,110.8
P0d,12,10,3,11869,200000,2867.480028760137,167.48002876013697,2700.0,200000,3960,1950,47.53
P0d,12,10,5,11871,200000,2868.6006576917794,168.60065769177936,2700.0,200029,3961,1929,47.7
P0d,12,10,6,11872,200000,2865.9194144434764,165.9194144434764,2700.0,200028,3961,1928,47.7
P0d,12,10,4,11870,200000,2863.8180504238835,163.8180504238835,2700.0,200006,3961,1906,48.28
P0d,12,10,7,11873,200000,2865.928379451923,165.92837945192286,2700.0,200020,3961,1920,47.68
P0d,12,10,8,11874,200000,2866.4229010185236,166.4229010185236,2700.0,200000,3960,1950,48.07
P0d,12,10,9,11875,200000,2865.9265378033288,165.92653780332876,2700.0,200010,3961,1910,47.94
P0d,12,10,10,11876,200000,2865.9522995055163,165.9522995055163,2700.0,200046,3961,1946,47.94
P0d,12,10,11,11877,200000,2865.9816829208944,165.9816829208944,2700.0,200029,3961,1929,47.85
P0d,12,10,12,11878,200000,2865.099217516786,165.0992175167862,2700.0,200019,3961,1919,47.94
P0d,12,10,14,11880,200000,2865.9527071831317,165.95270718313168,2700.0,200006,3961,1906,47.55
P0d,12,10,13,11879,200000,2865.8989159666717,165.89891596667167,2700.0,200039,3961,1939,47.86
P0d,12,10,15,11881,200000,2865.913573341223,165.91357334122313,2700.0,200000,3960,1950,47.64
P0d,12,10,16,11882,200000,2865.9499976209636,165.9499976209636,2700.0,200028,3961,1928,47.61
P0d,12,10,17,11883,200000,2865.94924258383,165.9492425838298,2700.0,200012,3961,1912,47.98
P0d,12,10,18,11884,200000,2864.507727635461,164.50772763546092,2700.0,200048,3962,1898,47.51
P0d,12,10,20,11886,200000,2865.893811682084,165.8938116820841,2700.0,200048,3961,1948,47.32
P0d,12,10,19,11885,200000,2865.9198063020895,165.91980630208946,2700.0,200001,3961,1901,47.65
P0d,12,10,21,11887,200000,2866.4229005742463,166.42290057424634,2700.0,200000,3960,1950,47.23
P0d,12,10,22,11888,200000,2865.8989127268023,165.89891272680234,2700.0,200017,3961,1917,47.57
P0d,12,10,23,11889,200000,2866.4229007077874,166.42290070778745,2700.0,200000,3960,1950,47.51
P0d,12,10,24,11890,200000,2864.51142634182,164.51142634181997,2700.0,200000,3961,1900,47.83
P0d,12,10,26,11892,200000,2865.95379069673,165.9537906967298,2700.0,200020,3961,1920,47.61
P0d,12,10,27,11893,200000,2865.903587338642,165.90358733864196,2700.0,200020,3961,1920,47.42
P0d,12,10,25,11891,200000,2866.5167155031477,166.51671550314768,2700.0,200004,3961,1904,48.07
P0d,12,10,28,11894,200000,2865.954040582548,165.9540405825478,2700.0,200020,3961,1920,47.52
P0d,12,10,29,11895,200000,2865.98406714215,165.9840671421498,2700.0,200039,3961,1939,47.76
P0d,12,20,0,21866,500000,2946.107802077669,246.10780207766902,2700.0,500042,9902,4892,120.58
P0d,12,20,2,21868,500000,2938.9966553175227,238.9966553175227,2700.0,500045,9902,4895,119.07
P0d,12,20,4,21870,500000,2943.992673788115,243.9926737881151,2700.0,500051,9903,4851,119.77
P0d,12,20,3,21869,500000,2938.7772509016736,238.7772509016736,2700.0,500014,9902,4864,120.22
P0d,12,20,1,21867,500000,2946.286906795818,246.28690679581814,2700.0,500016,9902,4866,121.0
P0d,12,20,5,21871,500000,2946.751890544892,246.75189054489192,2700.0,500040,9902,4890,120.33
P0d,12,20,6,21872,500000,2942.5738318940007,242.5738318940007,2700.0,500005,9902,4855,120.11
P0d,12,20,7,21873,500000,2954.779191352611,254.77919135261118,2700.0,500001,9902,4851,119.46
P0d,12,20,8,21874,500000,2938.458489842983,238.458489842983,2700.0,500049,9902,4899,119.98
P0d,12,20,9,21875,500000,2947.1241868325765,247.12418683257647,2700.0,500015,9902,4865,120.05
P0d,12,20,10,21876,500000,2972.9007848990277,272.9007848990277,2700.0,500021,9902,4871,118.84
P0d,12,20,11,21877,500000,2945.2545482075056,245.25454820750565,2700.0,500029,9902,4879,120.33
P0d,12,20,12,21878,500000,2942.7355881301983,242.73558813019827,2700.0,500002,9902,4852,119.95
P0d,12,20,13,21879,500000,2947.7133720101847,247.71337201018468,2700.0,500000,9902,4850,119.8
S0d,1,10,1,10767,200000,300.0000000000001,1.1368683772161603e-13,300.0,200006,3970,1456,3.53
S0d,1,10,0,10766,200000,300.0000000000004,3.979039320256561e-13,300.0,200001,3973,1301,3.68
S0d,1,10,2,10768,200000,300.0000000005072,5.072138264949899e-10,300.0,200016,3981,916,3.64
S0d,1,10,3,10769,200000,300.0000000020231,2.023114120675018e-09,300.0,200003,3981,903,3.51
S0d,1,10,4,10770,200000,300.000000000115,1.1499423635541461e-10,300.0,200009,3980,959,3.57
S0d,1,10,5,10771,200000,300.0000000398405,3.984047225458198e-08,300.0,200003,3983,803,3.62
S0d,1,10,6,10772,200000,300.000000000001,1.0231815394945443e-12,300.0,200008,3976,1158,3.6
P0d,12,20,14,21880,500000,2939.0931884216525,239.09318842165248,2700.0,500000,9901,4900,120.35
S0d,1,10,7,10773,200000,300.00000000000153,1.5347723092418164e-12,300.0,200028,3977,1128,3.74
S0d,1,10,8,10774,200000,300.0000000719586,7.195859552666661e-08,300.0,200000,3984,750,3.57
S0d,1,10,9,10775,200000,300.00000000025267,2.5266899683629163e-10,300.0,200046,3978,1096,3.58
S0d,1,10,11,10777,200000,300.0000000120457,1.2045688890793826e-08,300.0,200038,3983,838,3.55
S0d,1,10,10,10776,200000,300.00000000000074,7.389644451905042e-13,300.0,200048,3976,1198,3.59
S0d,1,10,12,10778,200000,300.00000000210827,2.1082655621285085e-09,300.0,200049,3982,899,3.65
S0d,1,10,13,10779,200000,300.0000000000893,8.930101103032939e-11,300.0,200013,3977,1113,3.55
S0d,1,10,14,10780,200000,300.00000966829174,9.668291738762491e-06,300.0,200048,3986,698,3.65
S0d,1,10,15,10781,200000,300.00000000034123,3.412310434214305e-10,300.0,200035,3980,985,3.64
S0d,1,10,16,10782,200000,302.774718000959,2.7747180009590124,300.0,200009,3990,459,3.52
S0d,1,10,17,10783,200000,300.00000739147816,7.391478163754073e-06,300.0,200040,3987,640,3.64
S0d,1,10,18,10784,200000,300.00000000000006,5.684341886080802e-14,300.0,200019,3971,1419,3.55
S0d,1,10,19,10785,200000,300.00000000000006,5.684341886080802e-14,300.0,200003,3970,1453,3.67
S0d,1,10,20,10786,200000,300.00000000000125,1.2505552149377763e-12,300.0,200001,3977,1101,3.55
S0d,1,10,21,10787,200000,300.00000000266454,2.6645352591003757e-09,300.0,200039,3983,839,3.55
S0d,1,10,22,10788,200000,300.00099037111016,0.0009903711101628687,300.0,200041,3987,641,3.54
S0d,1,10,23,10789,200000,300.0000136415285,1.3641528482821741e-05,300.0,200027,3985,727,3.62
S0d,1,10,24,10790,200000,300.0000000000014,1.4210854715202004e-12,300.0,200021,3976,1171,3.64
S0d,1,10,25,10791,200000,300.0000000000162,1.6200374375330284e-11,300.0,200017,3980,967,3.56
S0d,1,10,26,10792,200000,300.0000000000002,2.2737367544323206e-13,300.0,200043,3973,1343,3.56
S0d,1,10,27,10793,200000,300.00000000000387,3.865352482534945e-12,300.0,200047,3977,1147,3.65
S0d,1,10,28,10794,200000,300.00000000803675,8.03674993221648e-09,300.0,200024,3982,874,3.57
S0d,1,10,29,10795,200000,300.0000000000075,7.503331289626658e-12,300.0,200036,3977,1136,3.56
S0d,1,20,0,20766,500000,300.0000000000001,1.1368683772161603e-13,300.0,500048,9923,3848,9.21
S0d,1,20,1,20767,500000,300.0000000000001,1.1368683772161603e-13,300.0,500018,9921,3918,9.23
S0d,1,20,2,20768,500000,300.0000000000001,1.1368683772161603e-13,300.0,500012,9920,3962,9.3
P0d,12,20,15,21881,500000,2943.30706221003,243.30706221002993,2700.0,500007,9902,4857,120.56
S0d,1,20,3,20769,500000,300.0000000000002,2.2737367544323206e-13,300.0,500025,9920,3975,9.32
S0d,1,20,4,20770,500000,300.0000000000001,1.1368683772161603e-13,300.0,500013,9929,3513,9.19
S0d,1,20,5,20771,500000,300.0000000000001,1.1368683772161603e-13,300.0,500033,9921,3933,9.42
P0d,12,20,16,21882,500000,2948.951490045944,248.95149004594396,2700.0,500000,9901,4900,119.11
P0d,12,20,18,21884,500000,2939.093188421652,239.09318842165203,2700.0,500011,9902,4861,119.43
P0d,12,20,19,21885,500000,2938.07008397689,238.07008397689015,2700.0,500019,9902,4869,120.01
P0d,12,20,17,21883,500000,2944.8667774771557,244.86677747715567,2700.0,500048,9902,4898,120.64
S0d,1,20,6,20772,500000,300.00000000000017,1.7053025658242404e-13,300.0,500051,9922,3901,9.31
P0d,12,20,20,21886,500000,2943.1658866029493,243.16588660294929,2700.0,500004,9902,4854,119.95
S0d,1,20,7,20773,500000,300.0000000000001,1.1368683772161603e-13,300.0,500032,9919,4032,9.14
S0d,1,20,8,20774,500000,300.0000000000001,1.1368683772161603e-13,300.0,500044,9925,3744,9.21
S0d,1,20,9,20775,500000,300.0000000000001,1.1368683772161603e-13,300.0,500045,9920,3995,9.18
S0d,1,20,10,20776,500000,300.0000000000001,1.1368683772161603e-13,300.0,500002,9923,3802,9.16
S0d,1,20,11,20777,500000,300.0000000000001,1.1368683772161603e-13,300.0,500043,9925,3743,9.25
S0d,1,20,12,20778,500000,300.0000000000001,1.1368683772161603e-13,300.0,500023,9920,3973,9.41
S0d,1,20,13,20779,500000,300.0000000000001,1.1368683772161603e-13,300.0,500025,9920,3975,9.34
S0d,1,20,14,20780,500000,300.00000000000017,1.7053025658242404e-13,300.0,500033,9921,3933,9.36
S0d,1,20,15,20781,500000,300.00000000000017,1.7053025658242404e-13,300.0,500009,9925,3709,9.25
S0d,1,20,16,20782,500000,300.00000000000017,1.7053025658242404e-13,300.0,500013,9924,3763,9.19
S0d,1,20,17,20783,500000,300.0000000000001,1.1368683772161603e-13,300.0,500032,9921,3932,9.22
S0d,1,20,18,20784,500000,300.0000000000001,1.1368683772161603e-13,300.0,500047,9923,3847,9.26
S0d,1,20,19,20785,500000,300.00000000000017,1.7053025658242404e-13,300.0,500033,9920,3983,9.2
S0d,1,20,20,20786,500000,300.0000000000001,1.1368683772161603e-13,300.0,500048,9922,3898,9.08
S0d,1,20,22,20788,500000,300.0000000000001,1.1368683772161603e-13,300.0,500036,9919,4036,9.26
S0d,1,20,21,20787,500000,300.0000000000001,1.1368683772161603e-13,300.0,500040,9930,3490,9.35
S0d,1,20,23,20789,500000,300.0000000000001,1.1368683772161603e-13,300.0,500014,9920,3964,9.38
S0d,1,20,24,20790,500000,300.0000000000001,1.1368683772161603e-13,300.0,500005,9924,3755,9.29
S0d,2,10,0,10866,200000,400.226326679184,0.2263266791840124,400.0,200000,3969,1500,4.56
S0d,2,10,1,10867,200000,405.3388401184541,5.338840118454073,400.0,200046,3974,1296,4.6
S0d,2,10,2,10868,200000,486.2050700427998,86.20507004279978,400.0,200041,3976,1191,4.58
S0d,1,20,25,20791,500000,300.0000000000001,1.1368683772161603e-13,300.0,500003,9918,4053,9.18
S0d,2,10,3,10869,200000,407.169086003372,7.169086003372001,400.0,200017,3986,667,4.51
S0d,2,10,4,10870,200000,400.4210587482942,0.4210587482941719,400.0,200050,3968,1600,4.5
S0d,2,10,5,10871,200000,485.8763258902685,85.8763258902685,400.0,200042,3976,1192,4.5
S0d,1,20,26,20792,500000,300.00000000000017,1.7053025658242404e-13,300.0,500030,9927,3630,9.3
S0d,2,10,6,10872,200000,408.91610193078833,8.91610193078833,400.0,200001,3969,1501,4.56
S0d,1,20,27,20793,500000,300.0000000000001,1.1368683772161603e-13,300.0,500035,9922,3885,9.19
S0d,1,20,28,20794,500000,300.00000000000006,5.684341886080802e-14,300.0,500047,9922,3897,9.25
S0d,1,20,29,20795,500000,300.00000000000017,1.7053025658242404e-13,300.0,500007,9925,3707,9.26
S0d,2,10,7,10873,200000,406.06733572503214,6.067335725032137,400.0,200029,3974,1279,4.49
S0d,2,10,8,10874,200000,470.1163081766259,70.11630817662592,400.0,200009,3972,1359,4.63
S0d,2,10,9,10875,200000,452.125257759865,52.12525775986501,400.0,200040,3979,1040,4.45
S0d,2,10,10,10876,200000,400.0028063594063,0.0028063594062928132,400.0,200039,3964,1789,4.46
S0d,2,10,12,10878,200000,404.303182829728,4.303182829727973,400.0,200035,3967,1635,4.53
S0d,2,10,11,10877,200000,400.3645924966299,0.36459249662988213,400.0,200001,3967,1601,4.58
S0d,2,10,13,10879,200000,473.1869778889866,73.18697788898658,400.0,200009,3974,1259,4.62
S0d,2,10,14,10880,200000,400.1580736545006,0.15807365450058342,400.0,200029,3964,1779,4.46
S0d,2,10,15,10881,200000,466.6420214207798,66.64202142077983,400.0,200006,3970,1456,4.54
S0d,2,10,16,10882,200000,461.2957609248622,61.29576092486218,400.0,200035,3979,1035,4.53
S0d,2,10,17,10883,200000,408.91610195463693,8.916101954636929,400.0,200001,3970,1451,4.67
S0d,2,10,18,10884,200000,408.91610192778717,8.916101927787167,400.0,200013,3966,1663,4.53
S0d,2,10,19,10885,200000,408.9161019277817,8.91610192778171,400.0,200002,3965,1702,4.58
S0d,2,10,20,10886,200000,408.916101961722,8.916101961722006,400.0,200049,3971,1449,4.52
S0d,2,10,21,10887,200000,400.47903817945974,0.47903817945973515,400.0,200020,3973,1320,4.46
S0d,2,10,22,10888,200000,406.9605602101278,6.960560210127824,400.0,200022,3970,1472,4.62
S0d,2,10,23,10889,200000,408.9161019277819,8.916101927781881,400.0,200009,3966,1659,4.59
S0d,2,10,24,10890,200000,465.4710631549088,65.47106315490879,400.0,200029,3972,1379,4.57
S0d,2,10,25,10891,200000,400.46063354170883,0.4606335417088303,400.0,200012,3972,1362,4.58
S0d,2,10,26,10892,200000,400.52365305707747,0.5236530570774676,400.0,200027,3978,1077,4.49
S0d,2,10,27,10893,200000,405.54392171290425,5.54392171290425,400.0,200041,3972,1391,4.61
S0d,2,10,28,10894,200000,404.29905912606273,4.29905912606273,400.0,200026,3968,1576,4.63
S0d,2,10,29,10895,200000,406.5943386915133,6.594338691513315,400.0,200047,3969,1547,4.63
S0d,2,20,0,20866,500000,449.10259592965286,49.102595929652864,400.0,500034,9942,2884,11.64
S0d,2,20,1,20867,500000,499.98535909668976,99.98535909668976,400.0,500022,9958,2072,11.65
S0d,2,20,2,20868,500000,449.0868835741595,49.086883574159515,400.0,500041,9927,3641,11.85
S0d,2,20,3,20869,500000,449.1361772690918,49.136177269091775,400.0,500017,9941,2917,11.73
S0d,2,20,5,20871,500000,451.5600567353877,51.56005673538772,400.0,500028,9958,2078,11.4
S0d,2,20,4,20870,500000,449.0906509790975,49.09065097909752,400.0,500001,9924,3751,11.73
S0d,2,20,6,20872,500000,449.1277325468364,49.1277325468364,400.0,500023,9954,2273,11.63
S0d,2,20,7,20873,500000,472.5436185041091,72.54361850410908,400.0,500000,9934,3250,11.69
S0d,2,20,8,20874,500000,449.109306351909,49.10930635190903,400.0,500036,9939,3036,11.58
S0d,2,20,9,20875,500000,473.47663533081527,73.47663533081527,400.0,500048,9934,3298,11.71
S0d,2,20,10,20876,500000,465.61767201672046,65.61767201672046,400.0,500000,9928,3550,11.76
S0d,2,20,11,20877,500000,429.5054310298197,29.505431029819704,400.0,500038,9949,2538,11.63
S0d,2,20,12,20878,500000,452.9197738265236,52.919773826523624,400.0,500044,9955,2244,11.6
S0d,2,20,13,20879,500000,468.45315643646813,68.45315643646813,400.0,500042,9922,3892,11.66
S0d,2,20,14,20880,500000,467.18187062121547,67.18187062121547,400.0,500046,9922,3896,11.52
S0d,2,20,15,20881,500000,449.09388954266433,49.09388954266433,400.0,500040,9932,3390,11.58
S0d,2,20,16,20882,500000,470.26806125137057,70.26806125137057,400.0,500029,9949,2529,11.56
S0d,2,20,17,20883,500000,500.28278236839503,100.28278236839503,400.0,500030,9963,1830,11.7
S0d,2,20,18,20884,500000,449.12625332372147,49.12625332372147,400.0,500045,9940,2995,11.64
S0d,2,20,19,20885,500000,450.00704160751485,50.00704160751485,400.0,500000,9955,2200,11.45
S0d,2,20,20,20886,500000,471.8794546599335,71.87945465993351,400.0,500034,9938,3084,11.49
S0d,2,20,21,20887,500000,450.038099018188,50.03809901818801,400.0,500030,9961,1930,11.6
S0d,2,20,22,20888,500000,449.44396289108477,49.443962891084766,400.0,500047,9952,2397,11.56
S0d,2,20,23,20889,500000,404.1980765522617,4.198076552261682,400.0,500043,9938,3093,11.73
S0d,3,10,0,10966,200000,600.0000000000001,1.1368683772161603e-13,600.0,200000,3961,1900,8.77
S0d,3,10,1,10967,200000,600.0000000000001,1.1368683772161603e-13,600.0,200040,3961,1940,8.55
S0d,3,10,2,10968,200000,600.0,0.0,600.0,200000,3961,1900,8.6
S0d,3,10,3,10969,200000,600.0,0.0,600.0,200000,3960,1950,8.68
S0d,2,20,24,20890,500000,449.26401555930283,49.264015559302834,400.0,500002,9950,2452,11.67
S0d,3,10,4,10970,200000,600.0000000000001,1.1368683772161603e-13,600.0,200000,3960,1950,8.63
S0d,3,10,5,10971,200000,600.0,0.0,600.0,200000,3961,1900,8.64
S0d,2,20,25,20891,500000,449.24963644682606,49.24963644682606,400.0,500030,9946,2680,11.65
S0d,2,20,26,20892,500000,474.61006487619176,74.61006487619176,400.0,500017,9925,3717,11.59
S0d,2,20,27,20893,500000,464.6513757400678,64.6513757400678,400.0,500027,9956,2177,11.74
S0d,2,20,28,20894,500000,449.1457099317276,49.145709931727595,400.0,500032,9946,2682,11.68
S0d,2,20,29,20895,500000,449.165573945754,49.16557394575398,400.0,500043,9943,2843,11.49
S0d,3,10,6,10972,200000,600.0000000000001,1.1368683772161603e-13,600.0,200005,3961,1905,8.59
S0d,3,10,7,10973,200000,600.0000000000001,1.1368683772161603e-13,600.0,200027,3961,1927,8.71
S0d,3,10,8,10974,200000,600.0000000000001,1.1368683772161603e-13,600.0,200000,3960,1950,8.87
S0d,3,10,9,10975,200000,600.0000000000001,1.1368683772161603e-13,600.0,200000,3961,1900,8.66
S0d,3,10,10,10976,200000,600.0,0.0,600.0,200000,3961,1900,8.73
S0d,3,10,11,10977,200000,600.0000000000001,1.1368683772161603e-13,600.0,200000,3961,1900,8.82
S0d,3,10,12,10978,200000,600.0,0.0,600.0,200040,3961,1940,8.89
S0d,3,10,14,10980,200000,600.0000000000001,1.1368683772161603e-13,600.0,200015,3961,1915,8.7
S0d,3,10,13,10979,200000,600.0000000000001,1.1368683772161603e-13,600.0,200046,3961,1946,8.89
S0d,3,10,15,10981,200000,600.0000000000001,1.1368683772161603e-13,600.0,200001,3961,1901,8.83
S0d,3,10,16,10982,200000,600.0,0.0,600.0,200000,3961,1900,8.8
S0d,3,10,17,10983,200000,600.0000000000001,1.1368683772161603e-13,600.0,200000,3961,1900,8.86
S0d,3,10,18,10984,200000,600.0000000000001,1.1368683772161603e-13,600.0,200000,3961,1900,8.77
S0d,3,10,19,10985,200000,600.0000000000001,1.1368683772161603e-13,600.0,200044,3961,1944,8.68
S0d,3,10,20,10986,200000,600.0000000000001,1.1368683772161603e-13,600.0,200000,3961,1900,8.86
P0d,12,20,21,21887,500000,2938.7968350946394,238.7968350946394,2700.0,500037,9902,4887,120.21
S0d,3,10,21,10987,200000,600.0000000000001,1.1368683772161603e-13,600.0,200000,3961,1900,8.87
S0d,3,10,22,10988,200000,600.0000000000001,1.1368683772161603e-13,600.0,200044,3961,1944,8.7
S0d,3,10,23,10989,200000,600.0000000000001,1.1368683772161603e-13,600.0,200049,3962,1899,8.77
S0d,3,10,25,10991,200000,600.0000000000001,1.1368683772161603e-13,600.0,200021,3961,1921,8.67
S0d,3,10,24,10990,200000,600.0,0.0,600.0,200050,3961,1950,8.81
P0d,12,20,22,21888,500000,2941.7391160147095,241.73911601470945,2700.0,500040,9902,4890,120.43
S0d,3,10,26,10992,200000,600.0,0.0,600.0,200001,3961,1901,8.79
S0d,3,10,27,10993,200000,600.0,0.0,600.0,200044,3961,1944,8.82
S0d,3,10,29,10995,200000,600.0000000000001,1.1368683772161603e-13,600.0,200030,3961,1930,8.64
S0d,3,10,28,10994,200000,600.0000000000001,1.1368683772161603e-13,600.0,200008,3961,1908,8.83
P0d,12,20,24,21890,500000,2972.951456823493,272.9514568234931,2700.0,500044,9902,4894,120.9
P0d,12,20,25,21891,500000,2943.452910870499,243.45291087049918,2700.0,500030,9902,4880,121.27
P0d,12,20,23,21889,500000,2948.8629519196593,248.86295191965928,2700.0,500033,9902,4883,121.61
P0d,12,20,27,21893,500000,2943.4529141880407,243.45291418804072,2700.0,500010,9902,4860,120.24
P0d,12,20,26,21892,500000,2977.9457179515907,277.9457179515907,2700.0,500049,9902,4899,121.36
P0d,12,20,28,21894,500000,2972.570175940019,272.570175940019,2700.0,500015,9902,4865,120.65
P0d,12,20,29,21895,500000,2972.545995530215,272.5459955302149,2700.0,500032,9902,4882,121.01
S0d,3,20,0,20966,500000,600.0000000000001,1.1368683772161603e-13,600.0,500001,9903,4801,22.26
S0d,3,20,1,20967,500000,600.0000000000001,1.1368683772161603e-13,600.0,500031,9903,4831,22.26
S0d,3,20,2,20968,500000,600.0000000000002,2.2737367544323206e-13,600.0,500000,9903,4800,22.17
S0d,3,20,5,20971,500000,600.0000000000002,2.2737367544323206e-13,600.0,500003,9903,4803,21.89
S0d,3,20,3,20969,500000,600.0000000000001,1.1368683772161603e-13,600.0,500000,9903,4800,22.14
S0d,3,20,4,20970,500000,600.0000000000001,1.1368683772161603e-13,600.0,500000,9903,4800,22.57
S0d,3,20,6,20972,500000,600.0000000000002,2.2737367544323206e-13,600.0,500047,9904,4797,22.47
S0d,3,20,8,20974,500000,600.0000000000001,1.1368683772161603e-13,600.0,500000,9903,4800,22.04
S0d,3,20,7,20973,500000,600.0000000000002,2.2737367544323206e-13,600.0,500000,9903,4800,22.24
S0d,3,20,10,20976,500000,600.0000000000001,1.1368683772161603e-13,600.0,500017,9903,4817,22.11
S0d,3,20,9,20975,500000,600.0000000000002,2.2737367544323206e-13,600.0,500000,9903,4800,22.25
S0d,3,20,11,20977,500000,600.0000000000001,1.1368683772161603e-13,600.0,500000,9903,4800,22.15
S0d,3,20,13,20979,500000,600.0000000000002,2.2737367544323206e-13,600.0,500027,9904,4777,21.97
S0d,3,20,12,20978,500000,600.0000000000001,1.1368683772161603e-13,600.0,500000,9903,4800,22.47
S0d,3,20,14,20980,500000,600.0000000000002,2.2737367544323206e-13,600.0,500000,9903,4800,22.4
S0d,3,20,15,20981,500000,600.0000000000002,2.2737367544323206e-13,600.0,500000,9903,4800,22.32
S0d,3,20,16,20982,500000,600.0000000000002,2.2737367544323206e-13,600.0,500029,9903,4829,22.42
S0d,3,20,18,20984,500000,600.0000000000001,1.1368683772161603e-13,600.0,500000,9902,4850,22.02
S0d,3,20,17,20983,500000,600.0000000000001,1.1368683772161603e-13,600.0,500000,9903,4800,22.34
S0d,3,20,19,20985,500000,600.0000000000002,2.2737367544323206e-13,600.0,500000,9903,4800,22.05
S0d,3,20,20,20986,500000,600.0000000000002,2.2737367544323206e-13,600.0,500026,9904,4776,22.21
S0d,4,10,0,11066,200000,882.0,82.0,800.0,200000,3960,1950,13.17
S0d,4,10,1,11067,200000,884.5,84.5,800.0,200000,3960,1950,13.06
S0d,4,10,2,11068,200000,858.0,58.0,800.0,200029,3961,1929,13.16
S0d,4,10,3,11069,200000,884.5,84.5,800.0,200000,3960,1950,13.04
S0d,4,10,4,11070,200000,842.0,42.0,800.0,200000,3961,1900,13.25
S0d,4,10,5,11071,200000,842.0,42.0,800.0,200000,3961,1900,13.17
S0d,4,10,8,11074,200000,862.0,62.0,800.0,200000,3960,1950,13.11
S0d,4,10,6,11072,200000,914.5,114.5,800.0,200000,3960,1950,13.34
S0d,4,10,7,11073,200000,846.0,46.0,800.0,200000,3960,1950,13.22
S0d,4,10,9,11075,200000,832.0,32.0,800.0,200023,3961,1923,12.94
S0d,4,10,10,11076,200000,846.0,46.0,800.0,200000,3961,1900,13.02
S0d,4,10,11,11077,200000,848.0,48.0,800.0,200000,3960,1950,13.02
S0d,3,20,21,20987,500000,600.0000000000001,1.1368683772161603e-13,600.0,500007,9904,4757,22.33
S0d,3,20,22,20988,500000,600.0000000000001,1.1368683772161603e-13,600.0,500000,9903,4800,22.32
S0d,3,20,23,20989,500000,600.0000000000001,1.1368683772161603e-13,600.0,500000,9903,4800,22.29
S0d,3,20,24,20990,500000,600.0000000000001,1.1368683772161603e-13,600.0,500005,9904,4755,22.26
S0d,3,20,25,20991,500000,600.0000000000002,2.2737367544323206e-13,600.0,500000,9903,4800,22.43
S0d,3,20,26,20992,500000,600.0000000000001,1.1368683772161603e-13,600.0,500000,9903,4800,22.29
S0d,3,20,28,20994,500000,600.0000000000001,1.1368683772161603e-13,600.0,500038,9903,4838,22.18
S0d,3,20,27,20993,500000,600.0000000000002,2.2737367544323206e-13,600.0,500021,9904,4771,22.31
S0d,3,20,29,20995,500000,600.0000000000001,1.1368683772161603e-13,600.0,500003,9903,4803,22.28
S0d,4,10,13,11079,200000,838.0,38.0,800.0,200000,3961,1900,13.11
S0d,4,10,12,11078,200000,858.0,58.0,800.0,200000,3961,1900,13.29
S0d,4,10,14,11080,200000,852.0,52.0,800.0,200000,3962,1850,13.15
S0d,4,10,15,11081,200000,860.5,60.5,800.0,200045,3961,1945,13.22
S0d,4,10,16,11082,200000,856.0,56.0,800.0,200000,3960,1950,13.07
S0d,4,10,17,11083,200000,834.0,34.0,800.0,200043,3962,1893,13.23
S0d,4,10,18,11084,200000,852.0,52.0,800.0,200000,3961,1900,13.1
S0d,4,10,19,11085,200000,894.0,94.0,800.0,200000,3961,1900,13.07
S0d,4,10,20,11086,200000,828.0,28.0,800.0,200000,3961,1900,13.25
S0d,4,10,21,11087,200000,846.0,46.0,800.0,200000,3961,1900,13.24
S0d,4,10,22,11088,200000,856.0,56.0,800.0,200009,3961,1909,13.02
S0d,4,10,23,11089,200000,852.0,52.0,800.0,200000,3960,1950,13.15
S0d,4,10,25,11091,200000,892.0,92.0,800.0,200049,3962,1899,13.17
S0d,4,10,24,11090,200000,922.5,122.5,800.0,200000,3960,1950,13.34
S0d,4,10,27,11093,200000,916.0,116.0,800.0,200000,3960,1950,12.98
S0d,4,10,26,11092,200000,862.0,62.0,800.0,200000,3960,1950,13.23
S0d,4,10,28,11094,200000,830.0,30.0,800.0,200000,3960,1950,13.15
S0d,4,10,29,11095,200000,830.0,30.0,800.0,200000,3960,1950,13.18
S0d,4,20,0,21066,500000,1034.0,234.0,800.0,500001,9902,4851,33.16
S0d,4,20,2,21068,500000,1083.5,283.5,800.0,500000,9901,4900,33.07
S0d,4,20,1,21067,500000,1074.0,274.0,800.0,500049,9902,4899,33.48
S0d,4,20,4,21070,500000,1104.5,304.5,800.0,500049,9903,4849,33.15
S0d,4,20,3,21069,500000,1081.0,281.0,800.0,500000,9902,4850,33.6
S0d,4,20,6,21072,500000,1079.0,279.0,800.0,500005,9902,4855,33.16
S0d,4,20,5,21071,500000,1032.0,232.0,800.0,500000,9902,4850,33.45
S0d,4,20,7,21073,500000,1000.0,200.0,800.0,500000,9902,4850,33.13
S0d,4,20,9,21075,500000,1075.0,275.0,800.0,500000,9903,4800,32.86
S0d,4,20,8,21074,500000,962.5,162.5,800.0,500003,9904,4753,33.21
S0d,4,20,10,21076,500000,1028.5,228.5,800.0,500000,9904,4750,33.24
S0d,4,20,12,21078,500000,1014.5,214.5,800.0,500024,9903,4824,33.18
S0d,4,20,11,21077,500000,1041.0,241.0,800.0,500050,9902,4900,33.51
S0d,4,20,13,21079,500000,1073.0,273.0,800.0,500017,9902,4867,33.14
S0d,4,20,14,21080,500000,1077.5,277.5,800.0,500000,9902,4850,33.19
S0d,4,20,15,21081,500000,924.0,124.0,800.0,500032,9904,4782,33.02
S0d,4,20,16,21082,500000,999.0,199.0,800.0,500000,9903,4800,33.46
S0d,4,20,17,21083,500000,1003.0,203.0,800.0,500019,9902,4869,33.25
S0d,4,20,18,21084,500000,996.0,196.0,800.0,500000,9903,4800,33.63
S0d,4,20,19,21085,500000,1012.5,212.5,800.0,500000,9902,4850,33.35
S0d,4,20,20,21086,500000,958.0,158.0,800.0,500000,9902,4850,33.24
S0d,5,10,0,11166,200000,900.1790565032138,0.17905650321381472,900.0,200000,3961,1900,6.76
S0d,5,10,1,11167,200000,900.0895282594191,0.08952825941912579,900.0,200000,3961,1900,6.48
S0d,5,10,2,11168,200000,900.9086515137737,0.9086515137737479,900.0,200000,3962,1850,6.63
S0d,5,10,3,11169,200000,900.0000000475651,4.7565094973833766e-08,900.0,200000,3961,1900,6.61
S0d,5,10,4,11170,200000,900.4543245259437,0.4543245259436617,900.0,200000,3962,1850,6.52
S0d,5,10,5,11171,200000,900.6333805216952,0.6333805216952442,900.0,200000,3961,1900,6.6
S0d,5,10,6,11172,200000,900.0000000010001,1.0001031114370562e-09,900.0,200000,3961,1900,6.58
S0d,5,10,7,11173,200000,900.1790565044989,0.17905650449893074,900.0,200047,3962,1897,6.65
S0d,5,10,8,11174,200000,900.9981771343034,0.9981771343034325,900.0,200000,3962,1850,6.63
S0d,5,10,9,11175,200000,900.1790565014493,0.1790565014492813,900.0,200000,3961,1900,6.58
S0d,5,10,10,11176,200000,900.5438528984062,0.5438528984061577,900.0,200000,3961,1900,6.79
S0d,5,10,11,11177,200000,900.4543240624164,0.45432406241639,900.0,200000,3961,1900,6.68
S0d,5,10,12,11178,200000,900.9981763956648,0.9981763956648138,900.0,200001,3961,1901,6.65
S0d,5,10,13,11179,200000,900.7229087757108,0.7229087757108346,900.0,200000,3961,1900,6.63
S0d,5,10,14,11180,200000,900.5438523361512,0.5438523361511898,900.0,200000,3961,1900,6.66
S0d,5,10,15,11181,200000,900.1790565022769,0.1790565022769215,900.0,200000,3961,1900,6.58
S0d,5,10,16,11182,200000,900.0895282621327,0.08952826213271692,900.0,200000,3961,1900,6.42
S0d,5,10,17,11183,200000,900.6333805720988,0.6333805720987584,900.0,200000,3961,1900,6.52
S0d,5,10,18,11184,200000,900.6333809432134,0.6333809432134103,900.0,200000,3961,1900,6.67
S0d,5,10,19,11185,200000,900.6333813767727,0.6333813767727179,900.0,200000,3962,1850,6.52
S0d,5,10,20,11186,200000,900.2685847603892,0.2685847603892171,900.0,200000,3961,1900,6.62
S0d,5,10,21,11187,200000,900.2685847523279,0.2685847523279108,900.0,200007,3961,1907,6.46
S0d,5,10,22,11188,200000,900.5438524024198,0.5438524024198159,900.0,200000,3961,1900,6.61
S0d,5,10,23,11189,200000,900.3581130021918,0.35811300219177156,900.0,200000,3961,1900,6.53
S0d,5,10,24,11190,200000,901.1772343087102,1.17723430871024,900.0,200000,3961,1900,6.55
S0d,5,10,25,11191,200000,900.543852270706,0.5438522707059974,900.0,200000,3961,1900,6.67
S0d,5,10,26,11192,200000,900.5438523704536,0.5438523704535783,900.0,200024,3962,1874,6.73
S0d,5,10,27,11193,200000,900.2685847519801,0.26858475198014276,900.0,200048,3962,1898,6.71
S0d,5,10,28,11194,200000,900.9086489834277,0.9086489834277245,900.0,200016,3962,1866,6.57
S0d,5,10,29,11195,200000,900.1790565023568,0.17905650235684334,900.0,200000,3961,1900,6.48
S0d,4,20,21,21087,500000,1035.0,235.0,800.0,500036,9902,4886,32.96
S0d,4,20,22,21088,500000,990.0,190.0,800.0,500002,9903,4802,32.95
S0d,4,20,23,21089,500000,966.0,166.0,800.0,500000,9901,4900,32.82
S0d,4,20,24,21090,500000,1024.0,224.0,800.0,500000,9901,4900,32.84
S0d,4,20,25,21091,500000,968.5,168.5,800.0,500010,9904,4760,33.02
S0d,4,20,26,21092,500000,1018.5,218.5,800.0,500000,9901,4900,32.68
S0d,4,20,27,21093,500000,1091.0,291.0,800.0,500002,9903,4802,32.72
S0d,4,20,28,21094,500000,985.0,185.0,800.0,500000,9903,4800,33.22
S0d,4,20,29,21095,500000,1146.0,346.0,800.0,500000,9901,4900,32.83
S0d,5,20,0,21166,500000,902.5402052906098,2.5402052906098334,900.0,500000,9904,4750,16.7
S0d,5,20,1,21167,500000,902.8088121187327,2.8088121187327033,900.0,500019,9904,4769,16.86
S0d,5,20,2,21168,500000,902.4439944491955,2.443994449195543,900.0,500050,9905,4750,16.77
S0d,5,20,3,21169,500000,903.7008367342579,3.700836734257905,900.0,500048,9905,4748,16.85
S0d,5,20,4,21170,500000,902.2649387236091,2.2649387236091343,900.0,500016,9904,4766,16.71
S0d,5,20,6,21172,500000,902.9945095080355,2.9945095080355486,900.0,500000,9904,4750,16.77
S0d,5,20,5,21171,500000,904.9013624858602,4.901362485860204,900.0,500018,9904,4768,16.91
S0d,5,20,7,21173,500000,901.9896698466065,1.989669846606489,900.0,500047,9904,4797,16.95
S0d,5,20,8,21174,500000,901.0877045726475,1.0877045726474535,900.0,500048,9906,4698,16.77
S0d,5,20,9,21175,500000,901.7210850574439,1.7210850574439291,900.0,500000,9903,4800,16.74
S0d,5,20,10,21176,500000,902.0858820737317,2.085882073731682,900.0,500019,9904,4769,16.92
S0d,5,20,11,21177,500000,901.9963560750803,1.9963560750802571,900.0,500002,9905,4702,16.8
S0d,5,20,12,21178,500000,904.5391437963301,4.539143796330109,900.0,500000,9905,4700,16.68
S0d,5,20,13,21179,500000,901.9963544449625,1.9963544449625488,900.0,500006,9905,4706,16.64
S0d,5,20,14,21180,500000,900.6333805381116,0.6333805381116235,900.0,500000,9904,4750,16.83
S0d,6,10,0,11266,200000,22466.84186285498,20666.84186285498,1800.0,200017,3973,1317,8.93
S0d,5,20,15,21181,500000,902.0858899231697,2.0858899231697023,900.0,500000,9903,4800,16.89
S0d,5,20,17,21183,500000,902.1754101339538,2.1754101339538465,900.0,500001,9904,4751,16.45
S0d,5,20,16,21182,500000,902.450683385997,2.4506833859969674,900.0,500007,9904,4757,16.83
S0d,6,10,1,11267,200000,11010.491242186028,9210.491242186028,1800.0,200036,3972,1386,8.93
S0d,5,20,18,21184,500000,902.9948436776164,2.994843677616359,900.0,500047,9904,4797,16.73
S0d,5,20,19,21185,500000,901.7210852428358,1.721085242835784,900.0,500000,9904,4750,16.99
S0d,5,20,20,21186,500000,903.6279732170977,3.627973217097747,900.0,500000,9904,4750,16.62
S0d,6,10,2,11268,200000,13183.012474599818,11383.012474599818,1800.0,200002,3971,1402,8.87
S0d,5,20,21,21187,500000,902.5402133494476,2.54021334944764,900.0,500049,9904,4799,16.7
S0d,6,10,3,11269,200000,6954.411577858518,5154.411577858518,1800.0,200012,3971,1412,8.83
S0d,6,10,4,11270,200000,5667.596977390655,3867.5969773906554,1800.0,200043,3974,1293,9.1
S0d,5,20,22,21188,500000,904.2638349146058,4.263834914605809,900.0,500000,9905,4700,16.85
S0d,6,10,5,11271,200000,7255.781950534745,5455.781950534745,1800.0,200003,3971,1403,9.01
S0d,5,20,23,21189,500000,902.9050008711596,2.9050008711595865,900.0,500000,9904,4750,16.83
S0d,5,20,24,21190,500000,904.9908919319126,4.990891931912643,900.0,500000,9904,4750,16.63
S0d,5,20,25,21191,500000,900.9981770014083,0.998177001408294,900.0,500033,9906,4683,16.85
S0d,5,20,26,21192,500000,902.9945354095266,2.994535409526634,900.0,500050,9904,4800,16.7
S0d,5,20,28,21194,500000,900.9019653224211,0.9019653224211197,900.0,500002,9904,4752,16.65
S0d,5,20,27,21193,500000,902.1754090762975,2.1754090762974556,900.0,500049,9904,4799,16.96
S0d,5,20,29,21195,500000,901.1772329600032,1.1772329600031526,900.0,500048,9905,4748,17.01
S0d,6,10,6,11272,200000,8919.472903246977,7119.472903246977,1800.0,200000,3972,1350,8.84
S0d,6,10,8,11274,200000,5810.260412135402,4010.2604121354016,1800.0,200049,3972,1399,8.96
S0d,6,10,7,11273,200000,2709.4949090968917,909.4949090968917,1800.0,200014,3970,1464,9.18
S0d,6,10,9,11275,200000,8637.027211839899,6837.027211839899,1800.0,200001,3971,1401,8.95
S0d,6,10,11,11277,200000,6100.316313504351,4300.316313504351,1800.0,200048,3972,1398,9.0
S0d,6,10,10,11276,200000,5605.755713975974,3805.755713975974,1800.0,200044,3973,1344,9.13
S0d,6,10,12,11278,200000,13295.450041818176,11495.450041818176,1800.0,200009,3974,1259,9.04
S0d,6,10,13,11279,200000,7543.5945836896235,5743.5945836896235,1800.0,200037,3971,1437,8.96
S0d,6,10,14,11280,200000,17552.492719438364,15752.492719438364,1800.0,200002,3973,1302,9.07
S0d,6,10,15,11281,200000,18894.761851701427,17094.761851701427,1800.0,200044,3973,1344,9.02
S0d,6,10,16,11282,200000,16489.19125881986,14689.191258819861,1800.0,200028,3971,1428,8.97
S0d,6,10,17,11283,200000,4624.4948008094525,2824.4948008094525,1800.0,200049,3969,1549,9.04
S0d,6,10,19,11285,200000,8816.988262503764,7016.988262503764,1800.0,200034,3970,1484,8.81
S0d,6,10,20,11286,200000,10891.611447202014,9091.611447202014,1800.0,200046,3972,1396,8.95
S0d,6,10,18,11284,200000,4378.860544755734,2578.860544755734,1800.0,200013,3972,1363,9.08
S0d,6,10,21,11287,200000,14597.898850350331,12797.898850350331,1800.0,200036,3974,1286,9.1
S0d,6,10,22,11288,200000,9028.700790197456,7228.700790197456,1800.0,200005,3972,1355,9.0
S0d,6,10,23,11289,200000,14002.62239035758,12202.62239035758,1800.0,200036,3972,1386,9.06
S0d,6,10,25,11291,200000,7681.421257247146,5881.421257247146,1800.0,200049,3971,1449,9.11
S0d,6,10,24,11290,200000,11558.437838873218,9758.437838873218,1800.0,200037,3974,1287,9.2
S0d,6,10,26,11292,200000,9094.186017366063,7294.1860173660625,1800.0,200020,3971,1420,9.0
S0d,6,10,27,11293,200000,7907.04485888194,6107.04485888194,1800.0,200029,3973,1329,9.11
S0d,6,10,28,11294,200000,14581.952922161618,12781.952922161618,1800.0,200018,3972,1368,9.09
S0d,6,10,29,11295,200000,14084.465483196629,12284.465483196629,1800.0,200041,3975,1241,8.95
S0d,6,20,0,21266,500000,57565.85489035242,55765.85489035242,1800.0,500000,9908,4550,22.83
S0d,6,20,2,21268,500000,55133.69958012632,53333.69958012632,1800.0,500024,9908,4574,22.69
S0d,6,20,1,21267,500000,32199.05842037717,30399.05842037717,1800.0,500000,9909,4500,22.88
S0d,6,20,4,21270,500000,30286.800489473568,28486.800489473568,1800.0,500046,9908,4596,22.88
S0d,6,20,3,21269,500000,36762.02965281375,34962.02965281375,1800.0,500000,9908,4550,22.93
S0d,6,20,5,21271,500000,47822.62023504706,46022.62023504706,1800.0,500001,9910,4451,23.51
S0d,6,20,6,21272,500000,34351.64735787812,32551.647357878122,1800.0,500030,9908,4580,22.61
S0d,6,20,7,21273,500000,42693.61637931873,40893.61637931873,1800.0,500000,9909,4500,22.75
S0d,6,20,8,21274,500000,38662.24370176188,36862.24370176188,1800.0,500022,9910,4472,22.94
S0d,6,20,9,21275,500000,63532.27227071467,61732.27227071467,1800.0,500003,9908,4553,23.0
S0d,6,20,10,21276,500000,30376.842451757533,28576.842451757533,1800.0,500050,9909,4550,22.93
S0d,6,20,12,21278,500000,37683.95658631309,35883.95658631309,1800.0,500033,9911,4433,22.81
S0d,6,20,11,21277,500000,37325.570749127284,35525.570749127284,1800.0,500019,9908,4569,23.4
S0d,6,20,14,21280,500000,33577.6179726751,31777.6179726751,1800.0,500046,9911,4446,22.84
S0d,6,20,13,21279,500000,19180.11601556967,17380.11601556967,1800.0,500008,9906,4658,23.1
S0d,6,20,15,21281,500000,29406.5000048702,27606.5000048702,1800.0,500027,9908,4577,22.65
S0d,6,20,16,21282,500000,52139.77783566312,50339.77783566312,1800.0,500029,9910,4479,23.01
S0d,6,20,17,21283,500000,86469.36952425388,84669.36952425388,1800.0,500005,9910,4455,22.82
S0d,6,20,18,21284,500000,21453.560535686865,19653.560535686865,1800.0,500001,9909,4501,23.46
S0d,6,20,19,21285,500000,66985.6328585908,65185.632858590805,1800.0,500012,9911,4412,22.65
S0d,6,20,20,21286,500000,33948.50189729215,32148.501897292153,1800.0,500026,9909,4526,22.96
S0d,6,20,21,21287,500000,48497.889842684504,46697.889842684504,1800.0,500000,9906,4650,22.63
S0d,6,20,22,21288,500000,54808.70679791563,53008.70679791563,1800.0,500026,9909,4526,22.74
S0d,6,20,23,21289,500000,17750.296608441004,15950.296608441004,1800.0,500030,9909,4530,22.93
S0d,6,20,25,21291,500000,45522.61663113188,43722.61663113188,1800.0,500001,9909,4501,22.74
S0d,6,20,24,21290,500000,25715.727122580913,23915.727122580913,1800.0,500003,9909,4503,22.85
S0d,6,20,26,21292,500000,40843.64527655378,39043.64527655378,1800.0,500036,9910,4486,22.79
S0d,6,20,27,21293,500000,51110.172602214916,49310.172602214916,1800.0,500029,9909,4529,22.84
S0d,6,20,28,21294,500000,35594.06564466026,33794.06564466026,1800.0,500000,9910,4450,22.83
S0d,6,20,29,21295,500000,49163.739584174094,47363.739584174094,1800.0,500035,9909,4535,22.89
S0d,7,10,2,11368,200000,2054.3888920228683,54.388892022868276,2000.0,200003,3964,1753,123.21
S0d,7,10,0,11366,200000,2119.5904313268175,119.59043132681745,2000.0,200004,3964,1754,123.53
S0d,7,10,4,11370,200000,2037.1149000113214,37.114900011321424,2000.0,200000,3965,1700,122.96
S0d,7,10,6,11372,200000,2130.139357619917,130.13935761991706,2000.0,200022,3965,1722,123.08
S0d,7,10,1,11367,200000,2184.496511675981,184.49651167598086,2000.0,200000,3963,1800,124.23
S0d,7,10,7,11373,200000,2040.6176461436205,40.617646143620505,2000.0,200041,3964,1791,122.92
S0d,7,10,5,11371,200000,2070.1987960869233,70.19879608692327,2000.0,200000,3962,1850,123.41
S0d,7,10,8,11374,200000,2061.226188113523,61.22618811352322,2000.0,200046,3970,1496,122.71
S0d,7,10,3,11369,200000,2038.4673369739646,38.46733697396462,2000.0,200001,3965,1701,123.97
S0d,7,10,9,11375,200000,2035.4223775760609,35.42237757606085,2000.0,200000,3963,1800,122.45
S0d,7,10,10,11376,200000,2032.9116686526745,32.91166865267451,2000.0,200048,3964,1798,122.95
S0d,7,10,11,11377,200000,2026.3613114968455,26.361311496845474,2000.0,200000,3963,1800,122.93
S0d,7,10,14,11380,200000,2077.762409800788,77.76240980078819,2000.0,200000,3964,1750,122.22
S0d,7,10,12,11378,200000,2088.616686218683,88.61668621868284,2000.0,200016,3965,1716,123.51
S0d,7,10,13,11379,200000,2022.3366629577113,22.33666295771127,2000.0,200035,3962,1885,123.23
S0d,7,10,16,11382,200000,2156.1710955580434,156.17109555804336,2000.0,200000,3963,1800,122.55
S0d,7,10,15,11381,200000,2051.784154555311,51.784154555311034,2000.0,200001,3969,1501,122.63
S0d,7,10,17,11383,200000,2030.5057292897066,30.50572928970655,2000.0,200017,3964,1767,122.48
S0d,7,10,18,11384,200000,2129.952526616162,129.95252661616178,2000.0,200049,3966,1699,122.52
S0d,7,10,19,11385,200000,2091.8933054597605,91.89330545976054,2000.0,200021,3963,1821,122.55
S0d,7,10,20,11386,200000,2028.5967899187929,28.596789918792865,2000.0,200031,3963,1831,122.47
S0d,7,10,22,11388,200000,2061.1972691417595,61.197269141759534,2000.0,200001,3962,1851,123.0
S0d,7,10,28,11394,200000,2055.7596678531017,55.759667853101746,2000.0,200000,3962,1850,122.64
S0d,7,10,21,11387,200000,2221.09906841006,221.09906841006023,2000.0,200046,3965,1746,123.78
S0d,7,10,23,11389,200000,2057.096273101243,57.09627310124279,2000.0,200000,3965,1700,123.76
S0d,7,10,24,11390,200000,2104.1044869278885,104.1044869278885,2000.0,200040,3962,1890,123.74
S0d,7,10,27,11393,200000,2033.5366574464163,33.53665744641626,2000.0,200034,3963,1834,124.01
S0d,7,10,25,11391,200000,2035.9472201670942,35.9472201670942,2000.0,200049,3963,1849,124.11
S0d,7,10,26,11392,200000,2039.9541404619097,39.954140461909674,2000.0,200000,3963,1800,124.21
S0d,7,10,29,11395,200000,2227.0301448014075,227.03014480140746,2000.0,200047,3964,1797,124.41
S0d,7,20,2,21368,500000,2843.304108702217,843.304108702217,2000.0,500045,9919,4045,559.37
S0d,7,20,1,21367,500000,2790.4411995576324,790.4411995576324,2000.0,500037,9932,3387,559.72
S0d,7,20,0,21366,500000,2828.9502775997057,828.9502775997057,2000.0,500036,9935,3236,561.74
S0d,7,20,3,21369,500000,2324.1668775538355,324.16687755383555,2000.0,500001,9909,4501,557.37
S0d,7,20,4,21370,500000,2535.9617609514444,535.9617609514444,2000.0,500011,9909,4511,557.77
S0d,7,20,6,21372,500000,2318.2136843236735,318.21368432367353,2000.0,500045,9921,3945,558.13
S0d,7,20,5,21371,500000,2536.716695913554,536.7166959135538,2000.0,500001,9908,4551,560.07
S0d,7,20,8,21374,500000,3268.394244205976,1268.394244205976,2000.0,500044,9925,3744,560.24
S0d,7,20,11,21377,500000,2227.599167868824,227.59916786882422,2000.0,500034,9920,3984,558.57
S0d,7,20,7,21373,500000,2999.343138805712,999.343138805712,2000.0,500023,9918,4073,562.01
S0d,7,20,9,21375,500000,3038.789936454582,1038.789936454582,2000.0,500030,9924,3780,559.82
S0d,7,20,10,21376,500000,2665.341996514796,665.3419965147959,2000.0,500049,9906,4699,561.85
S0d,7,20,13,21379,500000,2400.8404422211115,400.8404422211115,2000.0,500041,9910,4491,555.38
S0d,7,20,15,21381,500000,2723.543966411339,723.5439664113392,2000.0,500000,9907,4600,558.45
S0d,7,20,12,21378,500000,2829.261265877917,829.2612658779171,2000.0,500001,9916,4151,560.64
S0d,7,20,14,21380,500000,3424.902959940815,1424.902959940815,2000.0,500002,9922,3852,560.15
S0d,7,20,19,21385,500000,2764.8065090144187,764.8065090144187,2000.0,500040,9921,3940,559.05
S0d,7,20,16,21382,500000,2564.7837632988385,564.7837632988385,2000.0,500016,9916,4166,561.04
S0d,7,20,18,21384,500000,2887.640814455987,887.6408144559869,2000.0,500034,9916,4184,560.63
S0d,7,20,20,21386,500000,2697.0837370765394,697.0837370765394,2000.0,500005,9910,4455,560.54
S0d,7,20,17,21383,500000,3309.0800487443976,1309.0800487443976,2000.0,500048,9915,4248,561.94
S0d,8,10,1,11467,200000,2359.8505169029568,159.85051690295677,2200.0,200017,3964,1767,171.75
S0d,8,10,0,11466,200000,2337.3607047201867,137.36070472018673,2200.0,200001,3962,1851,172.48
S0d,8,10,2,11468,200000,2602.3990869091936,402.39908690919356,2200.0,200049,3970,1499,172.59
S0d,8,10,3,11469,200000,2285.460151796753,85.46015179675305,2200.0,200000,3961,1900,171.74
S0d,8,10,4,11470,200000,2223.6335682878234,23.633568287823437,2200.0,200000,3961,1900,172.44
S0d,8,10,5,11471,200000,2357.148045384176,157.14804538417593,2200.0,200000,3963,1800,172.46
S0d,8,10,6,11472,200000,2952.5489020629384,752.5489020629384,2200.0,200049,3967,1649,172.56
S0d,8,10,7,11473,200000,2260.162761553499,60.16276155349897,2200.0,200049,3962,1899,173.04
S0d,8,10,8,11474,200000,2632.2786385135437,432.2786385135437,2200.0,200007,3965,1707,172.18
S0d,8,10,11,11477,200000,2263.052579807178,63.05257980717806,2200.0,200012,3964,1762,171.98
S0d,8,10,9,11475,200000,2794.0454898916896,594.0454898916896,2200.0,200000,3968,1550,173.25
S0d,8,10,10,11476,200000,2458.327212437691,258.32721243769083,2200.0,200044,3968,1594,173.01
S0d,8,10,12,11478,200000,2331.568860167914,131.56886016791395,2200.0,200000,3962,1850,172.68
S0d,8,10,13,11479,200000,2612.5469750301063,412.5469750301063,2200.0,200011,3968,1561,172.41
S0d,8,10,14,11480,200000,2247.974293726669,47.9742937266692,2200.0,200000,3962,1850,173.52
S0d,8,10,15,11481,200000,2433.0694527948385,233.06945279483853,2200.0,200009,3962,1859,172.01
S0d,8,10,16,11482,200000,2515.7370607421162,315.7370607421162,2200.0,200045,3967,1645,172.29
S0d,8,10,17,11483,200000,2376.405245084169,176.4052450841691,2200.0,200000,3965,1700,172.16
S0d,8,10,18,11484,200000,2497.3183795920727,297.3183795920727,2200.0,200032,3966,1682,172.21
S0d,8,10,19,11485,200000,2760.4703915264354,560.4703915264354,2200.0,200046,3967,1646,172.08
S0d,8,10,20,11486,200000,2750.813678983739,550.813678983739,2200.0,200013,3967,1613,173.03
S0d,8,10,23,11489,200000,2956.5125859007826,756.5125859007826,2200.0,200020,3970,1470,172.76
S0d,8,10,21,11487,200000,2277.437624292136,77.4376242921362,2200.0,200002,3966,1652,173.06
S0d,8,10,22,11488,200000,2586.3881533301947,386.38815333019465,2200.0,200033,3968,1583,173.83
S0d,8,10,25,11491,200000,2233.6776603187823,33.67766031878227,2200.0,200049,3962,1899,171.2
S0d,8,10,24,11490,200000,2615.907801916315,415.90780191631484,2200.0,200042,3965,1742,172.6
S0d,8,10,26,11492,200000,2369.2743196508354,169.27431965083542,2200.0,200049,3965,1749,172.11
S0d,7,20,22,21388,500000,3377.558569291482,1377.558569291482,2000.0,500005,9916,4155,560.2
S0d,7,20,21,21387,500000,2875.1070246422983,875.1070246422983,2000.0,500027,9911,4427,561.47
S0d,7,20,23,21389,500000,2788.1691813855205,788.1691813855205,2000.0,500021,9918,4071,561.27
S0d,7,20,25,21391,500000,2711.993846618235,711.9938466182348,2000.0,500028,9920,3978,557.36
S0d,7,20,24,21390,500000,3103.1926620113245,1103.1926620113245,2000.0,500045,9917,4145,558.69
S0d,7,20,26,21392,500000,2770.1853918642955,770.1853918642955,2000.0,500050,9916,4200,560.01
S0d,7,20,29,21395,500000,3143.061440111133,1143.061440111133,2000.0,500019,9916,4169,557.44
S0d,7,20,28,21394,500000,2203.8678592083093,203.86785920830926,2000.0,500040,9909,4540,557.73
S0d,7,20,27,21393,500000,2543.4992834966906,543.4992834966906,2000.0,500047,9915,4247,559.88
S0d,8,10,27,11493,200000,2647.1286298720493,447.12862987204926,2200.0,200000,3969,1500,171.87
S0d,8,10,29,11495,200000,2296.1412626599435,96.14126265994355,2200.0,200045,3966,1695,171.79
S0d,8,10,28,11494,200000,2330.3987141665225,130.3987141665225,2200.0,200040,3964,1790,172.95
S0d,8,20,0,21466,500000,2486.3328936731577,286.33289367315774,2200.0,500041,9909,4541,799.82
S0d,8,20,2,21468,500000,3559.6026757706913,1359.6026757706913,2200.0,500001,9927,3601,798.2
S0d,8,20,1,21467,500000,3222.3136782803485,1022.3136782803485,2200.0,500047,9923,3847,800.41
S0d,8,20,3,21469,500000,3156.365155731796,956.3651557317962,2200.0,500032,9923,3832,802.4
S0d,8,20,4,21470,500000,3409.9083437929276,1209.9083437929276,2200.0,500024,9925,3724,802.37
S0d,8,20,5,21471,500000,3126.6947889842468,926.6947889842468,2200.0,500024,9916,4174,805.27
S0d,8,20,6,21472,500000,2521.838353586326,321.83835358632587,2200.0,500033,9904,4783,794.22
S0d,8,20,7,21473,500000,2935.20948258715,735.20948258715,2200.0,500000,9910,4450,795.28
S0d,8,20,8,21474,500000,4449.642781197394,2249.6427811973936,2200.0,500022,9930,3472,802.11
S0d,8,20,9,21475,500000,3222.635327564753,1022.635327564753,2200.0,500030,9920,3980,798.45
S0d,8,20,10,21476,500000,3244.2058426743642,1044.2058426743642,2200.0,500001,9922,3851,798.95
S0d,8,20,11,21477,500000,3129.8702728141325,929.8702728141325,2200.0,500016,9924,3766,799.15
S0d,8,20,13,21479,500000,3078.1751346374253,878.1751346374253,2200.0,500007,9914,4257,797.02
S0d,8,20,12,21478,500000,2762.4100652497827,562.4100652497827,2200.0,500012,9915,4212,797.72
S0d,8,20,16,21482,500000,3829.5226959816064,1629.5226959816064,2200.0,500036,9929,3536,796.74
S0d,8,20,14,21480,500000,3136.0617121117366,936.0617121117366,2200.0,500018,9912,4368,800.04
S0d,8,20,15,21481,500000,2845.9681992173223,645.9681992173223,2200.0,500037,9915,4237,799.48
S0d,8,20,17,21483,500000,2813.4488224015004,613.4488224015004,2200.0,500023,9915,4223,799.88
S0d,9,10,0,11566,200000,2747.116000365754,447.1160003657542,2300.0,200038,3975,1238,27.68
S0d,9,10,1,11567,200000,2663.703129761524,363.703129761524,2300.0,200050,3973,1350,27.74
S0d,9,10,2,11568,200000,2745.6054736774295,445.6054736774295,2300.0,200020,3965,1720,27.37
S0d,9,10,3,11569,200000,2739.3637222570464,439.36372225704645,2300.0,200008,3972,1358,27.62
S0d,9,10,4,11570,200000,2300.0000000002697,2.696651790756732e-10,2300.0,200019,3969,1519,27.7
S0d,9,10,5,11571,200000,2665.396470256568,365.39647025656814,2300.0,200004,3972,1354,27.57
S0d,9,10,6,11572,200000,2300.0000000001683,1.6825651982799172e-10,2300.0,200027,3966,1677,27.6
S0d,9,10,7,11573,200000,2300.000000000181,1.8098944565281272e-10,2300.0,200001,3967,1601,27.68
S0d,9,10,8,11574,200000,2670.143743133977,370.14374313397684,2300.0,200048,3972,1398,27.89
S0d,9,10,9,11575,200000,2745.605488438227,445.605488438227,2300.0,200032,3970,1482,28.01
S0d,9,10,10,11576,200000,2659.6971009884132,359.69710098841324,2300.0,200010,3969,1510,28.01
S0d,9,10,11,11577,200000,2673.3545135518093,373.3545135518093,2300.0,200027,3981,927,27.65
S0d,9,10,12,11578,200000,2745.948478496884,445.94847849688404,2300.0,200045,3973,1345,27.62
S0d,9,10,13,11579,200000,2731.9777166023755,431.9777166023755,2300.0,200014,3973,1314,28.17
S0d,9,10,14,11580,200000,2659.110266100754,359.11026610075396,2300.0,200032,3972,1382,28.0
S0d,9,10,15,11581,200000,2669.6129020919534,369.6129020919534,2300.0,200025,3977,1125,27.68
S0d,9,10,16,11582,200000,2670.945522513791,370.9455225137908,2300.0,200046,3973,1346,27.64
S0d,9,10,17,11583,200000,2300.0000000000227,2.2737367544323206e-11,2300.0,200000,3967,1600,27.83
S0d,8,20,18,21484,500000,4042.107273351997,1842.1072733519968,2200.0,500003,9924,3753,800.02
S0d,8,20,19,21485,500000,2426.2790009166183,226.27900091661832,2200.0,500034,9912,4384,798.58
S0d,8,20,20,21486,500000,3084.805806753655,884.8058067536549,2200.0,500015,9925,3715,798.83
S0d,9,10,18,11584,200000,2300.000000002426,2.426077116979286e-09,2300.0,200001,3967,1601,28.07
S0d,9,10,19,11585,200000,2671.114851074093,371.11485107409317,2300.0,200024,3971,1424,27.67
S0d,9,10,20,11586,200000,2300.0000000013424,1.342414179816842e-09,2300.0,200048,3968,1598,27.58
S0d,9,10,21,11587,200000,2671.66813953064,371.66813953064,2300.0,200021,3973,1321,27.45
S0d,9,10,22,11588,200000,2745.433003910241,445.43300391024104,2300.0,200023,3971,1423,27.98
S0d,9,10,23,11589,200000,2740.9306428436844,440.9306428436844,2300.0,200006,3972,1356,27.72
S0d,9,10,24,11590,200000,2659.106787908559,359.106787908559,2300.0,200047,3972,1397,27.58
S0d,9,10,25,11591,200000,2736.933110736607,436.933110736607,2300.0,200018,3974,1268,28.09
S0d,9,10,26,11592,200000,2669.8368007022277,369.8368007022277,2300.0,200005,3973,1305,27.67
S0d,9,10,27,11593,200000,2661.053176415009,361.05317641500915,2300.0,200018,3969,1518,27.74
S0d,9,10,28,11594,200000,2745.626796894151,445.6267968941511,2300.0,200021,3975,1221,27.82
S0d,9,10,29,11595,200000,2300.000000001321,1.3210410543251783e-09,2300.0,200039,3967,1639,28.1
S0d,9,20,0,21566,500000,2648.3495231798743,348.34952317987427,2300.0,500002,9933,3302,70.26
S0d,9,20,2,21568,500000,2640.526118205065,340.5261182050649,2300.0,500019,9929,3519,69.55
S0d,9,20,1,21567,500000,2646.3381105076496,346.3381105076496,2300.0,500025,9927,3625,70.37
S0d,9,20,3,21569,500000,2659.8869652039284,359.8869652039284,2300.0,500024,9933,3324,70.39
S0d,9,20,4,21570,500000,2645.6030675358506,345.60306753585064,2300.0,500004,9928,3554,70.78
S0d,9,20,5,21571,500000,2650.1185387936625,350.11853879366254,2300.0,500034,9931,3434,70.39
S0d,9,20,6,21572,500000,2643.9091278009337,343.9091278009337,2300.0,500034,9926,3684,70.22
S0d,9,20,8,21574,500000,2641.7365385106273,341.73653851062727,2300.0,500020,9921,3920,69.67
S0d,9,20,7,21573,500000,2646.0021940080455,346.00219400804554,2300.0,500015,9934,3265,70.73
S0d,9,20,9,21575,500000,2648.362917566029,348.36291756602895,2300.0,500040,9933,3340,69.77
S0d,9,20,10,21576,500000,2646.578355678421,346.57835567842085,2300.0,500049,9930,3499,70.0
S0d,9,20,11,21577,500000,2652.106091929942,352.10609192994207,2300.0,500023,9936,3173,70.06
S0d,9,20,12,21578,500000,2652.9419624289435,352.9419624289435,2300.0,500022,9925,3722,69.9
S0d,9,20,13,21579,500000,2646.7052676915137,346.70526769151365,2300.0,500009,9933,3309,70.24
S0d,9,20,14,21580,500000,2645.6967515809456,345.6967515809456,2300.0,500019,9929,3519,69.64
S0d,9,20,15,21581,500000,2646.2930626378275,346.29306263782746,2300.0,500011,9923,3811,69.53
S0d,9,20,16,21582,500000,2643.605269650564,343.60526965056397,2300.0,500004,9924,3754,70.83
S0d,9,20,17,21583,500000,2644.8547138758904,344.8547138758904,2300.0,500025,9924,3775,69.68
S0d,9,20,18,21584,500000,2639.4298953534494,339.4298953534494,2300.0,500006,9920,3956,69.77
S0d,9,20,19,21585,500000,2645.035946636189,345.0359466361888,2300.0,500011,9932,3361,69.94
S0d,9,20,20,21586,500000,2641.847170374131,341.8471703741311,2300.0,500016,9921,3916,70.22
S0d,9,20,21,21587,500000,2643.3666873180073,343.3666873180073,2300.0,500042,9930,3492,70.42
S0d,9,20,22,21588,500000,2643.063486402229,343.06348640222905,2300.0,500010,9929,3510,69.74
S0d,9,20,23,21589,500000,2641.293306784335,341.2933067843351,2300.0,500024,9934,3274,69.74
S0d,10,10,0,11666,200000,2637.551000606487,237.55100060648692,2400.0,200004,3964,1754,26.06
S0d,10,10,1,11667,200000,2626.5421984352697,226.5421984352697,2400.0,200000,3963,1800,26.27
S0d,10,10,2,11668,200000,2768.7798781838974,368.7798781838974,2400.0,200000,3962,1850,26.36
S0d,10,10,3,11669,200000,2639.423280244187,239.42328024418703,2400.0,200041,3964,1791,26.25
S0d,10,10,4,11670,200000,2758.4215644716796,358.42156447167963,2400.0,200000,3963,1800,26.06
S0d,10,10,5,11671,200000,2769.5347906820525,369.5347906820525,2400.0,200002,3962,1852,25.88
S0d,10,10,6,11672,200000,2622.688122651797,222.68812265179713,2400.0,200000,3964,1750,26.11
S0d,10,10,7,11673,200000,2628.655071206458,228.65507120645816,2400.0,200002,3964,1752,26.59
S0d,10,10,8,11674,200000,2627.848798598846,227.84879859884586,2400.0,200023,3964,1773,26.34
S0d,10,10,9,11675,200000,2629.4046715015493,229.40467150154927,2400.0,200000,3964,1750,26.07
S0d,9,20,24,21590,500000,2654.1282141089614,354.1282141089614,2300.0,500017,9936,3167,70.09
S0d,9,20,26,21592,500000,2651.289047076058,351.28904707605807,2300.0,500009,9938,3059,69.61
S0d,9,20,25,21591,500000,2647.1287478070362,347.12874780703623,2300.0,500006,9926,3656,70.37
S0d,10,10,10,11676,200000,2632.132825063368,232.13282506336782,2400.0,200003,3963,1803,26.32
S0d,10,10,11,11677,200000,3616.1144408304162,1216.1144408304162,2400.0,200045,3966,1695,26.08
S0d,9,20,27,21593,500000,2647.2398709068607,347.2398709068607,2300.0,500012,9927,3612,70.5
S0d,9,20,28,21594,500000,2642.3188833213044,342.3188833213044,2300.0,500048,9927,3648,70.24
S0d,9,20,29,21595,500000,2650.3446229047345,350.3446229047345,2300.0,500014,9931,3414,70.02
S0d,10,10,12,11678,200000,2626.9183884263084,226.9183884263084,2400.0,200019,3966,1669,26.35
S0d,10,10,13,11679,200000,2641.465019587318,241.46501958731778,2400.0,200001,3964,1751,26.1
S0d,10,10,14,11680,200000,2758.5946706317754,358.59467063177544,2400.0,200049,3963,1849,26.32
S0d,10,10,15,11681,200000,2866.690078141439,466.6900781414388,2400.0,200000,3967,1600,26.04
S0d,10,10,16,11682,200000,2623.458375268348,223.45837526834794,2400.0,200047,3964,1797,26.29
S0d,10,10,17,11683,200000,2799.090464955322,399.0904649553222,2400.0,200041,3965,1741,26.13
S0d,10,10,18,11684,200000,2746.3051496428156,346.30514964281565,2400.0,200000,3963,1800,26.17
S0d,10,10,19,11685,200000,2640.124816067467,240.12481606746678,2400.0,200042,3964,1792,26.31
S0d,10,10,20,11686,200000,2631.489812497315,231.48981249731514,2400.0,200011,3965,1711,26.63
S0d,10,10,21,11687,200000,2744.0367815143463,344.03678151434633,2400.0,200013,3963,1813,26.11
S0d,10,10,22,11688,200000,2625.243825876885,225.24382587688478,2400.0,200000,3963,1800,26.04
S0d,10,10,23,11689,200000,2622.0215198320307,222.02151983203066,2400.0,200000,3964,1750,26.4
S0d,10,10,24,11690,200000,2638.4090105718037,238.40901057180372,2400.0,200000,3962,1850,26.28
S0d,10,10,25,11691,200000,2626.7526427163843,226.75264271638434,2400.0,200025,3965,1725,26.45
S0d,10,10,26,11692,200000,2740.6795798038784,340.67957980387837,2400.0,200012,3963,1812,26.4
S0d,10,10,27,11693,200000,2766.016736682374,366.0167366823739,2400.0,200000,3963,1800,26.11
S0d,10,10,28,11694,200000,2631.3073814430068,231.30738144300676,2400.0,200049,3965,1749,26.52
S0d,10,10,29,11695,200000,2633.8270000096536,233.8270000096536,2400.0,200000,3965,1700,26.2
S0d,10,20,0,21666,500000,5353.446513478413,2953.446513478413,2400.0,500046,9908,4596,66.11
S0d,10,20,1,21667,500000,5074.841298427451,2674.841298427451,2400.0,500016,9909,4516,65.84
S0d,10,20,2,21668,500000,4437.302466485594,2037.3024664855939,2400.0,500042,9910,4492,66.0
S0d,10,20,3,21669,500000,2852.255207174372,452.2552071743721,2400.0,500033,9908,4583,66.15
S0d,10,20,4,21670,500000,5699.831907334193,3299.8319073341927,2400.0,500049,9909,4549,66.31
S0d,10,20,5,21671,500000,5460.996096565868,3060.9960965658684,2400.0,500000,9907,4600,66.6
S0d,10,20,6,21672,500000,2812.6516694451843,412.6516694451843,2400.0,500000,9909,4500,66.41
S0d,10,20,7,21673,500000,5768.754951504023,3368.7549515040228,2400.0,500003,9908,4553,65.97
S0d,10,20,8,21674,500000,2819.3397157451636,419.33971574516363,2400.0,500001,9911,4401,65.63
S0d,10,20,9,21675,500000,4026.7173035912747,1626.7173035912747,2400.0,500041,9908,4591,66.11
S0d,10,20,10,21676,500000,5392.5928686909365,2992.5928686909365,2400.0,500046,9908,4596,66.36
S0d,10,20,11,21677,500000,4291.135075737794,1891.135075737794,2400.0,500037,9916,4187,66.47
S0d,10,20,12,21678,500000,2837.059942883743,437.05994288374313,2400.0,500043,9909,4543,65.66
S0d,10,20,13,21679,500000,5220.568993071048,2820.5689930710478,2400.0,500032,9907,4632,66.35
S0d,10,20,14,21680,500000,4895.919859101707,2495.9198591017066,2400.0,500013,9908,4563,65.97
S0d,10,20,15,21681,500000,4841.50277541031,2441.5027754103103,2400.0,500041,9910,4491,66.22
S0d,10,20,16,21682,500000,3120.591833460593,720.5918334605931,2400.0,500006,9912,4356,66.5
S0d,10,20,17,21683,500000,5318.650286172962,2918.6502861729623,2400.0,500047,9913,4347,66.12
S0d,10,20,18,21684,500000,5360.1675095061455,2960.1675095061455,2400.0,500041,9918,4091,66.93
S0d,10,20,19,21685,500000,4966.359116030006,2566.3591160300057,2400.0,500010,9910,4460,67.07
S0d,10,20,20,21686,500000,4922.989814069762,2522.9898140697624,2400.0,500022,9908,4572,67.23
S0d,10,20,21,21687,500000,5020.724673874309,2620.724673874309,2400.0,500011,9907,4611,66.9
S0d,10,20,22,21688,500000,2816.9122226388818,416.91222263888176,2400.0,500049,9910,4499,66.76
S0d,10,20,23,21689,500000,2822.464322644183,422.4643226441831,2400.0,500044,9913,4344,66.92
S0d,11,10,0,11766,200000,2600.0000000000286,2.864908310584724e-11,2600.0,200000,3963,1800,43.67
S0d,10,20,24,21690,500000,5081.541789938521,2681.541789938521,2400.0,500032,9909,4532,66.81
S0d,11,10,1,11767,200000,2621.9414948453114,21.941494845311354,2600.0,200000,3965,1700,43.89
S0d,11,10,3,11769,200000,2623.6798970788095,23.679897078809518,2600.0,200000,3964,1750,44.01
S0d,11,10,2,11768,200000,2600.0000000000277,2.773958840407431e-11,2600.0,200000,3963,1800,44.23
S0d,10,20,25,21691,500000,4264.0039544728625,1864.0039544728625,2400.0,500048,9909,4548,67.0
S0d,10,20,26,21692,500000,4394.782437224412,1994.7824372244122,2400.0,500039,9910,4489,67.64
S0d,11,10,4,11770,200000,3479.1576552821266,879.1576552821266,2600.0,200000,3961,1900,44.11
S0d,11,10,5,11771,200000,2622.1139016662682,22.113901666268248,2600.0,200041,3962,1891,44.14
S0d,10,20,27,21693,500000,4919.355710809095,2519.3557108090954,2400.0,500036,9908,4586,67.84
S0d,10,20,28,21694,500000,4889.5032225625055,2489.5032225625055,2400.0,500000,9908,4550,67.4
S0d,10,20,29,21695,500000,4996.416309027249,2596.4163090272486,2400.0,500040,9912,4390,66.59
S0d,11,10,6,11772,200000,2600.000000000005,5.002220859751105e-12,2600.0,200028,3966,1678,43.35
S0d,11,10,7,11773,200000,2600.0000000000264,2.637534635141492e-11,2600.0,200000,3964,1750,43.68
S0d,11,10,8,11774,200000,2600.000000000043,4.320099833421409e-11,2600.0,200000,3964,1750,43.11
S0d,11,10,11,11777,200000,2600.000000000009,9.094947017729282e-12,2600.0,200036,3963,1836,43.52
S0d,11,10,9,11775,200000,2600.000000003443,3.44289219356142e-09,2600.0,200012,3967,1612,43.66
S0d,11,10,10,11776,200000,2600.000000001434,1.4338183973450214e-09,2600.0,200004,3968,1554,43.68
S0d,11,10,12,11778,200000,2600.000000000014,1.4097167877480388e-11,2600.0,200049,3965,1749,44.08
S0d,11,10,13,11779,200000,2600.00000000003,3.001332515850663e-11,2600.0,200048,3967,1648,43.53
S0d,11,10,14,11780,200000,2600.0000000001046,1.0459189070388675e-10,2600.0,200001,3963,1801,43.27
S0d,11,10,15,11781,200000,2600.000000000023,2.319211489520967e-11,2600.0,200001,3964,1751,43.62
S0d,11,10,16,11782,200000,2600.000000000101,1.0095391189679503e-10,2600.0,200045,3966,1695,43.63
S0d,11,10,17,11783,200000,2600.000000000102,1.0186340659856796e-10,2600.0,200000,3966,1650,43.79
S0d,11,10,18,11784,200000,2600.0000000000086,8.640199666842818e-12,2600.0,200000,3963,1800,43.1
S0d,11,10,19,11785,200000,2600.0000000002583,2.582964953035116e-10,2600.0,200000,3965,1700,43.28
S0d,11,10,20,11786,200000,2647.7442808515216,47.74428085152158,2600.0,200000,3963,1800,43.21
S0d,11,10,23,11789,200000,2600.0000000002196,2.1964297047816217e-10,2600.0,200003,3967,1603,43.08
S0d,11,10,22,11788,200000,2600.0000000015293,1.5293153410311788e-09,2600.0,200050,3966,1700,43.64
S0d,11,10,21,11787,200000,2600.0000000054442,5.4442352848127484e-09,2600.0,200023,3970,1473,43.73
S0d,11,10,24,11790,200000,2600.0000000000673,6.730260793119669e-11,2600.0,200004,3965,1704,43.54
S0d,11,10,26,11792,200000,2600.00000000007,7.003109203651547e-11,2600.0,200045,3965,1745,43.49
S0d,11,10,25,11791,200000,2600.000000000017,1.6825651982799172e-11,2600.0,200006,3964,1756,43.9
S0d,11,10,27,11793,200000,2622.9744489377963,22.974448937796296,2600.0,200000,3962,1850,43.79
S0d,11,10,28,11794,200000,2600.000000000007,6.821210263296962e-12,2600.0,200015,3965,1715,43.51
S0d,11,10,29,11795,200000,2600.0000000000737,7.366907084360719e-11,2600.0,200000,3964,1750,43.09
S0d,8,20,21,21487,500000,3120.726463267356,920.7264632673559,2200.0,500040,9922,3890,802.32
S0d,8,20,23,21489,500000,2628.794703660731,428.7947036607311,2200.0,500019,9908,4569,803.41
S0d,8,20,22,21488,500000,2621.416489301398,421.4164893013981,2200.0,500000,9904,4750,804.36
S0d,8,20,24,21490,500000,3172.8381578377566,972.8381578377566,2200.0,500031,9912,4381,803.45
S0d,8,20,25,21491,500000,3204.559819535923,1004.559819535923,2200.0,500002,9916,4152,803.7
S0d,11,20,0,21766,500000,2600.000523394344,0.0005233943438724964,2600.0,500039,9935,3239,109.94
S0d,11,20,2,21768,500000,2600.000000000114,1.141415850725025e-10,2600.0,500017,9921,3917,108.5
S0d,11,20,1,21767,500000,2600.000000000006,5.9117155615240335e-12,2600.0,500004,9915,4204,110.05
S0d,11,20,3,21769,500000,2600.0000000020664,2.066371962428093e-09,2600.0,500043,9924,3793,109.41
S0d,11,20,5,21771,500000,2600.0000000000023,2.2737367544323206e-12,2600.0,500041,9912,4391,108.93
S0d,11,20,4,21770,500000,2600.0000000000055,5.4569682106375694e-12,2600.0,500026,9918,4076,109.58
S0d,11,20,6,21772,500000,2600.0000154157774,1.5415777397720376e-05,2600.0,500041,9935,3241,109.93
S0d,11,20,8,21774,500000,2600.0000000000073,7.275957614183426e-12,2600.0,500046,9918,4096,109.58
S0d,11,20,7,21773,500000,2600.0000000000023,2.2737367544323206e-12,2600.0,500041,9914,4291,109.71
S0d,11,20,9,21775,500000,2600.0000000000036,3.637978807091713e-12,2600.0,500004,9911,4404,109.59
S0d,8,20,26,21492,500000,3655.0799135542093,1455.0799135542093,2200.0,500020,9932,3370,809.89
S0d,11,20,11,21777,500000,2600.000000000004,4.092726157978177e-12,2600.0,500034,9917,4134,109.67
S0d,11,20,10,21776,500000,2600.00000434869,4.348689799371641e-06,2600.0,500046,9927,3646,110.59
S0d,8,20,27,21493,500000,2745.8382485515276,545.8382485515276,2200.0,500034,9919,4034,802.24
S0d,8,20,28,21494,500000,2443.50467389058,243.50467389057985,2200.0,500016,9909,4516,800.59
S0d,8,20,29,21495,500000,3176.575098684347,976.5750986843468,2200.0,500029,9923,3829,804.38
S0d,11,20,12,21778,500000,2600.0000000627083,6.270829544519074e-08,2600.0,500018,9929,3518,110.28
S0d,12,10,1,11867,200000,2868.4147879844672,168.41478798446724,2700.0,200000,3962,1850,47.75
S0d,12,10,0,11866,200000,2870.535359141135,170.5353591411349,2700.0,200000,3961,1900,48.15
S0d,11,20,14,21780,500000,2600.000000000003,3.183231456205249e-12,2600.0,500042,9912,4392,109.31
S0d,11,20,13,21779,500000,2600.000000001594,1.5938894648570567e-09,2600.0,500007,9924,3757,110.3
S0d,11,20,15,21781,500000,2600.0000000000045,4.547473508864641e-12,2600.0,500041,9915,4241,109.36
S0d,11,20,18,21784,500000,2600.000000000008,8.185452315956354e-12,2600.0,500018,9919,4018,109.51
S0d,11,20,16,21782,500000,2600.0000000000127,1.2732925824820995e-11,2600.0,500026,9918,4076,110.26
S0d,11,20,17,21783,500000,2600.000000000004,4.092726157978177e-12,2600.0,500046,9916,4196,110.26
S0d,11,20,19,21785,500000,2600.000000000003,3.183231456205249e-12,2600.0,500019,9910,4469,109.62
S0d,11,20,21,21787,500000,2600.0000000009495,9.49512468650937e-10,2600.0,500036,9926,3686,109.62
S0d,11,20,20,21786,500000,2600.0000000000227,2.2737367544323206e-11,2600.0,500043,9920,3993,110.28
S0d,11,20,22,21788,500000,2600.0000000000055,5.4569682106375694e-12,2600.0,500025,9913,4325,110.14
S0d,11,20,23,21789,500000,2600.0000000002897,2.8967406251467764e-10,2600.0,500014,9920,3964,110.05
S0d,11,20,24,21790,500000,2600.000000000002,1.8189894035458565e-12,2600.0,500009,9912,4359,110.01
S0d,11,20,25,21791,500000,2600.000000000006,5.9117155615240335e-12,2600.0,500045,9918,4095,110.09
S0d,12,10,2,11868,200000,2894.7619860901013,194.76198609010135,2700.0,200000,3962,1850,47.73
S0d,11,20,26,21792,500000,2600.000000000011,1.0913936421275139e-11,2600.0,500043,9921,3943,110.24
S0d,11,20,27,21793,500000,2600.000000000004,4.092726157978177e-12,2600.0,500049,9913,4349,110.08
S0d,11,20,28,21794,500000,2600.0000000000045,4.547473508864641e-12,2600.0,500013,9914,4263,109.92
S0d,11,20,29,21795,500000,2600.0000000000027,2.7284841053187847e-12,2600.0,500001,9915,4201,110.9
S0d,12,10,3,11869,200000,3027.5307281894165,327.53072818941655,2700.0,200046,3966,1696,47.82
S0d,12,10,4,11870,200000,2870.0485432073947,170.0485432073947,2700.0,200006,3962,1856,47.77
S0d,12,10,5,11871,200000,2924.7047219463843,224.70472194638432,2700.0,200038,3965,1738,47.8
S0d,12,10,6,11872,200000,2911.5365866967413,211.53658669674132,2700.0,200000,3961,1900,47.91
S0d,12,10,7,11873,200000,2924.4656025680106,224.46560256801058,2700.0,200034,3962,1884,47.76
S0d,12,10,8,11874,200000,2879.5558167304075,179.5558167304075,2700.0,200020,3963,1820,47.57
S0d,12,10,9,11875,200000,2986.500479186201,286.5004791862011,2700.0,200006,3963,1806,47.47
S0d,12,10,11,11877,200000,3046.5795271083825,346.57952710838254,2700.0,200043,3966,1693,47.57
S0d,12,10,12,11878,200000,2890.7109246637156,190.71092466371556,2700.0,200007,3963,1807,47.65
S0d,12,10,10,11876,200000,2926.4821385619393,226.48213856193934,2700.0,200000,3961,1900,48.3
S0d,12,10,13,11879,200000,2897.0507646133838,197.05076461338376,2700.0,200000,3962,1850,47.14
S0d,12,10,14,11880,200000,2968.9746559493055,268.97465594930554,2700.0,200000,3962,1850,47.96
S0d,12,10,15,11881,200000,2866.231319647124,166.2313196471241,2700.0,200047,3962,1897,47.81
S0d,12,10,16,11882,200000,2878.270777974064,178.270777974064,2700.0,200036,3963,1836,47.85
S0d,12,10,18,11884,200000,2887.674869561122,187.6748695611218,2700.0,200028,3962,1878,47.72
S0d,12,10,17,11883,200000,2899.1614944545327,199.16149445453266,2700.0,200026,3963,1826,47.93
S0d,12,10,19,11885,200000,2903.767137497511,203.76713749751116,2700.0,200044,3970,1494,47.73
S0d,12,10,20,11886,200000,2873.738599436898,173.73859943689786,2700.0,200003,3962,1853,47.81
S0d,12,10,21,11887,200000,3129.141964809751,429.1419648097508,2700.0,200000,3962,1850,48.06
S0d,12,10,22,11888,200000,2870.121829866179,170.1218298661788,2700.0,200017,3962,1867,47.83
S0d,12,10,23,11889,200000,2944.283487684665,244.28348768466503,2700.0,200000,3961,1900,48.22
S0d,12,10,26,11892,200000,2890.199089630654,190.19908963065382,2700.0,200025,3963,1825,47.67
S0d,12,10,24,11890,200000,2868.049364541538,168.04936454153813,2700.0,200000,3962,1850,48.37
S0d,12,10,25,11891,200000,2967.0715282936226,267.0715282936226,2700.0,200045,3964,1795,48.27
S0d,12,10,27,11893,200000,2904.867437634139,204.86743763413915,2700.0,200000,3963,1800,48.08
S0d,12,10,28,11894,200000,2870.294281152996,170.29428115299606,2700.0,200000,3962,1850,47.78
S0d,12,10,29,11895,200000,3057.5722085841467,357.57220858414667,2700.0,200004,3962,1854,47.7
S0d,12,20,0,21866,500000,3037.8016784546858,337.80167845468577,2700.0,500030,9908,4580,121.04
S0d,12,20,2,21868,500000,3112.059421867192,412.0594218671922,2700.0,500011,9908,4561,119.97
S0d,12,20,1,21867,500000,3221.1484041505364,521.1484041505364,2700.0,500009,9910,4459,121.06
S0d,12,20,4,21870,500000,3140.060556472438,440.06055647243784,2700.0,500000,9903,4800,119.87
S0d,12,20,3,21869,500000,3061.9171003335805,361.9171003335805,2700.0,500045,9906,4695,121.07
S0d,12,20,6,21872,500000,3275.5526552025385,575.5526552025385,2700.0,500002,9905,4702,119.54
S0d,12,20,5,21871,500000,3258.331735295975,558.3317352959748,2700.0,500007,9906,4657,120.73
S0d,12,20,8,21874,500000,3188.782948838208,488.7829488382081,2700.0,500001,9907,4601,119.83
S0d,12,20,9,21875,500000,3102.054596850095,402.0545968500951,2700.0,500046,9908,4596,120.53
S0d,12,20,7,21873,500000,3200.6810229774046,500.6810229774046,2700.0,500049,9907,4649,120.67
S0d,12,20,10,21876,500000,3071.886110200062,371.8861102000619,2700.0,500027,9910,4477,121.37
P0r,1,10,0,10766,200000,300.0,0.0,300.0,200000,3999,0,3.23
S0d,12,20,11,21877,500000,3160.8793357515647,460.87933575156467,2700.0,500045,9907,4645,120.13
S0d,12,20,12,21878,500000,3024.6616838767645,324.6616838767645,2700.0,500049,9908,4599,120.47
P0r,1,10,1,10767,200000,300.0,0.0,300.0,200000,3999,0,3.35
P0r,1,10,2,10768,200000,300.0,0.0,300.0,200000,3999,0,3.46
P0r,1,10,3,10769,200000,300.0,0.0,300.0,200000,3999,0,3.39
S0d,12,20,13,21879,500000,3058.6465091936575,358.6465091936575,2700.0,500044,9906,4694,120.67
P0r,1,10,4,10770,200000,300.0,0.0,300.0,200000,3999,0,3.34
S0d,12,20,14,21880,500000,3023.2900100433985,323.2900100433985,2700.0,500050,9908,4600,120.87
P0r,1,10,5,10771,200000,300.0,0.0,300.0,200000,3999,0,3.4
P0r,1,10,6,10772,200000,300.0,0.0,300.0,200000,3999,0,3.61
P0r,1,10,8,10774,200000,300.0,0.0,300.0,200000,3999,0,3.41
P0r,1,10,7,10773,200000,300.0,0.0,300.0,200000,3999,0,3.57
P0r,1,10,9,10775,200000,300.0,0.0,300.0,200000,3999,0,3.48
P0r,1,10,10,10776,200000,300.0,0.0,300.0,200000,3999,0,3.41
P0r,1,10,11,10777,200000,300.0,0.0,300.0,200000,3999,0,3.24
P0r,1,10,12,10778,200000,300.0,0.0,300.0,200000,3999,0,3.35
P0r,1,10,13,10779,200000,300.0,0.0,300.0,200000,3999,0,3.35
P0r,1,10,14,10780,200000,300.0,0.0,300.0,200000,3999,0,3.35
P0r,1,10,15,10781,200000,300.0,0.0,300.0,200000,3999,0,3.21
P0r,1,10,16,10782,200000,300.0,0.0,300.0,200000,3999,0,3.32
P0r,1,10,17,10783,200000,300.0,0.0,300.0,200000,3999,0,3.34
P0r,1,10,18,10784,200000,300.0,0.0,300.0,200000,3999,0,3.26
P0r,1,10,20,10786,200000,300.0,0.0,300.0,200000,3999,0,3.29
P0r,1,10,19,10785,200000,300.0,0.0,300.0,200000,3999,0,3.36
P0r,1,10,21,10787,200000,300.0,0.0,300.0,200000,3999,0,3.24
P0r,1,10,22,10788,200000,300.0,0.0,300.0,200000,3999,0,3.31
P0r,1,10,23,10789,200000,300.0,0.0,300.0,200000,3999,0,3.35
P0r,1,10,24,10790,200000,300.0,0.0,300.0,200000,3999,0,3.37
P0r,1,10,25,10791,200000,300.0,0.0,300.0,200000,3999,0,3.33
P0r,1,10,26,10792,200000,300.0,0.0,300.0,200000,3999,0,3.35
P0r,1,10,27,10793,200000,300.0,0.0,300.0,200000,3999,0,3.3
P0r,1,10,28,10794,200000,300.0,0.0,300.0,200000,3999,0,3.45
P0r,1,10,29,10795,200000,300.0,0.0,300.0,200000,3999,0,3.34
P0r,1,20,0,20766,500000,300.0,0.0,300.0,500000,9999,0,8.62
P0r,1,20,1,20767,500000,300.0,0.0,300.0,500000,9999,0,8.53
P0r,1,20,2,20768,500000,300.0,0.0,300.0,500000,9999,0,8.58
P0r,1,20,3,20769,500000,300.0,0.0,300.0,500000,9999,0,8.6
P0r,1,20,4,20770,500000,300.0,0.0,300.0,500000,9999,0,8.67
P0r,1,20,5,20771,500000,300.0,0.0,300.0,500000,9999,0,8.54
S0d,12,20,17,21883,500000,3111.393189848594,411.3931898485939,2700.0,500049,9910,4499,120.38
S0d,12,20,15,21881,500000,3319.921150419105,619.9211504191048,2700.0,500002,9905,4702,121.69
S0d,12,20,16,21882,500000,3286.196551402668,586.1965514026679,2700.0,500002,9906,4652,121.3
P0r,1,20,6,20772,500000,300.0,0.0,300.0,500000,9999,0,8.58
P0r,1,20,7,20773,500000,300.0,0.0,300.0,500000,9999,0,8.56
P0r,1,20,8,20774,500000,300.0,0.0,300.0,500000,9999,0,8.51
S0d,12,20,18,21884,500000,3009.25711456877,309.2571145687698,2700.0,500048,9907,4648,121.14
P0r,1,20,9,20775,500000,300.0,0.0,300.0,500000,9999,0,8.52
S0d,12,20,19,21885,500000,3333.6548645713915,633.6548645713915,2700.0,500046,9906,4696,121.36
P0r,1,20,10,20776,500000,300.0,0.0,300.0,500000,9999,0,8.43
P0r,1,20,11,20777,500000,300.0,0.0,300.0,500000,9999,0,8.48
S0d,12,20,20,21886,500000,3324.833454834388,624.8334548343878,2700.0,500047,9909,4547,121.15
P0r,1,20,12,20778,500000,300.0,0.0,300.0,500000,9999,0,8.43
P0r,1,20,14,20780,500000,300.0,0.0,300.0,500000,9999,0,8.36
P0r,1,20,13,20779,500000,300.0,0.0,300.0,500000,9999,0,8.4
P0r,1,20,15,20781,500000,300.0,0.0,300.0,500000,9999,0,8.43
P0r,1,20,16,20782,500000,300.0,0.0,300.0,500000,9999,0,8.38
P0r,1,20,17,20783,500000,300.0,0.0,300.0,500000,9999,0,8.5
P0r,1,20,18,20784,500000,300.0,0.0,300.0,500000,9999,0,8.36
P0r,1,20,19,20785,500000,300.0,0.0,300.0,500000,9999,0,8.26
P0r,1,20,20,20786,500000,300.0,0.0,300.0,500000,9999,0,8.43
P0r,1,20,21,20787,500000,300.0,0.0,300.0,500000,9999,0,8.45
P0r,1,20,22,20788,500000,300.0,0.0,300.0,500000,9999,0,8.36
P0r,1,20,23,20789,500000,300.0,0.0,300.0,500000,9999,0,8.47
P0r,2,10,0,10866,200000,408.00232488628467,8.002324886284669,400.0,200000,3999,0,4.31
P0r,2,10,1,10867,200000,408.2412761992644,8.241276199264405,400.0,200000,3999,0,4.22
P0r,2,10,2,10868,200000,407.9099114152651,7.909911415265128,400.0,200000,3999,0,4.33
P0r,2,10,3,10869,200000,408.9161019277813,8.916101927781312,400.0,200000,3999,0,4.28
P0r,2,10,4,10870,200000,404.223260728792,4.223260728792013,400.0,200000,3999,0,4.27
P0r,1,20,24,20790,500000,300.0,0.0,300.0,500000,9999,0,8.21
P0r,1,20,25,20791,500000,300.0,0.0,300.0,500000,9999,0,8.33
P0r,1,20,26,20792,500000,300.0,0.0,300.0,500000,9999,0,8.48
P0r,1,20,27,20793,500000,300.0,0.0,300.0,500000,9999,0,8.5
P0r,1,20,29,20795,500000,300.0,0.0,300.0,500000,9999,0,8.19
P0r,1,20,28,20794,500000,300.0,0.0,300.0,500000,9999,0,8.58
P0r,2,10,5,10871,200000,430.9006548905393,30.900654890539272,400.0,200000,3999,0,4.17
P0r,2,10,6,10872,200000,407.5541219846672,7.5541219846671765,400.0,200000,3999,0,4.22
P0r,2,10,7,10873,200000,408.9161019277813,8.916101927781312,400.0,200000,3999,0,4.32
P0r,2,10,8,10874,200000,408.2412761992644,8.241276199264405,400.0,200000,3999,0,4.29
P0r,2,10,9,10875,200000,408.2412761992644,8.241276199264405,400.0,200000,3999,0,4.36
P0r,2,10,10,10876,200000,408.2412761992644,8.241276199264405,400.0,200000,3999,0,4.26
P0r,2,10,11,10877,200000,400.3851109227155,0.38511092271551206,400.0,200000,3999,0,4.27
P0r,2,10,12,10878,200000,408.00232488628467,8.002324886284669,400.0,200000,3999,0,4.26
P0r,2,10,13,10879,200000,407.9099114152651,7.909911415265128,400.0,200000,3999,0,4.14
P0r,2,10,15,10881,200000,408.9161019277813,8.916101927781312,400.0,200000,3999,0,4.21
P0r,2,10,14,10880,200000,407.90991141526507,7.909911415265071,400.0,200000,3999,0,4.31
P0r,2,10,17,10883,200000,403.9917378948498,3.9917378948497912,400.0,200000,3999,0,4.2
P0r,2,10,16,10882,200000,408.00232488628467,8.002324886284669,400.0,200000,3999,0,4.32
P0r,2,10,18,10884,200000,408.2412761992644,8.241276199264405,400.0,200000,3999,0,4.13
P0r,2,10,19,10885,200000,407.5541219846672,7.5541219846671765,400.0,200000,3999,0,4.24
P0r,2,10,20,10886,200000,408.2412761992644,8.241276199264405,400.0,200000,3999,0,4.28
P0r,2,10,21,10887,200000,407.9099114152651,7.909911415265128,400.0,200000,3999,0,4.29
P0r,2,10,22,10888,200000,407.9099114152651,7.909911415265128,400.0,200000,3999,0,4.3
P0r,2,10,23,10889,200000,406.32371593260956,6.323715932609559,400.0,200000,3999,0,4.26
P0r,2,10,24,10890,200000,408.9161019277813,8.916101927781312,400.0,200000,3999,0,4.24
P0r,2,10,25,10891,200000,408.00232488628467,8.002324886284669,400.0,200000,3999,0,4.25
P0r,2,10,27,10893,200000,408.00232488628467,8.002324886284669,400.0,200000,3999,0,4.22
P0r,2,10,26,10892,200000,404.0513208204141,4.051320820414105,400.0,200000,3999,0,4.3
P0r,2,10,28,10894,200000,408.9161019277813,8.916101927781312,400.0,200000,3999,0,4.22
P0r,2,10,29,10895,200000,407.9099114152651,7.909911415265128,400.0,200000,3999,0,4.2
P0r,2,20,0,20866,500000,449.0844789794816,49.08447897948162,400.0,500000,9999,0,10.91
P0r,2,20,1,20867,500000,420.55762910430303,20.557629104303032,400.0,500000,9999,0,10.82
P0r,2,20,2,20868,500000,444.8954693174514,44.895469317451386,400.0,500000,9999,0,10.86
P0r,2,20,3,20869,500000,449.0844789794818,49.08447897948179,400.0,500000,9999,0,11.01
P0r,2,20,4,20870,500000,420.557629104303,20.557629104302976,400.0,500000,9999,0,10.82
P0r,2,20,5,20871,500000,449.0844789794818,49.08447897948179,400.0,500000,9999,0,10.79
P0r,2,20,6,20872,500000,429.12081412135757,29.12081412135757,400.0,500000,9999,0,10.88
P0r,2,20,7,20873,500000,406.67286888424877,6.672868884248771,400.0,500000,9999,0,10.87
P0r,2,20,8,20874,500000,420.557629104303,20.557629104302976,400.0,500000,9999,0,11.0
P0r,2,20,9,20875,500000,406.67286888424854,6.672868884248544,400.0,500000,9999,0,11.03
P0r,2,20,11,20877,500000,449.0844789794816,49.08447897948162,400.0,500000,9999,0,10.85
P0r,2,20,10,20876,500000,449.08447897948145,49.084478979481446,400.0,500000,9999,0,10.99
P0r,2,20,12,20878,500000,449.0844789794818,49.08447897948179,400.0,500000,9999,0,10.95
P0r,2,20,13,20879,500000,444.89546931745144,44.89546931745144,400.0,500000,9999,0,10.88
P0r,2,20,14,20880,500000,449.0844789794816,49.08447897948162,400.0,500000,9999,0,10.93
P0r,2,20,15,20881,500000,444.89546931745144,44.89546931745144,400.0,500000,9999,0,10.7
P0r,2,20,16,20882,500000,449.08447897948156,49.08447897948156,400.0,500000,9999,0,10.95
P0r,2,20,17,20883,500000,449.0844789794817,49.08447897948167,400.0,500000,9999,0,11.0
P0r,2,20,18,20884,500000,449.08447897948156,49.08447897948156,400.0,500000,9999,0,10.53
P0r,2,20,19,20885,500000,449.0844789794827,49.0844789794827,400.0,500000,9999,0,10.94
P0r,2,20,21,20887,500000,420.55762910430326,20.55762910430326,400.0,500000,9999,0,10.82
P0r,2,20,23,20889,500000,449.08447897948156,49.08447897948156,400.0,500000,9999,0,10.83
P0r,2,20,22,20888,500000,406.6728688842485,6.672868884248487,400.0,500000,9999,0,10.93
P0r,2,20,20,20886,500000,445.63048902744333,45.63048902744333,400.0,500000,9999,0,11.06
P0r,2,20,24,20890,500000,449.0844789794817,49.08447897948167,400.0,500000,9999,0,10.81
P0r,3,10,0,10966,200000,600.0,0.0,600.0,200000,3999,0,8.41
P0r,2,20,25,20891,500000,449.08447897948156,49.08447897948156,400.0,500000,9999,0,10.85
P0r,3,10,1,10967,200000,600.0,0.0,600.0,200000,3999,0,8.35
P0r,2,20,26,20892,500000,449.0844789794817,49.08447897948167,400.0,500000,9999,0,10.85
P0r,3,10,2,10968,200000,600.0,0.0,600.0,200000,3999,0,8.23
P0r,3,10,3,10969,200000,600.0,0.0,600.0,200000,3999,0,8.14
P0r,3,10,4,10970,200000,600.0,0.0,600.0,200000,3999,0,8.31
P0r,3,10,5,10971,200000,600.0,0.0,600.0,200000,3999,0,8.32
P0r,2,20,27,20893,500000,449.08447897948156,49.08447897948156,400.0,500000,9999,0,11.1
P0r,2,20,28,20894,500000,449.0844789794819,49.0844789794819,400.0,500000,9999,0,10.82
P0r,2,20,29,20895,500000,444.89546931745144,44.89546931745144,400.0,500000,9999,0,11.0
P0r,3,10,6,10972,200000,600.0,0.0,600.0,200000,3999,0,8.52
P0r,3,10,7,10973,200000,600.0,0.0,600.0,200000,3999,0,8.56
P0r,3,10,8,10974,200000,600.0,0.0,600.0,200000,3999,0,8.51
P0r,3,10,10,10976,200000,600.0,0.0,600.0,200000,3999,0,8.39
P0r,3,10,9,10975,200000,600.0,0.0,600.0,200000,3999,0,8.66
P0r,3,10,11,10977,200000,600.0,0.0,600.0,200000,3999,0,8.38
P0r,3,10,12,10978,200000,600.0,0.0,600.0,200000,3999,0,8.48
P0r,3,10,13,10979,200000,600.0,0.0,600.0,200000,3999,0,8.35
P0r,3,10,14,10980,200000,600.0287831919461,0.028783191946104125,600.0,200000,3999,0,8.44
P0r,3,10,15,10981,200000,600.0,0.0,600.0,200000,3999,0,8.44
P0r,3,10,16,10982,200000,600.0,0.0,600.0,200000,3999,0,8.5
P0r,3,10,17,10983,200000,600.0,0.0,600.0,200000,3999,0,8.5
P0r,3,10,18,10984,200000,600.0,0.0,600.0,200000,3999,0,8.47
P0r,3,10,19,10985,200000,600.0,0.0,600.0,200000,3999,0,8.47
P0r,3,10,20,10986,200000,600.0,0.0,600.0,200000,3999,0,8.53
P0r,3,10,21,10987,200000,600.0,0.0,600.0,200000,3999,0,8.41
P0r,3,10,22,10988,200000,600.0,0.0,600.0,200000,3999,0,8.46
P0r,3,10,23,10989,200000,600.0,0.0,600.0,200000,3999,0,8.34
P0r,3,10,24,10990,200000,600.0,0.0,600.0,200000,3999,0,8.41
P0r,3,10,25,10991,200000,600.0,0.0,600.0,200000,3999,0,8.47
P0r,3,10,26,10992,200000,600.0,0.0,600.0,200000,3999,0,8.55
P0r,3,10,28,10994,200000,600.0,0.0,600.0,200000,3999,0,8.47
P0r,3,10,27,10993,200000,600.0,0.0,600.0,200000,3999,0,8.55
P0r,3,10,29,10995,200000,600.0,0.0,600.0,200000,3999,0,8.58
S0d,12,20,21,21887,500000,3102.73435106752,402.73435106752004,2700.0,500000,9909,4500,121.63
S0d,12,20,23,21889,500000,3130.3858813152256,430.38588131522556,2700.0,500000,9906,4650,121.75
S0d,12,20,22,21888,500000,3357.8430160934804,657.8430160934804,2700.0,500049,9909,4549,122.4
S0d,12,20,24,21890,500000,3009.3733505312293,309.37335053122933,2700.0,500002,9904,4752,121.85
S0d,12,20,25,21891,500000,3137.2465029880277,437.2465029880277,2700.0,500042,9906,4692,122.5
S0d,12,20,26,21892,500000,3141.7314148498854,441.73141484988537,2700.0,500001,9906,4651,121.98
S0d,12,20,27,21893,500000,3045.939971640795,345.9399716407952,2700.0,500039,9906,4689,122.26
S0d,12,20,28,21894,500000,3089.534132883011,389.5341328830109,2700.0,500037,9910,4487,123.04
S0d,12,20,29,21895,500000,3432.7504481153637,732.7504481153637,2700.0,500000,9910,4450,122.61
P0r,3,20,0,20966,500000,600.0,0.0,600.0,500000,9999,0,21.27
P0r,3,20,1,20967,500000,600.0,0.0,600.0,500000,9999,0,21.51
P0r,3,20,2,20968,500000,600.0,0.0,600.0,500000,9999,0,21.42
P0r,3,20,4,20970,500000,600.0,0.0,600.0,500000,9999,0,21.46
P0r,3,20,5,20971,500000,600.0,0.0,600.0,500000,9999,0,21.49
P0r,3,20,3,20969,500000,600.0,0.0,600.0,500000,9999,0,21.68
P0r,3,20,6,20972,500000,600.0,0.0,600.0,500000,9999,0,21.44
P0r,3,20,7,20973,500000,600.0,0.0,600.0,500000,9999,0,21.56
P0r,3,20,8,20974,500000,600.0,0.0,600.0,500000,9999,0,21.54
P0r,3,20,9,20975,500000,600.0,0.0,600.0,500000,9999,0,21.4
P0r,3,20,10,20976,500000,600.0,0.0,600.0,500000,9999,0,21.52
P0r,3,20,11,20977,500000,600.0,0.0,600.0,500000,9999,0,21.44
P0r,3,20,12,20978,500000,600.0,0.0,600.0,500000,9999,0,21.35
P0r,3,20,13,20979,500000,600.0,0.0,600.0,500000,9999,0,21.5
P0r,3,20,15,20981,500000,600.0,0.0,600.0,500000,9999,0,21.39
P0r,3,20,14,20980,500000,600.0,0.0,600.0,500000,9999,0,21.5
P0r,3,20,16,20982,500000,600.0,0.0,600.0,500000,9999,0,21.34
P0r,3,20,17,20983,500000,600.0,0.0,600.0,500000,9999,0,21.27
P0r,3,20,18,20984,500000,600.0,0.0,600.0,500000,9999,0,21.54
P0r,3,20,19,20985,500000,600.0,0.0,600.0,500000,9999,0,21.61
P0r,3,20,20,20986,500000,600.0,0.0,600.0,500000,9999,0,21.52
P0r,4,10,0,11066,200000,816.0,16.0,800.0,200000,3999,0,12.96
P0r,4,10,1,11067,200000,822.0,22.0,800.0,200000,3999,0,12.88
P0r,4,10,2,11068,200000,835.3876526186132,35.387652618613174,800.0,200000,3999,0,12.8
P0r,4,10,3,11069,200000,812.0,12.0,800.0,200000,3999,0,12.69
P0r,4,10,4,11070,200000,822.0,22.0,800.0,200000,3999,0,12.8
P0r,4,10,5,11071,200000,816.0,16.0,800.0,200000,3999,0,12.82
P0r,3,20,21,20987,500000,600.0,0.0,600.0,500000,9999,0,21.46
P0r,4,10,6,11072,200000,822.0,22.0,800.0,200000,3999,0,13.03
P0r,3,20,22,20988,500000,600.0,0.0,600.0,500000,9999,0,21.39
P0r,3,20,23,20989,500000,600.0,0.0,600.0,500000,9999,0,21.55
P0r,3,20,25,20991,500000,600.0,0.0,600.0,500000,9999,0,21.42
P0r,3,20,24,20990,500000,600.0,0.0,600.0,500000,9999,0,21.47
P0r,4,10,7,11073,200000,814.0,14.0,800.0,200000,3999,0,12.91
P0r,3,20,27,20993,500000,600.0,0.0,600.0,500000,9999,0,21.53
P0r,3,20,28,20994,500000,600.0,0.0,600.0,500000,9999,0,21.47
P0r,4,10,8,11074,200000,828.0,28.0,800.0,200000,3999,0,13.06
P0r,3,20,29,20995,500000,600.0,0.0,600.0,500000,9999,0,21.51
P0r,3,20,26,20992,500000,600.0,0.0,600.0,500000,9999,0,22.04
P0r,4,10,9,11075,200000,818.0,18.0,800.0,200000,3999,0,13.08
P0r,4,10,10,11076,200000,818.0,18.0,800.0,200000,3999,0,12.98
P0r,4,10,11,11077,200000,822.3665845561973,22.366584556197267,800.0,200000,3999,0,13.0
P0r,4,10,13,11079,200000,820.0,20.0,800.0,200000,3999,0,12.91
P0r,4,10,12,11078,200000,832.0,32.0,800.0,200000,3999,0,13.05
P0r,4,10,14,11080,200000,816.0,16.0,800.0,200000,3999,0,12.93
P0r,4,10,15,11081,200000,818.0,18.0,800.0,200000,3999,0,12.81
P0r,4,10,17,11083,200000,816.0,16.0,800.0,200000,3999,0,12.81
P0r,4,10,16,11082,200000,820.0,20.0,800.0,200000,3999,0,12.92
P0r,4,10,18,11084,200000,816.0,16.0,800.0,200000,3999,0,12.87
P0r,4,10,19,11085,200000,822.0,22.0,800.0,200000,3999,0,12.9
P0r,4,10,20,11086,200000,826.6804577897159,26.680457789715888,800.0,200000,3999,0,12.98
P0r,4,10,21,11087,200000,818.0,18.0,800.0,200000,3999,0,12.99
P0r,4,10,22,11088,200000,824.0,24.0,800.0,200000,3999,0,12.82
P0r,4,10,23,11089,200000,822.0000014722687,22.00000147226865,800.0,200000,3999,0,12.93
P0r,4,10,25,11091,200000,818.0,18.0,800.0,200000,3999,0,12.88
P0r,4,10,24,11090,200000,820.0,20.0,800.0,200000,3999,0,12.98
P0r,4,10,26,11092,200000,812.9136559581746,12.913655958174559,800.0,200000,3999,0,12.84
P0r,4,10,28,11094,200000,812.0,12.0,800.0,200000,3999,0,12.94
P0r,4,10,27,11093,200000,820.0000000004472,20.000000000447244,800.0,200000,3999,0,13.03
P0r,4,10,29,11095,200000,820.0,20.0,800.0,200000,3999,0,13.05
P0r,4,20,0,21066,500000,864.0,64.0,800.0,500000,9999,0,32.77
P0r,4,20,2,21068,500000,912.0,112.0,800.0,500000,9999,0,32.51
P0r,4,20,1,21067,500000,910.5,110.5,800.0,500000,9999,0,32.81
P0r,4,20,3,21069,500000,904.0,104.0,800.0,500000,9999,0,32.78
P0r,4,20,5,21071,500000,896.0,96.0,800.0,500000,9999,0,32.55
P0r,4,20,4,21070,500000,884.0,84.0,800.0,500000,9999,0,33.02
P0r,4,20,6,21072,500000,928.0,128.0,800.0,500000,9999,0,32.3
P0r,4,20,9,21075,500000,909.0750715769022,109.07507157690225,800.0,500000,9999,0,32.38
P0r,4,20,7,21073,500000,902.0,102.0,800.0,500000,9999,0,32.57
P0r,4,20,10,21076,500000,904.0000000000001,104.00000000000011,800.0,500000,9999,0,32.6
P0r,4,20,8,21074,500000,904.0,104.0,800.0,500000,9999,0,32.92
P0r,4,20,11,21077,500000,838.0,38.0,800.0,500000,9999,0,32.5
P0r,4,20,13,21079,500000,926.0,126.0,800.0,500000,9999,0,32.66
P0r,4,20,14,21080,500000,862.0,62.0,800.0,500000,9999,0,32.57
P0r,4,20,12,21078,500000,872.0,72.0,800.0,500000,9999,0,32.98
P0r,4,20,19,21085,500000,900.0,100.0,800.0,500000,9999,0,32.22
P0r,4,20,17,21083,500000,922.1221354416267,122.12213544162671,800.0,500000,9999,0,32.63
P0r,4,20,15,21081,500000,922.5,122.5,800.0,500000,9999,0,32.83
P0r,4,20,18,21084,500000,880.0005744141604,80.00057441416038,800.0,500000,9999,0,32.44
P0r,4,20,20,21086,500000,876.0,76.0,800.0,500000,9999,0,32.56
P0r,4,20,16,21082,500000,904.003603064144,104.00360306414404,800.0,500000,9999,0,33.22
P0r,5,10,1,11167,200000,900.0000000000001,1.1368683772161603e-13,900.0,200000,3999,0,6.26
P0r,5,10,0,11166,200000,900.0,0.0,900.0,200000,3999,0,6.43
P0r,5,10,2,11168,200000,900.0000000000001,1.1368683772161603e-13,900.0,200000,3999,0,6.22
P0r,5,10,4,11170,200000,900.0000000000001,1.1368683772161603e-13,900.0,200000,3999,0,6.26
P0r,5,10,3,11169,200000,900.0,0.0,900.0,200000,3999,0,6.43
P0r,5,10,5,11171,200000,900.0,0.0,900.0,200000,3999,0,6.42
P0r,5,10,6,11172,200000,900.0000000000001,1.1368683772161603e-13,900.0,200000,3999,0,6.25
P0r,5,10,8,11174,200000,900.0,0.0,900.0,200000,3999,0,6.2
P0r,5,10,7,11173,200000,900.0000000000001,1.1368683772161603e-13,900.0,200000,3999,0,6.4
P0r,5,10,9,11175,200000,900.0,0.0,900.0,200000,3999,0,6.32
P0r,5,10,10,11176,200000,900.0,0.0,900.0,200000,3999,0,6.29
P0r,5,10,11,11177,200000,900.0000000000001,1.1368683772161603e-13,900.0,200000,3999,0,6.39
P0r,5,10,12,11178,200000,900.0000000000001,1.1368683772161603e-13,900.0,200000,3999,0,6.3
P0r,5,10,13,11179,200000,900.0000000000001,1.1368683772161603e-13,900.0,200000,3999,0,6.23
P0r,5,10,14,11180,200000,900.0,0.0,900.0,200000,3999,0,6.18
P0r,5,10,15,11181,200000,900.0,0.0,900.0,200000,3999,0,6.23
P0r,5,10,16,11182,200000,900.0000000000001,1.1368683772161603e-13,900.0,200000,3999,0,6.12
P0r,5,10,18,11184,200000,900.0000000000001,1.1368683772161603e-13,900.0,200000,3999,0,6.2
P0r,5,10,19,11185,200000,900.0000000000001,1.1368683772161603e-13,900.0,200000,3999,0,6.17
P0r,5,10,17,11183,200000,900.0,0.0,900.0,200000,3999,0,6.32
P0r,5,10,20,11186,200000,900.0000000000001,1.1368683772161603e-13,900.0,200000,3999,0,6.37
P0r,5,10,21,11187,200000,900.0,0.0,900.0,200000,3999,0,6.46
P0r,5,10,22,11188,200000,900.0000000000001,1.1368683772161603e-13,900.0,200000,3999,0,6.39
P0r,5,10,23,11189,200000,900.0000000000001,1.1368683772161603e-13,900.0,200000,3999,0,6.28
P0r,5,10,24,11190,200000,900.0,0.0,900.0,200000,3999,0,6.19
P0r,5,10,25,11191,200000,900.0000000000001,1.1368683772161603e-13,900.0,200000,3999,0,6.24
P0r,5,10,26,11192,200000,900.0,0.0,900.0,200000,3999,0,6.24
P0r,5,10,27,11193,200000,900.0,0.0,900.0,200000,3999,0,6.32
P0r,5,10,28,11194,200000,900.0,0.0,900.0,200000,3999,0,6.32
P0r,5,10,29,11195,200000,900.0000000000001,1.1368683772161603e-13,900.0,200000,3999,0,6.27
P0r,4,20,21,21087,500000,876.0,76.0,800.0,500000,9999,0,32.11
P0r,4,20,22,21088,500000,870.0,70.0,800.0,500000,9999,0,32.26
P0r,4,20,23,21089,500000,888.0000000000002,88.00000000000023,800.0,500000,9999,0,32.26
P0r,4,20,25,21091,500000,886.0,86.0,800.0,500000,9999,0,32.05
P0r,4,20,24,21090,500000,878.0,78.0,800.0,500000,9999,0,32.23
P0r,4,20,26,21092,500000,935.6211832805868,135.62118328058682,800.0,500000,9999,0,32.18
P0r,5,20,0,21166,500000,901.5420285566073,1.5420285566073062,900.0,500000,9999,0,16.0
P0r,5,20,1,21167,500000,900.5438522690076,0.5438522690076297,900.0,500000,9999,0,16.13
P0r,5,20,4,21170,500000,900.9981762875987,0.9981762875986533,900.0,500000,9999,0,15.77
P0r,5,20,2,21168,500000,900.3581130016661,0.3581130016660836,900.0,500000,9999,0,16.11
P0r,5,20,3,21169,500000,900.4543240185915,0.4543240185914783,900.0,500000,9999,0,16.05
P0r,4,20,27,21093,500000,912.0,112.0,800.0,500000,9999,0,32.11
P0r,5,20,5,21171,500000,900.0895282504168,0.08952825041683354,900.0,500000,9999,0,15.86
P0r,4,20,28,21094,500000,882.0,82.0,800.0,500000,9999,0,32.29
P0r,4,20,29,21095,500000,938.0,138.0,800.0,500000,9999,0,32.34
P0r,5,20,6,21172,500000,901.5420285566058,1.5420285566058283,900.0,500000,9999,0,15.96
P0r,5,20,7,21173,500000,900.4476412520825,0.4476412520824624,900.0,500000,9999,0,15.91
P0r,5,20,8,21174,500000,900.3581130016659,0.35811300166585625,900.0,500000,9999,0,15.94
P0r,5,20,9,21175,500000,900.1790565008332,0.17905650083321234,900.0,500000,9999,0,15.68
P0r,5,20,10,21176,500000,900.5438522690077,0.5438522690077434,900.0,500000,9999,0,16.06
P0r,5,20,11,21177,500000,900.2685847512498,0.2685847512498185,900.0,500000,9999,0,15.93
P0r,5,20,12,21178,500000,900.089528250417,0.08952825041694723,900.0,500000,9999,0,15.75
P0r,5,20,13,21179,500000,900.5438522690087,0.5438522690086529,900.0,500000,9999,0,15.59
P0r,5,20,14,21180,500000,900.5438522690076,0.5438522690076297,900.0,500000,9999,0,16.0
P0r,5,20,16,21182,500000,900.5438522690075,0.543852269007516,900.0,500000,9999,0,15.72
P0r,5,20,15,21181,500000,901.356289289264,1.3562892892640548,900.0,500000,9999,0,16.06
P0r,5,20,17,21183,500000,900.0895282504172,0.0895282504171746,900.0,500000,9999,0,16.13
P0r,6,10,0,11266,200000,24136.947522543043,22336.947522543043,1800.0,200000,3999,0,8.5
P0r,6,10,1,11267,200000,3601.801871722923,1801.801871722923,1800.0,200000,3999,0,8.59
P0r,6,10,2,11268,200000,9971.888080446664,8171.888080446664,1800.0,200000,3999,0,8.6
P0r,5,20,18,21184,500000,900.1790565008331,0.17905650083309865,900.0,500000,9999,0,15.78
P0r,5,20,19,21185,500000,900.1790565008332,0.17905650083321234,900.0,500000,9999,0,15.75
P0r,5,20,22,21188,500000,901.6966203654171,1.6966203654170613,900.0,500000,9999,0,15.88
P0r,5,20,24,21190,500000,900.7229087698407,0.7229087698407284,900.0,500000,9999,0,15.83
P0r,5,20,23,21189,500000,901.2667610388477,1.266761038847676,900.0,500000,9999,0,15.86
P0r,5,20,20,21186,500000,900.7229087698406,0.7229087698406147,900.0,500000,9999,0,16.16
P0r,5,20,21,21187,500000,900.6333805194432,0.6333805194432216,900.0,500000,9999,0,16.12
P0r,6,10,3,11269,200000,2880.262762554009,1080.262762554009,1800.0,200000,3999,0,8.6
P0r,5,20,25,21191,500000,900.2685847512497,0.2685847512497048,900.0,500000,9999,0,15.8
P0r,5,20,26,21192,500000,900.0895282504167,0.08952825041671986,900.0,500000,9999,0,15.92
P0r,6,10,4,11270,200000,7261.548316426554,5461.548316426554,1800.0,200000,3999,0,8.65
P0r,6,10,5,11271,200000,11228.832302386954,9428.832302386954,1800.0,200000,3999,0,8.73
P0r,6,10,6,11272,200000,16290.12460972771,14490.12460972771,1800.0,200000,3999,0,8.86
P0r,6,10,7,11273,200000,2444.5490501863833,644.5490501863833,1800.0,200000,3999,0,8.73
P0r,5,20,28,21194,500000,900.0895282504168,0.08952825041683354,900.0,500000,9999,0,15.86
P0r,5,20,29,21195,500000,900.1790565008333,0.17905650083332603,900.0,500000,9999,0,15.88
P0r,5,20,27,21193,500000,900.6333805194241,0.6333805194241222,900.0,500000,9999,0,16.08
P0r,6,10,8,11274,200000,16879.940633952217,15079.940633952217,1800.0,200000,3999,0,8.7
P0r,6,10,9,11275,200000,4289.675360547853,2489.6753605478534,1800.0,200000,3999,0,8.68
P0r,6,10,10,11276,200000,16130.49449097306,14330.49449097306,1800.0,200000,3999,0,8.66
P0r,6,10,11,11277,200000,3645.3521086616734,1845.3521086616734,1800.0,200000,3999,0,8.77
P0r,6,10,12,11278,200000,3821.932381880867,2021.932381880867,1800.0,200000,3999,0,8.62
P0r,6,10,13,11279,200000,18231.075745196904,16431.075745196904,1800.0,200000,3999,0,8.86
P0r,6,10,14,11280,200000,4817.08479129122,3017.0847912912204,1800.0,200000,3999,0,8.86
P0r,6,10,16,11282,200000,2468.5271250796495,668.5271250796495,1800.0,200000,3999,0,8.86
P0r,6,10,15,11281,200000,14629.056642885542,12829.056642885542,1800.0,200000,3999,0,8.96
P0r,6,10,17,11283,200000,22282.39609859897,20482.39609859897,1800.0,200000,3999,0,8.84
P0r,6,10,18,11284,200000,3122.570301702871,1322.570301702871,1800.0,200000,3999,0,8.87
P0r,6,10,19,11285,200000,3310.2798779881323,1510.2798779881323,1800.0,200000,3999,0,8.61
P0r,6,10,20,11286,200000,5458.512254327579,3658.5122543275793,1800.0,200000,3999,0,8.81
P0r,6,10,21,11287,200000,34222.38403005791,32422.38403005791,1800.0,200000,3999,0,8.59
P0r,6,10,22,11288,200000,2432.7716549173024,632.7716549173024,1800.0,200000,3999,0,8.73
P0r,6,10,23,11289,200000,2648.970900023404,848.9709000234038,1800.0,200000,3999,0,8.83
P0r,6,10,24,11290,200000,11125.891333737662,9325.891333737662,1800.0,200000,3999,0,8.68
P0r,6,10,27,11293,200000,8673.845822156401,6873.8458221564015,1800.0,200000,3999,0,8.64
P0r,6,10,25,11291,200000,7682.087080633135,5882.087080633135,1800.0,200000,3999,0,8.83
P0r,6,10,26,11292,200000,3363.608162321796,1563.608162321796,1800.0,200000,3999,0,8.85
P0r,6,10,28,11294,200000,7769.409849318989,5969.409849318989,1800.0,200000,3999,0,8.73
P0r,6,10,29,11295,200000,7051.755043317566,5251.755043317566,1800.0,200000,3999,0,8.88
P0r,6,20,0,21266,500000,26831.04406152028,25031.04406152028,1800.0,500000,9999,0,22.22
P0r,6,20,1,21267,500000,71775.98487639733,69975.98487639733,1800.0,500000,9999,0,22.43
P0r,6,20,2,21268,500000,55084.65617967742,53284.65617967742,1800.0,500000,9999,0,22.26
P0r,6,20,3,21269,500000,73004.62710636735,71204.62710636735,1800.0,500000,9999,0,22.19
P0r,6,20,4,21270,500000,37465.788717896095,35665.788717896095,1800.0,500000,9999,0,22.39
P0r,6,20,6,21272,500000,66996.51593030282,65196.51593030282,1800.0,500000,9999,0,22.29
P0r,6,20,5,21271,500000,87058.26245144004,85258.26245144004,1800.0,500000,9999,0,22.39
P0r,6,20,8,21274,500000,41877.99478660068,40077.99478660068,1800.0,500000,9999,0,22.29
P0r,6,20,9,21275,500000,61285.18077677797,59485.18077677797,1800.0,500000,9999,0,22.41
P0r,6,20,7,21273,500000,54863.0051446683,53063.0051446683,1800.0,500000,9999,0,22.5
P0r,6,20,10,21276,500000,58122.61500905764,56322.61500905764,1800.0,500000,9999,0,22.76
P0r,6,20,11,21277,500000,80023.99269996819,78223.99269996819,1800.0,500000,9999,0,22.33
P0r,6,20,12,21278,500000,55982.65794930569,54182.65794930569,1800.0,500000,9999,0,22.33
P0r,6,20,13,21279,500000,42879.23387647706,41079.23387647706,1800.0,500000,9999,0,22.6
P0r,6,20,14,21280,500000,73357.73932029653,71557.73932029653,1800.0,500000,9999,0,22.43
P0r,6,20,16,21282,500000,72702.68432428417,70902.68432428417,1800.0,500000,9999,0,22.15
P0r,6,20,18,21284,500000,42471.27413398205,40671.27413398205,1800.0,500000,9999,0,22.11
P0r,6,20,15,21281,500000,62115.27020584668,60315.27020584668,1800.0,500000,9999,0,22.42
P0r,6,20,19,21285,500000,63277.054261087236,61477.054261087236,1800.0,500000,9999,0,22.26
P0r,6,20,17,21283,500000,82027.96151219566,80227.96151219566,1800.0,500000,9999,0,22.49
P0r,6,20,20,21286,500000,73339.46945101208,71539.46945101208,1800.0,500000,9999,0,22.22
P0r,6,20,21,21287,500000,99313.03228561842,97513.03228561842,1800.0,500000,9999,0,22.37
P0r,6,20,22,21288,500000,73090.78716569651,71290.78716569651,1800.0,500000,9999,0,21.78
P0r,6,20,23,21289,500000,39521.7014860518,37721.7014860518,1800.0,500000,9999,0,22.39
P0r,6,20,24,21290,500000,37512.6383813439,35712.6383813439,1800.0,500000,9999,0,22.21
P0r,6,20,25,21291,500000,33742.90964903737,31942.90964903737,1800.0,500000,9999,0,21.9
P0r,6,20,26,21292,500000,44381.27006213987,42581.27006213987,1800.0,500000,9999,0,22.22
P0r,6,20,28,21294,500000,114666.49260007113,112866.49260007113,1800.0,500000,9999,0,22.17
P0r,6,20,27,21293,500000,76776.76066904183,74976.76066904183,1800.0,500000,9999,0,22.24
P0r,6,20,29,21295,500000,53219.284368304594,51419.284368304594,1800.0,500000,9999,0,22.14
P0r,7,10,1,11367,200000,2021.970851912999,21.970851912999024,2000.0,200000,3999,0,122.28
P0r,7,10,2,11368,200000,2022.0472768867,22.047276886700047,2000.0,200000,3999,0,121.76
P0r,7,10,0,11366,200000,2020.2746317888088,20.274631788808847,2000.0,200000,3999,0,123.08
P0r,7,10,3,11369,200000,2021.4949204980473,21.49492049804735,2000.0,200000,3999,0,122.93
P0r,7,10,4,11370,200000,2019.8971790869766,19.89717908697662,2000.0,200000,3999,0,123.07
P0r,7,10,5,11371,200000,2020.2235045298064,20.223504529806405,2000.0,200000,3999,0,122.81
P0r,7,10,6,11372,200000,2009.1173668626755,9.117366862675453,2000.0,200000,3999,0,122.13
P0r,7,10,9,11375,200000,2020.5227180995705,20.52271809957051,2000.0,200000,3999,0,122.23
P0r,7,10,8,11374,200000,2020.477183061703,20.477183061703045,2000.0,200000,3999,0,122.84
P0r,7,10,10,11376,200000,2021.0422906299011,21.042290629901117,2000.0,200000,3999,0,122.66
P0r,7,10,7,11373,200000,2020.2406439536046,20.240643953604604,2000.0,200000,3999,0,123.08
P0r,7,10,11,11377,200000,2021.4085131236925,21.4085131236925,2000.0,200000,3999,0,123.09
P0r,7,10,12,11378,200000,2021.2238422930027,21.22384229300269,2000.0,200000,3999,0,122.48
P0r,7,10,13,11379,200000,2020.6740794372392,20.674079437239243,2000.0,200000,3999,0,122.58
P0r,7,10,14,11380,200000,2015.8690624294004,15.869062429400401,2000.0,200000,3999,0,122.38
P0r,7,10,19,11385,200000,2021.41231368099,21.41231368099011,2000.0,200000,3999,0,121.96
P0r,7,10,15,11381,200000,2020.546330199058,20.546330199058048,2000.0,200000,3999,0,123.08
P0r,7,10,17,11383,200000,2021.494954977292,21.494954977292082,2000.0,200000,3999,0,122.2
P0r,7,10,16,11382,200000,2021.9455260901798,21.945526090179783,2000.0,200000,3999,0,123.21
P0r,7,10,18,11384,200000,2021.2943087669812,21.294308766981203,2000.0,200000,3999,0,123.35
P0r,7,10,20,11386,200000,2020.501116806373,20.50111680637292,2000.0,200000,3999,0,123.47
P0r,7,10,21,11387,200000,2021.3130009251277,21.313000925127653,2000.0,200000,3999,0,121.71
P0r,7,10,22,11388,200000,2020.3405582321514,20.340558232151352,2000.0,200000,3999,0,122.86
P0r,7,10,23,11389,200000,2022.9040312710204,22.904031271020358,2000.0,200000,3999,0,123.16
P0r,7,10,24,11390,200000,2020.999288279121,20.999288279120947,2000.0,200000,3999,0,122.07
P0r,7,10,27,11393,200000,2021.4949309066033,21.49493090660326,2000.0,200000,3999,0,122.01
P0r,7,10,25,11391,200000,2021.4949590570852,21.494959057085225,2000.0,200000,3999,0,123.12
P0r,7,10,26,11392,200000,2021.1674879563298,21.16748795632975,2000.0,200000,3999,0,123.0
P0r,7,10,28,11394,200000,2022.470977478804,22.47097747880389,2000.0,200000,3999,0,122.33
P0r,7,10,29,11395,200000,2022.48991868013,22.489918680129904,2000.0,200000,3999,0,123.22
P0r,7,20,1,21367,500000,2028.5175950733437,28.517595073343728,2000.0,500000,9999,0,557.42
P0r,7,20,0,21366,500000,2023.2186107607452,23.21861076074515,2000.0,500000,9999,0,558.31
P0r,7,20,2,21368,500000,2044.2110850923273,44.21108509232727,2000.0,500000,9999,0,561.37
P0r,7,20,5,21371,500000,2028.7023376332725,28.702337633272464,2000.0,500000,9999,0,556.92
P0r,7,20,11,21377,500000,2026.626881884809,26.62688188480911,2000.0,500000,9999,0,555.46
P0r,7,20,4,21370,500000,2034.5873256504915,34.58732565049149,2000.0,500000,9999,0,559.07
P0r,7,20,3,21369,500000,2022.0577179586576,22.057717958657577,2000.0,500000,9999,0,560.01
P0r,7,20,10,21376,500000,2022.9819416068062,22.98194160680623,2000.0,500000,9999,0,558.54
P0r,7,20,6,21372,500000,2023.4477222818903,23.447722281890265,2000.0,500000,9999,0,559.97
P0r,7,20,7,21373,500000,2028.1963617963445,28.19636179634449,2000.0,500000,9999,0,564.56
P0r,7,20,8,21374,500000,2029.68579394193,29.685793941929887,2000.0,500000,9999,0,564.76
P0r,7,20,9,21375,500000,2024.6766996915128,24.676699691512795,2000.0,500000,9999,0,565.38
P0r,7,20,12,21378,500000,2025.065263178351,25.06526317835096,2000.0,500000,9999,0,556.18
P0r,7,20,15,21381,500000,2029.581965818216,29.581965818216077,2000.0,500000,9999,0,555.58
P0r,7,20,13,21379,500000,2026.4704712268667,26.47047122686672,2000.0,500000,9999,0,560.96
P0r,7,20,14,21380,500000,2030.2410666519359,30.241066651935853,2000.0,500000,9999,0,561.23
P0r,7,20,18,21384,500000,2029.1297978591742,29.129797859174232,2000.0,500000,9999,0,559.42
P0r,7,20,19,21385,500000,2028.8852887413211,28.88528874132112,2000.0,500000,9999,0,560.22
P0r,7,20,20,21386,500000,2034.7545295090697,34.7545295090697,2000.0,500000,9999,0,559.64
P0r,7,20,16,21382,500000,2026.5567086857616,26.556708685761578,2000.0,500000,9999,0,563.23
P0r,7,20,17,21383,500000,2028.6871882185528,28.68718821855282,2000.0,500000,9999,0,601.05
P0r,8,10,1,11467,200000,2221.7771943843236,21.777194384323593,2200.0,200000,3999,0,172.11
P0r,8,10,0,11466,200000,2220.1432819737984,20.143281973798366,2200.0,200000,3999,0,172.77
P0r,8,10,2,11468,200000,2220.4927487579826,20.492748757982554,2200.0,200000,3999,0,173.9
P0r,8,10,3,11469,200000,2220.79890275782,20.798902757820088,2200.0,200000,3999,0,171.33
P0r,8,10,4,11470,200000,2203.372424716635,3.3724247166351233,2200.0,200000,3999,0,172.82
P0r,8,10,5,11471,200000,2221.1897349781425,21.189734978142496,2200.0,200000,3999,0,172.33
P0r,8,10,7,11473,200000,2220.1479663981595,20.147966398159497,2200.0,200000,3999,0,171.74
P0r,8,10,6,11472,200000,2221.1400728791996,21.14007287919958,2200.0,200000,3999,0,173.12
P0r,8,10,8,11474,200000,2221.1540070068704,21.154007006870415,2200.0,200000,3999,0,171.74
P0r,8,10,9,11475,200000,2203.1590658422497,3.1590658422496745,2200.0,200000,3999,0,173.32
P0r,8,10,10,11476,200000,2201.6312759542966,1.6312759542965978,2200.0,200000,3999,0,172.1
P0r,8,10,11,11477,200000,2221.0329884331286,21.032988433128594,2200.0,200000,3999,0,171.68
P0r,8,10,12,11478,200000,2220.5511123397055,20.55111233970547,2200.0,200000,3999,0,171.64
P0r,8,10,13,11479,200000,2222.0151923781627,22.015192378162737,2200.0,200000,3999,0,172.48
P0r,8,10,14,11480,200000,2220.5790022954097,20.579002295409737,2200.0,200000,3999,0,172.52
P0r,8,10,15,11481,200000,2221.0564661113926,21.056466111392638,2200.0,200000,3999,0,171.97
P0r,8,10,16,11482,200000,2221.8043902600443,21.80439026004433,2200.0,200000,3999,0,173.02
P0r,8,10,17,11483,200000,2221.9827882416926,21.98278824169256,2200.0,200000,3999,0,171.71
P0r,8,10,18,11484,200000,2220.512471565557,20.512471565557007,2200.0,200000,3999,0,171.78
P0r,8,10,19,11485,200000,2221.398477846791,21.39847784679114,2200.0,200000,3999,0,172.59
P0r,8,10,20,11486,200000,2200.1489465257837,0.1489465257836855,2200.0,200000,3999,0,172.48
P0r,8,10,22,11488,200000,2220.8946377920565,20.89463779205653,2200.0,200000,3999,0,171.42
P0r,8,10,21,11487,200000,2200.491839164567,0.4918391645669544,2200.0,200000,3999,0,171.82
P0r,8,10,23,11489,200000,2222.4967592147736,22.496759214773647,2200.0,200000,3999,0,171.74
P0r,8,10,24,11490,200000,2201.842132822454,1.8421328224540048,2200.0,200000,3999,0,172.06
P0r,8,10,25,11491,200000,2220.5978899568763,20.597889956876315,2200.0,200000,3999,0,174.06
P0r,8,10,26,11492,200000,2220.226964676114,20.22696467611422,2200.0,200000,3999,0,173.31
P0r,7,20,22,21388,500000,2028.0091467359953,28.009146735995273,2000.0,500000,9999,0,555.7
P0r,7,20,21,21387,500000,2027.4703902710978,27.470390271097813,2000.0,500000,9999,0,559.07
P0r,7,20,23,21389,500000,2030.7265478786717,30.72654787867168,2000.0,500000,9999,0,555.57
P0r,7,20,24,21390,500000,2026.2189812564131,26.218981256413144,2000.0,500000,9999,0,559.66
P0r,7,20,26,21392,500000,2033.1147678342613,33.11476783426133,2000.0,500000,9999,0,558.75
P0r,7,20,25,21391,500000,2036.8933331376584,36.893333137658374,2000.0,500000,9999,0,559.0
P0r,7,20,29,21395,500000,2024.5203833000087,24.52038330000869,2000.0,500000,9999,0,556.45
P0r,7,20,27,21393,500000,2033.4101432230964,33.410143223096384,2000.0,500000,9999,0,558.56
P0r,7,20,28,21394,500000,2022.5247206469687,22.524720646968717,2000.0,500000,9999,0,558.73
P0r,8,10,27,11493,200000,2220.669819266267,20.66981926626704,2200.0,200000,3999,0,171.48
P0r,8,10,28,11494,200000,2222.0382190943133,22.038219094313263,2200.0,200000,3999,0,171.49
P0r,8,10,29,11495,200000,2221.187550305026,21.18755030502598,2200.0,200000,3999,0,171.28
P0r,8,20,0,21466,500000,2476.6905522272446,276.69055222724455,2200.0,500000,9999,0,795.88
P0r,8,20,4,21470,500000,2243.033082037041,43.03308203704091,2200.0,500000,9999,0,796.2
P0r,8,20,3,21469,500000,2257.2551664918033,57.255166491803266,2200.0,500000,9999,0,797.41
P0r,8,20,1,21467,500000,2228.5788563913884,28.5788563913884,2200.0,500000,9999,0,800.78
P0r,8,20,2,21468,500000,2765.374349438244,565.3743494382438,2200.0,500000,9999,0,805.95
P0r,8,20,5,21471,500000,2235.1693560194612,35.16935601946125,2200.0,500000,9999,0,795.77
P0r,8,20,6,21472,500000,2238.993170427902,38.99317042790199,2200.0,500000,9999,0,796.94
P0r,8,20,7,21473,500000,2227.396534394069,27.396534394069022,2200.0,500000,9999,0,801.23
P0r,8,20,8,21474,500000,2300.1000582552633,100.10005825526332,2200.0,500000,9999,0,802.91
P0r,8,20,9,21475,500000,2270.7318970796623,70.7318970796623,2200.0,500000,9999,0,802.74
P0r,8,20,11,21477,500000,2512.988211105602,312.9882111056022,2200.0,500000,9999,0,801.0
P0r,8,20,10,21476,500000,2246.0883291461914,46.08832914619143,2200.0,500000,9999,0,803.59
P0r,8,20,13,21479,500000,2253.1749478474776,53.1749478474776,2200.0,500000,9999,0,795.13
P0r,8,20,12,21478,500000,2237.2716184874484,37.27161848744845,2200.0,500000,9999,0,795.96
P0r,8,20,14,21480,500000,2224.8233437382096,24.823343738209587,2200.0,500000,9999,0,797.62
P0r,8,20,16,21482,500000,2226.899310454049,26.8993104540491,2200.0,500000,9999,0,797.62
P0r,8,20,17,21483,500000,2272.410028348746,72.41002834874598,2200.0,500000,9999,0,799.02
P0r,8,20,15,21481,500000,2350.7891155766206,150.7891155766206,2200.0,500000,9999,0,804.23
P0r,9,10,0,11566,200000,2664.5424327561923,364.5424327561923,2300.0,200000,3999,0,27.15
P0r,9,10,1,11567,200000,2300.0,0.0,2300.0,200000,3999,0,27.77
P0r,9,10,2,11568,200000,2659.1928051808695,359.1928051808695,2300.0,200000,3999,0,27.84
P0r,9,10,4,11570,200000,2664.5424327561923,364.5424327561923,2300.0,200000,3999,0,27.49
P0r,9,10,3,11569,200000,2664.5424327561923,364.5424327561923,2300.0,200000,3999,0,28.05
P0r,9,10,5,11571,200000,2664.5424327561923,364.5424327561923,2300.0,200000,3999,0,27.65
P0r,9,10,6,11572,200000,2666.9081428772747,366.9081428772747,2300.0,200000,3999,0,27.24
P0r,9,10,7,11573,200000,2659.19280518087,359.19280518087,2300.0,200000,3999,0,27.2
P0r,9,10,8,11574,200000,2659.19280518087,359.19280518087,2300.0,200000,3999,0,27.85
P0r,9,10,9,11575,200000,2659.1928051808695,359.1928051808695,2300.0,200000,3999,0,28.11
P0r,9,10,10,11576,200000,2659.192805180871,359.1928051808709,2300.0,200000,3999,0,27.75
P0r,9,10,11,11577,200000,2659.0943447803597,359.09434478035973,2300.0,200000,3999,0,27.49
P0r,8,20,18,21484,500000,3558.4038062217332,1358.4038062217332,2200.0,500000,9999,0,794.41
P0r,9,10,12,11578,200000,2659.19280518087,359.19280518087,2300.0,200000,3999,0,27.43
P0r,9,10,13,11579,200000,2659.19280518087,359.19280518087,2300.0,200000,3999,0,27.95
P0r,9,10,15,11581,200000,2669.8598037236384,369.8598037236384,2300.0,200000,3999,0,27.49
P0r,9,10,14,11580,200000,2659.19280518087,359.19280518087,2300.0,200000,3999,0,27.74
P0r,9,10,16,11582,200000,2300.0,0.0,2300.0,200000,3999,0,27.37
P0r,9,10,17,11583,200000,2664.5424327561927,364.54243275619274,2300.0,200000,3999,0,27.72
P0r,8,20,20,21486,500000,2730.6763373310982,530.6763373310982,2200.0,500000,9999,0,798.94
P0r,8,20,19,21485,500000,2419.35290386684,219.35290386683982,2200.0,500000,9999,0,804.08
P0r,9,10,18,11584,200000,2666.908142877275,366.90814287727517,2300.0,200000,3999,0,27.62
P0r,9,10,19,11585,200000,2659.1928051808745,359.19280518087453,2300.0,200000,3999,0,27.59
P0r,9,10,20,11586,200000,2300.0,0.0,2300.0,200000,3999,0,27.3
P0r,9,10,21,11587,200000,2659.1928051808704,359.19280518087044,2300.0,200000,3999,0,27.44
P0r,9,10,22,11588,200000,2659.19280518087,359.19280518087,2300.0,200000,3999,0,27.84
P0r,9,10,23,11589,200000,2300.0,0.0,2300.0,200000,3999,0,27.38
P0r,9,10,24,11590,200000,2680.2399340601673,380.23993406016734,2300.0,200000,3999,0,27.6
P0r,9,10,25,11591,200000,2659.1928051808695,359.1928051808695,2300.0,200000,3999,0,27.86
P0r,9,10,26,11592,200000,2659.19280518087,359.19280518087,2300.0,200000,3999,0,27.37
P0r,9,10,27,11593,200000,2664.542432756193,364.5424327561932,2300.0,200000,3999,0,27.18
P0r,9,10,28,11594,200000,2664.5424327561923,364.5424327561923,2300.0,200000,3999,0,27.15
P0r,9,10,29,11595,200000,2300.0,0.0,2300.0,200000,3999,0,27.57
P0r,9,20,0,21566,500000,2635.7914223149255,335.7914223149255,2300.0,500000,9999,0,69.8
P0r,9,20,1,21567,500000,2635.6387702715774,335.6387702715774,2300.0,500000,9999,0,70.59
P0r,9,20,2,21568,500000,2635.7914223149237,335.7914223149237,2300.0,500000,9999,0,69.94
P0r,9,20,3,21569,500000,2639.461598592997,339.4615985929968,2300.0,500000,9999,0,69.89
P0r,9,20,4,21570,500000,2635.6387702715774,335.6387702715774,2300.0,500000,9999,0,69.5
P0r,9,20,5,21571,500000,2635.6387702715774,335.6387702715774,2300.0,500000,9999,0,70.21
P0r,9,20,6,21572,500000,2639.4672369092177,339.4672369092177,2300.0,500000,9999,0,69.68
P0r,9,20,7,21573,500000,2635.6387702715774,335.6387702715774,2300.0,500000,9999,0,70.4
P0r,9,20,8,21574,500000,2635.7914223149237,335.7914223149237,2300.0,500000,9999,0,69.47
P0r,9,20,10,21576,500000,2635.791422314924,335.79142231492415,2300.0,500000,9999,0,69.55
P0r,9,20,9,21575,500000,2642.3572220326464,342.3572220326464,2300.0,500000,9999,0,70.54
P0r,9,20,11,21577,500000,2635.638770271581,335.63877027158105,2300.0,500000,9999,0,70.29
P0r,9,20,12,21578,500000,2635.6387702715783,335.6387702715783,2300.0,500000,9999,0,69.68
P0r,9,20,13,21579,500000,2642.000931729406,342.00093172940615,2300.0,500000,9999,0,69.9
P0r,9,20,14,21580,500000,2635.667056383224,335.667056383224,2300.0,500000,9999,0,69.6
P0r,9,20,15,21581,500000,2635.6387702715774,335.6387702715774,2300.0,500000,9999,0,69.65
P0r,9,20,16,21582,500000,2635.6387702715792,335.63877027157923,2300.0,500000,9999,0,70.38
P0r,9,20,17,21583,500000,2635.6387702715774,335.6387702715774,2300.0,500000,9999,0,70.21
P0r,9,20,18,21584,500000,2639.461598592996,339.46159859299587,2300.0,500000,9999,0,69.95
P0r,9,20,19,21585,500000,2635.6387702715774,335.6387702715774,2300.0,500000,9999,0,71.16
P0r,9,20,20,21586,500000,2635.638770271578,335.63877027157787,2300.0,500000,9999,0,69.79
P0r,9,20,22,21588,500000,2635.6387702715792,335.63877027157923,2300.0,500000,9999,0,70.17
P0r,9,20,21,21587,500000,2635.7914223149237,335.7914223149237,2300.0,500000,9999,0,70.6
P0r,9,20,23,21589,500000,2642.000931729406,342.00093172940615,2300.0,500000,9999,0,70.9
P0r,10,10,0,11666,200000,2620.8726497489797,220.8726497489797,2400.0,200000,3999,0,26.48
P0r,10,10,1,11667,200000,2621.4658004938124,221.46580049381237,2400.0,200000,3999,0,26.72
P0r,10,10,2,11668,200000,2622.4738766144164,222.47387661441644,2400.0,200000,3999,0,26.79
P0r,10,10,3,11669,200000,2622.4738766144164,222.47387661441644,2400.0,200000,3999,0,26.78
P0r,10,10,4,11670,200000,2728.7975902425396,328.7975902425396,2400.0,200000,3999,0,26.57
P0r,10,10,5,11671,200000,2714.9726276791253,314.97262767912525,2400.0,200000,3999,0,25.99
P0r,10,10,6,11672,200000,2620.8726497489797,220.8726497489797,2400.0,200000,3999,0,26.17
P0r,10,10,7,11673,200000,2622.4738766144164,222.47387661441644,2400.0,200000,3999,0,26.03
P0r,10,10,8,11674,200000,2621.425152955588,221.42515295558815,2400.0,200000,3999,0,26.0
P0r,9,20,24,21590,500000,2642.0009317294052,342.00093172940524,2300.0,500000,9999,0,71.24
P0r,9,20,26,21592,500000,2635.6387702715783,335.6387702715783,2300.0,500000,9999,0,70.6
P0r,9,20,25,21591,500000,2635.791422314923,335.7914223149228,2300.0,500000,9999,0,71.1
P0r,10,10,9,11675,200000,2620.8726497489793,220.87264974897926,2400.0,200000,3999,0,25.92
P0r,10,10,10,11676,200000,2622.1038366781945,222.1038366781945,2400.0,200000,3999,0,25.86
P0r,10,10,11,11677,200000,2620.8726497489797,220.8726497489797,2400.0,200000,3999,0,26.27
P0r,9,20,28,21594,500000,2642.0009317294052,342.00093172940524,2300.0,500000,9999,0,70.46
P0r,9,20,27,21593,500000,2635.6387702715783,335.6387702715783,2300.0,500000,9999,0,71.67
P0r,9,20,29,21595,500000,2635.812946018454,335.8129460184541,2300.0,500000,9999,0,69.86
P0r,10,10,12,11678,200000,2714.9726276791253,314.97262767912525,2400.0,200000,3999,0,25.84
P0r,10,10,13,11679,200000,2622.2851537283414,222.28515372834136,2400.0,200000,3999,0,26.01
P0r,10,10,14,11680,200000,2621.1220572825237,221.12205728252366,2400.0,200000,3999,0,25.97
P0r,10,10,15,11681,200000,2620.8726497489793,220.87264974897926,2400.0,200000,3999,0,25.94
P0r,10,10,16,11682,200000,2621.1220572825237,221.12205728252366,2400.0,200000,3999,0,25.93
P0r,10,10,17,11683,200000,2621.349427234983,221.34942723498307,2400.0,200000,3999,0,25.92
P0r,10,10,19,11685,200000,2714.5232530880985,314.5232530880985,2400.0,200000,3999,0,25.68
P0r,10,10,18,11684,200000,2621.1220572825237,221.12205728252366,2400.0,200000,3999,0,25.83
P0r,10,10,20,11686,200000,2620.8726497489797,220.8726497489797,2400.0,200000,3999,0,25.76
P0r,10,10,21,11687,200000,2622.151650652296,222.1516506522962,2400.0,200000,3999,0,25.68
P0r,10,10,22,11688,200000,2620.8726497489797,220.8726497489797,2400.0,200000,3999,0,25.94
P0r,10,10,23,11689,200000,2620.8726497489793,220.87264974897926,2400.0,200000,3999,0,25.76
P0r,10,10,24,11690,200000,2622.1516506522958,222.15165065229576,2400.0,200000,3999,0,26.1
P0r,10,10,26,11692,200000,2721.3479341248917,321.3479341248917,2400.0,200000,3999,0,25.71
P0r,10,10,25,11691,200000,2621.349427234983,221.34942723498307,2400.0,200000,3999,0,26.13
P0r,10,10,27,11693,200000,2621.122057282524,221.1220572825241,2400.0,200000,3999,0,25.82
P0r,10,10,28,11694,200000,2622.4738766144164,222.47387661441644,2400.0,200000,3999,0,25.58
P0r,10,10,29,11695,200000,2620.8726497489797,220.8726497489797,2400.0,200000,3999,0,25.67
P0r,10,20,0,21666,500000,2816.648469040187,416.64846904018714,2400.0,500000,9999,0,65.27
P0r,10,20,1,21667,500000,2800.7384783178286,400.7384783178286,2400.0,500000,9999,0,65.72
P0r,10,20,2,21668,500000,2803.5450058035867,403.5450058035867,2400.0,500000,9999,0,65.46
P0r,10,20,3,21669,500000,2953.4931572044834,553.4931572044834,2400.0,500000,9999,0,65.91
P0r,10,20,5,21671,500000,2856.564594258442,456.56459425844196,2400.0,500000,9999,0,65.53
P0r,10,20,4,21670,500000,2999.4550279126324,599.4550279126324,2400.0,500000,9999,0,66.55
P0r,10,20,6,21672,500000,2801.4689146256082,401.46891462560825,2400.0,500000,9999,0,66.78
P0r,10,20,8,21674,500000,2797.7300152691846,397.7300152691846,2400.0,500000,9999,0,66.54
P0r,10,20,7,21673,500000,3026.5744706093938,626.5744706093938,2400.0,500000,9999,0,66.72
P0r,10,20,9,21675,500000,2832.741540462646,432.74154046264584,2400.0,500000,9999,0,65.68
P0r,10,20,10,21676,500000,2801.9955511209437,401.9955511209437,2400.0,500000,9999,0,66.17
P0r,10,20,11,21677,500000,3365.3095080245357,965.3095080245357,2400.0,500000,9999,0,66.45
P0r,10,20,12,21678,500000,2799.962656669525,399.96265666952513,2400.0,500000,9999,0,66.19
P0r,10,20,13,21679,500000,2932.115667058333,532.1156670583332,2400.0,500000,9999,0,66.68
P0r,10,20,14,21680,500000,4619.223999720644,2219.2239997206443,2400.0,500000,9999,0,66.39
P0r,10,20,15,21681,500000,2799.960386349897,399.9603863498969,2400.0,500000,9999,0,66.41
P0r,10,20,16,21682,500000,2921.547668509171,521.5476685091712,2400.0,500000,9999,0,66.35
P0r,10,20,17,21683,500000,2820.4322863214124,420.43228632141245,2400.0,500000,9999,0,66.2
P0r,10,20,18,21684,500000,2803.2755438025556,403.2755438025556,2400.0,500000,9999,0,66.93
P0r,10,20,20,21686,500000,2803.6415206724346,403.6415206724346,2400.0,500000,9999,0,65.99
P0r,10,20,19,21685,500000,2801.535211112191,401.53521111219106,2400.0,500000,9999,0,66.75
P0r,10,20,21,21687,500000,4498.40033520591,2098.40033520591,2400.0,500000,9999,0,66.02
P0r,10,20,22,21688,500000,2803.0602850925366,403.06028509253656,2400.0,500000,9999,0,66.31
P0r,10,20,23,21689,500000,2804.9765785385907,404.97657853859073,2400.0,500000,9999,0,66.36
P0r,11,10,0,11766,200000,2600.0,0.0,2600.0,200000,3999,0,43.19
P0r,11,10,1,11767,200000,2623.430847476241,23.43084747624107,2600.0,200000,3999,0,42.98
P0r,11,10,2,11768,200000,2600.0,0.0,2600.0,200000,3999,0,43.04
P0r,10,20,24,21690,500000,2803.908450575739,403.90845057573915,2400.0,500000,9999,0,65.82
P0r,11,10,3,11769,200000,2619.473414547715,19.473414547715038,2600.0,200000,3999,0,43.41
P0r,10,20,25,21691,500000,2809.612722076355,409.6127220763551,2400.0,500000,9999,0,66.1
P0r,10,20,26,21692,500000,2820.184196094924,420.1841960949241,2400.0,500000,9999,0,65.05
P0r,11,10,4,11770,200000,2626.602963880619,26.602963880618972,2600.0,200000,3999,0,44.06
P0r,11,10,5,11771,200000,2621.072377922809,21.07237792280921,2600.0,200000,3999,0,43.33
P0r,10,20,27,21693,500000,2938.5551999544296,538.5551999544296,2400.0,500000,9999,0,64.76
P0r,10,20,28,21694,500000,2797.035598764146,397.035598764146,2400.0,500000,9999,0,64.9
P0r,10,20,29,21695,500000,2828.2403020390866,428.2403020390866,2400.0,500000,9999,0,65.42
P0r,11,10,6,11772,200000,2600.0,0.0,2600.0,200000,3999,0,43.07
P0r,11,10,7,11773,200000,2600.0,0.0,2600.0,200000,3999,0,42.73
P0r,11,10,8,11774,200000,2600.0,0.0,2600.0,200000,3999,0,43.11
P0r,11,10,9,11775,200000,2622.425596245957,22.425596245956967,2600.0,200000,3999,0,43.05
P0r,11,10,10,11776,200000,2622.425596245957,22.425596245956967,2600.0,200000,3999,0,43.62
P0r,11,10,11,11777,200000,2600.0,0.0,2600.0,200000,3999,0,43.23
P0r,11,10,12,11778,200000,2600.0000000000005,4.547473508864641e-13,2600.0,200000,3999,0,42.85
P0r,11,10,13,11779,200000,2600.0,0.0,2600.0,200000,3999,0,42.61
P0r,11,10,14,11780,200000,2626.602963880619,26.602963880618972,2600.0,200000,3999,0,43.39
P0r,11,10,15,11781,200000,2600.0,0.0,2600.0,200000,3999,0,42.83
P0r,11,10,16,11782,200000,2600.0,0.0,2600.0,200000,3999,0,42.96
P0r,11,10,17,11783,200000,2600.0,0.0,2600.0,200000,3999,0,42.82
P0r,11,10,18,11784,200000,2619.017355969195,19.017355969194796,2600.0,200000,3999,0,43.41
P0r,11,10,19,11785,200000,2623.430847476241,23.43084747624107,2600.0,200000,3999,0,43.15
P0r,11,10,21,11787,200000,2600.0,0.0,2600.0,200000,3999,0,42.76
P0r,11,10,20,11786,200000,2647.910964304238,47.91096430423795,2600.0,200000,3999,0,43.68
P0r,11,10,23,11789,200000,2621.072377922809,21.07237792280921,2600.0,200000,3999,0,43.08
P0r,11,10,22,11788,200000,2619.473414547715,19.473414547715038,2600.0,200000,3999,0,43.81
P0r,11,10,24,11790,200000,2600.0,0.0,2600.0,200000,3999,0,43.05
P0r,11,10,25,11791,200000,2600.0,0.0,2600.0,200000,3999,0,43.2
P0r,11,10,26,11792,200000,2600.0,0.0,2600.0,200000,3999,0,43.07
P0r,11,10,27,11793,200000,2600.0,0.0,2600.0,200000,3999,0,42.77
P0r,11,10,28,11794,200000,2621.072377922809,21.07237792280921,2600.0,200000,3999,0,43.61
P0r,11,10,29,11795,200000,2600.0,0.0,2600.0,200000,3999,0,43.19
P0r,8,20,21,21487,500000,2242.5529041320706,42.55290413207058,2200.0,500000,9999,0,808.02
P0r,8,20,23,21489,500000,2229.652367312153,29.65236731215282,2200.0,500000,9999,0,803.89
P0r,8,20,22,21488,500000,2389.0357085936193,189.03570859361935,2200.0,500000,9999,0,806.05
P0r,11,20,0,21766,500000,2761.128660862884,161.12866086288386,2600.0,500000,9999,0,109.71
P0r,11,20,1,21767,500000,2615.3410129083886,15.34101290838862,2600.0,500000,9999,0,110.42
P0r,11,20,2,21768,500000,2615.341012908389,15.341012908389075,2600.0,500000,9999,0,110.28
P0r,11,20,3,21769,500000,2842.983668495072,242.98366849507192,2600.0,500000,9999,0,110.03
P0r,11,20,4,21770,500000,2613.0170873192646,13.017087319264647,2600.0,500000,9999,0,109.97
P0r,11,20,5,21771,500000,2628.986693766418,28.98669376641783,2600.0,500000,9999,0,110.1
P0r,8,20,24,21490,500000,2341.623891241765,141.6238912417648,2200.0,500000,9999,0,808.41
P0r,8,20,25,21491,500000,2225.149418696302,25.149418696301836,2200.0,500000,9999,0,803.42
P0r,11,20,6,21772,500000,2613.3844201925017,13.384420192501693,2600.0,500000,9999,0,109.81
P0r,11,20,7,21773,500000,2615.6221171958086,15.622117195808642,2600.0,500000,9999,0,110.66
P0r,11,20,9,21775,500000,2615.3410129083886,15.34101290838862,2600.0,500000,9999,0,110.32
P0r,11,20,8,21774,500000,2615.9796206192823,15.979620619282286,2600.0,500000,9999,0,113.0
P0r,11,20,10,21776,500000,2633.1080982280373,33.108098228037306,2600.0,500000,9999,0,110.18
P0r,11,20,11,21777,500000,2645.1938330556286,45.1938330556286,2600.0,500000,9999,0,111.42
P0r,8,20,26,21492,500000,2624.401627931947,424.40162793194713,2200.0,500000,9999,0,802.67
P0r,8,20,27,21493,500000,2227.070273217789,27.07027321778878,2200.0,500000,9999,0,804.96
P0r,8,20,29,21495,500000,2408.9234357273485,208.92343572734853,2200.0,500000,9999,0,810.82
P0r,8,20,28,21494,500000,2398.3260440663994,198.3260440663994,2200.0,500000,9999,0,814.67
P0r,11,20,12,21778,500000,2640.53773522345,40.53773522345,2600.0,500000,9999,0,110.72
P0r,11,20,13,21779,500000,2618.3876129955943,18.38761299559428,2600.0,500000,9999,0,112.31
P0r,11,20,15,21781,500000,2600.0000000000005,4.547473508864641e-13,2600.0,500000,9999,0,110.96
P0r,11,20,14,21780,500000,2615.200182103954,15.20018210395392,2600.0,500000,9999,0,111.92
P0r,11,20,16,21782,500000,2612.868538842111,12.868538842110866,2600.0,500000,9999,0,111.37
P0r,11,20,17,21783,500000,2637.4103703280166,37.4103703280166,2600.0,500000,9999,0,111.71
P0r,11,20,18,21784,500000,2615.9796206192827,15.979620619282741,2600.0,500000,9999,0,111.29
P0r,11,20,19,21785,500000,2612.868538842111,12.868538842110866,2600.0,500000,9999,0,111.61
P0r,11,20,20,21786,500000,2640.53773522345,40.53773522345,2600.0,500000,9999,0,111.62
P0r,11,20,21,21787,500000,2616.0428019722663,16.04280197226626,2600.0,500000,9999,0,111.6
P0r,12,10,0,11866,200000,2867.997338305153,167.99733830515288,2700.0,200000,3999,0,47.61
P0r,11,20,22,21788,500000,2613.9892650295096,13.989265029509625,2600.0,500000,9999,0,111.94
P0r,11,20,23,21789,500000,2612.868538842111,12.868538842110866,2600.0,500000,9999,0,113.33
P0r,11,20,24,21790,500000,2612.868538842111,12.868538842110866,2600.0,500000,9999,0,111.68
P0r,11,20,26,21792,500000,4198.973773776862,1598.973773776862,2600.0,500000,9999,0,111.51
P0r,11,20,25,21791,500000,2615.9796206192827,15.979620619282741,2600.0,500000,9999,0,111.99
P0r,11,20,27,21793,500000,2623.376018198761,23.376018198760903,2600.0,500000,9999,0,112.36
P0r,11,20,28,21794,500000,2626.3896744054186,26.389674405418646,2600.0,500000,9999,0,111.94
P0r,12,10,1,11867,200000,2866.5652170043772,166.56521700437725,2700.0,200000,3999,0,47.63
P0r,12,10,2,11868,200000,2868.1829029835553,168.18290298355532,2700.0,200000,3999,0,47.61
P0r,11,20,29,21795,500000,2619.042724171262,19.042724171261852,2600.0,500000,9999,0,112.17
P0r,12,10,3,11869,200000,2866.5652170135013,166.5652170135013,2700.0,200000,3999,0,47.52
P0r,12,10,4,11870,200000,2868.1829037457733,168.18290374577327,2700.0,200000,3999,0,47.16
P0r,12,10,6,11872,200000,2866.5652171165343,166.5652171165343,2700.0,200000,3999,0,47.29
P0r,12,10,5,11871,200000,2866.422900803202,166.42290080320208,2700.0,200000,3999,0,47.63
P0r,12,10,7,11873,200000,2866.4567198831883,166.45671988318827,2700.0,200000,3999,0,47.07
P0r,12,10,8,11874,200000,2866.5652197628956,166.5652197628956,2700.0,200000,3999,0,47.3
P0r,12,10,9,11875,200000,2868.1829029839078,168.18290298390775,2700.0,200000,3999,0,47.56
P0r,12,10,10,11876,200000,2865.9101512530297,165.91015125302965,2700.0,200000,3999,0,47.81
P0r,12,10,11,11877,200000,2868.1829029842434,168.18290298424336,2700.0,200000,3999,0,47.38
P0r,12,10,13,11879,200000,2866.4567198831883,166.45671988318827,2700.0,200000,3999,0,47.23
P0r,12,10,14,11880,200000,2866.5652178005785,166.56521780057847,2700.0,200000,3999,0,47.36
P0r,12,10,12,11878,200000,2866.1935777029867,166.19357770298666,2700.0,200000,3999,0,47.93
P0r,12,10,16,11882,200000,2865.9128360424297,165.91283604242972,2700.0,200000,3999,0,46.85
P0r,12,10,15,11881,200000,2866.5652170119547,166.5652170119547,2700.0,200000,3999,0,47.77
P0r,12,10,18,11884,200000,2868.182902984892,168.18290298489183,2700.0,200000,3999,0,47.39
P0r,12,10,17,11883,200000,2866.5652170072476,166.5652170072476,2700.0,200000,3999,0,47.46
P0r,12,10,19,11885,200000,2868.182902985573,168.18290298557304,2700.0,200000,3999,0,47.31
P0r,12,10,20,11886,200000,2866.4567198831883,166.45671988318827,2700.0,200000,3999,0,47.68
P0r,12,10,21,11887,200000,2866.5652268263407,166.56522682634068,2700.0,200000,3999,0,47.12
P0r,12,10,22,11888,200000,2868.1829030846693,168.1829030846693,2700.0,200000,3999,0,47.58
P0r,12,10,23,11889,200000,2865.957887017935,165.9578870179348,2700.0,200000,3999,0,47.39
P0r,12,10,24,11890,200000,2865.9627552578568,165.96275525785677,2700.0,200000,3999,0,46.88
P0r,12,10,25,11891,200000,2865.998563946701,165.99856394670087,2700.0,200000,3999,0,47.02
P0r,12,10,27,11893,200000,2868.182902986534,168.18290298653392,2700.0,200000,3999,0,47.3
P0r,12,10,26,11892,200000,2870.2849790316272,170.28497903162724,2700.0,200000,3999,0,47.66
P0r,12,10,28,11894,200000,2868.182902985891,168.1829029858909,2700.0,200000,3999,0,47.23
P0r,12,10,29,11895,200000,2868.057970593922,168.05797059392216,2700.0,200000,3999,0,46.84
P0r,12,20,0,21866,500000,2948.902543240292,248.90254324029183,2700.0,500000,9999,0,119.31
P0r,12,20,2,21868,500000,2940.8554541883996,240.85545418839956,2700.0,500000,9999,0,118.75
P0r,12,20,1,21867,500000,2942.2659641826267,242.2659641826267,2700.0,500000,9999,0,119.4
P0r,12,20,4,21870,500000,2943.771059477922,243.77105947792188,2700.0,500000,9999,0,118.55
P0r,12,20,5,21871,500000,2949.7480445025217,249.74804450252168,2700.0,500000,9999,0,118.98
P0r,12,20,3,21869,500000,2964.009415610664,264.00941561066384,2700.0,500000,9999,0,119.76
P0r,12,20,6,21872,500000,2946.823373556153,246.823373556153,2700.0,500000,9999,0,118.44
P0r,12,20,7,21873,500000,2950.1818245539025,250.18182455390252,2700.0,500000,9999,0,120.23
P0r,12,20,8,21874,500000,2944.7460937739634,244.74609377396337,2700.0,500000,9999,0,119.32
P0r,12,20,10,21876,500000,2949.043222460994,249.043222460994,2700.0,500000,9999,0,119.02
P0r,12,20,9,21875,500000,2948.4483210462276,248.44832104622765,2700.0,500000,9999,0,120.55
P0r,12,20,11,21877,500000,2937.71258272327,237.71258272326986,2700.0,500000,9999,0,119.76
S0r,1,10,0,10766,200000,3697.7534739300486,3397.7534739300486,300.0,200000,3999,0,5.48
S0r,1,10,1,10767,200000,12045.726984752127,11745.726984752127,300.0,200000,3999,0,5.42
S0r,1,10,2,10768,200000,9305.477984931857,9005.477984931857,300.0,200000,3999,0,5.53
S0r,1,10,3,10769,200000,10327.577470542034,10027.577470542034,300.0,200000,3999,0,5.38
S0r,1,10,4,10770,200000,9221.625158057625,8921.625158057625,300.0,200000,3999,0,5.38
P0r,12,20,12,21878,500000,2944.803725446148,244.80372544614784,2700.0,500000,9999,0,120.33
P0r,12,20,13,21879,500000,2939.731426896206,239.7314268962059,2700.0,500000,9999,0,120.05
S0r,1,10,5,10771,200000,14483.159253344826,14183.159253344826,300.0,200000,3999,0,5.6
S0r,1,10,6,10772,200000,9221.281228086964,8921.281228086964,300.0,200000,3999,0,5.51
S0r,1,10,7,10773,200000,9932.779623197466,9632.779623197466,300.0,200000,3999,0,5.48
S0r,1,10,8,10774,200000,10527.43677210529,10227.43677210529,300.0,200000,3999,0,5.44
S0r,1,10,9,10775,200000,4005.6489740961238,3705.6489740961238,300.0,200000,3999,0,5.49
S0r,1,10,10,10776,200000,7283.2482775347,6983.2482775347,300.0,200000,3999,0,5.32
S0r,1,10,11,10777,200000,12944.177433815206,12644.177433815206,300.0,200000,3999,0,5.33
S0r,1,10,12,10778,200000,8562.272273375545,8262.272273375545,300.0,200000,3999,0,5.25
S0r,1,10,13,10779,200000,4961.966681142996,4661.966681142996,300.0,200000,3999,0,5.34
S0r,1,10,14,10780,200000,13987.576923284076,13687.576923284076,300.0,200000,3999,0,5.36
P0r,12,20,14,21880,500000,2940.680222150573,240.68022215057317,2700.0,500000,9999,0,119.41
S0r,1,10,15,10781,200000,9761.0348535231,9461.0348535231,300.0,200000,3999,0,5.4
S0r,1,10,16,10782,200000,10119.672413371709,9819.672413371709,300.0,200000,3999,0,5.43
S0r,1,10,17,10783,200000,12429.773317888577,12129.773317888577,300.0,200000,3999,0,5.33
S0r,1,10,18,10784,200000,5689.897656431345,5389.897656431345,300.0,200000,3999,0,5.36
S0r,1,10,19,10785,200000,6546.399551291252,6246.399551291252,300.0,200000,3999,0,5.22
S0r,1,10,20,10786,200000,5605.423291811328,5305.423291811328,300.0,200000,3999,0,5.36
S0r,1,10,21,10787,200000,7192.907109067943,6892.907109067943,300.0,200000,3999,0,5.41
S0r,1,10,22,10788,200000,9159.197102320913,8859.197102320913,300.0,200000,3999,0,5.35
S0r,1,10,23,10789,200000,6466.478818626673,6166.478818626673,300.0,200000,3999,0,5.42
S0r,1,10,24,10790,200000,14288.76064944619,13988.76064944619,300.0,200000,3999,0,5.43
S0r,1,10,25,10791,200000,5647.989792658339,5347.989792658339,300.0,200000,3999,0,5.32
P0r,12,20,15,21881,500000,2940.5101942275414,240.51019422754143,2700.0,500000,9999,0,119.88
S0r,1,10,26,10792,200000,4110.523046710018,3810.523046710018,300.0,200000,3999,0,5.4
P0r,12,20,16,21882,500000,2953.5895820779892,253.58958207798923,2700.0,500000,9999,0,119.24
S0r,1,10,27,10793,200000,3637.5797458841735,3337.5797458841735,300.0,200000,3999,0,5.4
P0r,12,20,17,21883,500000,2944.6822009278526,244.6822009278526,2700.0,500000,9999,0,119.66
P0r,12,20,18,21884,500000,2947.402000616464,247.4020006164642,2700.0,500000,9999,0,120.27
S0r,1,10,28,10794,200000,2363.268565490562,2063.268565490562,300.0,200000,3999,0,5.53
S0r,1,10,29,10795,200000,6295.790176467683,5995.790176467683,300.0,200000,3999,0,5.44
P0r,12,20,19,21885,500000,2946.5844951195227,246.58449511952267,2700.0,500000,9999,0,119.9
P0r,12,20,20,21886,500000,2939.4654943206465,239.46549432064648,2700.0,500000,9999,0,119.9
S0r,1,20,0,20766,500000,30047.36176956401,29747.36176956401,300.0,500000,9999,0,13.82
S0r,1,20,1,20767,500000,33434.615853397416,33134.615853397416,300.0,500000,9999,0,13.61
S0r,1,20,2,20768,500000,26752.5958951381,26452.5958951381,300.0,500000,9999,0,13.52
S0r,1,20,3,20769,500000,19896.91836328581,19596.91836328581,300.0,500000,9999,0,13.67
S0r,1,20,4,20770,500000,37779.03189236739,37479.03189236739,300.0,500000,9999,0,13.43
S0r,1,20,5,20771,500000,26279.66746691843,25979.66746691843,300.0,500000,9999,0,13.66
S0r,1,20,6,20772,500000,44255.64280396193,43955.64280396193,300.0,500000,9999,0,13.54
S0r,1,20,7,20773,500000,33765.29154839331,33465.29154839331,300.0,500000,9999,0,13.68
S0r,1,20,9,20775,500000,30676.65925020632,30376.65925020632,300.0,500000,9999,0,13.58
S0r,1,20,8,20774,500000,22141.604303732947,21841.604303732947,300.0,500000,9999,0,13.77
S0r,1,20,10,20776,500000,25541.346714647443,25241.346714647443,300.0,500000,9999,0,13.76
S0r,1,20,11,20777,500000,36835.5907625709,36535.5907625709,300.0,500000,9999,0,13.6
S0r,1,20,12,20778,500000,26707.98520322932,26407.98520322932,300.0,500000,9999,0,13.99
S0r,1,20,14,20780,500000,17084.26019115999,16784.26019115999,300.0,500000,9999,0,13.72
S0r,1,20,13,20779,500000,34582.01560686947,34282.01560686947,300.0,500000,9999,0,13.82
S0r,1,20,15,20781,500000,36510.05700083203,36210.05700083203,300.0,500000,9999,0,13.76
S0r,1,20,16,20782,500000,31759.352167631412,31459.352167631412,300.0,500000,9999,0,14.08
S0r,1,20,17,20783,500000,34568.53596884871,34268.53596884871,300.0,500000,9999,0,13.89
S0r,1,20,18,20784,500000,27988.960400761327,27688.960400761327,300.0,500000,9999,0,13.98
S0r,1,20,19,20785,500000,21702.553349666814,21402.553349666814,300.0,500000,9999,0,14.1
S0r,1,20,20,20786,500000,25759.3753945611,25459.3753945611,300.0,500000,9999,0,14.07
S0r,1,20,21,20787,500000,26600.09435735934,26300.09435735934,300.0,500000,9999,0,13.96
S0r,1,20,22,20788,500000,28152.080498519637,27852.080498519637,300.0,500000,9999,0,14.02
S0r,1,20,23,20789,500000,31142.017403220594,30842.017403220594,300.0,500000,9999,0,14.22
S0r,2,10,0,10866,200000,1013.9091537693482,613.9091537693482,400.0,200000,3999,0,6.38
S0r,2,10,1,10867,200000,806.6128684024036,406.6128684024036,400.0,200000,3999,0,6.41
S0r,2,10,3,10869,200000,1340.0189666668944,940.0189666668944,400.0,200000,3999,0,6.35
S0r,2,10,2,10868,200000,1869.9633033137454,1469.9633033137454,400.0,200000,3999,0,6.43
S0r,2,10,4,10870,200000,1316.5691194508854,916.5691194508854,400.0,200000,3999,0,6.37
S0r,2,10,5,10871,200000,1001.9999401202135,601.9999401202135,400.0,200000,3999,0,6.27
S0r,1,20,24,20790,500000,22094.15170577809,21794.15170577809,300.0,500000,9999,0,13.71
S0r,1,20,26,20792,500000,32943.96493497124,32643.96493497124,300.0,500000,9999,0,13.91
S0r,1,20,25,20791,500000,25577.055823295083,25277.055823295083,300.0,500000,9999,0,13.92
S0r,1,20,27,20793,500000,30025.600526900555,29725.600526900555,300.0,500000,9999,0,13.73
S0r,1,20,28,20794,500000,28051.859520749465,27751.859520749465,300.0,500000,9999,0,13.84
S0r,2,10,6,10872,200000,1358.1701107462063,958.1701107462063,400.0,200000,3999,0,6.35
S0r,1,20,29,20795,500000,31401.098125726377,31101.098125726377,300.0,500000,9999,0,14.07
S0r,2,10,7,10873,200000,1684.5909720449063,1284.5909720449063,400.0,200000,3999,0,6.43
S0r,2,10,9,10875,200000,1555.912008623835,1155.912008623835,400.0,200000,3999,0,6.25
S0r,2,10,8,10874,200000,870.169245334806,470.16924533480596,400.0,200000,3999,0,6.43
S0r,2,10,10,10876,200000,540.1458845384368,140.1458845384368,400.0,200000,3999,0,6.48
S0r,2,10,11,10877,200000,1365.2546457381711,965.2546457381711,400.0,200000,3999,0,6.41
S0r,2,10,12,10878,200000,1646.6993788518455,1246.6993788518455,400.0,200000,3999,0,6.28
S0r,2,10,13,10879,200000,1877.109170467322,1477.109170467322,400.0,200000,3999,0,6.4
S0r,2,10,14,10880,200000,1130.5042409572948,730.5042409572948,400.0,200000,3999,0,6.6
S0r,2,10,15,10881,200000,1506.876716296433,1106.876716296433,400.0,200000,3999,0,6.39
S0r,2,10,16,10882,200000,1494.3018756387555,1094.3018756387555,400.0,200000,3999,0,6.38
S0r,2,10,17,10883,200000,1090.9131507566567,690.9131507566567,400.0,200000,3999,0,6.34
S0r,2,10,18,10884,200000,1220.1520519607484,820.1520519607484,400.0,200000,3999,0,6.29
S0r,2,10,20,10886,200000,1650.0657842598926,1250.0657842598926,400.0,200000,3999,0,6.31
S0r,2,10,19,10885,200000,525.5286816256862,125.5286816256862,400.0,200000,3999,0,6.55
S0r,2,10,21,10887,200000,680.5449220770925,280.54492207709245,400.0,200000,3999,0,6.39
S0r,2,10,22,10888,200000,949.9053548854267,549.9053548854267,400.0,200000,3999,0,6.33
S0r,2,10,23,10889,200000,737.1484407799221,337.1484407799221,400.0,200000,3999,0,6.46
S0r,2,10,24,10890,200000,1614.8713189246305,1214.8713189246305,400.0,200000,3999,0,6.4
S0r,2,10,25,10891,200000,1105.6127534055313,705.6127534055313,400.0,200000,3999,0,6.37
S0r,2,10,26,10892,200000,1184.4696945681312,784.4696945681312,400.0,200000,3999,0,6.33
S0r,2,10,27,10893,200000,812.6078014012621,412.6078014012621,400.0,200000,3999,0,6.45
S0r,2,10,28,10894,200000,728.6226744783569,328.6226744783569,400.0,200000,3999,0,6.35
S0r,2,10,29,10895,200000,886.1907161023198,486.1907161023198,400.0,200000,3999,0,6.27
S0r,2,20,0,20866,500000,1717.713040475282,1317.713040475282,400.0,500000,9999,0,15.98
S0r,2,20,2,20868,500000,1525.961902619216,1125.961902619216,400.0,500000,9999,0,15.95
S0r,2,20,1,20867,500000,1919.314657455392,1519.314657455392,400.0,500000,9999,0,16.04
S0r,2,20,3,20869,500000,1820.1134548101086,1420.1134548101086,400.0,500000,9999,0,16.09
S0r,2,20,4,20870,500000,1555.0657117302292,1155.0657117302292,400.0,500000,9999,0,16.04
S0r,2,20,5,20871,500000,1645.019156126101,1245.019156126101,400.0,500000,9999,0,15.94
S0r,2,20,6,20872,500000,1598.094367274055,1198.094367274055,400.0,500000,9999,0,16.01
S0r,2,20,7,20873,500000,2333.136489803448,1933.136489803448,400.0,500000,9999,0,15.94
S0r,2,20,8,20874,500000,3018.9229168820125,2618.9229168820125,400.0,500000,9999,0,16.14
S0r,2,20,9,20875,500000,1603.8447938067384,1203.8447938067384,400.0,500000,9999,0,15.82
S0r,2,20,10,20876,500000,1690.8324614999644,1290.8324614999644,400.0,500000,9999,0,15.85
S0r,2,20,11,20877,500000,3459.2048640112075,3059.2048640112075,400.0,500000,9999,0,16.18
P0r,12,20,21,21887,500000,2943.3678811550035,243.3678811550035,2700.0,500000,9999,0,120.18
P0r,12,20,22,21888,500000,2943.4210355488967,243.42103554889673,2700.0,500000,9999,0,119.93
P0r,12,20,24,21890,500000,2939.043193022729,239.04319302272916,2700.0,500000,9999,0,119.27
P0r,12,20,23,21889,500000,2946.0738762718847,246.07387627188473,2700.0,500000,9999,0,119.98
P0r,12,20,26,21892,500000,2950.451866101139,250.45186610113888,2700.0,500000,9999,0,119.26
P0r,12,20,27,21893,500000,2950.69079928718,250.6907992871802,2700.0,500000,9999,0,118.95
P0r,12,20,25,21891,500000,2947.721909846584,247.7219098465839,2700.0,500000,9999,0,119.7
S0r,2,20,12,20878,500000,2526.02261790262,2126.02261790262,400.0,500000,9999,0,15.92
S0r,2,20,13,20879,500000,1763.8616541567778,1363.8616541567778,400.0,500000,9999,0,15.96
P0r,12,20,28,21894,500000,2967.4172279760764,267.41722797607645,2700.0,500000,9999,0,119.46
S0r,2,20,14,20880,500000,2263.3701772653867,1863.3701772653867,400.0,500000,9999,0,16.03
S0r,2,20,15,20881,500000,1857.8457283012322,1457.8457283012322,400.0,500000,9999,0,16.0
S0r,2,20,16,20882,500000,2240.78485363827,1840.7848536382699,400.0,500000,9999,0,15.96
S0r,2,20,17,20883,500000,1741.9287145478795,1341.9287145478795,400.0,500000,9999,0,16.11
P0r,12,20,29,21895,500000,2945.115277484031,245.11527748403114,2700.0,500000,9999,0,120.2
S0r,2,20,18,20884,500000,2222.3167511784177,1822.3167511784177,400.0,500000,9999,0,16.07
S0r,2,20,19,20885,500000,2482.59790017729,2082.59790017729,400.0,500000,9999,0,15.91
S0r,2,20,20,20886,500000,1427.499555431919,1027.499555431919,400.0,500000,9999,0,15.93
S0r,2,20,21,20887,500000,2279.5799072493764,1879.5799072493764,400.0,500000,9999,0,16.02
S0r,2,20,22,20888,500000,1716.5889719028664,1316.5889719028664,400.0,500000,9999,0,15.93
S0r,2,20,23,20889,500000,2081.623253078634,1681.6232530786342,400.0,500000,9999,0,15.85
S0r,3,10,0,10966,200000,600.2644202447975,0.26442024479752035,600.0,200000,3999,0,10.39
S0r,3,10,1,10967,200000,600.1382127700284,0.13821277002841725,600.0,200000,3999,0,10.57
S0r,3,10,2,10968,200000,600.3681812213356,0.3681812213355897,600.0,200000,3999,0,10.47
S0r,3,10,3,10969,200000,600.1349136103125,0.13491361031253746,600.0,200000,3999,0,10.67
S0r,3,10,4,10970,200000,600.2125346256121,0.21253462561207925,600.0,200000,3999,0,10.61
S0r,3,10,6,10972,200000,600.186952070599,0.18695207059897712,600.0,200000,3999,0,10.5
S0r,3,10,5,10971,200000,600.2123819929408,0.2123819929407773,600.0,200000,3999,0,10.69
S0r,3,10,7,10973,200000,600.4092544444009,0.4092544444008581,600.0,200000,3999,0,10.66
S0r,2,20,24,20890,500000,2448.703348136353,2048.703348136353,400.0,500000,9999,0,16.52
S0r,2,20,25,20891,500000,1378.8717787951591,978.8717787951591,400.0,500000,9999,0,16.24
S0r,2,20,26,20892,500000,2020.826954088765,1620.826954088765,400.0,500000,9999,0,16.17
S0r,3,10,8,10974,200000,600.1216045803299,0.12160458032985844,600.0,200000,3999,0,10.68
S0r,2,20,29,20895,500000,1807.2797562906442,1407.2797562906442,400.0,500000,9999,0,16.2
S0r,2,20,27,20893,500000,2337.4261181286784,1937.4261181286784,400.0,500000,9999,0,16.49
S0r,2,20,28,20894,500000,1345.6534045967383,945.6534045967383,400.0,500000,9999,0,16.31
S0r,3,10,10,10976,200000,600.1989262896685,0.19892628966852044,600.0,200000,3999,0,10.62
S0r,3,10,9,10975,200000,600.2129888421866,0.2129888421866326,600.0,200000,3999,0,10.91
S0r,3,10,11,10977,200000,600.2600283362833,0.26002833628331246,600.0,200000,3999,0,10.5
S0r,3,10,12,10978,200000,600.2040357134058,0.2040357134058013,600.0,200000,3999,0,10.79
S0r,3,10,13,10979,200000,600.1679041907232,0.16790419072322038,600.0,200000,3999,0,10.54
S0r,3,10,14,10980,200000,600.3526306715556,0.3526306715556302,600.0,200000,3999,0,10.59
S0r,3,10,15,10981,200000,600.2428556182542,0.2428556182542252,600.0,200000,3999,0,10.51
S0r,3,10,16,10982,200000,600.3301097331878,0.3301097331877827,600.0,200000,3999,0,10.52
S0r,3,10,17,10983,200000,600.5062909405062,0.5062909405062328,600.0,200000,3999,0,10.62
S0r,3,10,19,10985,200000,600.2102851931695,0.21028519316951133,600.0,200000,3999,0,10.55
S0r,3,10,18,10984,200000,600.2943516209139,0.2943516209138579,600.0,200000,3999,0,10.65
S0r,3,10,21,10987,200000,600.379847355356,0.37984735535599157,600.0,200000,3999,0,10.3
S0r,3,10,20,10986,200000,600.4095690746238,0.40956907462384606,600.0,200000,3999,0,10.74
S0r,3,10,22,10988,200000,600.2898690450787,0.28986904507871714,600.0,200000,3999,0,10.73
S0r,3,10,23,10989,200000,600.4892417247246,0.48924172472459304,600.0,200000,3999,0,10.72
S0r,3,10,24,10990,200000,600.1602046729699,0.16020467296993957,600.0,200000,3999,0,10.53
S0r,3,10,25,10991,200000,600.1666897349457,0.16668973494574857,600.0,200000,3999,0,10.7
S0r,3,10,26,10992,200000,600.1926240020601,0.19262400206014263,600.0,200000,3999,0,10.53
S0r,3,10,27,10993,200000,600.2173584020484,0.21735840204837586,600.0,200000,3999,0,10.73
S0r,3,10,29,10995,200000,600.3372027044632,0.33720270446315226,600.0,200000,3999,0,10.68
S0r,3,10,28,10994,200000,600.2141400955472,0.21414009554723634,600.0,200000,3999,0,10.75
S0r,3,20,0,20966,500000,601.2098583244048,1.2098583244047632,600.0,500000,9999,0,26.44
S0r,3,20,2,20968,500000,601.4979265649872,1.4979265649872104,600.0,500000,9999,0,26.37
S0r,3,20,1,20967,500000,600.8582888136207,0.8582888136206748,600.0,500000,9999,0,26.73
S0r,3,20,3,20969,500000,601.574815806794,1.5748158067940494,600.0,500000,9999,0,26.27
S0r,3,20,4,20970,500000,601.2518310793688,1.2518310793687988,600.0,500000,9999,0,26.51
S0r,3,20,5,20971,500000,601.1322316435936,1.1322316435936273,600.0,500000,9999,0,26.54
S0r,3,20,6,20972,500000,601.3652863241016,1.3652863241015893,600.0,500000,9999,0,26.67
S0r,3,20,7,20973,500000,601.5070093194579,1.507009319457893,600.0,500000,9999,0,26.68
S0r,3,20,8,20974,500000,601.0720111500843,1.072011150084336,600.0,500000,9999,0,26.56
S0r,3,20,9,20975,500000,601.3456841310142,1.3456841310141954,600.0,500000,9999,0,26.72
S0r,3,20,10,20976,500000,600.8257185636177,0.82571856361767,600.0,500000,9999,0,26.65
S0r,3,20,11,20977,500000,601.053657180748,1.0536571807480186,600.0,500000,9999,0,26.65
S0r,3,20,12,20978,500000,601.2225837734836,1.2225837734836205,600.0,500000,9999,0,26.54
S0r,3,20,13,20979,500000,601.3677672647046,1.3677672647046393,600.0,500000,9999,0,26.7
S0r,3,20,15,20981,500000,601.2716908984592,1.2716908984591555,600.0,500000,9999,0,26.52
S0r,3,20,16,20982,500000,601.1424978272001,1.1424978272001454,600.0,500000,9999,0,26.37
S0r,3,20,14,20980,500000,601.003652359837,1.0036523598370195,600.0,500000,9999,0,26.82
S0r,3,20,18,20984,500000,601.1470335517728,1.147033551772779,600.0,500000,9999,0,26.35
S0r,3,20,17,20983,500000,601.4895099173889,1.4895099173888866,600.0,500000,9999,0,26.88
S0r,3,20,19,20985,500000,601.4555821612877,1.4555821612876798,600.0,500000,9999,0,26.88
S0r,3,20,20,20986,500000,601.4450169735884,1.4450169735883946,600.0,500000,9999,0,26.89
S0r,4,10,2,11068,200000,842.0,42.0,800.0,200000,3999,0,14.71
S0r,4,10,3,11069,200000,911.1831364451702,111.18313644517025,800.0,200000,3999,0,14.81
S0r,4,10,1,11067,200000,900.8876376755396,100.88763767553962,800.0,200000,3999,0,15.09
S0r,4,10,0,11066,200000,892.5000001678668,92.5000001678668,800.0,200000,3999,0,15.13
S0r,4,10,6,11072,200000,866.0552411632126,66.0552411632126,800.0,200000,3999,0,14.46
S0r,4,10,4,11070,200000,864.0,64.0,800.0,200000,3999,0,14.93
S0r,4,10,5,11071,200000,851.5294194903202,51.52941949032015,800.0,200000,3999,0,15.11
S0r,4,10,7,11073,200000,866.5016134108911,66.50161341089108,800.0,200000,3999,0,15.15
S0r,4,10,8,11074,200000,864.5649249241085,64.56492492410848,800.0,200000,3999,0,14.96
S0r,4,10,9,11075,200000,877.8274363167382,77.82743631673816,800.0,200000,3999,0,14.87
S0r,4,10,10,11076,200000,868.6071473295897,68.60714732958968,800.0,200000,3999,0,15.02
S0r,4,10,11,11077,200000,903.3305480646027,103.33054806460268,800.0,200000,3999,0,14.95
S0r,3,20,21,20987,500000,601.205903305391,1.2059033053909616,600.0,500000,9999,0,26.65
S0r,3,20,22,20988,500000,601.2358905933504,1.2358905933504047,600.0,500000,9999,0,26.59
S0r,3,20,23,20989,500000,601.478955352797,1.4789553527970156,600.0,500000,9999,0,26.46
S0r,3,20,24,20990,500000,601.3874877491107,1.3874877491107327,600.0,500000,9999,0,26.51
S0r,3,20,25,20991,500000,601.2186661886935,1.2186661886935326,600.0,500000,9999,0,26.61
S0r,3,20,26,20992,500000,601.2428861720593,1.2428861720593432,600.0,500000,9999,0,26.31
S0r,3,20,27,20993,500000,601.1819821653136,1.1819821653135705,600.0,500000,9999,0,26.65
S0r,3,20,28,20994,500000,601.0806582878528,1.0806582878527706,600.0,500000,9999,0,26.65
S0r,3,20,29,20995,500000,600.9016865580571,0.9016865580571221,600.0,500000,9999,0,26.6
S0r,4,10,12,11078,200000,835.6192482560624,35.619248256062406,800.0,200000,3999,0,14.96
S0r,4,10,13,11079,200000,894.3639736890076,94.3639736890076,800.0,200000,3999,0,14.99
S0r,4,10,15,11081,200000,856.2917700972658,56.29177009726584,800.0,200000,3999,0,14.95
S0r,4,10,14,11080,200000,853.5279032778961,53.527903277896144,800.0,200000,3999,0,15.1
S0r,4,10,16,11082,200000,828.0366520912488,28.03665209124881,800.0,200000,3999,0,14.88
S0r,4,10,17,11083,200000,893.6130523806028,93.61305238060277,800.0,200000,3999,0,14.91
S0r,4,10,18,11084,200000,876.0,76.0,800.0,200000,3999,0,14.84
S0r,4,10,19,11085,200000,882.7274594792965,82.7274594792965,800.0,200000,3999,0,15.12
S0r,4,10,20,11086,200000,863.1717174890581,63.171717489058096,800.0,200000,3999,0,15.07
S0r,4,10,21,11087,200000,883.5935404304603,83.59354043046028,800.0,200000,3999,0,15.01
S0r,4,10,22,11088,200000,836.0089268180667,36.0089268180667,800.0,200000,3999,0,14.92
S0r,4,10,23,11089,200000,858.890365540688,58.89036554068798,800.0,200000,3999,0,15.02
S0r,4,10,25,11091,200000,890.0000601042309,90.0000601042309,800.0,200000,3999,0,14.96
S0r,4,10,24,11090,200000,860.7872212769255,60.78722127692549,800.0,200000,3999,0,15.1
S0r,4,10,26,11092,200000,820.2860083210765,20.28600832107645,800.0,200000,3999,0,14.91
S0r,4,10,27,11093,200000,908.5324656809105,108.53246568091049,800.0,200000,3999,0,14.81
S0r,4,10,28,11094,200000,857.1863818931864,57.18638189318642,800.0,200000,3999,0,15.02
S0r,4,10,29,11095,200000,883.4409819210242,83.44098192102422,800.0,200000,3999,0,15.01
S0r,4,20,0,21066,500000,1126.040345584858,326.04034558485796,800.0,500000,9999,0,37.61
S0r,4,20,1,21067,500000,1117.1480400311352,317.1480400311352,800.0,500000,9999,0,38.12
S0r,4,20,2,21068,500000,1072.2642507057421,272.26425070574214,800.0,500000,9999,0,37.95
S0r,4,20,3,21069,500000,1000.881291699616,200.88129169961599,800.0,500000,9999,0,37.37
S0r,4,20,4,21070,500000,1094.3005489022667,294.30054890226666,800.0,500000,9999,0,37.7
S0r,4,20,5,21071,500000,1027.6370096249389,227.63700962493886,800.0,500000,9999,0,37.88
S0r,4,20,6,21072,500000,1011.1128504730893,211.11285047308934,800.0,500000,9999,0,37.79
S0r,4,20,7,21073,500000,1096.368600281758,296.36860028175806,800.0,500000,9999,0,37.25
S0r,4,20,8,21074,500000,1038.5767063273593,238.57670632735926,800.0,500000,9999,0,37.84
S0r,4,20,9,21075,500000,1100.6061762212244,300.60617622122436,800.0,500000,9999,0,37.76
S0r,4,20,10,21076,500000,1073.5,273.5,800.0,500000,9999,0,37.84
S0r,4,20,12,21078,500000,1079.5,279.5,800.0,500000,9999,0,37.37
S0r,4,20,11,21077,500000,1042.596544282554,242.59654428255408,800.0,500000,9999,0,37.92
S0r,4,20,13,21079,500000,997.09996159195,197.09996159194998,800.0,500000,9999,0,37.62
S0r,4,20,14,21080,500000,1036.770690936884,236.77069093688397,800.0,500000,9999,0,37.75
S0r,4,20,15,21081,500000,1110.5700535247443,310.57005352474425,800.0,500000,9999,0,37.39
S0r,4,20,16,21082,500000,1038.7683923823654,238.7683923823654,800.0,500000,9999,0,37.88
S0r,4,20,17,21083,500000,1035.7095077063311,235.70950770633112,800.0,500000,9999,0,38.29
S0r,4,20,18,21084,500000,1030.3460913181568,230.34609131815682,800.0,500000,9999,0,38.22
S0r,4,20,19,21085,500000,970.3384594247107,170.33845942471066,800.0,500000,9999,0,37.77
S0r,4,20,20,21086,500000,1106.6440498567158,306.6440498567158,800.0,500000,9999,0,37.72
S0r,5,10,0,11166,200000,902.4458866329148,2.445886632914835,900.0,200000,3999,0,8.49
S0r,5,10,1,11167,200000,901.3426471827311,1.3426471827310706,900.0,200000,3999,0,8.6
S0r,5,10,2,11168,200000,901.06567116131,1.0656711613099787,900.0,200000,3999,0,8.44
S0r,5,10,3,11169,200000,901.2318806964056,1.2318806964055966,900.0,200000,3999,0,8.59
S0r,5,10,4,11170,200000,901.6235255249875,1.6235255249874854,900.0,200000,3999,0,8.52
S0r,5,10,5,11171,200000,901.611080238468,1.6110802384680483,900.0,200000,3999,0,8.63
S0r,5,10,6,11172,200000,901.2665481213132,1.2665481213132352,900.0,200000,3999,0,8.67
S0r,5,10,7,11173,200000,901.001566653334,1.0015666533339527,900.0,200000,3999,0,8.65
S0r,5,10,8,11174,200000,901.4804269458477,1.4804269458477393,900.0,200000,3999,0,8.67
S0r,5,10,9,11175,200000,900.6534775631953,0.653477563195338,900.0,200000,3999,0,8.52
S0r,5,10,10,11176,200000,903.6509619536049,3.650961953604906,900.0,200000,3999,0,8.39
S0r,5,10,11,11177,200000,902.3534414230376,2.353441423037566,900.0,200000,3999,0,8.73
S0r,5,10,12,11178,200000,903.7645482693513,3.7645482693512804,900.0,200000,3999,0,8.7
S0r,5,10,14,11180,200000,902.9941443883419,2.9941443883418515,900.0,200000,3999,0,8.41
S0r,5,10,13,11179,200000,901.5752059849566,1.5752059849565967,900.0,200000,3999,0,8.64
S0r,5,10,15,11181,200000,900.7819653941232,0.7819653941231763,900.0,200000,3999,0,8.67
S0r,5,10,16,11182,200000,900.5049075760177,0.504907576017672,900.0,200000,3999,0,8.69
S0r,5,10,17,11183,200000,900.8435593115943,0.8435593115942766,900.0,200000,3999,0,8.52
S0r,5,10,18,11184,200000,902.8898340777193,2.8898340777193425,900.0,200000,3999,0,8.56
S0r,5,10,19,11185,200000,902.052397340232,2.0523973402320053,900.0,200000,3999,0,8.71
S0r,5,10,20,11186,200000,900.655650669621,0.6556506696209681,900.0,200000,3999,0,8.72
S0r,5,10,21,11187,200000,901.4745347373045,1.4745347373044524,900.0,200000,3999,0,8.87
S0r,5,10,22,11188,200000,901.0728893802369,1.0728893802369157,900.0,200000,3999,0,8.79
S0r,5,10,23,11189,200000,900.6505151168351,0.6505151168350949,900.0,200000,3999,0,8.82
S0r,5,10,24,11190,200000,904.5926595852674,4.59265958526737,900.0,200000,3999,0,8.54
S0r,5,10,25,11191,200000,901.1289052522466,1.1289052522465681,900.0,200000,3999,0,8.64
S0r,5,10,26,11192,200000,901.5041108450774,1.5041108450774345,900.0,200000,3999,0,8.55
S0r,5,10,27,11193,200000,901.4412205729041,1.441220572904058,900.0,200000,3999,0,8.63
S0r,5,10,28,11194,200000,902.1163690139184,2.1163690139184155,900.0,200000,3999,0,8.59
S0r,5,10,29,11195,200000,902.6340370306951,2.63403703069514,900.0,200000,3999,0,8.52
S0r,4,20,21,21087,500000,1090.6927589516251,290.69275895162514,800.0,500000,9999,0,37.66
S0r,4,20,22,21088,500000,1074.3836922966998,274.3836922966998,800.0,500000,9999,0,37.8
S0r,4,20,23,21089,500000,1097.4915974728915,297.4915974728915,800.0,500000,9999,0,38.34
S0r,4,20,24,21090,500000,1106.2507603968797,306.25076039687974,800.0,500000,9999,0,38.47
S0r,4,20,28,21094,500000,1001.159593063976,201.159593063976,800.0,500000,9999,0,37.67
S0r,4,20,27,21093,500000,1038.4208800210376,238.42088002103765,800.0,500000,9999,0,37.97
S0r,4,20,25,21091,500000,1027.680013263176,227.68001326317608,800.0,500000,9999,0,38.34
S0r,4,20,26,21092,500000,1145.5439660036511,345.5439660036511,800.0,500000,9999,0,38.14
S0r,4,20,29,21095,500000,1026.689429389636,226.68942938963596,800.0,500000,9999,0,38.18
S0r,5,20,0,21166,500000,907.8246833989305,7.8246833989304605,900.0,500000,9999,0,21.82
S0r,5,20,1,21167,500000,905.2567541447269,5.2567541447268695,900.0,500000,9999,0,22.03
S0r,5,20,4,21170,500000,907.2826789680076,7.2826789680076445,900.0,500000,9999,0,21.63
S0r,5,20,3,21169,500000,907.2041529313802,7.204152931380236,900.0,500000,9999,0,21.89
S0r,5,20,2,21168,500000,908.1880033932842,8.188003393284248,900.0,500000,9999,0,22.3
S0r,5,20,5,21171,500000,911.288960863797,11.288960863797001,900.0,500000,9999,0,22.36
S0r,5,20,6,21172,500000,907.0138800566416,7.013880056641597,900.0,500000,9999,0,22.08
S0r,5,20,8,21174,500000,905.6659724491302,5.665972449130209,900.0,500000,9999,0,21.75
S0r,5,20,7,21173,500000,904.670725694651,4.670725694650969,900.0,500000,9999,0,22.18
S0r,5,20,9,21175,500000,905.8831599716809,5.883159971680925,900.0,500000,9999,0,21.96
S0r,5,20,11,21177,500000,905.8874201178628,5.887420117862803,900.0,500000,9999,0,21.84
S0r,5,20,10,21176,500000,904.6269793927084,4.626979392708449,900.0,500000,9999,0,21.95
S0r,5,20,12,21178,500000,908.8998755218494,8.899875521849367,900.0,500000,9999,0,21.93
S0r,5,20,13,21179,500000,905.4924806143707,5.49248061437072,900.0,500000,9999,0,22.01
S0r,5,20,14,21180,500000,905.0606391559435,5.060639155943477,900.0,500000,9999,0,22.05
S0r,5,20,15,21181,500000,905.5430858955526,5.543085895552622,900.0,500000,9999,0,22.02
S0r,5,20,16,21182,500000,906.1758676414854,6.175867641485411,900.0,500000,9999,0,21.97
S0r,5,20,19,21185,500000,907.2524081244447,7.252408124444742,900.0,500000,9999,0,21.91
S0r,5,20,17,21183,500000,905.298848817574,5.298848817574026,900.0,500000,9999,0,22.13
S0r,5,20,18,21184,500000,908.169122128949,8.16912212894897,900.0,500000,9999,0,22.04
S0r,6,10,0,11266,200000,665423.8394795852,663623.8394795852,1800.0,200000,3999,0,10.9
S0r,5,20,20,21186,500000,906.834454673847,6.834454673846949,900.0,500000,9999,0,21.97
S0r,6,10,2,11268,200000,1347065.0840632124,1345265.0840632124,1800.0,200000,3999,0,11.01
S0r,6,10,1,11267,200000,291246.8162863589,289446.8162863589,1800.0,200000,3999,0,11.13
S0r,6,10,3,11269,200000,286627749.28162783,286625949.28162783,1800.0,200000,3999,0,11.07
S0r,5,20,21,21187,500000,905.2826362263635,5.282636226363479,900.0,500000,9999,0,21.87
S0r,5,20,22,21188,500000,906.414439426973,6.41443942697299,900.0,500000,9999,0,21.7
S0r,5,20,24,21190,500000,904.6451737641182,4.645173764118226,900.0,500000,9999,0,21.77
S0r,5,20,23,21189,500000,907.8497941356972,7.849794135697152,900.0,500000,9999,0,21.89
S0r,5,20,25,21191,500000,904.975195298637,4.975195298637004,900.0,500000,9999,0,21.77
S0r,6,10,4,11270,200000,5302911.892661892,5301111.892661892,1800.0,200000,3999,0,10.97
S0r,5,20,26,21192,500000,908.6496873596121,8.64968735961213,900.0,500000,9999,0,21.82
S0r,6,10,5,11271,200000,108535429.72087803,108533629.72087803,1800.0,200000,3999,0,10.94
S0r,6,10,6,11272,200000,157767538.1121475,157765738.1121475,1800.0,200000,3999,0,10.92
S0r,5,20,27,21193,500000,904.6231483740485,4.623148374048469,900.0,500000,9999,0,21.83
S0r,6,10,7,11273,200000,482779.9953618153,480979.9953618153,1800.0,200000,3999,0,11.16
S0r,6,10,8,11274,200000,7732482.177480041,7730682.177480041,1800.0,200000,3999,0,11.1
S0r,5,20,29,21195,500000,905.4574200750722,5.45742007507215,900.0,500000,9999,0,21.63
S0r,6,10,10,11276,200000,3260763.56254771,3258963.56254771,1800.0,200000,3999,0,11.1
S0r,5,20,28,21194,500000,904.1820534018954,4.1820534018953595,900.0,500000,9999,0,22.05
S0r,6,10,9,11275,200000,516964087.19508904,516962287.19508904,1800.0,200000,3999,0,11.19
S0r,6,10,11,11277,200000,44072823.037110575,44071023.037110575,1800.0,200000,3999,0,11.06
S0r,6,10,13,11279,200000,206961.69850972385,205161.69850972385,1800.0,200000,3999,0,10.91
S0r,6,10,12,11278,200000,43644520.62289939,43642720.62289939,1800.0,200000,3999,0,11.01
S0r,6,10,14,11280,200000,742068626.1890074,742066826.1890074,1800.0,200000,3999,0,10.94
S0r,6,10,15,11281,200000,12886466.168664424,12884666.168664424,1800.0,200000,3999,0,11.03
S0r,6,10,16,11282,200000,14109.52641786497,12309.52641786497,1800.0,200000,3999,0,11.0
S0r,6,10,17,11283,200000,58539562.82841015,58537762.82841015,1800.0,200000,3999,0,10.99
S0r,6,10,18,11284,200000,105350.20583978416,103550.20583978416,1800.0,200000,3999,0,11.13
S0r,6,10,20,11286,200000,12348.76550878365,10548.76550878365,1800.0,200000,3999,0,11.06
S0r,6,10,19,11285,200000,82441.23514158514,80641.23514158514,1800.0,200000,3999,0,11.18
S0r,6,10,21,11287,200000,442715392.4215568,442713592.4215568,1800.0,200000,3999,0,11.02
S0r,6,10,22,11288,200000,4781964.969140175,4780164.969140175,1800.0,200000,3999,0,11.16
S0r,6,10,23,11289,200000,11398189.880825082,11396389.880825082,1800.0,200000,3999,0,11.25
S0r,6,10,24,11290,200000,46349.21533884173,44549.21533884173,1800.0,200000,3999,0,11.01
S0r,6,10,26,11292,200000,86531.5470601192,84731.5470601192,1800.0,200000,3999,0,11.14
S0r,6,10,25,11291,200000,3661959.410559505,3660159.410559505,1800.0,200000,3999,0,11.31
S0r,6,10,27,11293,200000,13223936.918368079,13222136.918368079,1800.0,200000,3999,0,11.07
S0r,6,10,29,11295,200000,272086.11555729486,270286.11555729486,1800.0,200000,3999,0,11.06
S0r,6,10,28,11294,200000,4913888.909399924,4912088.909399924,1800.0,200000,3999,0,11.08
S0r,6,20,0,21266,500000,3288231395.1341887,3288229595.1341887,1800.0,500000,9999,0,27.6
S0r,6,20,1,21267,500000,2810913345.3850365,2810911545.3850365,1800.0,500000,9999,0,27.75
S0r,6,20,2,21268,500000,1607464515.354792,1607462715.354792,1800.0,500000,9999,0,27.63
S0r,6,20,3,21269,500000,2416751222.224724,2416749422.224724,1800.0,500000,9999,0,27.67
S0r,6,20,5,21271,500000,4475290430.598526,4475288630.598526,1800.0,500000,9999,0,27.8
S0r,6,20,4,21270,500000,5376395276.114302,5376393476.114302,1800.0,500000,9999,0,28.07
S0r,6,20,6,21272,500000,4490591244.159163,4490589444.159163,1800.0,500000,9999,0,27.81
S0r,6,20,7,21273,500000,3045614108.820113,3045612308.820113,1800.0,500000,9999,0,27.98
S0r,6,20,8,21274,500000,1902296717.1593,1902294917.1593,1800.0,500000,9999,0,28.03
S0r,6,20,10,21276,500000,881157450.5489175,881155650.5489175,1800.0,500000,9999,0,27.37
S0r,6,20,9,21275,500000,2272607871.4669447,2272606071.4669447,1800.0,500000,9999,0,27.86
S0r,6,20,11,21277,500000,4296444367.442641,4296442567.442641,1800.0,500000,9999,0,27.89
S0r,6,20,12,21278,500000,2178000847.3126526,2177999047.3126526,1800.0,500000,9999,0,27.71
S0r,6,20,13,21279,500000,3893890803.3778267,3893889003.3778267,1800.0,500000,9999,0,27.35
S0r,6,20,14,21280,500000,498177485.98580277,498175685.98580277,1800.0,500000,9999,0,27.65
S0r,6,20,15,21281,500000,3202439227.4961796,3202437427.4961796,1800.0,500000,9999,0,27.9
S0r,6,20,17,21283,500000,3822973978.198752,3822972178.198752,1800.0,500000,9999,0,27.5
S0r,6,20,16,21282,500000,2343460563.9326506,2343458763.9326506,1800.0,500000,9999,0,27.82
S0r,6,20,20,21286,500000,3972989733.505325,3972987933.505325,1800.0,500000,9999,0,27.64
S0r,6,20,19,21285,500000,2023753795.0717692,2023751995.0717692,1800.0,500000,9999,0,27.68
S0r,6,20,18,21284,500000,2832762516.1359234,2832760716.1359234,1800.0,500000,9999,0,27.78
S0r,6,20,21,21287,500000,6191468370.989608,6191466570.989608,1800.0,500000,9999,0,27.9
S0r,6,20,22,21288,500000,766602773.6753392,766600973.6753392,1800.0,500000,9999,0,27.7
S0r,6,20,23,21289,500000,2950769378.56473,2950767578.56473,1800.0,500000,9999,0,27.7
S0r,6,20,24,21290,500000,3804917633.1359415,3804915833.1359415,1800.0,500000,9999,0,27.67
S0r,6,20,26,21292,500000,4226909437.385215,4226907637.385215,1800.0,500000,9999,0,27.4
S0r,6,20,25,21291,500000,2679685475.9057813,2679683675.9057813,1800.0,500000,9999,0,27.72
S0r,6,20,27,21293,500000,2620743638.217805,2620741838.217805,1800.0,500000,9999,0,28.1
S0r,6,20,28,21294,500000,1926740914.1826732,1926739114.1826732,1800.0,500000,9999,0,27.59
S0r,6,20,29,21295,500000,4281551603.74734,4281549803.74734,1800.0,500000,9999,0,27.3
S0r,7,10,3,11369,200000,2197.7047042662707,197.7047042662707,2000.0,200000,3999,0,124.84
S0r,7,10,0,11366,200000,2125.5857661962386,125.58576619623864,2000.0,200000,3999,0,125.79
S0r,7,10,2,11368,200000,2129.436886193407,129.4368861934072,2000.0,200000,3999,0,125.66
S0r,7,10,1,11367,200000,2114.806284961343,114.80628496134295,2000.0,200000,3999,0,126.6
S0r,7,10,4,11370,200000,2206.1852733307965,206.18527333079646,2000.0,200000,3999,0,126.23
S0r,7,10,5,11371,200000,2081.7995981924123,81.7995981924123,2000.0,200000,3999,0,126.17
S0r,7,10,11,11377,200000,2101.969295141732,101.96929514173189,2000.0,200000,3999,0,125.19
S0r,7,10,9,11375,200000,2135.837697465169,135.83769746516919,2000.0,200000,3999,0,125.36
S0r,7,10,7,11373,200000,2103.0060103102487,103.00601031024871,2000.0,200000,3999,0,125.84
S0r,7,10,8,11374,200000,2147.5337726593757,147.5337726593757,2000.0,200000,3999,0,125.61
S0r,7,10,6,11372,200000,2815.506728999717,815.5067289997169,2000.0,200000,3999,0,126.2
S0r,7,10,10,11376,200000,2101.3118304527657,101.31183045276566,2000.0,200000,3999,0,126.14
S0r,7,10,12,11378,200000,2039.6102868157373,39.610286815737254,2000.0,200000,3999,0,124.52
S0r,7,10,14,11380,200000,2037.1048252986334,37.104825298633386,2000.0,200000,3999,0,124.45
S0r,7,10,16,11382,200000,2113.2950911214884,113.29509112148844,2000.0,200000,3999,0,124.64
S0r,7,10,17,11383,200000,2310.977231231343,310.977231231343,2000.0,200000,3999,0,124.55
S0r,7,10,13,11379,200000,2184.271278894177,184.27127889417716,2000.0,200000,3999,0,125.8
S0r,7,10,15,11381,200000,2131.779504428626,131.77950442862584,2000.0,200000,3999,0,125.27
S0r,7,10,19,11385,200000,2104.0763595093426,104.07635950934264,2000.0,200000,3999,0,124.93
S0r,7,10,18,11384,200000,2078.549330430755,78.54933043075516,2000.0,200000,3999,0,125.09
S0r,7,10,20,11386,200000,2081.1466205592155,81.14662055921553,2000.0,200000,3999,0,125.01
S0r,7,10,21,11387,200000,2170.063640374154,170.06364037415415,2000.0,200000,3999,0,123.55
S0r,7,10,23,11389,200000,2078.806865698762,78.80686569876207,2000.0,200000,3999,0,123.31
S0r,7,10,22,11388,200000,3558.0720066211916,1558.0720066211916,2000.0,200000,3999,0,123.83
S0r,7,10,25,11391,200000,2036.4867822459546,36.4867822459546,2000.0,200000,3999,0,122.95
S0r,7,10,24,11390,200000,2074.505243789566,74.50524378956607,2000.0,200000,3999,0,123.96
S0r,7,10,26,11392,200000,2069.4529007634665,69.45290076346646,2000.0,200000,3999,0,122.93
S0r,7,10,27,11393,200000,2054.301380471883,54.30138047188302,2000.0,200000,3999,0,123.06
S0r,7,10,29,11395,200000,2649.616832790003,649.6168327900032,2000.0,200000,3999,0,122.93
S0r,7,10,28,11394,200000,2271.211610070716,271.2116100707158,2000.0,200000,3999,0,123.48
S0r,7,20,1,21367,500000,4745.688458133485,2745.6884581334853,2000.0,500000,9999,0,553.64
S0r,7,20,0,21366,500000,3240.7342904277366,1240.7342904277366,2000.0,500000,9999,0,554.43
S0r,7,20,2,21368,500000,4197.556421751624,2197.556421751624,2000.0,500000,9999,0,556.69
S0r,7,20,3,21369,500000,3657.6546687464815,1657.6546687464815,2000.0,500000,9999,0,553.81
S0r,7,20,7,21373,500000,5402.28182324523,3402.28182324523,2000.0,500000,9999,0,552.73
S0r,7,20,8,21374,500000,3305.139476770196,1305.1394767701959,2000.0,500000,9999,0,554.92
S0r,7,20,4,21370,500000,6325.925683590859,4325.925683590859,2000.0,500000,9999,0,555.9
S0r,7,20,6,21372,500000,3405.537269777931,1405.5372697779312,2000.0,500000,9999,0,558.33
S0r,7,20,9,21375,500000,3174.0772065801657,1174.0772065801657,2000.0,500000,9999,0,555.88
S0r,7,20,10,21376,500000,3063.168539298066,1063.1685392980662,2000.0,500000,9999,0,557.82
S0r,7,20,5,21371,500000,2825.9650597437767,825.9650597437767,2000.0,500000,9999,0,561.41
S0r,7,20,11,21377,500000,2622.7874694213797,622.7874694213797,2000.0,500000,9999,0,557.71
S0r,7,20,13,21379,500000,3107.336715345775,1107.3367153457748,2000.0,500000,9999,0,551.89
S0r,7,20,12,21378,500000,4209.625435818989,2209.625435818989,2000.0,500000,9999,0,553.86
S0r,7,20,20,21386,500000,3130.8025449914603,1130.8025449914603,2000.0,500000,9999,0,548.91
S0r,7,20,16,21382,500000,3686.0080714604874,1686.0080714604874,2000.0,500000,9999,0,555.74
S0r,7,20,15,21381,500000,3787.659287077815,1787.659287077815,2000.0,500000,9999,0,556.25
S0r,7,20,14,21380,500000,4745.744655144868,2745.7446551448684,2000.0,500000,9999,0,558.34
S0r,7,20,17,21383,500000,3937.43250373027,1937.4325037302701,2000.0,500000,9999,0,557.48
S0r,7,20,18,21384,500000,3776.49021020458,1776.4902102045799,2000.0,500000,9999,0,555.71
S0r,7,20,19,21385,500000,6270.690742934007,4270.690742934007,2000.0,500000,9999,0,557.64
S0r,8,10,0,11466,200000,2245.9822605910595,45.98226059105946,2200.0,200000,3999,0,171.06
S0r,8,10,1,11467,200000,2286.183062396501,86.1830623965011,2200.0,200000,3999,0,171.4
S0r,8,10,2,11468,200000,2594.689117229158,394.689117229158,2200.0,200000,3999,0,171.61
S0r,8,10,3,11469,200000,2301.5359760828683,101.53597608286827,2200.0,200000,3999,0,170.92
S0r,8,10,4,11470,200000,2818.478631021523,618.4786310215231,2200.0,200000,3999,0,171.79
S0r,8,10,5,11471,200000,2428.3018775353116,228.30187753531163,2200.0,200000,3999,0,170.9
S0r,8,10,6,11472,200000,2364.1931138492528,164.19311384925277,2200.0,200000,3999,0,170.59
S0r,8,10,7,11473,200000,3376.1843062890885,1176.1843062890885,2200.0,200000,3999,0,171.46
S0r,8,10,8,11474,200000,2274.7288313241656,74.72883132416564,2200.0,200000,3999,0,171.61
S0r,8,10,9,11475,200000,2629.61270057351,429.6127005735102,2200.0,200000,3999,0,171.49
S0r,8,10,10,11476,200000,2544.681697000115,344.68169700011504,2200.0,200000,3999,0,171.13
S0r,8,10,11,11477,200000,2401.3208735502826,201.3208735502826,2200.0,200000,3999,0,171.48
S0r,8,10,13,11479,200000,2775.763855802402,575.7638558024018,2200.0,200000,3999,0,171.39
S0r,8,10,12,11478,200000,2618.700362744864,418.7003627448639,2200.0,200000,3999,0,172.86
S0r,8,10,14,11480,200000,2457.9940402272737,257.9940402272737,2200.0,200000,3999,0,172.84
S0r,8,10,17,11483,200000,2709.0832475951165,509.0832475951165,2200.0,200000,3999,0,170.77
S0r,8,10,15,11481,200000,2245.941867294391,45.94186729439116,2200.0,200000,3999,0,173.25
S0r,8,10,16,11482,200000,2319.2770712924,119.2770712923998,2200.0,200000,3999,0,172.23
S0r,8,10,18,11484,200000,2966.8260945960533,766.8260945960533,2200.0,200000,3999,0,172.66
S0r,8,10,19,11485,200000,2424.521697705286,224.521697705286,2200.0,200000,3999,0,173.43
S0r,8,10,21,11487,200000,2497.3535686207815,297.3535686207815,2200.0,200000,3999,0,171.77
S0r,8,10,22,11488,200000,2799.293352909653,599.2933529096531,2200.0,200000,3999,0,171.79
S0r,8,10,20,11486,200000,2860.846572796591,660.8465727965909,2200.0,200000,3999,0,174.22
S0r,8,10,23,11489,200000,2832.756906141017,632.7569061410172,2200.0,200000,3999,0,170.82
S0r,8,10,24,11490,200000,3091.045332537967,891.0453325379672,2200.0,200000,3999,0,190.23
S0r,8,10,25,11491,200000,2802.6342255312693,602.6342255312693,2200.0,200000,3999,0,191.53
S0r,8,10,26,11492,200000,2301.318849436192,101.31884943619207,2200.0,200000,3999,0,192.03
S0r,7,20,22,21388,500000,6396.1775179148735,4396.1775179148735,2000.0,500000,9999,0,573.39
S0r,7,20,21,21387,500000,3195.350906302271,1195.3509063022711,2000.0,500000,9999,0,574.73
S0r,7,20,23,21389,500000,3259.271597706792,1259.271597706792,2000.0,500000,9999,0,578.7
S0r,7,20,25,21391,500000,3210.204574836794,1210.204574836794,2000.0,500000,9999,0,570.59
S0r,7,20,24,21390,500000,4371.999602133925,2371.999602133925,2000.0,500000,9999,0,573.29
S0r,7,20,27,21393,500000,3491.459962028778,1491.4599620287781,2000.0,500000,9999,0,570.59
S0r,7,20,26,21392,500000,5100.517269164184,3100.5172691641837,2000.0,500000,9999,0,572.13
S0r,7,20,28,21394,500000,3648.020272414809,1648.020272414809,2000.0,500000,9999,0,569.44
S0r,7,20,29,21395,500000,4196.846976673172,2196.8469766731723,2000.0,500000,9999,0,570.45
S0r,8,10,28,11494,200000,2394.3819826743834,194.38198267438338,2200.0,200000,3999,0,186.68
S0r,8,10,27,11493,200000,2737.036138768216,537.036138768216,2200.0,200000,3999,0,188.49
S0r,8,10,29,11495,200000,2272.4080572929447,72.4080572929447,2200.0,200000,3999,0,187.21
S0r,8,20,0,21466,500000,4696.042487007593,2496.042487007593,2200.0,500000,9999,0,789.76
S0r,8,20,2,21468,500000,24275.668693487336,22075.668693487336,2200.0,500000,9999,0,788.78
S0r,8,20,5,21471,500000,208872.60120636236,206672.60120636236,2200.0,500000,9999,0,787.17
S0r,8,20,4,21470,500000,373267378.40904367,373265178.40904367,2200.0,500000,9999,0,789.19
S0r,8,20,3,21469,500000,98451090.16289225,98448890.16289225,2200.0,500000,9999,0,790.9
S0r,8,20,1,21467,500000,8738274749.46706,8738272549.46706,2200.0,500000,9999,0,792.97
S0r,8,20,6,21472,500000,4545353714.409485,4545351514.409485,2200.0,500000,9999,0,770.12
S0r,8,20,8,21474,500000,15944293.12833326,15942093.12833326,2200.0,500000,9999,0,767.26
S0r,8,20,7,21473,500000,1932024969.6577675,1932022769.6577675,2200.0,500000,9999,0,770.22
S0r,8,20,9,21475,500000,12904771.121983035,12902571.121983035,2200.0,500000,9999,0,766.67
S0r,8,20,10,21476,500000,104468607.02894247,104466407.02894247,2200.0,500000,9999,0,768.14
S0r,8,20,11,21477,500000,4347.103626816971,2147.103626816971,2200.0,500000,9999,0,766.42
S0r,8,20,12,21478,500000,2255174.230090186,2252974.230090186,2200.0,500000,9999,0,767.83
S0r,8,20,14,21480,500000,1745544.6822342435,1743344.6822342435,2200.0,500000,9999,0,766.79
S0r,8,20,16,21482,500000,723845.1304221206,721645.1304221206,2200.0,500000,9999,0,765.53
S0r,8,20,13,21479,500000,56279031.3350354,56276831.3350354,2200.0,500000,9999,0,769.62
S0r,8,20,17,21483,500000,528589666.3877607,528587466.3877607,2200.0,500000,9999,0,768.8
S0r,9,10,0,11566,200000,3403.875330920746,1103.875330920746,2300.0,200000,3999,0,28.2
S0r,8,20,15,21481,500000,10381914.96384378,10379714.96384378,2200.0,500000,9999,0,779.08
S0r,9,10,1,11567,200000,3234.209618606299,934.209618606299,2300.0,200000,3999,0,28.72
S0r,9,10,2,11568,200000,2909.676271438215,609.6762714382148,2300.0,200000,3999,0,28.38
S0r,9,10,3,11569,200000,2926.603119657563,626.6031196575632,2300.0,200000,3999,0,29.48
S0r,9,10,4,11570,200000,3073.583647588959,773.5836475889591,2300.0,200000,3999,0,29.34
S0r,9,10,5,11571,200000,3180.9740782196513,880.9740782196513,2300.0,200000,3999,0,28.87
S0r,9,10,6,11572,200000,3190.1259825744282,890.1259825744282,2300.0,200000,3999,0,28.83
S0r,9,10,7,11573,200000,2962.8847823942106,662.8847823942106,2300.0,200000,3999,0,29.04
S0r,9,10,8,11574,200000,3228.7769923229826,928.7769923229826,2300.0,200000,3999,0,29.44
S0r,9,10,9,11575,200000,3006.6077744607614,706.6077744607614,2300.0,200000,3999,0,28.75
S0r,9,10,10,11576,200000,3063.904547299865,763.904547299865,2300.0,200000,3999,0,29.22
S0r,9,10,11,11577,200000,3563.3395518588527,1263.3395518588527,2300.0,200000,3999,0,28.93
S0r,9,10,12,11578,200000,3155.2624412642485,855.2624412642485,2300.0,200000,3999,0,29.06
S0r,8,20,19,21485,500000,16808682081.578909,16808679881.578909,2200.0,500000,9999,0,764.77
S0r,9,10,14,11580,200000,3590.3318657160967,1290.3318657160967,2300.0,200000,3999,0,29.06
S0r,9,10,13,11579,200000,3272.275497694269,972.2754976942688,2300.0,200000,3999,0,29.19
S0r,9,10,15,11581,200000,3270.7588467586147,970.7588467586147,2300.0,200000,3999,0,28.9
S0r,8,20,18,21484,500000,130717773191.67746,130717770991.67746,2200.0,500000,9999,0,770.67
S0r,8,20,20,21486,500000,46873907.154787816,46871707.154787816,2200.0,500000,9999,0,770.25
S0r,9,10,16,11582,200000,3125.978693196418,825.9786931964181,2300.0,200000,3999,0,28.93
S0r,9,10,17,11583,200000,2931.999080060279,631.9990800602791,2300.0,200000,3999,0,28.73
S0r,9,10,18,11584,200000,2897.9068461066245,597.9068461066245,2300.0,200000,3999,0,29.21
S0r,9,10,19,11585,200000,3021.3588956517788,721.3588956517788,2300.0,200000,3999,0,28.98
S0r,9,10,20,11586,200000,3016.209038545642,716.2090385456422,2300.0,200000,3999,0,28.67
S0r,9,10,21,11587,200000,2946.6174756416613,646.6174756416613,2300.0,200000,3999,0,28.6
S0r,9,10,22,11588,200000,2920.034363721841,620.0343637218411,2300.0,200000,3999,0,28.45
S0r,9,10,24,11590,200000,2997.000214128013,697.0002141280129,2300.0,200000,3999,0,28.93
S0r,9,10,23,11589,200000,3224.4892172478494,924.4892172478494,2300.0,200000,3999,0,29.17
S0r,9,10,25,11591,200000,3168.9730951159813,868.9730951159813,2300.0,200000,3999,0,28.87
S0r,9,10,26,11592,200000,3308.9324267265883,1008.9324267265883,2300.0,200000,3999,0,28.4
S0r,9,10,27,11593,200000,3042.6905525491734,742.6905525491734,2300.0,200000,3999,0,28.35
S0r,9,10,28,11594,200000,3885.3997192055203,1585.3997192055203,2300.0,200000,3999,0,28.89
S0r,9,10,29,11595,200000,2862.210672253582,562.2106722535818,2300.0,200000,3999,0,29.19
S0r,9,20,0,21566,500000,6946.311536948063,4646.311536948063,2300.0,500000,9999,0,72.59
S0r,9,20,1,21567,500000,5049.193519774719,2749.193519774719,2300.0,500000,9999,0,72.88
S0r,9,20,2,21568,500000,4876.763738418775,2576.7637384187747,2300.0,500000,9999,0,72.41
S0r,9,20,4,21570,500000,6686.1151683135795,4386.1151683135795,2300.0,500000,9999,0,71.88
S0r,9,20,3,21569,500000,6081.374843133792,3781.3748431337917,2300.0,500000,9999,0,72.4
S0r,9,20,5,21571,500000,9337.869183947856,7037.869183947856,2300.0,500000,9999,0,72.48
S0r,9,20,6,21572,500000,4651.385178842094,2351.3851788420943,2300.0,500000,9999,0,73.15
S0r,9,20,7,21573,500000,7575.829235892923,5275.829235892923,2300.0,500000,9999,0,72.78
S0r,9,20,8,21574,500000,5400.9265748431635,3100.9265748431635,2300.0,500000,9999,0,72.65
S0r,9,20,10,21576,500000,6617.734425667867,4317.734425667867,2300.0,500000,9999,0,72.15
S0r,9,20,9,21575,500000,4572.399074577424,2272.3990745774236,2300.0,500000,9999,0,73.31
S0r,9,20,11,21577,500000,7400.411145022994,5100.411145022994,2300.0,500000,9999,0,72.64
S0r,9,20,12,21578,500000,8828.013177679659,6528.013177679659,2300.0,500000,9999,0,72.21
S0r,9,20,13,21579,500000,6347.758609069743,4047.758609069743,2300.0,500000,9999,0,72.92
S0r,9,20,14,21580,500000,8344.604350842794,6044.604350842794,2300.0,500000,9999,0,72.04
S0r,9,20,15,21581,500000,7204.927520182786,4904.927520182786,2300.0,500000,9999,0,72.77
S0r,9,20,16,21582,500000,6250.757566048227,3950.757566048227,2300.0,500000,9999,0,73.16
S0r,9,20,17,21583,500000,5664.8740289696425,3364.8740289696425,2300.0,500000,9999,0,73.02
S0r,9,20,18,21584,500000,5125.860187465553,2825.8601874655533,2300.0,500000,9999,0,72.64
S0r,9,20,19,21585,500000,5614.49488277447,3314.49488277447,2300.0,500000,9999,0,73.29
S0r,9,20,20,21586,500000,9447.884990856543,7147.884990856543,2300.0,500000,9999,0,73.94
S0r,9,20,21,21587,500000,6078.17202839235,3778.1720283923496,2300.0,500000,9999,0,72.89
S0r,9,20,22,21588,500000,6928.0709514476275,4628.0709514476275,2300.0,500000,9999,0,73.13
S0r,9,20,23,21589,500000,8577.532486026794,6277.532486026794,2300.0,500000,9999,0,73.67
S0r,10,10,0,11666,200000,2698.198005779213,298.19800577921296,2400.0,200000,3999,0,26.91
S0r,10,10,1,11667,200000,2986.7626697529495,586.7626697529495,2400.0,200000,3999,0,27.15
S0r,10,10,2,11668,200000,2889.1670192927077,489.16701929270766,2400.0,200000,3999,0,27.17
S0r,10,10,3,11669,200000,2715.6515376654406,315.6515376654406,2400.0,200000,3999,0,27.3
S0r,10,10,4,11670,200000,2817.7590731833825,417.7590731833825,2400.0,200000,3999,0,27.57
S0r,10,10,5,11671,200000,2787.905033999282,387.90503399928184,2400.0,200000,3999,0,27.72
S0r,10,10,6,11672,200000,2700.481902134583,300.4819021345829,2400.0,200000,3999,0,27.34
S0r,9,20,24,21590,500000,5814.02581058284,3514.0258105828398,2300.0,500000,9999,0,73.14
S0r,10,10,7,11673,200000,2797.069353567291,397.0693535672908,2400.0,200000,3999,0,27.57
S0r,10,10,8,11674,200000,2676.0584574598943,276.05845745989427,2400.0,200000,3999,0,27.5
S0r,9,20,25,21591,500000,5311.78700031297,3011.78700031297,2300.0,500000,9999,0,72.53
S0r,10,10,9,11675,200000,2681.7280971861824,281.72809718618237,2400.0,200000,3999,0,27.72
S0r,10,10,10,11676,200000,2693.3171537758317,293.3171537758317,2400.0,200000,3999,0,27.17
S0r,9,20,26,21592,500000,8575.278240225794,6275.278240225794,2300.0,500000,9999,0,72.9
S0r,10,10,11,11677,200000,4311.901781549809,1911.9017815498091,2400.0,200000,3999,0,27.32
S0r,9,20,27,21593,500000,6865.793933217999,4565.793933217999,2300.0,500000,9999,0,72.78
S0r,9,20,28,21594,500000,5405.716913773421,3105.716913773421,2300.0,500000,9999,0,72.84
S0r,9,20,29,21595,500000,9239.181613924466,6939.181613924466,2300.0,500000,9999,0,72.59
S0r,10,10,12,11678,200000,3419.566805235593,1019.5668052355932,2400.0,200000,3999,0,27.2
S0r,10,10,13,11679,200000,2692.42928565294,292.42928565294005,2400.0,200000,3999,0,27.42
S0r,10,10,14,11680,200000,2815.168345684975,415.16834568497507,2400.0,200000,3999,0,27.3
S0r,10,10,15,11681,200000,2773.7565090407234,373.75650904072336,2400.0,200000,3999,0,27.62
S0r,10,10,17,11683,200000,2857.5751583839674,457.5751583839674,2400.0,200000,3999,0,27.46
S0r,10,10,16,11682,200000,2708.348897418509,308.34889741850884,2400.0,200000,3999,0,27.72
S0r,10,10,18,11684,200000,2793.459247306516,393.45924730651586,2400.0,200000,3999,0,27.72
S0r,10,10,19,11685,200000,2836.944394569867,436.9443945698672,2400.0,200000,3999,0,27.18
S0r,10,10,20,11686,200000,2696.46319807044,296.46319807043983,2400.0,200000,3999,0,27.7
S0r,10,10,21,11687,200000,2844.9715571145994,444.97155711459936,2400.0,200000,3999,0,26.97
S0r,10,10,22,11688,200000,2728.6559689545397,328.65596895453973,2400.0,200000,3999,0,27.58
S0r,10,10,23,11689,200000,2721.0160561492535,321.0160561492535,2400.0,200000,3999,0,27.09
S0r,10,10,24,11690,200000,2862.7008385790305,462.70083857903046,2400.0,200000,3999,0,27.32
S0r,10,10,25,11691,200000,2657.202257824443,257.2022578244432,2400.0,200000,3999,0,27.32
S0r,10,10,26,11692,200000,2785.49494901096,385.4949490109602,2400.0,200000,3999,0,27.39
S0r,10,10,27,11693,200000,2799.353085960086,399.353085960086,2400.0,200000,3999,0,27.37
S0r,10,10,29,11695,200000,2676.9622811345225,276.9622811345225,2400.0,200000,3999,0,27.24
S0r,10,10,28,11694,200000,2811.6907378163287,411.6907378163287,2400.0,200000,3999,0,27.55
S0r,10,20,0,21666,500000,7109.600638079558,4709.600638079558,2400.0,500000,9999,0,69.24
S0r,10,20,1,21667,500000,7215.395089373231,4815.395089373231,2400.0,500000,9999,0,67.87
S0r,10,20,3,21669,500000,6733.66653233298,4333.66653233298,2400.0,500000,9999,0,68.44
S0r,10,20,2,21668,500000,7203.514952730046,4803.514952730046,2400.0,500000,9999,0,69.5
S0r,10,20,4,21670,500000,7375.191456585979,4975.191456585979,2400.0,500000,9999,0,68.92
S0r,10,20,5,21671,500000,6983.10290394741,4583.10290394741,2400.0,500000,9999,0,68.66
S0r,10,20,6,21672,500000,6443.482703128165,4043.4827031281648,2400.0,500000,9999,0,68.81
S0r,10,20,7,21673,500000,6832.249023347509,4432.249023347509,2400.0,500000,9999,0,68.41
S0r,10,20,8,21674,500000,5850.403578627339,3450.403578627339,2400.0,500000,9999,0,69.12
S0r,10,20,9,21675,500000,5970.512796291765,3570.512796291765,2400.0,500000,9999,0,69.79
S0r,10,20,11,21677,500000,7244.00979744948,4844.00979744948,2400.0,500000,9999,0,68.88
S0r,10,20,10,21676,500000,7433.656768277015,5033.656768277015,2400.0,500000,9999,0,69.7
S0r,10,20,12,21678,500000,3205.50876815031,805.5087681503101,2400.0,500000,9999,0,68.76
S0r,10,20,13,21679,500000,6285.946841823946,3885.9468418239458,2400.0,500000,9999,0,69.59
S0r,10,20,14,21680,500000,6201.088775743478,3801.0887757434784,2400.0,500000,9999,0,69.95
S0r,10,20,15,21681,500000,7270.743740318055,4870.743740318055,2400.0,500000,9999,0,70.08
S0r,10,20,16,21682,500000,3295.8905214243314,895.8905214243314,2400.0,500000,9999,0,69.22
S0r,10,20,17,21683,500000,7114.086419671913,4714.086419671913,2400.0,500000,9999,0,68.53
S0r,10,20,18,21684,500000,6511.1554570327135,4111.1554570327135,2400.0,500000,9999,0,68.5
S0r,10,20,19,21685,500000,7198.480243637424,4798.480243637424,2400.0,500000,9999,0,68.75
S0r,10,20,20,21686,500000,6346.499847201554,3946.499847201554,2400.0,500000,9999,0,70.07
S0r,10,20,21,21687,500000,6921.655356496617,4521.655356496617,2400.0,500000,9999,0,68.95
S0r,10,20,22,21688,500000,5433.260380297217,3033.260380297217,2400.0,500000,9999,0,69.02
S0r,10,20,23,21689,500000,3617.0728887212663,1217.0728887212663,2400.0,500000,9999,0,69.42
S0r,11,10,0,11766,200000,2705.447790858883,105.44779085888285,2600.0,200000,3999,0,44.76
S0r,11,10,1,11767,200000,3264.2477456236375,664.2477456236375,2600.0,200000,3999,0,44.7
S0r,10,20,24,21690,500000,4990.796504019312,2590.796504019312,2400.0,500000,9999,0,69.7
S0r,11,10,2,11768,200000,3999.5061092503765,1399.5061092503765,2600.0,200000,3999,0,44.89
S0r,11,10,4,11770,200000,3636.0290914081447,1036.0290914081447,2600.0,200000,3999,0,44.3
S0r,11,10,3,11769,200000,3907.6228348163568,1307.6228348163568,2600.0,200000,3999,0,44.85
S0r,10,20,25,21691,500000,6752.681913493931,4352.681913493931,2400.0,500000,9999,0,69.36
S0r,11,10,5,11771,200000,2880.5804483509,280.58044835090004,2600.0,200000,3999,0,44.86
S0r,10,20,26,21692,500000,7049.274194813958,4649.274194813958,2400.0,500000,9999,0,69.43
S0r,10,20,27,21693,500000,6724.639102021624,4324.639102021624,2400.0,500000,9999,0,69.62
S0r,10,20,29,21695,500000,7173.332800455302,4773.332800455302,2400.0,500000,9999,0,69.35
S0r,10,20,28,21694,500000,6811.620263018973,4411.620263018973,2400.0,500000,9999,0,69.87
S0r,11,10,6,11772,200000,2768.093161386823,168.09316138682289,2600.0,200000,3999,0,44.78
S0r,11,10,7,11773,200000,2773.3738364477836,173.37383644778356,2600.0,200000,3999,0,44.43
S0r,11,10,8,11774,200000,2767.5404413270435,167.54044132704348,2600.0,200000,3999,0,45.11
S0r,11,10,10,11776,200000,2705.335478324017,105.335478324017,2600.0,200000,3999,0,44.24
S0r,11,10,9,11775,200000,3360.8900476650947,760.8900476650947,2600.0,200000,3999,0,45.33
S0r,11,10,11,11777,200000,2623.789704844858,23.78970484485808,2600.0,200000,3999,0,44.57
S0r,11,10,12,11778,200000,2830.2587733124556,230.25877331245556,2600.0,200000,3999,0,45.05
S0r,11,10,13,11779,200000,2823.9998139371774,223.99981393717735,2600.0,200000,3999,0,45.04
S0r,11,10,14,11780,200000,2989.1151328028755,389.11513280287545,2600.0,200000,3999,0,44.05
S0r,11,10,15,11781,200000,2740.6614146651937,140.66141466519366,2600.0,200000,3999,0,44.48
S0r,11,10,16,11782,200000,2679.3984751888993,79.39847518889928,2600.0,200000,3999,0,45.06
S0r,11,10,17,11783,200000,2701.8572252233153,101.85722522331525,2600.0,200000,3999,0,44.84
S0r,11,10,18,11784,200000,2775.006714323468,175.0067143234678,2600.0,200000,3999,0,44.77
S0r,11,10,19,11785,200000,2700.8905446658046,100.89054466580455,2600.0,200000,3999,0,44.0
S0r,11,10,20,11786,200000,3108.93043351753,508.9304335175302,2600.0,200000,3999,0,44.72
S0r,11,10,21,11787,200000,2742.2451478337634,142.24514783376344,2600.0,200000,3999,0,45.05
S0r,11,10,22,11788,200000,2779.1175897613693,179.11758976136935,2600.0,200000,3999,0,45.09
S0r,11,10,23,11789,200000,2961.2154559493274,361.2154559493274,2600.0,200000,3999,0,45.01
S0r,11,10,24,11790,200000,2885.1460722717593,285.1460722717593,2600.0,200000,3999,0,45.24
S0r,11,10,25,11791,200000,2729.2054199370655,129.20541993706547,2600.0,200000,3999,0,45.19
S0r,11,10,26,11792,200000,2741.8527488644595,141.8527488644595,2600.0,200000,3999,0,44.03
S0r,11,10,28,11794,200000,2865.52426034143,265.5242603414299,2600.0,200000,3999,0,44.2
S0r,11,10,27,11793,200000,2747.972752675215,147.9727526752149,2600.0,200000,3999,0,45.38
S0r,11,10,29,11795,200000,2887.8309808545896,287.8309808545896,2600.0,200000,3999,0,44.85
S0r,8,20,21,21487,500000,3722328819.6762533,3722326619.6762533,2200.0,500000,9999,0,781.57
S0r,8,20,22,21488,500000,219463.65306622608,217263.65306622608,2200.0,500000,9999,0,781.75
S0r,8,20,23,21489,500000,1008719154.6870643,1008716954.6870643,2200.0,500000,9999,0,781.41
S0r,8,20,26,21492,500000,41162906183.60032,41162903983.60032,2200.0,500000,9999,0,783.51
S0r,8,20,24,21490,500000,278345610.55966026,278343410.55966026,2200.0,500000,9999,0,785.41
S0r,8,20,25,21491,500000,583404649079.3969,583404646879.3969,2200.0,500000,9999,0,785.01
S0r,11,20,0,21766,500000,12904.595682747542,10304.595682747542,2600.0,500000,9999,0,112.43
S0r,11,20,1,21767,500000,5844.882121244909,3244.8821212449093,2600.0,500000,9999,0,112.84
S0r,11,20,2,21768,500000,11171.996700130709,8571.996700130709,2600.0,500000,9999,0,113.9
S0r,11,20,5,21771,500000,5349.012868023672,2749.012868023672,2600.0,500000,9999,0,112.37
S0r,11,20,3,21769,500000,6065.14287796096,3465.1428779609596,2600.0,500000,9999,0,113.25
S0r,11,20,6,21772,500000,7166.091005714843,4566.091005714843,2600.0,500000,9999,0,112.36
S0r,11,20,4,21770,500000,6027.886083573275,3427.886083573275,2600.0,500000,9999,0,113.36
S0r,11,20,7,21773,500000,6239.422198563855,3639.422198563855,2600.0,500000,9999,0,113.56
S0r,11,20,8,21774,500000,5242.060883871329,2642.0608838713288,2600.0,500000,9999,0,112.59
S0r,11,20,9,21775,500000,6052.302443760702,3452.302443760702,2600.0,500000,9999,0,112.21
S0r,11,20,10,21776,500000,9082.161001663244,6482.161001663244,2600.0,500000,9999,0,113.7
S0r,11,20,11,21777,500000,9292.354685971904,6692.3546859719045,2600.0,500000,9999,0,113.48
S0r,8,20,29,21495,500000,67680326325.55905,67680324125.55905,2200.0,500000,9999,0,785.23
S0r,8,20,28,21494,500000,26963482078.666817,26963479878.666817,2200.0,500000,9999,0,788.43
S0r,8,20,27,21493,500000,36574693.33967892,36572493.33967892,2200.0,500000,9999,0,795.13
S0r,11,20,12,21778,500000,8802.273425041833,6202.2734250418325,2600.0,500000,9999,0,112.71
S0r,11,20,14,21780,500000,4905.027043358605,2305.0270433586047,2600.0,500000,9999,0,112.79
S0r,11,20,13,21779,500000,9109.105813376718,6509.105813376718,2600.0,500000,9999,0,114.38
S0r,11,20,15,21781,500000,11664.60767902127,9064.60767902127,2600.0,500000,9999,0,112.18
S0r,11,20,17,21783,500000,3802.3785335002194,1202.3785335002194,2600.0,500000,9999,0,112.1
S0r,11,20,16,21782,500000,5014.057085298372,2414.057085298372,2600.0,500000,9999,0,113.24
S0r,12,10,0,11866,200000,2969.556766121139,269.55676612113893,2700.0,200000,3999,0,48.57
S0r,12,10,1,11867,200000,3303.049970649375,603.0499706493752,2700.0,200000,3999,0,48.37
S0r,12,10,2,11868,200000,3331.9967209657134,631.9967209657134,2700.0,200000,3999,0,48.89
S0r,11,20,18,21784,500000,9690.840107939486,7090.840107939486,2600.0,500000,9999,0,112.77
S0r,11,20,19,21785,500000,6354.078198032594,3754.0781980325937,2600.0,500000,9999,0,112.07
S0r,12,10,3,11869,200000,3255.1182620913332,555.1182620913332,2700.0,200000,3999,0,48.76
S0r,12,10,4,11870,200000,3225.8830955329504,525.8830955329504,2700.0,200000,3999,0,48.84
S0r,11,20,20,21786,500000,12091.985892484738,9491.985892484738,2600.0,500000,9999,0,112.79
S0r,11,20,22,21788,500000,6373.703763775122,3773.703763775122,2600.0,500000,9999,0,112.91
S0r,12,10,5,11871,200000,3055.8314231971744,355.83142319717444,2700.0,200000,3999,0,49.17
S0r,11,20,21,21787,500000,6377.941203847777,3777.9412038477767,2600.0,500000,9999,0,113.46
S0r,11,20,23,21789,500000,7821.829785638483,5221.829785638483,2600.0,500000,9999,0,112.7
S0r,12,10,6,11872,200000,3204.0132178638496,504.0132178638496,2700.0,200000,3999,0,47.81
S0r,11,20,24,21790,500000,6308.69414604763,3708.69414604763,2600.0,500000,9999,0,114.79
S0r,12,10,7,11873,200000,3221.096353305662,521.096353305662,2700.0,200000,3999,0,48.22
S0r,11,20,25,21791,500000,5449.440840603733,2849.440840603733,2600.0,500000,9999,0,114.55
S0r,12,10,8,11874,200000,3081.665958927874,381.6659589278738,2700.0,200000,3999,0,49.09
S0r,11,20,26,21792,500000,16514.710900237835,13914.710900237835,2600.0,500000,9999,0,113.04
S0r,11,20,27,21793,500000,5185.537010831607,2585.5370108316074,2600.0,500000,9999,0,112.52
S0r,11,20,28,21794,500000,8033.838926269316,5433.838926269316,2600.0,500000,9999,0,113.77
S0r,12,10,9,11875,200000,3130.3006607501898,430.30066075018976,2700.0,200000,3999,0,48.35
S0r,11,20,29,21795,500000,13517.727758949015,10917.727758949015,2600.0,500000,9999,0,114.77
S0r,12,10,10,11876,200000,3314.2668057042565,614.2668057042565,2700.0,200000,3999,0,48.74
S0r,12,10,11,11877,200000,3303.392035495207,603.392035495207,2700.0,200000,3999,0,48.98
S0r,12,10,12,11878,200000,3135.8796057137793,435.87960571377926,2700.0,200000,3999,0,48.51
S0r,12,10,13,11879,200000,3304.907203109426,604.9072031094261,2700.0,200000,3999,0,48.36
S0r,12,10,14,11880,200000,3183.6628795990437,483.66287959904366,2700.0,200000,3999,0,48.79
S0r,12,10,15,11881,200000,3366.040473684463,666.040473684463,2700.0,200000,3999,0,48.61
S0r,12,10,16,11882,200000,3163.675797308667,463.6757973086669,2700.0,200000,3999,0,49.46
S0r,12,10,17,11883,200000,3539.0168636109784,839.0168636109784,2700.0,200000,3999,0,49.03
S0r,12,10,19,11885,200000,3396.8844855847947,696.8844855847947,2700.0,200000,3999,0,48.96
S0r,12,10,18,11884,200000,3211.636280541504,511.6362805415042,2700.0,200000,3999,0,49.25
S0r,12,10,20,11886,200000,2976.4310626607025,276.43106266070254,2700.0,200000,3999,0,48.99
S0r,12,10,21,11887,200000,3447.776965183266,747.7769651832659,2700.0,200000,3999,0,48.81
S0r,12,10,22,11888,200000,3272.9199232517376,572.9199232517376,2700.0,200000,3999,0,49.0
S0r,12,10,23,11889,200000,3171.263597215204,471.26359721520384,2700.0,200000,3999,0,48.69
S0r,12,10,25,11891,200000,3313.057379135856,613.0573791358561,2700.0,200000,3999,0,48.82
S0r,12,10,24,11890,200000,3080.8791981960553,380.8791981960553,2700.0,200000,3999,0,49.37
S0r,12,10,26,11892,200000,3225.5854874944257,525.5854874944257,2700.0,200000,3999,0,48.57
S0r,12,10,27,11893,200000,3292.478752152364,592.478752152364,2700.0,200000,3999,0,48.24
S0r,12,10,28,11894,200000,3296.690948921818,596.6909489218178,2700.0,200000,3999,0,49.23
S0r,12,10,29,11895,200000,3188.79793446651,488.79793446651,2700.0,200000,3999,0,49.08
S0r,12,20,0,21866,500000,3902.3486602348416,1202.3486602348416,2700.0,500000,9999,0,122.57
S0r,12,20,1,21867,500000,4215.78868991429,1515.7886899142904,2700.0,500000,9999,0,123.67
S0r,12,20,2,21868,500000,4084.0577949496,1384.0577949496,2700.0,500000,9999,0,122.06
S0r,12,20,4,21870,500000,3829.9155704843956,1129.9155704843956,2700.0,500000,9999,0,121.61
S0r,12,20,3,21869,500000,4084.785377419862,1384.785377419862,2700.0,500000,9999,0,122.69
S0r,12,20,5,21871,500000,3999.4957342508205,1299.4957342508205,2700.0,500000,9999,0,123.03
S0r,12,20,6,21872,500000,4170.140409484744,1470.140409484744,2700.0,500000,9999,0,122.08
S0r,12,20,11,21877,500000,3992.3885475338475,1292.3885475338475,2700.0,500000,9999,0,121.95
S0r,12,20,8,21874,500000,3593.876478490305,893.8764784903051,2700.0,500000,9999,0,122.46
S0r,12,20,7,21873,500000,3944.7507386726247,1244.7507386726247,2700.0,500000,9999,0,122.96
S0r,12,20,12,21878,500000,4153.88651530488,1453.88651530488,2700.0,500000,9999,0,121.55
S0r,12,20,10,21876,500000,3910.4210105665634,1210.4210105665634,2700.0,500000,9999,0,122.91
S0r,12,20,9,21875,500000,3619.585017757917,919.5850177579168,2700.0,500000,9999,0,123.0
S0r,12,20,14,21880,500000,4712.580845977708,2012.5808459777081,2700.0,500000,9999,0,122.28
S0r,12,20,13,21879,500000,3923.2522373282213,1223.2522373282213,2700.0,500000,9999,0,122.72
S0r,12,20,15,21881,500000,3697.824677628938,997.8246776289379,2700.0,500000,9999,0,121.08
S0r,12,20,16,21882,500000,3817.436883955324,1117.436883955324,2700.0,500000,9999,0,121.25
S0r,12,20,17,21883,500000,3830.0804042812165,1130.0804042812165,2700.0,500000,9999,0,120.99
S0r,12,20,18,21884,500000,4051.3441468929595,1351.3441468929595,2700.0,500000,9999,0,120.38
S0r,12,20,20,21886,500000,3971.831646053106,1271.831646053106,2700.0,500000,9999,0,119.22
S0r,12,20,19,21885,500000,3758.991505943253,1058.9915059432528,2700.0,500000,9999,0,120.75
S0r,12,20,21,21887,500000,3726.9709694836747,1026.9709694836747,2700.0,500000,9999,0,85.29
S0r,12,20,23,21889,500000,3950.831128315399,1250.831128315399,2700.0,500000,9999,0,82.57
S0r,12,20,22,21888,500000,4132.841931612313,1432.8419316123127,2700.0,500000,9999,0,87.85
S0r,12,20,25,21891,500000,3763.5041748562753,1063.5041748562753,2700.0,500000,9999,0,71.3
S0r,12,20,24,21890,500000,3782.15604730902,1082.1560473090199,2700.0,500000,9999,0,72.35
S0r,12,20,26,21892,500000,3900.503045054336,1200.5030450543359,2700.0,500000,9999,0,69.78
S0r,12,20,29,21895,500000,3960.395108384154,1260.395108384154,2700.0,500000,9999,0,68.04
S0r,12,20,27,21893,500000,3489.370476924838,789.3704769248379,2700.0,500000,9999,0,70.78
S0r,12,20,28,21894,500000,3916.6600110257395,1216.6600110257395,2700.0,500000,9999,0,68.6
