algo,func_id,dim,run_id,seed,budget,best_fitness,error,f_global,fe,gens,runtime
PSO,1,10,3,10769,200000,300.0,0.0,300.0,200000,3999,3.23
PSO,1,10,4,10770,200000,300.0,0.0,300.0,200000,3999,3.27
PSO,1,10,0,10766,200000,300.0,0.0,300.0,200000,3999,3.48
PSO,1,10,5,10771,200000,300.0,0.0,300.0,200000,3999,3.46
PSO,1,10,17,10783,200000,300.0,0.0,300.0,200000,3999,3.2
PSO,1,10,14,10780,200000,300.0,0.0,300.0,200000,3999,3.28
PSO,1,10,21,10787,200000,300.0,0.0,300.0,200000,3999,3.18
PSO,1,10,9,10775,200000,300.0,0.0,300.0,200000,3999,3.43
PSO,1,10,15,10781,200000,300.0,0.0,300.0,200000,3999,3.34
PSO,1,10,11,10777,200000,300.0,0.0,300.0,200000,3999,3.41
PSO,1,10,6,10772,200000,300.0,0.0,300.0,200000,3999,3.53
PSO,1,10,2,10768,200000,2349.6635308082914,2049.6635308082914,300.0,200000,3999,3.72
PSO,1,10,16,10782,200000,300.0,0.0,300.0,200000,3999,3.39
PSO,1,10,1,10767,200000,300.0,0.0,300.0,200000,3999,3.9
PSO,1,10,10,10776,200000,300.0,0.0,300.0,200000,3999,3.63
PSO,1,10,13,10779,200000,300.0,0.0,300.0,200000,3999,3.57
PSO,1,10,7,10773,200000,300.0,0.0,300.0,200000,3999,3.74
PSO,1,10,12,10778,200000,300.0,0.0,300.0,200000,3999,3.62
PSO,1,10,18,10784,200000,300.0,0.0,300.0,200000,3999,3.64
PSO,1,10,19,10785,200000,300.0,0.0,300.0,200000,3999,3.64
PSO,1,10,20,10786,200000,300.0,0.0,300.0,200000,3999,3.66
PSO,1,10,8,10774,200000,300.0,0.0,300.0,200000,3999,4.01
PSO,1,10,22,10788,200000,300.0,0.0,300.0,200000,3999,3.2
PSO,1,10,24,10790,200000,300.0,0.0,300.0,200000,3999,3.34
PSO,1,10,23,10789,200000,300.0,0.0,300.0,200000,3999,3.43
PSO,1,10,27,10793,200000,300.0,0.0,300.0,200000,3999,3.17
PSO,1,10,26,10792,200000,300.0,0.0,300.0,200000,3999,3.21
PSO,1,10,28,10794,200000,300.0,0.0,300.0,200000,3999,3.21
PSO,1,10,29,10795,200000,300.0,0.0,300.0,200000,3999,3.21
PSO,1,10,25,10791,200000,300.0,0.0,300.0,200000,3999,3.31
PSO,1,20,2,20768,500000,13883.537257861828,13583.537257861828,300.0,500000,9999,8.25
PSO,1,20,0,20766,500000,310.7018908413039,10.701890841303907,300.0,500000,9999,8.35
PSO,1,20,4,20770,500000,882.5972407692142,582.5972407692142,300.0,500000,9999,8.26
PSO,1,20,1,20767,500000,300.00000000000006,5.684341886080802e-14,300.0,500000,9999,8.55
PSO,1,20,5,20771,500000,2352.0391961420005,2052.0391961420005,300.0,500000,9999,8.39
PSO,1,20,3,20769,500000,986.831543277109,686.831543277109,300.0,500000,9999,8.55
PSO,1,20,12,20778,500000,300.00000000000006,5.684341886080802e-14,300.0,500000,9999,8.2
PSO,1,20,8,20774,500000,300.00000000000006,5.684341886080802e-14,300.0,500000,9999,8.4
PSO,1,20,9,20775,500000,13883.53725786183,13583.53725786183,300.0,500000,9999,8.43
PSO,1,20,7,20773,500000,300.00000000000006,5.684341886080802e-14,300.0,500000,9999,8.46
PSO,1,20,11,20777,500000,4587.583495813205,4287.583495813205,300.0,500000,9999,8.33
PSO,1,20,6,20772,500000,2352.0391961420014,2052.0391961420014,300.0,500000,9999,8.51
PSO,1,20,13,20779,500000,300.22389960050725,0.22389960050725222,300.0,500000,9999,8.26
PSO,1,20,10,20776,500000,300.31311272208177,0.3131127220817689,300.0,500000,9999,8.45
PSO,1,20,14,20780,500000,300.00000000000006,5.684341886080802e-14,300.0,500000,9999,8.23
PSO,1,20,18,20784,500000,300.00000000000006,5.684341886080802e-14,300.0,500000,9999,8.12
PSO,1,20,15,20781,500000,300.00000000000006,5.684341886080802e-14,300.0,500000,9999,8.23
PSO,1,20,17,20783,500000,300.0000000000001,1.1368683772161603e-13,300.0,500000,9999,8.28
PSO,1,20,16,20782,500000,300.00000000000006,5.684341886080802e-14,300.0,500000,9999,8.33
PSO,1,20,19,20785,500000,300.00000000000006,5.684341886080802e-14,300.0,500000,9999,8.3
PSO,1,20,20,20786,500000,300.00000000000006,5.684341886080802e-14,300.0,500000,9999,8.3
PSO,1,20,21,20787,500000,300.0000000000001,1.1368683772161603e-13,300.0,500000,9999,8.31
PSO,2,10,2,10868,200000,413.6121505394953,13.612150539495303,400.0,200000,3999,4.14
PSO,2,10,1,10867,200000,460.39169571523325,60.391695715233254,400.0,200000,3999,4.24
PSO,2,10,3,10869,200000,525.0838939368771,125.08389393687708,400.0,200000,3999,4.22
PSO,2,10,4,10870,200000,408.2412761992644,8.241276199264405,400.0,200000,3999,4.17
PSO,2,10,0,10866,200000,408.2412761992644,8.241276199264405,400.0,200000,3999,4.28
PSO,2,10,5,10871,200000,495.3737900907645,95.37379009076449,400.0,200000,3999,4.24
PSO,2,10,6,10872,200000,440.2753318729565,40.275331872956485,400.0,200000,3999,4.24
PSO,2,10,7,10873,200000,460.2155250691842,60.215525069184196,400.0,200000,3999,4.1
PSO,2,10,8,10874,200000,419.46166079670735,19.46166079670735,400.0,200000,3999,4.14
PSO,2,10,10,10876,200000,408.2412761992644,8.241276199264405,400.0,200000,3999,4.2
PSO,2,10,11,10877,200000,465.74141356078246,65.74141356078246,400.0,200000,3999,4.17
PSO,2,10,9,10875,200000,408.9161019277813,8.916101927781312,400.0,200000,3999,4.26
PSO,2,10,13,10879,200000,419.46166079670735,19.46166079670735,400.0,200000,3999,4.13
PSO,2,10,12,10878,200000,408.00232488628467,8.002324886284669,400.0,200000,3999,4.26
PSO,1,20,23,20789,500000,300.00000000000006,5.684341886080802e-14,300.0,500000,9999,8.07
PSO,1,20,22,20788,500000,300.00000000000006,5.684341886080802e-14,300.0,500000,9999,8.27
PSO,1,20,24,20790,500000,300.0,0.0,300.0,500000,9999,8.3
PSO,1,20,26,20792,500000,300.00000000000006,5.684341886080802e-14,300.0,500000,9999,8.23
PSO,1,20,25,20791,500000,300.0,0.0,300.0,500000,9999,8.4
PSO,1,20,28,20794,500000,300.00000000000006,5.684341886080802e-14,300.0,500000,9999,8.35
PSO,1,20,29,20795,500000,300.00000000000006,5.684341886080802e-14,300.0,500000,9999,8.38
PSO,2,10,14,10880,200000,440.479631293456,40.47963129345601,400.0,200000,3999,4.18
PSO,1,20,27,20793,500000,300.0,0.0,300.0,500000,9999,8.46
PSO,2,10,16,10882,200000,419.46166079670735,19.46166079670735,400.0,200000,3999,4.14
PSO,2,10,18,10884,200000,419.46166079670735,19.46166079670735,400.0,200000,3999,4.15
PSO,2,10,15,10881,200000,408.00232488628467,8.002324886284669,400.0,200000,3999,4.33
PSO,2,10,17,10883,200000,455.66615530161374,55.66615530161374,400.0,200000,3999,4.33
PSO,2,10,19,10885,200000,408.9161019277813,8.916101927781312,400.0,200000,3999,4.22
PSO,2,10,20,10886,200000,400.38511092271546,0.3851109227154552,400.0,200000,3999,4.18
PSO,2,10,22,10888,200000,419.46166079670735,19.46166079670735,400.0,200000,3999,4.14
PSO,2,10,21,10887,200000,408.9161019277813,8.916101927781312,400.0,200000,3999,4.27
PSO,2,10,23,10889,200000,419.46166079670735,19.46166079670735,400.0,200000,3999,4.16
PSO,2,10,25,10891,200000,408.9161019277813,8.916101927781312,400.0,200000,3999,4.23
PSO,2,10,24,10890,200000,488.6888581017546,88.68885810175459,400.0,200000,3999,4.25
PSO,2,10,27,10893,200000,407.9099114152651,7.909911415265128,400.0,200000,3999,4.17
PSO,2,10,26,10892,200000,419.46166079670735,19.46166079670735,400.0,200000,3999,4.34
PSO,2,10,28,10894,200000,407.9099114152651,7.909911415265128,400.0,200000,3999,4.15
PSO,2,10,29,10895,200000,504.21233247170596,104.21233247170596,400.0,200000,3999,4.33
PSO,2,20,0,20866,500000,551.3901020359789,151.39010203597888,400.0,500000,9999,10.76
PSO,2,20,1,20867,500000,497.8736904456148,97.87369044561478,400.0,500000,9999,10.78
PSO,2,20,2,20868,500000,616.0235231605959,216.02352316059591,400.0,500000,9999,10.65
PSO,2,20,5,20871,500000,449.0844789794819,49.0844789794819,400.0,500000,9999,10.64
PSO,2,20,7,20873,500000,538.2691761114434,138.26917611144336,400.0,500000,9999,10.68
PSO,2,20,8,20874,500000,510.57743954860996,110.57743954860996,400.0,500000,9999,10.7
PSO,2,20,3,20869,500000,630.4636165274741,230.46361652747407,400.0,500000,9999,10.86
PSO,2,20,4,20870,500000,545.8115761471095,145.81157614710946,400.0,500000,9999,10.87
PSO,2,20,6,20872,500000,715.4855021607123,315.48550216071226,400.0,500000,9999,10.84
PSO,2,20,11,20877,500000,432.26400771982946,32.264007719829465,400.0,500000,9999,10.69
PSO,2,20,10,20876,500000,745.1681854888552,345.1681854888552,400.0,500000,9999,10.75
PSO,2,20,9,20875,500000,646.1262071000044,246.12620710000442,400.0,500000,9999,10.94
PSO,2,20,12,20878,500000,518.6033382056977,118.6033382056977,400.0,500000,9999,10.66
PSO,2,20,14,20880,500000,563.4923328263183,163.49233282631826,400.0,500000,9999,10.67
PSO,2,20,13,20879,500000,522.8399030137198,122.83990301371978,400.0,500000,9999,10.74
PSO,2,20,15,20881,500000,449.08447897948184,49.084478979481844,400.0,500000,9999,10.69
PSO,2,20,16,20882,500000,431.9407251866288,31.94072518662881,400.0,500000,9999,10.7
PSO,2,20,18,20884,500000,449.0844789794821,49.08447897948213,400.0,500000,9999,10.7
PSO,2,20,17,20883,500000,580.9285306406312,180.92853064063115,400.0,500000,9999,10.93
PSO,2,20,19,20885,500000,757.3003813239263,357.30038132392633,400.0,500000,9999,10.85
PSO,2,20,20,20886,500000,454.35840843886604,54.358408438866036,400.0,500000,9999,10.72
PSO,2,20,21,20887,500000,472.8655334582035,72.86553345820352,400.0,500000,9999,10.87
PSO,3,10,0,10966,200000,600.021858690976,0.02185869097604609,600.0,200000,3999,8.88
PSO,3,10,2,10968,200000,600.0829468680017,0.08294686800172713,600.0,200000,3999,8.82
PSO,3,10,1,10967,200000,600.0,0.0,600.0,200000,3999,8.9
PSO,3,10,3,10969,200000,600.0,0.0,600.0,200000,3999,8.69
PSO,2,20,22,20888,500000,445.63048902744333,45.63048902744333,400.0,500000,9999,10.91
PSO,2,20,25,20891,500000,449.08447897948196,49.08447897948196,400.0,500000,9999,10.78
PSO,2,20,24,20890,500000,495.13510670767386,95.13510670767386,400.0,500000,9999,11.03
PSO,2,20,28,20894,500000,508.8008407161875,108.80084071618751,400.0,500000,9999,11.02
PSO,3,10,4,10970,200000,600.1521328136824,0.15213281368244225,600.0,200000,3999,8.86
PSO,2,20,23,20889,500000,470.5770876100778,70.5770876100778,400.0,500000,9999,11.37
PSO,2,20,29,20895,500000,471.76770941159157,71.76770941159157,400.0,500000,9999,11.08
PSO,3,10,6,10972,200000,600.0,0.0,600.0,200000,3999,8.83
PSO,2,20,26,20892,500000,568.2807649065353,168.2807649065353,400.0,500000,9999,11.42
PSO,3,10,7,10973,200000,600.0,0.0,600.0,200000,3999,8.96
PSO,3,10,5,10971,200000,600.0287831919461,0.028783191946104125,600.0,200000,3999,9.2
PSO,2,20,27,20893,500000,467.64071226254146,67.64071226254146,400.0,500000,9999,11.78
PSO,3,10,8,10974,200000,600.0,0.0,600.0,200000,3999,9.1
PSO,3,10,9,10975,200000,600.0,0.0,600.0,200000,3999,9.18
PSO,3,10,11,10977,200000,600.0,0.0,600.0,200000,3999,9.0
PSO,3,10,10,10976,200000,600.0,0.0,600.0,200000,3999,9.14
PSO,3,10,12,10978,200000,600.0287831919461,0.028783191946104125,600.0,200000,3999,8.97
PSO,3,10,13,10979,200000,600.0,0.0,600.0,200000,3999,8.84
PSO,3,10,17,10983,200000,600.0,0.0,600.0,200000,3999,8.86
PSO,3,10,14,10980,200000,600.0287831919461,0.028783191946104125,600.0,200000,3999,8.99
PSO,3,10,15,10981,200000,600.021858690976,0.02185869097604609,600.0,200000,3999,9.2
PSO,3,10,16,10982,200000,600.0287831919461,0.028783191946104125,600.0,200000,3999,9.31
PSO,3,10,18,10984,200000,600.0,0.0,600.0,200000,3999,8.84
PSO,3,10,19,10985,200000,600.050554823118,0.05055482311797732,600.0,200000,3999,9.36
PSO,3,10,24,10990,200000,600.021858690976,0.02185869097604609,600.0,200000,3999,8.87
PSO,3,10,23,10989,200000,600.0,0.0,600.0,200000,3999,8.98
PSO,3,10,20,10986,200000,600.0,0.0,600.0,200000,3999,9.3
PSO,3,10,25,10991,200000,600.0,0.0,600.0,200000,3999,8.79
PSO,3,10,21,10987,200000,600.0,0.0,600.0,200000,3999,9.23
PSO,3,10,22,10988,200000,600.0,0.0,600.0,200000,3999,9.19
PSO,3,10,26,10992,200000,600.021858690976,0.02185869097604609,600.0,200000,3999,9.4
PSO,3,10,29,10995,200000,600.0,0.0,600.0,200000,3999,9.07
PSO,3,10,28,10994,200000,600.0,0.0,600.0,200000,3999,9.16
PSO,3,10,27,10993,200000,600.021858690976,0.02185869097604609,600.0,200000,3999,9.31
PSO,3,20,0,20966,500000,600.2693274946023,0.2693274946022939,600.0,500000,9999,22.73
PSO,3,20,1,20967,500000,600.1395898646751,0.13958986467514478,600.0,500000,9999,22.62
PSO,3,20,2,20968,500000,600.0833798077547,0.08337980775468168,600.0,500000,9999,22.56
PSO,3,20,4,20970,500000,600.0751360197819,0.07513601978189399,600.0,500000,9999,22.21
PSO,3,20,3,20969,500000,600.3671071696198,0.3671071696197714,600.0,500000,9999,22.7
PSO,3,20,5,20971,500000,600.0533206541187,0.0533206541186928,600.0,500000,9999,22.6
PSO,3,20,7,20973,500000,600.2841217229528,0.28412172295281835,600.0,500000,9999,22.07
PSO,3,20,6,20972,500000,600.3106475802597,0.3106475802596833,600.0,500000,9999,22.56
PSO,3,20,8,20974,500000,600.3534548319776,0.35345483197761496,600.0,500000,9999,22.37
PSO,3,20,9,20975,500000,600.3106475802597,0.3106475802596833,600.0,500000,9999,22.61
PSO,3,20,10,20976,500000,600.1386870358909,0.13868703589093911,600.0,500000,9999,22.43
PSO,3,20,15,20981,500000,600.1232354233401,0.12323542334013382,600.0,500000,9999,21.87
PSO,3,20,12,20978,500000,600.3055071464906,0.3055071464906405,600.0,500000,9999,22.06
PSO,3,20,11,20977,500000,600.1595194001926,0.15951940019260746,600.0,500000,9999,22.28
PSO,3,20,14,20980,500000,600.0696631200576,0.0696631200576121,600.0,500000,9999,22.44
PSO,3,20,19,20985,500000,600.1595194001926,0.15951940019260746,600.0,500000,9999,21.81
PSO,3,20,13,20979,500000,600.1136144424225,0.11361444242254493,600.0,500000,9999,22.63
PSO,3,20,16,20982,500000,600.239770613033,0.23977061303298797,600.0,500000,9999,22.59
PSO,3,20,17,20983,500000,600.0666586702447,0.06665867024469208,600.0,500000,9999,22.55
PSO,3,20,18,20984,500000,600.0533206541187,0.0533206541186928,600.0,500000,9999,22.14
PSO,3,20,20,20986,500000,600.4152914601308,0.41529146013078844,600.0,500000,9999,22.36
PSO,3,20,21,20987,500000,600.0506466475043,0.05064664750432257,600.0,500000,9999,22.34
PSO,4,10,0,11066,200000,822.0,22.0,800.0,200000,3999,13.56
PSO,4,10,1,11067,200000,878.0,78.0,800.0,200000,3999,13.32
PSO,4,10,3,11069,200000,834.0,34.0,800.0,200000,3999,12.95
PSO,4,10,2,11068,200000,822.0,22.0,800.0,200000,3999,13.36
PSO,4,10,4,11070,200000,844.0,44.0,800.0,200000,3999,13.26
PSO,4,10,5,11071,200000,836.0,36.0,800.0,200000,3999,13.24
PSO,4,10,6,11072,200000,836.0,36.0,800.0,200000,3999,13.29
PSO,4,10,8,11074,200000,832.0,32.0,800.0,200000,3999,13.39
PSO,4,10,7,11073,200000,818.0,18.0,800.0,200000,3999,13.49
PSO,4,10,11,11077,200000,848.0,48.0,800.0,200000,3999,13.44
PSO,4,10,10,11076,200000,848.0,48.0,800.0,200000,3999,13.48
PSO,3,20,25,20991,500000,600.062181322325,0.062181322325045585,600.0,500000,9999,21.86
PSO,4,10,13,11079,200000,856.0,56.0,800.0,200000,3999,13.28
PSO,4,10,12,11078,200000,830.0,30.0,800.0,200000,3999,13.37
PSO,4,10,9,11075,200000,858.0,58.0,800.0,200000,3999,13.86
PSO,3,20,22,20988,500000,600.0533206541187,0.0533206541186928,600.0,500000,9999,22.19
PSO,3,20,26,20992,500000,600.560883785412,0.5608837854119884,600.0,500000,9999,22.18
PSO,3,20,24,20990,500000,600.1568379818573,0.15683798185727937,600.0,500000,9999,22.44
PSO,3,20,23,20989,500000,600.118092878982,0.11809287898199727,600.0,500000,9999,22.56
PSO,3,20,27,20993,500000,600.0403259073469,0.04032590734686892,600.0,500000,9999,22.49
PSO,3,20,28,20994,500000,600.083031581382,0.08303158138198796,600.0,500000,9999,22.65
PSO,3,20,29,20995,500000,600.2804776071501,0.28047760715014647,600.0,500000,9999,22.28
PSO,4,10,15,11081,200000,844.0,44.0,800.0,200000,3999,13.45
PSO,4,10,14,11080,200000,880.0,80.0,800.0,200000,3999,13.63
PSO,4,10,16,11082,200000,846.0,46.0,800.0,200000,3999,13.33
PSO,4,10,18,11084,200000,876.0,76.0,800.0,200000,3999,13.35
PSO,4,10,17,11083,200000,834.0,34.0,800.0,200000,3999,13.64
PSO,4,10,19,11085,200000,834.0,34.0,800.0,200000,3999,13.55
PSO,4,10,20,11086,200000,818.0,18.0,800.0,200000,3999,13.25
PSO,4,10,21,11087,200000,832.0,32.0,800.0,200000,3999,13.54
PSO,4,10,22,11088,200000,838.0,38.0,800.0,200000,3999,13.54
PSO,4,10,23,11089,200000,830.0,30.0,800.0,200000,3999,13.37
PSO,4,10,24,11090,200000,836.0,36.0,800.0,200000,3999,13.5
PSO,4,10,26,11092,200000,846.0,46.0,800.0,200000,3999,13.4
PSO,4,10,27,11093,200000,832.0,32.0,800.0,200000,3999,13.42
PSO,4,10,25,11091,200000,838.0,38.0,800.0,200000,3999,13.55
PSO,4,10,29,11095,200000,852.0,52.0,800.0,200000,3999,13.4
PSO,4,10,28,11094,200000,834.0,34.0,800.0,200000,3999,13.68
PSO,4,20,1,21067,500000,930.0,130.0,800.0,500000,9999,34.19
PSO,4,20,2,21068,500000,918.0,118.0,800.0,500000,9999,34.17
PSO,4,20,3,21069,500000,916.0,116.0,800.0,500000,9999,33.93
PSO,4,20,0,21066,500000,948.0,148.0,800.0,500000,9999,35.2
PSO,4,20,5,21071,500000,978.0,178.0,800.0,500000,9999,33.48
PSO,4,20,4,21070,500000,904.0,104.0,800.0,500000,9999,33.74
PSO,4,20,6,21072,500000,908.0,108.0,800.0,500000,9999,33.96
PSO,4,20,7,21073,500000,966.0,166.0,800.0,500000,9999,33.96
PSO,4,20,9,21075,500000,990.0,190.0,800.0,500000,9999,33.28
PSO,4,20,8,21074,500000,966.0,166.0,800.0,500000,9999,33.69
PSO,4,20,10,21076,500000,982.0,182.0,800.0,500000,9999,33.34
PSO,4,20,11,21077,500000,878.0,78.0,800.0,500000,9999,33.5
PSO,4,20,12,21078,500000,966.0,166.0,800.0,500000,9999,33.97
PSO,4,20,13,21079,500000,1074.0,274.0,800.0,500000,9999,33.53
PSO,4,20,20,21086,500000,1004.0,204.0,800.0,500000,9999,33.24
PSO,4,20,14,21080,500000,952.0,152.0,800.0,500000,9999,33.84
PSO,4,20,18,21084,500000,1002.0,202.0,800.0,500000,9999,33.56
PSO,4,20,15,21081,500000,1108.0,308.0,800.0,500000,9999,33.88
PSO,4,20,17,21083,500000,1012.0,212.0,800.0,500000,9999,33.85
PSO,4,20,16,21082,500000,960.0,160.0,800.0,500000,9999,34.1
PSO,4,20,19,21085,500000,1060.0,260.0,800.0,500000,9999,34.01
PSO,4,20,21,21087,500000,964.0,164.0,800.0,500000,9999,34.31
PSO,5,10,1,11167,200000,900.0,0.0,900.0,200000,3999,6.31
PSO,5,10,0,11166,200000,900.0000000000002,2.2737367544323206e-13,900.0,200000,3999,6.38
PSO,5,10,2,11168,200000,900.454324018591,0.45432401859102356,900.0,200000,3999,6.42
PSO,5,10,3,11169,200000,900.0895282504165,0.08952825041649248,900.0,200000,3999,6.45
PSO,5,10,4,11170,200000,900.454324018591,0.45432401859102356,900.0,200000,3999,6.42
PSO,5,10,5,11171,200000,900.0000000000002,2.2737367544323206e-13,900.0,200000,3999,6.41
PSO,5,10,7,11173,200000,900.7229087698403,0.7229087698402736,900.0,200000,3999,6.3
PSO,5,10,8,11174,200000,900.5438522690073,0.5438522690072887,900.0,200000,3999,6.36
PSO,5,10,9,11175,200000,900.6333805194237,0.6333805194236675,900.0,200000,3999,6.35
PSO,5,10,6,11172,200000,900.0895282504165,0.08952825041649248,900.0,200000,3999,6.55
PSO,5,10,10,11176,200000,900.4543240185908,0.4543240185907962,900.0,200000,3999,6.61
PSO,5,10,12,11178,200000,901.7277466680332,1.7277466680332054,900.0,200000,3999,6.32
PSO,5,10,11,11177,200000,901.2536659178812,1.2536659178812215,900.0,200000,3999,6.68
PSO,5,10,13,11179,200000,900.0,0.0,900.0,200000,3999,6.35
PSO,5,10,15,11181,200000,902.8179115873909,2.8179115873908813,900.0,200000,3999,6.54
PSO,5,10,14,11180,200000,903.545021586483,3.545021586483017,900.0,200000,3999,6.61
PSO,5,10,16,11182,200000,900.0000000000001,1.1368683772161603e-13,900.0,200000,3999,6.39
PSO,5,10,17,11183,200000,900.6183187691353,0.6183187691352714,900.0,200000,3999,6.62
PSO,5,10,18,11184,200000,900.0895282504165,0.08952825041649248,900.0,200000,3999,6.37
PSO,5,10,19,11185,200000,900.7264233546972,0.7264233546972036,900.0,200000,3999,6.48
PSO,5,10,21,11187,200000,900.0,0.0,900.0,200000,3999,6.45
PSO,5,10,20,11186,200000,900.0,0.0,900.0,200000,3999,6.6
PSO,5,10,23,11189,200000,900.0895282504165,0.08952825041649248,900.0,200000,3999,6.48
PSO,5,10,22,11188,200000,900.6333805194237,0.6333805194236675,900.0,200000,3999,6.54
PSO,5,10,24,11190,200000,900.0000000000001,1.1368683772161603e-13,900.0,200000,3999,6.46
PSO,5,10,25,11191,200000,900.0000000000001,1.1368683772161603e-13,900.0,200000,3999,6.48
PSO,5,10,26,11192,200000,900.0895282504165,0.08952825041649248,900.0,200000,3999,6.39
PSO,5,10,27,11193,200000,900.0000000000001,1.1368683772161603e-13,900.0,200000,3999,6.54
PSO,5,10,29,11195,200000,900.0,0.0,900.0,200000,3999,6.27
PSO,5,10,28,11194,200000,900.0,0.0,900.0,200000,3999,6.53
PSO,4,20,22,21088,500000,1016.0,216.0,800.0,500000,9999,33.17
PSO,4,20,23,21089,500000,980.0,180.0,800.0,500000,9999,33.1
PSO,4,20,24,21090,500000,978.0,178.0,800.0,500000,9999,33.95
PSO,4,20,25,21091,500000,962.0,162.0,800.0,500000,9999,33.53
PSO,4,20,26,21092,500000,950.0,150.0,800.0,500000,9999,33.15
PSO,4,20,27,21093,500000,926.0,126.0,800.0,500000,9999,33.79
PSO,5,20,0,21166,500000,904.1808836431641,4.180883643164066,900.0,500000,9999,16.3
PSO,5,20,2,21168,500000,905.2710083896253,5.271008389625308,900.0,500000,9999,16.25
PSO,5,20,1,21167,500000,904.4912215218432,4.491221521843158,900.0,500000,9999,16.48
PSO,5,20,3,21169,500000,902.5307951011938,2.530795101193803,900.0,500000,9999,16.53
PSO,5,20,7,21173,500000,902.9130529323203,2.9130529323202836,900.0,500000,9999,16.52
PSO,5,20,6,21172,500000,908.2682975660623,8.268297566062301,900.0,500000,9999,16.56
PSO,5,20,5,21171,500000,906.7917982494096,6.791798249409567,900.0,500000,9999,16.59
PSO,5,20,4,21170,500000,905.2837476588369,5.283747658836887,900.0,500000,9999,16.86
PSO,5,20,10,21176,500000,900.26858475125,0.2685847512500459,900.0,500000,9999,16.28
PSO,5,20,9,21175,500000,900.1790565008336,0.1790565008335534,900.0,500000,9999,16.42
PSO,5,20,8,21174,500000,903.6196888149437,3.6196888149437427,900.0,500000,9999,16.54
PSO,5,20,11,21177,500000,904.7783134687776,4.778313468777583,900.0,500000,9999,16.37
PSO,4,20,28,21094,500000,918.0,118.0,800.0,500000,9999,33.19
PSO,4,20,29,21095,500000,954.0,154.0,800.0,500000,9999,33.75
PSO,5,20,13,21179,500000,902.8527774215688,2.852777421568817,900.0,500000,9999,16.56
PSO,5,20,12,21178,500000,902.7259797046073,2.7259797046073118,900.0,500000,9999,16.81
PSO,5,20,14,21180,500000,900.8519186246381,0.8519186246380741,900.0,500000,9999,16.34
PSO,5,20,15,21181,500000,902.0517759915059,2.051775991505906,900.0,500000,9999,16.39
PSO,6,10,0,11266,200000,46586.74308169156,44786.74308169156,1800.0,200000,3999,8.99
PSO,5,20,17,21183,500000,904.7702763776939,4.770276377693904,900.0,500000,9999,16.69
PSO,5,20,16,21182,500000,901.2384431533679,1.238443153367939,900.0,500000,9999,16.76
PSO,6,10,1,11267,200000,4145.641216504968,2345.641216504968,1800.0,200000,3999,8.98
PSO,6,10,2,11268,200000,3726.202180415257,1926.2021804152569,1800.0,200000,3999,8.98
PSO,6,10,3,11269,200000,54674.29485641542,52874.29485641542,1800.0,200000,3999,9.16
PSO,5,20,18,21184,500000,903.9717017733875,3.971701773387508,900.0,500000,9999,16.63
PSO,5,20,19,21185,500000,901.6304965564618,1.6304965564618215,900.0,500000,9999,16.57
PSO,6,10,5,11271,200000,4301.883322874621,2501.8833228746207,1800.0,200000,3999,9.12
PSO,5,20,20,21186,500000,906.6316752476899,6.631675247689941,900.0,500000,9999,16.18
PSO,6,10,4,11270,200000,57666.23255672718,55866.23255672718,1800.0,200000,3999,9.6
PSO,5,20,21,21187,500000,901.6026393911092,1.6026393911091645,900.0,500000,9999,16.21
PSO,5,20,22,21188,500000,900.6333805194243,0.6333805194243496,900.0,500000,9999,16.33
PSO,5,20,23,21189,500000,906.7902607170862,6.790260717086198,900.0,500000,9999,16.34
PSO,5,20,26,21192,500000,902.3495175475226,2.3495175475226233,900.0,500000,9999,16.45
PSO,5,20,28,21194,500000,903.4271073212022,3.427107321202243,900.0,500000,9999,16.26
PSO,6,10,6,11272,200000,88797.13595211417,86997.13595211417,1800.0,200000,3999,8.89
PSO,5,20,24,21190,500000,904.7586100368005,4.758610036800519,900.0,500000,9999,16.68
PSO,5,20,29,21195,500000,905.2881684774352,5.2881684774351925,900.0,500000,9999,16.42
PSO,6,10,7,11273,200000,4601.196659864789,2801.1966598647887,1800.0,200000,3999,8.9
PSO,5,20,25,21191,500000,904.2898679417546,4.289867941754551,900.0,500000,9999,16.72
PSO,5,20,27,21193,500000,902.0858808256144,2.0858808256143675,900.0,500000,9999,16.53
PSO,6,10,8,11274,200000,12270.99948904171,10470.99948904171,1800.0,200000,3999,8.92
PSO,6,10,10,11276,200000,1913.5398261751204,113.53982617512042,1800.0,200000,3999,8.91
PSO,6,10,11,11277,200000,75662.00812547648,73862.00812547648,1800.0,200000,3999,9.06
PSO,6,10,9,11275,200000,38186.29273197207,36386.29273197207,1800.0,200000,3999,9.64
PSO,6,10,12,11278,200000,15592.943444047534,13792.943444047534,1800.0,200000,3999,9.23
PSO,6,10,13,11279,200000,29578.157420877447,27778.157420877447,1800.0,200000,3999,9.02
PSO,6,10,14,11280,200000,4574.206818962706,2774.206818962706,1800.0,200000,3999,9.35
PSO,6,10,15,11281,200000,38205.44123359283,36405.44123359283,1800.0,200000,3999,9.21
PSO,6,10,17,11283,200000,5859.188354982281,4059.1883549822815,1800.0,200000,3999,8.88
PSO,6,10,16,11282,200000,1924.4703708760842,124.47037087608419,1800.0,200000,3999,9.25
PSO,6,10,18,11284,200000,1828.171263932793,28.171263932792954,1800.0,200000,3999,9.7
PSO,6,10,20,11286,200000,9341.151215781363,7541.151215781363,1800.0,200000,3999,8.9
PSO,6,10,19,11285,200000,26430.369045361953,24630.369045361953,1800.0,200000,3999,9.8
PSO,6,10,21,11287,200000,29602.20458733606,27802.20458733606,1800.0,200000,3999,9.19
PSO,6,10,22,11288,200000,4439.08837251395,2639.08837251395,1800.0,200000,3999,8.95
PSO,6,10,24,11290,200000,30833.165721775782,29033.165721775782,1800.0,200000,3999,8.95
PSO,6,10,29,11295,200000,60982.62891951336,59182.62891951336,1800.0,200000,3999,8.96
PSO,6,10,26,11292,200000,2727.635195412252,927.635195412252,1800.0,200000,3999,9.0
PSO,6,10,27,11293,200000,6134.017278907918,4334.017278907918,1800.0,200000,3999,9.01
PSO,6,10,23,11289,200000,2745.3043888482975,945.3043888482975,1800.0,200000,3999,9.21
PSO,6,10,28,11294,200000,18885.438643983573,17085.438643983573,1800.0,200000,3999,9.05
PSO,6,10,25,11291,200000,6209.810733669337,4409.810733669337,1800.0,200000,3999,9.92
PSO,6,20,1,21267,500000,87084.92251179341,85284.92251179341,1800.0,500000,9999,22.94
PSO,6,20,0,21266,500000,850430.0331762502,848630.0331762502,1800.0,500000,9999,23.13
PSO,6,20,2,21268,500000,71363.87457499822,69563.87457499822,1800.0,500000,9999,22.7
PSO,6,20,4,21270,500000,98219.02707473401,96419.02707473401,1800.0,500000,9999,22.99
PSO,6,20,3,21269,500000,72408.65932783013,70608.65932783013,1800.0,500000,9999,24.26
PSO,6,20,5,21271,500000,66387.68027901195,64587.680279011955,1800.0,500000,9999,22.93
PSO,6,20,9,21275,500000,58680.921092270546,56880.921092270546,1800.0,500000,9999,22.49
PSO,6,20,7,21273,500000,59063.466785411445,57263.466785411445,1800.0,500000,9999,23.15
PSO,6,20,8,21274,500000,100694.10008730848,98894.10008730848,1800.0,500000,9999,22.96
PSO,6,20,6,21272,500000,84915.63363532505,83115.63363532505,1800.0,500000,9999,24.66
PSO,6,20,11,21277,500000,35164976.954468116,35163176.954468116,1800.0,500000,9999,23.55
PSO,6,20,13,21279,500000,54695.51784786625,52895.51784786625,1800.0,500000,9999,22.81
PSO,6,20,14,21280,500000,96255.28175646553,94455.28175646553,1800.0,500000,9999,22.91
PSO,6,20,15,21281,500000,30638.276887311058,28838.276887311058,1800.0,500000,9999,22.79
PSO,6,20,16,21282,500000,93389.63736938966,91589.63736938966,1800.0,500000,9999,22.72
PSO,6,20,20,21286,500000,48165.001098609355,46365.001098609355,1800.0,500000,9999,22.82
PSO,6,20,10,21276,500000,65510.07246957815,63710.07246957815,1800.0,500000,9999,24.41
PSO,6,20,18,21284,500000,60717.969500525636,58917.969500525636,1800.0,500000,9999,22.98
PSO,6,20,17,21283,500000,122618.26481094037,120818.26481094037,1800.0,500000,9999,23.14
PSO,6,20,19,21285,500000,69436.91933629056,67636.91933629056,1800.0,500000,9999,23.41
PSO,6,20,12,21278,500000,122727.48371466334,120927.48371466334,1800.0,500000,9999,24.57
PSO,6,20,21,21287,500000,118254.59817283733,116454.59817283733,1800.0,500000,9999,24.64
PSO,6,20,23,21289,500000,129365.40807427035,127565.40807427035,1800.0,500000,9999,22.75
PSO,6,20,22,21288,500000,56986.499379119785,55186.499379119785,1800.0,500000,9999,22.94
PSO,6,20,24,21290,500000,56746.79257103044,54946.79257103044,1800.0,500000,9999,23.34
PSO,6,20,25,21291,500000,124152.74448290945,122352.74448290945,1800.0,500000,9999,22.85
PSO,6,20,27,21293,500000,128010.41672841621,126210.41672841621,1800.0,500000,9999,23.0
PSO,6,20,26,21292,500000,15387591.316150691,15385791.316150691,1800.0,500000,9999,24.56
PSO,6,20,28,21294,500000,109631.99173778271,107831.99173778271,1800.0,500000,9999,22.86
PSO,6,20,29,21295,500000,67103.02456498132,65303.024564981315,1800.0,500000,9999,22.93
PSO,7,10,0,11366,200000,2020.499758697889,20.499758697889092,2000.0,200000,3999,128.5
PSO,7,10,4,11370,200000,2122.222482045609,122.22248204560901,2000.0,200000,3999,127.34
PSO,7,10,2,11368,200000,2021.3317244497205,21.33172444972047,2000.0,200000,3999,127.82
PSO,7,10,3,11369,200000,2021.4949308438486,21.49493084384858,2000.0,200000,3999,128.08
PSO,7,10,5,11371,200000,2020.0121028131875,20.01210281318754,2000.0,200000,3999,127.8
PSO,7,10,9,11375,200000,2118.5385177494195,118.5385177494195,2000.0,200000,3999,127.65
PSO,7,10,6,11372,200000,2021.516372504032,21.516372504032006,2000.0,200000,3999,128.16
PSO,7,10,7,11373,200000,2021.015090061761,21.01509006176093,2000.0,200000,3999,128.29
PSO,7,10,8,11374,200000,2019.954079920719,19.954079920719096,2000.0,200000,3999,128.31
PSO,7,10,1,11367,200000,2022.4899180236343,22.489918023634345,2000.0,200000,3999,130.15
PSO,7,10,10,11376,200000,2021.4633912768047,21.463391276804714,2000.0,200000,3999,128.73
PSO,7,10,11,11377,200000,2020.9915814380079,20.99158143800787,2000.0,200000,3999,128.67
PSO,7,10,12,11378,200000,2119.6288207277207,119.62882072772072,2000.0,200000,3999,131.08
PSO,7,10,13,11379,200000,2021.5280736089994,21.52807360899942,2000.0,200000,3999,129.6
PSO,7,10,14,11380,200000,2021.408513124946,21.408513124946012,2000.0,200000,3999,127.86
PSO,7,10,15,11381,200000,2020.994964437695,20.99496443769499,2000.0,200000,3999,128.18
PSO,7,10,17,11383,200000,2021.4949409333815,21.494940933381486,2000.0,200000,3999,128.71
PSO,7,10,16,11382,200000,2029.154544420158,29.15454442015789,2000.0,200000,3999,130.17
PSO,7,10,18,11384,200000,2020.413554067854,20.413554067853966,2000.0,200000,3999,129.96
PSO,7,10,21,11387,200000,2020.000491576245,20.00049157624494,2000.0,200000,3999,128.92
PSO,7,10,20,11386,200000,2023.9821649580015,23.982164958001476,2000.0,200000,3999,129.5
PSO,7,10,19,11385,200000,2020.4999997960476,20.499999796047632,2000.0,200000,3999,130.9
PSO,7,10,22,11388,200000,2021.4885918566413,21.48859185664128,2000.0,200000,3999,126.99
PSO,7,10,24,11390,200000,2023.7812231266296,23.781223126629584,2000.0,200000,3999,126.58
PSO,7,10,23,11389,200000,2129.1966933667854,129.19669336678544,2000.0,200000,3999,126.86
PSO,7,10,25,11391,200000,2021.4949535377275,21.494953537727497,2000.0,200000,3999,126.79
PSO,7,10,28,11394,200000,2022.4899181155029,22.48991811550286,2000.0,200000,3999,126.76
PSO,7,10,27,11393,200000,2019.9805474767836,19.980547476783613,2000.0,200000,3999,127.02
PSO,7,10,26,11392,200000,2021.994567197613,21.994567197612923,2000.0,200000,3999,127.53
PSO,7,10,29,11395,200000,2118.81641743575,118.81641743574983,2000.0,200000,3999,127.53
PSO,7,20,3,21369,500000,2027.7211835701025,27.72118357010254,2000.0,500000,9999,582.47
PSO,7,20,2,21368,500000,2131.8246814043905,131.8246814043905,2000.0,500000,9999,591.65
PSO,7,20,1,21367,500000,2050.504500381406,50.50450038140616,2000.0,500000,9999,594.09
PSO,7,20,0,21366,500000,2512.009261034166,512.0092610341658,2000.0,500000,9999,594.29
PSO,7,20,5,21371,500000,2619.3066687890146,619.3066687890146,2000.0,500000,9999,591.8
PSO,7,20,13,21379,500000,2038.9103472558688,38.91034725586883,2000.0,500000,9999,582.78
PSO,7,20,9,21375,500000,2086.8362470124234,86.83624701242343,2000.0,500000,9999,587.24
PSO,7,20,6,21372,500000,2041.2682040696368,41.268204069636795,2000.0,500000,9999,590.7
PSO,7,20,10,21376,500000,2077.9822164033276,77.98221640332758,2000.0,500000,9999,587.53
PSO,7,20,7,21373,500000,2039.177703906825,39.177703906824945,2000.0,500000,9999,592.38
PSO,7,20,4,21370,500000,2104.914424078019,104.91442407801878,2000.0,500000,9999,605.0
PSO,7,20,11,21377,500000,2031.7079576798008,31.707957679800757,2000.0,500000,9999,588.17
PSO,7,20,8,21374,500000,2024.1649320961292,24.164932096129178,2000.0,500000,9999,591.52
PSO,7,20,12,21378,500000,2024.8660170037595,24.866017003759453,2000.0,500000,9999,590.15
PSO,7,20,18,21384,500000,2023.3916365273506,23.391636527350556,2000.0,500000,9999,584.26
PSO,7,20,17,21383,500000,2292.0750797283185,292.07507972831854,2000.0,500000,9999,585.11
PSO,7,20,19,21385,500000,2031.572317934829,31.572317934829016,2000.0,500000,9999,591.67
PSO,7,20,14,21380,500000,2056.847506106804,56.84750610680385,2000.0,500000,9999,594.47
PSO,7,20,21,21387,500000,2027.8602556084477,27.860255608447687,2000.0,500000,9999,591.96
PSO,7,20,16,21382,500000,2140.4780902568623,140.4780902568623,2000.0,500000,9999,594.78
PSO,7,20,15,21381,500000,2035.1675475548952,35.167547554895236,2000.0,500000,9999,596.98
PSO,7,20,20,21386,500000,2027.2779112437806,27.277911243780636,2000.0,500000,9999,598.4
PSO,8,10,0,11466,200000,2974.25970210212,774.2597021021202,2200.0,200000,3999,183.94
PSO,8,10,3,11469,200000,4861.965513444216,2661.9655134442164,2200.0,200000,3999,183.24
PSO,8,10,4,11470,200000,2367.680977088653,167.68097708865298,2200.0,200000,3999,183.44
PSO,8,10,2,11468,200000,2220.310051521774,20.310051521773858,2200.0,200000,3999,184.07
PSO,8,10,5,11471,200000,2371.5369833895447,171.53698338954473,2200.0,200000,3999,182.1
PSO,8,10,1,11467,200000,2220.351732220264,20.351732220263784,2200.0,200000,3999,185.9
PSO,8,10,6,11472,200000,4860.549627865762,2660.549627865762,2200.0,200000,3999,181.86
PSO,8,10,7,11473,200000,2220.6613935721816,20.661393572181623,2200.0,200000,3999,184.91
PSO,8,10,8,11474,200000,2630.0876549372006,430.08765493720057,2200.0,200000,3999,179.46
PSO,8,10,10,11476,200000,2220.230823673709,20.230823673708983,2200.0,200000,3999,180.82
PSO,8,10,9,11475,200000,2617.990379353471,417.99037935347087,2200.0,200000,3999,182.49
PSO,8,10,12,11478,200000,2367.531753929717,167.53175392971707,2200.0,200000,3999,181.26
PSO,8,10,11,11477,200000,2230.2351686210845,30.23516862108454,2200.0,200000,3999,184.66
PSO,8,10,13,11479,200000,2221.355750633262,21.355750633261778,2200.0,200000,3999,181.3
PSO,8,10,14,11480,200000,2221.211145301061,21.21114530106115,2200.0,200000,3999,183.09
PSO,8,10,15,11481,200000,2201.3270125600725,1.3270125600724896,2200.0,200000,3999,181.77
PSO,8,10,18,11484,200000,2220.987834615936,20.987834615936208,2200.0,200000,3999,182.18
PSO,8,10,19,11485,200000,2222.2214334221726,22.221433422172595,2200.0,200000,3999,184.92
PSO,8,10,17,11483,200000,2222.1473199504667,22.14731995046668,2200.0,200000,3999,186.01
PSO,8,10,16,11482,200000,2222.0414662156268,22.04146621562677,2200.0,200000,3999,186.97
PSO,8,10,20,11486,200000,2326.5824132176404,126.58241321764035,2200.0,200000,3999,180.83
PSO,8,10,24,11490,200000,2221.5473505924633,21.547350592463317,2200.0,200000,3999,178.4
PSO,8,10,21,11487,200000,2221.190837345817,21.190837345816817,2200.0,200000,3999,184.69
PSO,8,10,23,11489,200000,2220.5307665773994,20.53076657739939,2200.0,200000,3999,180.61
PSO,8,10,22,11488,200000,2220.094414625608,20.094414625607897,2200.0,200000,3999,187.72
PSO,8,10,25,11491,200000,2220.245285355337,20.24528535533682,2200.0,200000,3999,182.45
PSO,8,10,27,11493,200000,2220.8658063568114,20.86580635681139,2200.0,200000,3999,179.62
PSO,8,10,26,11492,200000,2227.6146464041512,27.614646404151244,2200.0,200000,3999,183.03
PSO,8,10,29,11495,200000,2220.778041098665,20.7780410986652,2200.0,200000,3999,178.94
PSO,8,10,28,11494,200000,2220.519201679315,20.519201679314847,2200.0,200000,3999,187.65
PSO,7,20,22,21388,500000,2140.0324209538335,140.03242095383348,2000.0,500000,9999,593.99
PSO,7,20,24,21390,500000,2040.1389764659752,40.13897646597525,2000.0,500000,9999,592.16
PSO,7,20,23,21389,500000,2024.1324954727963,24.132495472796336,2000.0,500000,9999,595.7
PSO,7,20,25,21391,500000,2054.159384190073,54.15938419007307,2000.0,500000,9999,597.12
PSO,7,20,27,21393,500000,2052.840229180759,52.8402291807588,2000.0,500000,9999,589.62
PSO,7,20,26,21392,500000,2023.6442771139932,23.644277113993212,2000.0,500000,9999,604.45
PSO,7,20,29,21395,500000,2586.715669331369,586.7156693313691,2000.0,500000,9999,596.2
PSO,7,20,28,21394,500000,2023.909831318278,23.909831318278066,2000.0,500000,9999,599.16
PSO,8,20,1,21467,500000,4697.54103001797,2497.54103001797,2200.0,500000,9999,844.11
PSO,8,20,3,21469,500000,2761.1519818692996,561.1519818692996,2200.0,500000,9999,844.96
PSO,8,20,0,21466,500000,2229.226761166548,29.22676116654793,2200.0,500000,9999,848.99
PSO,8,20,2,21468,500000,3225.842906447612,1025.8429064476122,2200.0,500000,9999,855.35
PSO,8,20,4,21470,500000,2225.8291710517065,25.829171051706453,2200.0,500000,9999,843.05
PSO,8,20,6,21472,500000,2726.932103307779,526.932103307779,2200.0,500000,9999,840.68
PSO,8,20,9,21475,500000,6236.163990509222,4036.1639905092215,2200.0,500000,9999,836.47
PSO,8,20,5,21471,500000,2256.8146320731084,56.81463207310844,2200.0,500000,9999,844.72
PSO,8,20,8,21474,500000,3725.6445251662863,1525.6445251662863,2200.0,500000,9999,840.47
PSO,8,20,11,21477,500000,6128.250873033542,3928.250873033542,2200.0,500000,9999,838.43
PSO,8,20,7,21473,500000,3218.349018812867,1018.3490188128671,2200.0,500000,9999,845.97
PSO,8,20,10,21476,500000,2237.8908519149754,37.89085191497543,2200.0,500000,9999,848.3
PSO,9,10,1,11567,200000,2659.0943447803597,359.09434478035973,2300.0,200000,3999,27.33
PSO,9,10,0,11566,200000,2669.8598037236384,369.8598037236384,2300.0,200000,3999,28.17
PSO,9,10,2,11568,200000,2670.1079759592353,370.1079759592353,2300.0,200000,3999,31.1
PSO,9,10,3,11569,200000,2746.727698374341,446.7276983743409,2300.0,200000,3999,29.52
PSO,9,10,5,11571,200000,2680.2399340601673,380.23993406016734,2300.0,200000,3999,27.72
PSO,9,10,4,11570,200000,2666.9081428772765,366.90814287727653,2300.0,200000,3999,28.61
PSO,9,10,6,11572,200000,2670.1079759592353,370.1079759592353,2300.0,200000,3999,29.16
PSO,9,10,7,11573,200000,2670.1079759592353,370.1079759592353,2300.0,200000,3999,29.1
PSO,8,20,12,21478,500000,3281.241731965546,1081.241731965546,2200.0,500000,9999,843.57
PSO,9,10,8,11574,200000,2680.239934060168,380.2399340601678,2300.0,200000,3999,28.28
PSO,8,20,13,21479,500000,3238.061534231282,1038.0615342312822,2200.0,500000,9999,848.6
PSO,9,10,9,11575,200000,2670.107975959236,370.1079759592358,2300.0,200000,3999,28.59
PSO,9,10,10,11576,200000,2680.156591799063,380.1565917990629,2300.0,200000,3999,31.56
PSO,8,20,14,21480,500000,4821.910235892019,2621.910235892019,2200.0,500000,9999,841.75
PSO,9,10,11,11577,200000,2742.4477618108103,442.44776181081033,2300.0,200000,3999,27.14
PSO,9,10,12,11578,200000,2745.1509756289847,445.1509756289847,2300.0,200000,3999,28.86
PSO,8,20,16,21482,500000,5022.907400904077,2822.907400904077,2200.0,500000,9999,843.56
PSO,8,20,15,21481,500000,2527.507981120336,327.5079811203359,2200.0,500000,9999,849.22
PSO,9,10,15,11581,200000,2746.727698374341,446.7276983743409,2300.0,200000,3999,26.42
PSO,9,10,14,11580,200000,2680.2399340601673,380.23993406016734,2300.0,200000,3999,28.25
PSO,9,10,13,11579,200000,2659.19280518087,359.19280518087,2300.0,200000,3999,30.11
PSO,8,20,18,21484,500000,3189.9079696037297,989.9079696037297,2200.0,500000,9999,848.01
PSO,8,20,17,21483,500000,2831.0176565272104,631.0176565272104,2200.0,500000,9999,851.1
PSO,8,20,20,21486,500000,3833.9443446282394,1633.9443446282394,2200.0,500000,9999,844.01
PSO,9,10,17,11583,200000,2699.7866013360044,399.7866013360044,2300.0,200000,3999,28.16
PSO,9,10,18,11584,200000,2680.239934060168,380.2399340601678,2300.0,200000,3999,28.15
PSO,8,20,19,21485,500000,3300.4084409431325,1100.4084409431325,2200.0,500000,9999,848.31
PSO,9,10,16,11582,200000,2670.1079759592353,370.1079759592353,2300.0,200000,3999,32.2
PSO,8,20,21,21487,500000,2230.1819900177684,30.181990017768385,2200.0,500000,9999,852.0
PSO,9,10,19,11585,200000,2680.2399340601673,380.23993406016734,2300.0,200000,3999,32.55
PSO,9,10,20,11586,200000,2745.150975628985,445.1509756289852,2300.0,200000,3999,30.12
PSO,9,10,22,11588,200000,2688.3034922687025,388.3034922687025,2300.0,200000,3999,26.4
PSO,9,10,21,11587,200000,2726.7039365014916,426.7039365014916,2300.0,200000,3999,29.3
PSO,9,10,23,11589,200000,2669.8598037236384,369.8598037236384,2300.0,200000,3999,28.94
PSO,9,10,24,11590,200000,2711.954375603942,411.954375603942,2300.0,200000,3999,29.17
PSO,9,10,26,11592,200000,2670.1079759592353,370.1079759592353,2300.0,200000,3999,28.87
PSO,9,10,27,11593,200000,2670.1079759592353,370.1079759592353,2300.0,200000,3999,27.47
PSO,9,10,25,11591,200000,2664.5424327561927,364.54243275619274,2300.0,200000,3999,31.68
PSO,9,10,28,11594,200000,2714.92739456246,414.92739456246,2300.0,200000,3999,27.94
PSO,9,10,29,11595,200000,2659.19280518087,359.19280518087,2300.0,200000,3999,27.95
PSO,9,20,0,21566,500000,2635.6387702715765,335.6387702715765,2300.0,500000,9999,73.84
PSO,9,20,1,21567,500000,2779.905041150614,479.9050411506141,2300.0,500000,9999,77.93
PSO,9,20,2,21568,500000,2649.3281770650383,349.3281770650383,2300.0,500000,9999,73.36
PSO,9,20,3,21569,500000,2658.7923782553507,358.79237825535074,2300.0,500000,9999,73.78
PSO,9,20,7,21573,500000,3086.8958870170322,786.8958870170322,2300.0,500000,9999,69.35
PSO,9,20,5,21571,500000,2680.2957933667312,380.29579336673123,2300.0,500000,9999,75.95
PSO,9,20,4,21570,500000,2833.327897561493,533.327897561493,2300.0,500000,9999,78.48
PSO,9,20,6,21572,500000,2741.2510039948197,441.2510039948197,2300.0,500000,9999,75.69
PSO,9,20,9,21575,500000,2701.8657657013155,401.86576570131547,2300.0,500000,9999,69.51
PSO,9,20,8,21574,500000,2906.3131080376925,606.3131080376925,2300.0,500000,9999,71.91
PSO,9,20,12,21578,500000,2649.328177065036,349.328177065036,2300.0,500000,9999,70.12
PSO,9,20,10,21576,500000,2927.3032118607052,627.3032118607052,2300.0,500000,9999,72.2
PSO,9,20,11,21577,500000,3070.767314875009,770.7673148750091,2300.0,500000,9999,75.57
PSO,9,20,13,21579,500000,2740.4933138514584,440.4933138514584,2300.0,500000,9999,76.07
PSO,9,20,14,21580,500000,2675.6018098470117,375.60180984701174,2300.0,500000,9999,73.22
PSO,9,20,17,21583,500000,2662.7863239446724,362.7863239446724,2300.0,500000,9999,67.64
PSO,9,20,15,21581,500000,3142.3172847213114,842.3172847213114,2300.0,500000,9999,73.33
PSO,9,20,16,21582,500000,2689.2153798407694,389.2153798407694,2300.0,500000,9999,77.41
PSO,9,20,20,21586,500000,2957.71826297223,657.7182629722301,2300.0,500000,9999,67.5
PSO,9,20,18,21584,500000,2786.275593717004,486.2755937170041,2300.0,500000,9999,72.93
PSO,9,20,19,21585,500000,2635.791422314929,335.79142231492915,2300.0,500000,9999,70.54
PSO,9,20,21,21587,500000,2916.425014354311,616.4250143543109,2300.0,500000,9999,76.5
PSO,9,20,22,21588,500000,2867.230698515821,567.2306985158211,2300.0,500000,9999,76.28
PSO,9,20,23,21589,500000,2772.147517191142,472.147517191142,2300.0,500000,9999,76.47
PSO,9,20,24,21590,500000,2861.334436535195,561.334436535195,2300.0,500000,9999,74.34
PSO,9,20,25,21591,500000,3157.796389361368,857.7963893613678,2300.0,500000,9999,76.79
PSO,9,20,27,21593,500000,2733.389045573063,433.38904557306296,2300.0,500000,9999,72.53
PSO,9,20,26,21592,500000,2953.4930888239132,653.4930888239132,2300.0,500000,9999,77.94
PSO,10,10,0,11666,200000,2737.545828809836,337.54582880983617,2400.0,200000,3999,26.71
PSO,10,10,2,11668,200000,2846.7587934666863,446.75879346668626,2400.0,200000,3999,27.14
PSO,10,10,1,11667,200000,2621.1220572825237,221.12205728252366,2400.0,200000,3999,27.56
PSO,10,10,3,11669,200000,2623.0742561601646,223.07425616016462,2400.0,200000,3999,26.34
PSO,10,10,4,11670,200000,2734.95018070505,334.9501807050501,2400.0,200000,3999,26.81
PSO,10,10,5,11671,200000,2742.0399459068994,342.03994590689945,2400.0,200000,3999,26.62
PSO,10,10,7,11673,200000,2767.0312830626294,367.0312830626294,2400.0,200000,3999,26.41
PSO,10,10,6,11672,200000,2622.103357698578,222.10335769857784,2400.0,200000,3999,26.97
PSO,10,10,8,11674,200000,2626.6686079288143,226.66860792881425,2400.0,200000,3999,26.71
PSO,10,10,9,11675,200000,2621.1220572825237,221.12205728252366,2400.0,200000,3999,26.65
PSO,10,10,10,11676,200000,2625.6694339495916,225.66943394959162,2400.0,200000,3999,26.46
PSO,10,10,11,11677,200000,2743.092333184733,343.092333184733,2400.0,200000,3999,26.79
PSO,10,10,12,11678,200000,2789.2381785510092,389.23817855100924,2400.0,200000,3999,26.79
PSO,10,10,14,11680,200000,2741.3084854010776,341.30848540107763,2400.0,200000,3999,26.3
PSO,10,10,13,11679,200000,2622.103351512175,222.10335151217487,2400.0,200000,3999,26.95
PSO,10,10,15,11681,200000,2635.5790413214745,235.5790413214745,2400.0,200000,3999,27.0
PSO,10,10,16,11682,200000,2621.3494272349835,221.34942723498352,2400.0,200000,3999,26.97
PSO,9,20,28,21594,500000,3164.8895189944997,864.8895189944997,2300.0,500000,9999,72.27
PSO,10,10,17,11683,200000,2632.307041281667,232.3070412816669,2400.0,200000,3999,26.78
PSO,10,10,18,11684,200000,2771.6238898102074,371.6238898102074,2400.0,200000,3999,26.75
PSO,10,10,19,11685,200000,2715.4139841630895,315.4139841630895,2400.0,200000,3999,26.78
PSO,9,20,29,21595,500000,2902.797017753751,602.7970177537509,2300.0,500000,9999,72.17
PSO,10,10,20,11686,200000,2627.9412459542514,227.94124595425137,2400.0,200000,3999,26.9
PSO,10,10,21,11687,200000,2621.472330521765,221.4723305217649,2400.0,200000,3999,26.57
PSO,10,10,22,11688,200000,2626.7071696231615,226.70716962316146,2400.0,200000,3999,26.45
PSO,10,10,23,11689,200000,2622.1744000774943,222.17440007749428,2400.0,200000,3999,26.42
PSO,10,10,24,11690,200000,2622.1033736706604,222.1033736706604,2400.0,200000,3999,26.72
PSO,10,10,25,11691,200000,2627.2311518418583,227.23115184185826,2400.0,200000,3999,26.51
PSO,10,10,26,11692,200000,2739.6803017528237,339.68030175282365,2400.0,200000,3999,26.44
PSO,10,10,28,11694,200000,2725.9222536332272,325.9222536332272,2400.0,200000,3999,26.1
PSO,10,10,27,11693,200000,2724.246040692709,324.2460406927089,2400.0,200000,3999,27.16
PSO,10,10,29,11695,200000,2661.1061821572584,261.10618215725844,2400.0,200000,3999,26.86
PSO,10,20,0,21666,500000,4036.1201769046975,1636.1201769046975,2400.0,500000,9999,67.2
PSO,10,20,2,21668,500000,2946.9582958038945,546.9582958038945,2400.0,500000,9999,67.19
PSO,10,20,1,21667,500000,4559.858936865054,2159.8589368650537,2400.0,500000,9999,67.76
PSO,10,20,3,21669,500000,4738.753320544312,2338.7533205443124,2400.0,500000,9999,68.13
PSO,10,20,4,21670,500000,5252.3030163327385,2852.3030163327385,2400.0,500000,9999,67.67
PSO,10,20,5,21671,500000,4016.422617494847,1616.4226174948471,2400.0,500000,9999,67.04
PSO,10,20,6,21672,500000,5464.933451620646,3064.9334516206463,2400.0,500000,9999,67.19
PSO,10,20,7,21673,500000,4621.1261122504075,2221.1261122504075,2400.0,500000,9999,67.21
PSO,10,20,8,21674,500000,2890.6373725046315,490.63737250463146,2400.0,500000,9999,67.3
PSO,10,20,9,21675,500000,2862.904789096147,462.90478909614694,2400.0,500000,9999,67.36
PSO,10,20,10,21676,500000,2862.463517229365,462.46351722936515,2400.0,500000,9999,67.0
PSO,10,20,12,21678,500000,2812.6610044567933,412.6610044567933,2400.0,500000,9999,66.96
PSO,10,20,11,21677,500000,4884.414631838137,2484.414631838137,2400.0,500000,9999,68.14
PSO,10,20,13,21679,500000,4379.531674204453,1979.5316742044533,2400.0,500000,9999,67.4
PSO,10,20,14,21680,500000,4350.152349224585,1950.1523492245851,2400.0,500000,9999,68.04
PSO,10,20,16,21682,500000,2996.8500143513274,596.8500143513274,2400.0,500000,9999,69.17
PSO,10,20,17,21683,500000,4221.494174977855,1821.4941749778554,2400.0,500000,9999,68.99
PSO,10,20,15,21681,500000,5039.614367019725,2639.6143670197253,2400.0,500000,9999,70.95
PSO,10,20,18,21684,500000,4343.101549073612,1943.1015490736117,2400.0,500000,9999,68.52
PSO,10,20,19,21685,500000,4977.746936483949,2577.746936483949,2400.0,500000,9999,70.78
PSO,10,20,20,21686,500000,5495.427668892544,3095.427668892544,2400.0,500000,9999,70.24
PSO,10,20,22,21688,500000,5177.922256727978,2777.9222567279776,2400.0,500000,9999,66.36
PSO,10,20,21,21687,500000,4945.889065337667,2545.8890653376666,2400.0,500000,9999,70.65
PSO,10,20,23,21689,500000,4522.461888905891,2122.461888905891,2400.0,500000,9999,69.05
PSO,10,20,25,21691,500000,4359.898032944767,1959.8980329447668,2400.0,500000,9999,69.51
PSO,10,20,24,21690,500000,4768.192759496178,2368.192759496178,2400.0,500000,9999,71.75
PSO,10,20,26,21692,500000,3944.590635191401,1544.590635191401,2400.0,500000,9999,69.0
PSO,10,20,27,21693,500000,4596.206269579152,2196.206269579152,2400.0,500000,9999,70.03
PSO,11,10,2,11768,200000,2619.709831682203,19.709831682203003,2600.0,200000,3999,45.37
PSO,11,10,1,11767,200000,2627.165484966307,27.16548496630685,2600.0,200000,3999,45.95
PSO,11,10,0,11766,200000,2619.017355969195,19.017355969194796,2600.0,200000,3999,46.98
PSO,11,10,3,11769,200000,3479.340934775835,879.3409347758352,2600.0,200000,3999,46.11
PSO,11,10,5,11771,200000,3476.458643397318,876.4586433973182,2600.0,200000,3999,44.69
PSO,11,10,4,11770,200000,2647.910964304238,47.91096430423795,2600.0,200000,3999,46.15
PSO,11,10,6,11772,200000,2600.0000000000005,4.547473508864641e-13,2600.0,200000,3999,46.51
PSO,11,10,7,11773,200000,2600.0000000000005,4.547473508864641e-13,2600.0,200000,3999,45.73
PSO,11,10,9,11775,200000,2650.972251596326,50.972251596325805,2600.0,200000,3999,43.36
PSO,10,20,28,21694,500000,3852.4912009207037,1452.4912009207037,2400.0,500000,9999,66.21
PSO,11,10,8,11774,200000,2626.602963880619,26.602963880618972,2600.0,200000,3999,47.52
PSO,11,10,10,11776,200000,2626.602963880619,26.602963880618972,2600.0,200000,3999,47.73
PSO,10,20,29,21695,500000,3778.6738907984736,1378.6738907984736,2400.0,500000,9999,67.57
PSO,11,10,11,11777,200000,2619.473414547715,19.473414547715038,2600.0,200000,3999,47.64
PSO,11,10,12,11778,200000,2626.602963880619,26.602963880618972,2600.0,200000,3999,45.24
PSO,11,10,13,11779,200000,2650.972251596326,50.972251596325805,2600.0,200000,3999,46.9
PSO,11,10,14,11780,200000,2648.684942994187,48.68494299418717,2600.0,200000,3999,47.85
PSO,11,10,16,11782,200000,2626.602963880619,26.602963880618972,2600.0,200000,3999,45.78
PSO,11,10,15,11781,200000,2634.307165857518,34.30716585751816,2600.0,200000,3999,47.17
PSO,11,10,17,11783,200000,2626.602963880619,26.602963880618972,2600.0,200000,3999,45.84
PSO,11,10,18,11784,200000,2621.893941630776,21.893941630776226,2600.0,200000,3999,47.34
PSO,11,10,20,11786,200000,2627.1057001855893,27.105700185589285,2600.0,200000,3999,46.45
PSO,11,10,19,11785,200000,2633.193962248742,33.19396224874208,2600.0,200000,3999,47.87
PSO,11,10,21,11787,200000,2626.4085136850035,26.408513685003527,2600.0,200000,3999,46.07
PSO,11,10,23,11789,200000,2600.0,0.0,2600.0,200000,3999,44.51
PSO,11,10,22,11788,200000,2626.602963880619,26.602963880618972,2600.0,200000,3999,45.41
PSO,11,10,24,11790,200000,2626.602963880619,26.602963880618972,2600.0,200000,3999,48.06
PSO,11,10,25,11791,200000,2626.602963880619,26.602963880618972,2600.0,200000,3999,48.19
PSO,11,10,27,11793,200000,2631.3471246488334,31.347124648833415,2600.0,200000,3999,42.64
PSO,11,10,28,11794,200000,3498.185712245735,898.185712245735,2600.0,200000,3999,44.83
PSO,11,10,26,11792,200000,2634.2770958513693,34.27709585136927,2600.0,200000,3999,48.62
PSO,11,10,29,11795,200000,2626.4085136850035,26.408513685003527,2600.0,200000,3999,47.47
PSO,11,20,0,21766,500000,4272.799376138472,1672.7993761384723,2600.0,500000,9999,110.2
PSO,11,20,1,21767,500000,2657.9950493423935,57.995049342393486,2600.0,500000,9999,111.56
PSO,11,20,3,21769,500000,4235.425723512069,1635.4257235120695,2600.0,500000,9999,113.24
PSO,11,20,5,21771,500000,2766.227555468479,166.22755546847884,2600.0,500000,9999,112.79
PSO,11,20,2,21768,500000,2792.0265867062426,192.0265867062426,2600.0,500000,9999,119.28
PSO,11,20,4,21770,500000,4131.943814430751,1531.9438144307514,2600.0,500000,9999,117.2
PSO,11,20,6,21772,500000,4487.342517921862,1887.342517921862,2600.0,500000,9999,117.72
PSO,11,20,7,21773,500000,2637.8643542046893,37.864354204689334,2600.0,500000,9999,117.62
PSO,11,20,8,21774,500000,2678.958580183324,78.9585801833241,2600.0,500000,9999,116.16
PSO,11,20,9,21775,500000,4261.30320828394,1661.30320828394,2600.0,500000,9999,117.7
PSO,11,20,10,21776,500000,4205.953721948046,1605.9537219480462,2600.0,500000,9999,115.8
PSO,11,20,11,21777,500000,2726.5311099708106,126.53110997081058,2600.0,500000,9999,114.03
PSO,11,20,12,21778,500000,4226.048808550687,1626.0488085506868,2600.0,500000,9999,117.09
PSO,11,20,13,21779,500000,2720.6888836459248,120.68888364592476,2600.0,500000,9999,113.3
PSO,8,20,24,21490,500000,2513.901149430816,313.9011494308161,2200.0,500000,9999,846.7
PSO,8,20,22,21488,500000,2231.6890085031487,31.68900850314867,2200.0,500000,9999,851.62
PSO,8,20,23,21489,500000,3219.338505610563,1019.3385056105631,2200.0,500000,9999,853.97
PSO,8,20,25,21491,500000,2558.401304531774,358.4013045317738,2200.0,500000,9999,856.83
PSO,12,10,0,11866,200000,2871.2487182741197,171.2487182741197,2700.0,200000,3999,49.19
PSO,11,20,14,21780,500000,2728.333131345159,128.33313134515902,2600.0,500000,9999,115.62
PSO,11,20,15,21781,500000,3231.5515908280813,631.5515908280813,2600.0,500000,9999,113.95
PSO,12,10,1,11867,200000,2871.3513551700753,171.3513551700753,2700.0,200000,3999,48.99
PSO,11,20,16,21782,500000,4297.079175757718,1697.079175757718,2600.0,500000,9999,114.81
PSO,11,20,18,21784,500000,4281.311839127067,1681.3118391270673,2600.0,500000,9999,114.02
PSO,11,20,17,21783,500000,2851.1164468306233,251.11644683062332,2600.0,500000,9999,115.31
PSO,11,20,20,21786,500000,4304.829399203594,1704.8293992035942,2600.0,500000,9999,112.88
PSO,11,20,19,21785,500000,2627.3966011827815,27.396601182781524,2600.0,500000,9999,115.95
PSO,11,20,21,21787,500000,4201.43313049908,1601.43313049908,2600.0,500000,9999,116.64
PSO,11,20,22,21788,500000,2661.106324997837,61.106324997836964,2600.0,500000,9999,114.55
PSO,11,20,23,21789,500000,2636.62839112688,36.62839112688016,2600.0,500000,9999,112.72
PSO,8,20,28,21494,500000,6018.132875678764,3818.1328756787643,2200.0,500000,9999,840.22
PSO,8,20,29,21495,500000,3462.256716372989,1262.256716372989,2200.0,500000,9999,841.97
PSO,8,20,26,21492,500000,2877.6134355912354,677.6134355912354,2200.0,500000,9999,851.65
PSO,8,20,27,21493,500000,3223.4773118284193,1023.4773118284193,2200.0,500000,9999,849.01
PSO,12,10,2,11868,200000,2870.8593265259037,170.85932652590373,2700.0,200000,3999,49.44
PSO,11,20,24,21790,500000,2646.755758776584,46.755758776584116,2600.0,500000,9999,116.83
PSO,11,20,25,21791,500000,2665.3355095626016,65.3355095626016,2600.0,500000,9999,117.74
PSO,11,20,26,21792,500000,4196.143661729722,1596.1436617297222,2600.0,500000,9999,114.53
PSO,12,10,3,11869,200000,2871.2460451786396,171.24604517863963,2700.0,200000,3999,48.85
PSO,11,20,27,21793,500000,2660.156808967918,60.156808967918096,2600.0,500000,9999,114.5
PSO,12,10,4,11870,200000,2873.724668347643,173.72466834764282,2700.0,200000,3999,49.85
PSO,11,20,28,21794,500000,4267.347483916849,1667.3474839168493,2600.0,500000,9999,114.33
PSO,12,10,5,11871,200000,2871.119482359265,171.11948235926502,2700.0,200000,3999,49.77
PSO,11,20,29,21795,500000,4349.981267513811,1749.981267513811,2600.0,500000,9999,116.69
PSO,12,10,6,11872,200000,2871.3513551700753,171.3513551700753,2700.0,200000,3999,49.54
PSO,12,10,8,11874,200000,2874.749975068404,174.74997506840418,2700.0,200000,3999,49.3
PSO,12,10,7,11873,200000,2873.9368216169614,173.93682161696142,2700.0,200000,3999,49.95
PSO,12,10,9,11875,200000,2874.525218993527,174.52521899352678,2700.0,200000,3999,49.95
PSO,12,10,10,11876,200000,2870.8593265259037,170.85932652590373,2700.0,200000,3999,50.77
PSO,12,10,12,11878,200000,2878.561116429942,178.5611164299421,2700.0,200000,3999,49.61
PSO,12,10,11,11877,200000,2930.696260746384,230.6962607463838,2700.0,200000,3999,49.96
PSO,12,10,13,11879,200000,2878.338759728208,178.33875972820806,2700.0,200000,3999,50.2
PSO,12,10,14,11880,200000,2868.893508537817,168.89350853781707,2700.0,200000,3999,49.54
PSO,12,10,15,11881,200000,2870.7743712342954,170.77437123429536,2700.0,200000,3999,49.39
PSO,12,10,16,11882,200000,2866.56526448755,166.56526448754994,2700.0,200000,3999,49.95
PSO,12,10,17,11883,200000,2868.355133508939,168.35513350893916,2700.0,200000,3999,50.22
PSO,12,10,18,11884,200000,2871.3513551700753,171.3513551700753,2700.0,200000,3999,49.69
PSO,12,10,19,11885,200000,2868.1829029836276,168.18290298362763,2700.0,200000,3999,50.83
PSO,12,10,21,11887,200000,2968.544749995532,268.54474999553213,2700.0,200000,3999,48.68
PSO,12,10,20,11886,200000,2868.1829029924133,168.18290299241335,2700.0,200000,3999,50.1
PSO,12,10,23,11889,200000,2871.0866723959225,171.0866723959225,2700.0,200000,3999,49.35
PSO,12,10,24,11890,200000,2878.338759728208,178.33875972820806,2700.0,200000,3999,50.08
PSO,12,10,22,11888,200000,2874.749975068404,174.74997506840418,2700.0,200000,3999,51.37
PSO,12,10,25,11891,200000,2930.7025528422323,230.7025528422323,2700.0,200000,3999,49.34
PSO,12,10,27,11893,200000,2883.1418167190036,183.1418167190036,2700.0,200000,3999,50.15
PSO,12,10,26,11892,200000,2870.634483321865,170.634483321865,2700.0,200000,3999,51.71
PSO,12,10,28,11894,200000,2878.561116429942,178.5611164299421,2700.0,200000,3999,49.53
PSO,12,10,29,11895,200000,2930.362320471072,230.36232047107205,2700.0,200000,3999,50.09
PSO,12,20,0,21866,500000,2993.281987782702,293.2819877827019,2700.0,500000,9999,126.6
PSO,12,20,2,21868,500000,3003.741237010954,303.74123701095414,2700.0,500000,9999,125.1
PSO,12,20,1,21867,500000,2977.4531971163933,277.4531971163933,2700.0,500000,9999,126.72
PSO,12,20,3,21869,500000,2962.01440821657,262.0144082165698,2700.0,500000,9999,125.0
PSO,12,20,4,21870,500000,2954.849435917288,254.8494359172878,2700.0,500000,9999,125.85
PSO,12,20,5,21871,500000,3128.1000917041115,428.1000917041115,2700.0,500000,9999,126.82
PSO,12,20,6,21872,500000,3037.936565840002,337.936565840002,2700.0,500000,9999,124.73
PSO,12,20,7,21873,500000,3014.6859637573943,314.68596375739435,2700.0,500000,9999,124.18
PSO,12,20,8,21874,500000,3038.753595902126,338.7535959021261,2700.0,500000,9999,125.21
wDecay,1,10,0,10766,200000,300.0,0.0,300.0,200000,3999,3.32
PSO,12,20,9,21875,500000,2962.9193699431503,262.9193699431503,2700.0,500000,9999,126.65
wDecay,1,10,1,10767,200000,300.0,0.0,300.0,200000,3999,3.2
wDecay,1,10,2,10768,200000,300.0,0.0,300.0,200000,3999,3.27
PSO,12,20,11,21877,500000,2960.987544170047,260.98754417004693,2700.0,500000,9999,124.22
wDecay,1,10,3,10769,200000,300.0,0.0,300.0,200000,3999,3.45
wDecay,1,10,4,10770,200000,300.0,0.0,300.0,200000,3999,3.3
PSO,12,20,10,21876,500000,3000.0280506565286,300.02805065652865,2700.0,500000,9999,126.94
PSO,12,20,12,21878,500000,2977.3371335031343,277.3371335031343,2700.0,500000,9999,125.1
wDecay,1,10,5,10771,200000,300.0,0.0,300.0,200000,3999,3.24
wDecay,1,10,6,10772,200000,300.0,0.0,300.0,200000,3999,3.3
PSO,12,20,14,21880,500000,3062.5862085909166,362.5862085909166,2700.0,500000,9999,125.62
PSO,12,20,13,21879,500000,3002.004250662139,302.00425066213893,2700.0,500000,9999,126.41
wDecay,1,10,7,10773,200000,300.0,0.0,300.0,200000,3999,3.3
wDecay,1,10,8,10774,200000,300.0,0.0,300.0,200000,3999,3.46
wDecay,1,10,9,10775,200000,300.0,0.0,300.0,200000,3999,3.33
PSO,12,20,15,21881,500000,2959.883102490738,259.8831024907381,2700.0,500000,9999,125.32
wDecay,1,10,10,10776,200000,300.0,0.0,300.0,200000,3999,3.11
PSO,12,20,16,21882,500000,3044.990500892998,344.99050089299817,2700.0,500000,9999,125.95
wDecay,1,10,11,10777,200000,300.0,0.0,300.0,200000,3999,3.27
wDecay,1,10,13,10779,200000,300.0,0.0,300.0,200000,3999,3.28
wDecay,1,10,12,10778,200000,300.0,0.0,300.0,200000,3999,3.42
wDecay,1,10,14,10780,200000,300.0,0.0,300.0,200000,3999,3.31
PSO,12,20,17,21883,500000,2990.1580545546176,290.1580545546176,2700.0,500000,9999,125.47
wDecay,1,10,15,10781,200000,300.0,0.0,300.0,200000,3999,3.34
wDecay,1,10,16,10782,200000,1878.4806487062274,1578.4806487062274,300.0,200000,3999,3.34
wDecay,1,10,17,10783,200000,300.0,0.0,300.0,200000,3999,3.29
wDecay,1,10,18,10784,200000,300.0,0.0,300.0,200000,3999,3.46
wDecay,1,10,19,10785,200000,300.0,0.0,300.0,200000,3999,3.34
wDecay,1,10,20,10786,200000,300.0,0.0,300.0,200000,3999,3.27
wDecay,1,10,21,10787,200000,300.00000000000006,5.684341886080802e-14,300.0,200000,3999,3.4
wDecay,1,10,22,10788,200000,300.0,0.0,300.0,200000,3999,3.35
wDecay,1,10,23,10789,200000,300.0,0.0,300.0,200000,3999,3.27
wDecay,1,10,25,10791,200000,300.0,0.0,300.0,200000,3999,3.22
wDecay,1,10,24,10790,200000,300.0,0.0,300.0,200000,3999,3.36
wDecay,1,10,26,10792,200000,300.0,0.0,300.0,200000,3999,3.29
wDecay,1,10,27,10793,200000,300.0,0.0,300.0,200000,3999,3.28
wDecay,1,10,28,10794,200000,300.0,0.0,300.0,200000,3999,3.23
wDecay,1,10,29,10795,200000,3153.9167015655657,2853.9167015655657,300.0,200000,3999,3.45
PSO,12,20,18,21884,500000,3027.6986532202773,327.69865322027727,2700.0,500000,9999,125.77
PSO,12,20,20,21886,500000,3031.523916513229,331.52391651322887,2700.0,500000,9999,125.3
PSO,12,20,19,21885,500000,2968.423362549584,268.423362549584,2700.0,500000,9999,127.71
PSO,12,20,21,21887,500000,3007.5562243185254,307.55622431852544,2700.0,500000,9999,124.81
wDecay,1,20,0,20766,500000,300.00000000000006,5.684341886080802e-14,300.0,500000,9999,8.71
wDecay,1,20,2,20768,500000,3063.082357955918,2763.082357955918,300.0,500000,9999,8.43
wDecay,1,20,3,20769,500000,1877.505804038362,1577.505804038362,300.0,500000,9999,8.42
wDecay,1,20,1,20767,500000,300.00000000000006,5.684341886080802e-14,300.0,500000,9999,8.58
wDecay,1,20,4,20770,500000,9397.295643668494,9097.295643668494,300.0,500000,9999,8.61
wDecay,1,20,5,20771,500000,3746.150709402905,3446.150709402905,300.0,500000,9999,8.7
wDecay,1,20,6,20772,500000,3292.656472458611,2992.656472458611,300.0,500000,9999,8.5
wDecay,1,20,7,20773,500000,986.8315432771091,686.8315432771091,300.0,500000,9999,8.59
wDecay,1,20,8,20774,500000,4548.261760207243,4248.261760207243,300.0,500000,9999,8.43
wDecay,1,20,9,20775,500000,2647.3493744473785,2347.3493744473785,300.0,500000,9999,8.66
wDecay,1,20,10,20776,500000,300.00000000000006,5.684341886080802e-14,300.0,500000,9999,8.42
wDecay,1,20,11,20777,500000,4587.5834958132045,4287.5834958132045,300.0,500000,9999,8.54
wDecay,1,20,12,20778,500000,300.0,0.0,300.0,500000,9999,8.61
wDecay,1,20,13,20779,500000,14408.651817053871,14108.651817053871,300.0,500000,9999,8.77
wDecay,1,20,14,20780,500000,882.5972407692143,582.5972407692143,300.0,500000,9999,8.43
wDecay,1,20,16,20782,500000,986.8315432771091,686.8315432771091,300.0,500000,9999,8.41
wDecay,1,20,15,20781,500000,1662.6052708352859,1362.6052708352859,300.0,500000,9999,8.45
wDecay,1,20,17,20783,500000,300.00000000000006,5.684341886080802e-14,300.0,500000,9999,8.51
wDecay,1,20,18,20784,500000,1885.775516649693,1585.775516649693,300.0,500000,9999,8.43
wDecay,1,20,20,20786,500000,882.5972407692142,582.5972407692142,300.0,500000,9999,8.6
wDecay,1,20,19,20785,500000,2352.039196142,2052.039196142,300.0,500000,9999,8.65
wDecay,1,20,21,20787,500000,1885.7755166496931,1585.7755166496931,300.0,500000,9999,8.86
wDecay,1,20,22,20788,500000,986.8315432771091,686.8315432771091,300.0,500000,9999,8.55
wDecay,1,20,23,20789,500000,882.5972407692142,582.5972407692142,300.0,500000,9999,8.63
wDecay,1,20,24,20790,500000,4259.395149050466,3959.395149050466,300.0,500000,9999,8.68
wDecay,2,10,0,10866,200000,475.6149092065625,75.61490920656252,400.0,200000,3999,4.49
wDecay,2,10,1,10867,200000,460.39169571523325,60.391695715233254,400.0,200000,3999,4.45
wDecay,2,10,2,10868,200000,713.993945382124,313.993945382124,400.0,200000,3999,4.42
wDecay,2,10,4,10870,200000,408.2412761992644,8.241276199264405,400.0,200000,3999,4.32
wDecay,2,10,3,10869,200000,530.1836285943931,130.1836285943931,400.0,200000,3999,4.36
wDecay,2,10,5,10871,200000,495.3737900907645,95.37379009076449,400.0,200000,3999,4.19
wDecay,1,20,25,20791,500000,882.5972407692142,582.5972407692142,300.0,500000,9999,8.69
wDecay,1,20,26,20792,500000,3607.94329771741,3307.94329771741,300.0,500000,9999,8.64
wDecay,2,10,6,10872,200000,441.853558254146,41.85355825414598,400.0,200000,3999,4.35
wDecay,2,10,7,10873,200000,441.853558254146,41.85355825414598,400.0,200000,3999,4.29
wDecay,1,20,27,20793,500000,882.5972407692142,582.5972407692142,300.0,500000,9999,8.55
wDecay,2,10,8,10874,200000,408.00232488628467,8.002324886284669,400.0,200000,3999,4.35
wDecay,1,20,28,20794,500000,2647.3493744473785,2347.3493744473785,300.0,500000,9999,8.46
wDecay,1,20,29,20795,500000,5450.309433938813,5150.309433938813,300.0,500000,9999,8.38
wDecay,2,10,9,10875,200000,493.3243242908213,93.32432429082132,400.0,200000,3999,4.3
wDecay,2,10,10,10876,200000,521.5684908475287,121.56849084752866,400.0,200000,3999,4.32
wDecay,2,10,11,10877,200000,407.9099114152651,7.909911415265128,400.0,200000,3999,4.48
wDecay,2,10,13,10879,200000,408.2412761992644,8.241276199264405,400.0,200000,3999,4.26
wDecay,2,10,12,10878,200000,408.2412761992644,8.241276199264405,400.0,200000,3999,4.32
wDecay,2,10,14,10880,200000,440.479631293456,40.47963129345601,400.0,200000,3999,4.23
wDecay,2,10,15,10881,200000,504.2123324717059,104.2123324717059,400.0,200000,3999,4.3
wDecay,2,10,16,10882,200000,408.2412761992644,8.241276199264405,400.0,200000,3999,4.33
wDecay,2,10,17,10883,200000,404.3745748917527,4.374574891752673,400.0,200000,3999,4.26
wDecay,2,10,18,10884,200000,419.46166079670735,19.46166079670735,400.0,200000,3999,4.27
wDecay,2,10,19,10885,200000,432.9675919593968,32.96759195939683,400.0,200000,3999,4.23
wDecay,2,10,20,10886,200000,413.6121505394953,13.612150539495303,400.0,200000,3999,4.19
wDecay,2,10,21,10887,200000,408.2412761992644,8.241276199264405,400.0,200000,3999,4.41
wDecay,2,10,22,10888,200000,408.9161019277813,8.916101927781312,400.0,200000,3999,4.26
wDecay,2,10,23,10889,200000,408.00232488628467,8.002324886284669,400.0,200000,3999,4.34
wDecay,2,10,24,10890,200000,451.89207077220817,51.89207077220817,400.0,200000,3999,4.28
wDecay,2,10,26,10892,200000,408.2412761992644,8.241276199264405,400.0,200000,3999,4.27
wDecay,2,10,25,10891,200000,408.2412761992644,8.241276199264405,400.0,200000,3999,4.47
wDecay,2,10,27,10893,200000,408.9161019277813,8.916101927781312,400.0,200000,3999,4.39
wDecay,2,10,28,10894,200000,472.2484266996505,72.24842669965051,400.0,200000,3999,4.3
wDecay,2,10,29,10895,200000,467.7144173752704,67.71441737527039,400.0,200000,3999,4.3
wDecay,2,20,0,20866,500000,487.7135525031749,87.71355250317492,400.0,500000,9999,11.07
wDecay,2,20,1,20867,500000,527.1332979835596,127.1332979835596,400.0,500000,9999,11.07
wDecay,2,20,2,20868,500000,679.2406688499002,279.2406688499002,400.0,500000,9999,10.99
wDecay,2,20,3,20869,500000,495.1351067076739,95.13510670767391,400.0,500000,9999,11.3
wDecay,2,20,4,20870,500000,420.55762910430303,20.557629104303032,400.0,500000,9999,11.02
wDecay,2,20,5,20871,500000,618.1111710113792,218.11117101137916,400.0,500000,9999,10.76
wDecay,2,20,6,20872,500000,579.5010604797565,179.50106047975646,400.0,500000,9999,11.08
wDecay,2,20,7,20873,500000,822.3462146691021,422.3462146691021,400.0,500000,9999,11.14
wDecay,2,20,8,20874,500000,1777.1110378068747,1377.1110378068747,400.0,500000,9999,11.17
wDecay,2,20,9,20875,500000,581.0962680980499,181.0962680980499,400.0,500000,9999,11.01
wDecay,2,20,11,20877,500000,611.5702377433915,211.57023774339154,400.0,500000,9999,11.19
wDecay,2,20,10,20876,500000,608.2435070866152,208.24350708661518,400.0,500000,9999,11.32
wDecay,2,20,12,20878,500000,449.0844789794822,49.084478979482185,400.0,500000,9999,11.13
wDecay,2,20,13,20879,500000,548.6642402871548,148.66424028715483,400.0,500000,9999,11.02
wDecay,2,20,14,20880,500000,499.62054650928417,99.62054650928417,400.0,500000,9999,11.26
wDecay,2,20,15,20881,500000,507.07899100519785,107.07899100519785,400.0,500000,9999,11.33
wDecay,2,20,16,20882,500000,469.9362829661826,69.9362829661826,400.0,500000,9999,11.31
wDecay,2,20,18,20884,500000,507.0789910051978,107.07899100519779,400.0,500000,9999,10.97
wDecay,2,20,17,20883,500000,449.084478979482,49.084478979482014,400.0,500000,9999,11.38
wDecay,2,20,19,20885,500000,748.8357034257617,348.8357034257617,400.0,500000,9999,11.04
wDecay,2,20,20,20886,500000,445.63048902744333,45.63048902744333,400.0,500000,9999,10.99
wDecay,2,20,21,20887,500000,563.4923328263183,163.49233282631826,400.0,500000,9999,11.08
wDecay,2,20,22,20888,500000,751.3249013884769,351.32490138847686,400.0,500000,9999,11.01
wDecay,2,20,23,20889,500000,526.9077322561035,126.90773225610349,400.0,500000,9999,11.15
wDecay,2,20,24,20890,500000,620.3610319125289,220.36103191252892,400.0,500000,9999,10.93
wDecay,2,20,25,20891,500000,487.7135525031748,87.71355250317481,400.0,500000,9999,11.35
wDecay,2,20,26,20892,500000,567.8188468261508,167.81884682615078,400.0,500000,9999,11.19
wDecay,2,20,27,20893,500000,678.4891457478184,278.4891457478184,400.0,500000,9999,10.98
wDecay,3,10,0,10966,200000,600.0,0.0,600.0,200000,3999,8.58
wDecay,3,10,1,10967,200000,600.021858690976,0.02185869097604609,600.0,200000,3999,8.42
wDecay,3,10,2,10968,200000,600.0,0.0,600.0,200000,3999,8.61
wDecay,3,10,3,10969,200000,600.0,0.0,600.0,200000,3999,8.56
wDecay,3,10,4,10970,200000,600.021858690976,0.02185869097604609,600.0,200000,3999,8.46
wDecay,3,10,5,10971,200000,600.1113955388263,0.11139553882628661,600.0,200000,3999,8.37
wDecay,2,20,29,20895,500000,595.8824053256194,195.8824053256194,400.0,500000,9999,10.9
wDecay,2,20,28,20894,500000,608.7762182468589,208.7762182468589,400.0,500000,9999,11.15
wDecay,3,10,6,10972,200000,600.0,0.0,600.0,200000,3999,8.62
wDecay,3,10,7,10973,200000,600.0,0.0,600.0,200000,3999,8.4
wDecay,3,10,8,10974,200000,600.021858690976,0.02185869097604609,600.0,200000,3999,8.6
wDecay,3,10,9,10975,200000,600.0287831919461,0.028783191946104125,600.0,200000,3999,8.45
wDecay,3,10,11,10977,200000,600.0287831919461,0.028783191946104125,600.0,200000,3999,8.68
wDecay,3,10,10,10976,200000,600.021858690976,0.02185869097604609,600.0,200000,3999,8.78
wDecay,3,10,12,10978,200000,600.0,0.0,600.0,200000,3999,8.66
wDecay,3,10,14,10980,200000,600.050554823118,0.05055482311797732,600.0,200000,3999,8.41
wDecay,3,10,13,10979,200000,600.0,0.0,600.0,200000,3999,8.66
wDecay,3,10,15,10981,200000,600.021858690976,0.02185869097604609,600.0,200000,3999,8.53
wDecay,3,10,16,10982,200000,600.0287831919461,0.028783191946104125,600.0,200000,3999,8.93
wDecay,3,10,17,10983,200000,600.0287831919461,0.028783191946104125,600.0,200000,3999,8.77
wDecay,3,10,19,10985,200000,600.1113955388263,0.11139553882628661,600.0,200000,3999,8.66
wDecay,3,10,18,10984,200000,600.0,0.0,600.0,200000,3999,8.73
wDecay,3,10,20,10986,200000,600.021858690976,0.02185869097604609,600.0,200000,3999,8.81
wDecay,3,10,21,10987,200000,600.0287831919461,0.028783191946104125,600.0,200000,3999,8.77
wDecay,3,10,22,10988,200000,600.050554823118,0.05055482311797732,600.0,200000,3999,8.76
wDecay,3,10,23,10989,200000,600.0,0.0,600.0,200000,3999,8.66
wDecay,3,10,25,10991,200000,600.0,0.0,600.0,200000,3999,8.46
wDecay,3,10,24,10990,200000,600.021858690976,0.02185869097604609,600.0,200000,3999,8.68
wDecay,3,10,26,10992,200000,600.021858690976,0.02185869097604609,600.0,200000,3999,8.66
wDecay,3,10,28,10994,200000,600.0,0.0,600.0,200000,3999,8.45
wDecay,3,10,27,10993,200000,600.021858690976,0.02185869097604609,600.0,200000,3999,8.69
wDecay,3,10,29,10995,200000,600.021858690976,0.02185869097604609,600.0,200000,3999,8.69
PSO,12,20,22,21888,500000,2968.259830669511,268.25983066951085,2700.0,500000,9999,125.24
PSO,12,20,24,21890,500000,2989.731658127739,289.73165812773914,2700.0,500000,9999,124.84
PSO,12,20,23,21889,500000,2979.2564686981095,279.25646869810953,2700.0,500000,9999,125.27
PSO,12,20,25,21891,500000,3004.4387790297487,304.43877902974873,2700.0,500000,9999,125.8
wDecay,3,20,0,20966,500000,600.0218730506925,0.02187305069253398,600.0,500000,9999,22.08
wDecay,3,20,4,20970,500000,600.4006549594764,0.40065495947635554,600.0,500000,9999,21.94
wDecay,3,20,5,20971,500000,600.3207796575718,0.32077965757184757,600.0,500000,9999,21.82
wDecay,3,20,3,20969,500000,600.2879103673235,0.2879103673235477,600.0,500000,9999,22.28
wDecay,3,20,7,20973,500000,600.3311972025084,0.331197202508406,600.0,500000,9999,21.53
wDecay,3,20,2,20968,500000,600.1783437058832,0.1783437058832078,600.0,500000,9999,22.64
wDecay,3,20,1,20967,500000,600.3006477469439,0.30064774694392327,600.0,500000,9999,22.72
wDecay,3,20,6,20972,500000,600.4259159414294,0.4259159414293663,600.0,500000,9999,21.97
wDecay,3,20,9,20975,500000,600.3260332438166,0.32603324381659604,600.0,500000,9999,21.66
wDecay,3,20,8,20974,500000,600.4677971395912,0.4677971395911982,600.0,500000,9999,22.03
PSO,12,20,26,21892,500000,2981.602530837527,281.60253083752696,2700.0,500000,9999,126.58
PSO,12,20,27,21893,500000,3029.8952629460487,329.89526294604866,2700.0,500000,9999,125.75
wDecay,3,20,10,20976,500000,600.1136144424225,0.11361444242254493,600.0,500000,9999,21.89
PSO,12,20,28,21894,500000,2989.950402355876,289.9504023558761,2700.0,500000,9999,125.05
wDecay,3,20,12,20978,500000,600.1222245170918,0.1222245170918086,600.0,500000,9999,21.81
wDecay,3,20,11,20977,500000,600.1419995505556,0.1419995505556244,600.0,500000,9999,22.23
wDecay,3,20,13,20979,500000,600.555601087105,0.5556010871049466,600.0,500000,9999,22.17
PSO,12,20,29,21895,500000,3031.7999966046214,331.79999660462136,2700.0,500000,9999,127.81
wDecay,3,20,14,20980,500000,600.1797118634317,0.1797118634317485,600.0,500000,9999,21.28
wDecay,3,20,15,20981,500000,600.1888917999962,0.1888917999962132,600.0,500000,9999,22.22
wDecay,3,20,16,20982,500000,600.2052215250761,0.20522152507612645,600.0,500000,9999,22.38
wDecay,4,10,0,11066,200000,830.0,30.0,800.0,200000,3999,13.17
wDecay,4,10,2,11068,200000,844.0,44.0,800.0,200000,3999,13.17
wDecay,4,10,1,11067,200000,840.0,40.0,800.0,200000,3999,13.41
wDecay,4,10,3,11069,200000,828.0,28.0,800.0,200000,3999,13.24
wDecay,4,10,4,11070,200000,822.0,22.0,800.0,200000,3999,13.23
wDecay,3,20,18,20984,500000,600.3907771179046,0.3907771179045767,600.0,500000,9999,21.94
wDecay,3,20,17,20983,500000,600.571944753401,0.5719447534009987,600.0,500000,9999,22.61
wDecay,3,20,20,20986,500000,600.4734270976219,0.4734270976218795,600.0,500000,9999,22.06
wDecay,3,20,22,20988,500000,600.1866753340478,0.18667533404777714,600.0,500000,9999,21.83
wDecay,3,20,21,20987,500000,600.1888917999962,0.1888917999962132,600.0,500000,9999,22.48
wDecay,3,20,25,20991,500000,600.1154793427795,0.11547934277950844,600.0,500000,9999,22.13
wDecay,3,20,23,20989,500000,600.1154793427796,0.11547934277962213,600.0,500000,9999,22.26
wDecay,3,20,19,20985,500000,600.2791076926666,0.279107692666571,600.0,500000,9999,22.68
wDecay,3,20,24,20990,500000,600.7837755720851,0.7837755720851192,600.0,500000,9999,22.33
wDecay,3,20,26,20992,500000,600.2802721142674,0.2802721142674045,600.0,500000,9999,22.3
wDecay,3,20,27,20993,500000,600.1654150574352,0.16541505743521157,600.0,500000,9999,22.11
wDecay,3,20,28,20994,500000,600.4723057120254,0.47230571202544525,600.0,500000,9999,22.04
wDecay,4,10,5,11071,200000,828.0,28.0,800.0,200000,3999,13.16
wDecay,4,10,6,11072,200000,816.0,16.0,800.0,200000,3999,12.96
wDecay,3,20,29,20995,500000,600.3014139211102,0.3014139211102247,600.0,500000,9999,22.03
wDecay,4,10,7,11073,200000,824.0,24.0,800.0,200000,3999,13.46
wDecay,4,10,9,11075,200000,836.0,36.0,800.0,200000,3999,13.27
wDecay,4,10,8,11074,200000,828.0,28.0,800.0,200000,3999,13.55
wDecay,4,10,10,11076,200000,828.0,28.0,800.0,200000,3999,13.36
wDecay,4,10,11,11077,200000,820.0,20.0,800.0,200000,3999,13.41
wDecay,4,10,12,11078,200000,816.0,16.0,800.0,200000,3999,13.28
wDecay,4,10,13,11079,200000,818.0,18.0,800.0,200000,3999,13.39
wDecay,4,10,14,11080,200000,824.0,24.0,800.0,200000,3999,13.42
wDecay,4,10,15,11081,200000,832.0,32.0,800.0,200000,3999,13.29
wDecay,4,10,17,11083,200000,818.0,18.0,800.0,200000,3999,13.13
wDecay,4,10,16,11082,200000,824.0,24.0,800.0,200000,3999,13.34
wDecay,4,10,18,11084,200000,830.0,30.0,800.0,200000,3999,13.33
wDecay,4,10,21,11087,200000,828.0,28.0,800.0,200000,3999,13.19
wDecay,4,10,20,11086,200000,836.0,36.0,800.0,200000,3999,13.32
wDecay,4,10,19,11085,200000,824.0,24.0,800.0,200000,3999,13.36
wDecay,4,10,22,11088,200000,826.0,26.0,800.0,200000,3999,13.48
wDecay,4,10,23,11089,200000,842.0,42.0,800.0,200000,3999,13.24
wDecay,4,10,24,11090,200000,822.0,22.0,800.0,200000,3999,13.5
wDecay,4,10,25,11091,200000,814.0,14.0,800.0,200000,3999,13.4
wDecay,4,10,26,11092,200000,816.0,16.0,800.0,200000,3999,13.49
wDecay,4,10,27,11093,200000,830.0,30.0,800.0,200000,3999,13.16
wDecay,4,10,28,11094,200000,826.0,26.0,800.0,200000,3999,13.41
wDecay,4,10,29,11095,200000,828.0,28.0,800.0,200000,3999,13.44
wDecay,4,20,0,21066,500000,854.0,54.0,800.0,500000,9999,33.55
wDecay,4,20,2,21068,500000,1032.0,232.0,800.0,500000,9999,33.25
wDecay,4,20,1,21067,500000,910.0,110.0,800.0,500000,9999,33.96
wDecay,4,20,4,21070,500000,954.0,154.0,800.0,500000,9999,33.48
wDecay,4,20,3,21069,500000,912.0,112.0,800.0,500000,9999,33.88
wDecay,4,20,5,21071,500000,882.0,82.0,800.0,500000,9999,33.57
wDecay,4,20,7,21073,500000,1022.0,222.0,800.0,500000,9999,33.5
wDecay,4,20,6,21072,500000,934.0,134.0,800.0,500000,9999,34.4
wDecay,4,20,12,21078,500000,946.0,146.0,800.0,500000,9999,33.36
wDecay,4,20,9,21075,500000,890.0,90.0,800.0,500000,9999,34.02
wDecay,4,20,10,21076,500000,974.0,174.0,800.0,500000,9999,33.66
wDecay,4,20,11,21077,500000,958.0,158.0,800.0,500000,9999,33.65
wDecay,4,20,8,21074,500000,896.0,96.0,800.0,500000,9999,34.25
wDecay,4,20,15,21081,500000,912.0,112.0,800.0,500000,9999,33.67
wDecay,4,20,14,21080,500000,910.0,110.0,800.0,500000,9999,33.81
wDecay,4,20,13,21079,500000,990.0,190.0,800.0,500000,9999,34.06
wDecay,4,20,17,21083,500000,958.0,158.0,800.0,500000,9999,33.68
wDecay,4,20,16,21082,500000,1006.0,206.0,800.0,500000,9999,33.97
wDecay,4,20,19,21085,500000,916.0,116.0,800.0,500000,9999,33.6
wDecay,4,20,18,21084,500000,928.0,128.0,800.0,500000,9999,34.16
wDecay,4,20,20,21086,500000,968.0,168.0,800.0,500000,9999,34.41
wDecay,5,10,2,11168,200000,900.7120794120988,0.7120794120987739,900.0,200000,3999,6.33
wDecay,5,10,0,11166,200000,900.0000000000001,1.1368683772161603e-13,900.0,200000,3999,6.5
wDecay,5,10,4,11170,200000,900.0000000000001,1.1368683772161603e-13,900.0,200000,3999,6.42
wDecay,5,10,1,11167,200000,900.0,0.0,900.0,200000,3999,6.55
wDecay,5,10,3,11169,200000,900.0000000000001,1.1368683772161603e-13,900.0,200000,3999,6.57
wDecay,5,10,7,11173,200000,900.0895282504165,0.08952825041649248,900.0,200000,3999,6.45
wDecay,5,10,5,11171,200000,900.0895282504166,0.08952825041660617,900.0,200000,3999,6.52
wDecay,5,10,6,11172,200000,900.0000000000001,1.1368683772161603e-13,900.0,200000,3999,6.51
wDecay,5,10,8,11174,200000,900.0000000000002,2.2737367544323206e-13,900.0,200000,3999,6.49
wDecay,5,10,9,11175,200000,900.0000000000001,1.1368683772161603e-13,900.0,200000,3999,6.6
wDecay,4,20,21,21087,500000,894.0,94.0,800.0,500000,9999,33.73
wDecay,5,10,10,11176,200000,900.0000000000001,1.1368683772161603e-13,900.0,200000,3999,6.51
wDecay,5,10,11,11177,200000,900.0000000000001,1.1368683772161603e-13,900.0,200000,3999,6.42
wDecay,5,10,13,11179,200000,900.0000000000001,1.1368683772161603e-13,900.0,200000,3999,6.31
wDecay,5,10,12,11178,200000,900.0000000000001,1.1368683772161603e-13,900.0,200000,3999,6.54
wDecay,5,10,14,11180,200000,900.0000000000001,1.1368683772161603e-13,900.0,200000,3999,6.49
wDecay,5,10,16,11182,200000,900.0,0.0,900.0,200000,3999,6.43
wDecay,5,10,15,11181,200000,900.0,0.0,900.0,200000,3999,6.57
wDecay,5,10,17,11183,200000,900.783090461362,0.7830904613620078,900.0,200000,3999,6.49
wDecay,5,10,20,11186,200000,900.0,0.0,900.0,200000,3999,6.35
wDecay,5,10,18,11184,200000,900.0000000000001,1.1368683772161603e-13,900.0,200000,3999,6.47
wDecay,5,10,19,11185,200000,900.0000000000002,2.2737367544323206e-13,900.0,200000,3999,6.56
wDecay,5,10,21,11187,200000,900.0000000000001,1.1368683772161603e-13,900.0,200000,3999,6.43
wDecay,5,10,22,11188,200000,900.7448581946084,0.744858194608355,900.0,200000,3999,6.59
wDecay,5,10,23,11189,200000,900.0,0.0,900.0,200000,3999,6.45
wDecay,5,10,24,11190,200000,900.0,0.0,900.0,200000,3999,6.44
wDecay,5,10,25,11191,200000,900.0000000000002,2.2737367544323206e-13,900.0,200000,3999,6.46
wDecay,5,10,27,11193,200000,900.0895282504166,0.08952825041660617,900.0,200000,3999,6.38
wDecay,5,10,26,11192,200000,900.0000000000001,1.1368683772161603e-13,900.0,200000,3999,6.58
wDecay,5,10,29,11195,200000,900.0000000000001,1.1368683772161603e-13,900.0,200000,3999,6.39
wDecay,5,10,28,11194,200000,900.0000000000001,1.1368683772161603e-13,900.0,200000,3999,6.59
wDecay,5,20,1,21167,500000,904.4409489627277,4.440948962727703,900.0,500000,9999,16.37
wDecay,4,20,22,21088,500000,952.0,152.0,800.0,500000,9999,32.79
wDecay,5,20,0,21166,500000,902.2780914691078,2.278091469107835,900.0,500000,9999,16.68
wDecay,5,20,2,21168,500000,910.9006959670489,10.900695967048932,900.0,500000,9999,16.7
wDecay,4,20,23,21089,500000,894.0,94.0,800.0,500000,9999,32.89
wDecay,5,20,4,21170,500000,902.2344153673049,2.234415367304905,900.0,500000,9999,16.6
wDecay,5,20,3,21169,500000,907.4787452482989,7.478745248298878,900.0,500000,9999,16.81
wDecay,4,20,26,21092,500000,926.0,126.0,800.0,500000,9999,32.32
wDecay,5,20,5,21171,500000,901.6527625890739,1.652762589073859,900.0,500000,9999,16.62
wDecay,4,20,24,21090,500000,902.0,102.0,800.0,500000,9999,33.22
wDecay,4,20,25,21091,500000,946.0,146.0,800.0,500000,9999,32.81
wDecay,5,20,6,21172,500000,904.5052853212151,4.505285321215069,900.0,500000,9999,16.38
wDecay,4,20,27,21093,500000,868.0,68.0,800.0,500000,9999,32.73
wDecay,4,20,28,21094,500000,922.0,122.0,800.0,500000,9999,32.89
wDecay,4,20,29,21095,500000,940.0,140.0,800.0,500000,9999,32.66
wDecay,5,20,7,21173,500000,902.6532024775154,2.6532024775153786,900.0,500000,9999,16.57
wDecay,5,20,8,21174,500000,902.3611275305442,2.361127530544195,900.0,500000,9999,16.45
wDecay,5,20,9,21175,500000,900.5438522690075,0.543852269007516,900.0,500000,9999,16.39
wDecay,5,20,10,21176,500000,902.2249031795183,2.2249031795182646,900.0,500000,9999,16.42
wDecay,5,20,13,21179,500000,900.6333805194239,0.6333805194238948,900.0,500000,9999,16.22
wDecay,5,20,12,21178,500000,901.9338199124542,1.9338199124541688,900.0,500000,9999,16.34
wDecay,5,20,11,21177,500000,903.2542791916003,3.2542791916002898,900.0,500000,9999,16.63
wDecay,6,10,1,11267,200000,39061.902587619734,37261.902587619734,1800.0,200000,3999,8.84
wDecay,6,10,0,11266,200000,70614.01610815135,68814.01610815135,1800.0,200000,3999,9.38
wDecay,6,10,4,11270,200000,35958.611624122874,34158.611624122874,1800.0,200000,3999,8.81
wDecay,6,10,2,11268,200000,10835.517816786842,9035.517816786842,1800.0,200000,3999,9.58
wDecay,6,10,3,11269,200000,37933.10764838901,36133.10764838901,1800.0,200000,3999,9.65
wDecay,6,10,5,11271,200000,81434.3809249443,79634.3809249443,1800.0,200000,3999,9.69
wDecay,5,20,15,21181,500000,902.0861183359283,2.0861183359282904,900.0,500000,9999,16.3
wDecay,5,20,14,21180,500000,901.2525921226429,1.252592122642909,900.0,500000,9999,16.64
wDecay,5,20,16,21182,500000,901.5212172021946,1.5212172021946344,900.0,500000,9999,16.54
wDecay,5,20,19,21185,500000,905.8623342219362,5.86233422193618,900.0,500000,9999,16.21
wDecay,5,20,23,21189,500000,903.3321211898868,3.332121189886834,900.0,500000,9999,16.01
wDecay,5,20,18,21184,500000,901.3433022905778,1.3433022905777534,900.0,500000,9999,16.42
wDecay,5,20,24,21190,500000,900.2685847512497,0.2685847512497048,900.0,500000,9999,16.21
wDecay,5,20,17,21183,500000,904.9660370458674,4.966037045867438,900.0,500000,9999,16.62
wDecay,5,20,21,21187,500000,902.7377156064069,2.737715606406937,900.0,500000,9999,16.45
wDecay,5,20,20,21186,500000,907.2235254756827,7.2235254756826635,900.0,500000,9999,16.51
wDecay,5,20,22,21188,500000,901.0675126997821,1.067512699782128,900.0,500000,9999,16.58
wDecay,5,20,25,21191,500000,904.1913348598546,4.191334859854578,900.0,500000,9999,16.35
wDecay,5,20,26,21192,500000,901.6809587509689,1.6809587509688981,900.0,500000,9999,16.35
wDecay,5,20,28,21194,500000,908.2161816161321,8.216181616132076,900.0,500000,9999,16.18
wDecay,5,20,27,21193,500000,907.758737925914,7.758737925914033,900.0,500000,9999,16.58
wDecay,5,20,29,21195,500000,900.4543240185913,0.45432401859125093,900.0,500000,9999,16.31
wDecay,6,10,6,11272,200000,66222.20287897994,64422.20287897994,1800.0,200000,3999,8.75
wDecay,6,10,7,11273,200000,78353.48951533367,76553.48951533367,1800.0,200000,3999,9.33
wDecay,6,10,8,11274,200000,87036.63824054394,85236.63824054394,1800.0,200000,3999,8.92
wDecay,6,10,9,11275,200000,3104.732747385462,1304.732747385462,1800.0,200000,3999,9.79
wDecay,6,10,12,11278,200000,15591.96304822535,13791.96304822535,1800.0,200000,3999,9.04
wDecay,6,10,10,11276,200000,3854.1586527750724,2054.1586527750724,1800.0,200000,3999,9.77
wDecay,6,10,14,11280,200000,14487.066680275348,12687.066680275348,1800.0,200000,3999,8.83
wDecay,6,10,13,11279,200000,10068.503991718384,8268.503991718384,1800.0,200000,3999,9.05
wDecay,6,10,16,11282,200000,33930.04413014612,32130.044130146118,1800.0,200000,3999,8.75
wDecay,6,10,11,11277,200000,89406.66173087963,87606.66173087963,1800.0,200000,3999,9.72
wDecay,6,10,15,11281,200000,78123.24346475731,76323.24346475731,1800.0,200000,3999,8.95
wDecay,6,10,19,11285,200000,27619.124627729016,25819.124627729016,1800.0,200000,3999,8.94
wDecay,6,10,18,11284,200000,43844.157160933915,42044.157160933915,1800.0,200000,3999,9.0
wDecay,6,10,20,11286,200000,76721.39066400856,74921.39066400856,1800.0,200000,3999,9.04
wDecay,6,10,21,11287,200000,15590.950499586554,13790.950499586554,1800.0,200000,3999,9.06
wDecay,6,10,22,11288,200000,5065.065715168377,3265.065715168377,1800.0,200000,3999,9.06
wDecay,6,10,17,11283,200000,13862.330434831621,12062.330434831621,1800.0,200000,3999,9.52
wDecay,6,10,23,11289,200000,79383.21544032129,77583.21544032129,1800.0,200000,3999,9.32
wDecay,6,10,24,11290,200000,121873.72218589167,120073.72218589167,1800.0,200000,3999,9.22
wDecay,6,10,25,11291,200000,20192.048895754644,18392.048895754644,1800.0,200000,3999,8.84
wDecay,6,10,26,11292,200000,15583.000545940302,13783.000545940302,1800.0,200000,3999,8.94
wDecay,6,10,27,11293,200000,30686.693895756493,28886.693895756493,1800.0,200000,3999,9.06
wDecay,6,10,28,11294,200000,44854.740857781224,43054.740857781224,1800.0,200000,3999,9.05
wDecay,6,10,29,11295,200000,78097.32303598337,76297.32303598337,1800.0,200000,3999,9.46
wDecay,6,20,0,21266,500000,15378268.669821149,15376468.669821149,1800.0,500000,9999,23.16
wDecay,6,20,2,21268,500000,186087.8005400997,184287.8005400997,1800.0,500000,9999,22.86
wDecay,6,20,5,21271,500000,57900.341006022856,56100.341006022856,1800.0,500000,9999,22.75
wDecay,6,20,6,21272,500000,4293016.075486338,4291216.075486338,1800.0,500000,9999,22.81
wDecay,6,20,8,21274,500000,35241084.98053178,35239284.98053178,1800.0,500000,9999,22.8
wDecay,6,20,4,21270,500000,70527782.96783058,70525982.96783058,1800.0,500000,9999,23.15
wDecay,6,20,9,21275,500000,117012.68087509979,115212.68087509979,1800.0,500000,9999,22.7
wDecay,6,20,10,21276,500000,149801.68973979892,148001.68973979892,1800.0,500000,9999,22.88
wDecay,6,20,12,21278,500000,35247737.085096635,35245937.085096635,1800.0,500000,9999,22.77
wDecay,6,20,11,21277,500000,75774.77998504115,73974.77998504115,1800.0,500000,9999,23.07
wDecay,6,20,16,21282,500000,149816.48152451988,148016.48152451988,1800.0,500000,9999,22.51
wDecay,6,20,3,21269,500000,158946.7202723214,157146.7202723214,1800.0,500000,9999,24.04
wDecay,6,20,13,21279,500000,100516.86059318595,98716.86059318595,1800.0,500000,9999,23.28
wDecay,6,20,15,21281,500000,123130.25382771208,121330.25382771208,1800.0,500000,9999,23.03
wDecay,6,20,17,21283,500000,83980592.64281693,83978792.64281693,1800.0,500000,9999,22.32
wDecay,6,20,1,21267,500000,79365.68322223582,77565.68322223582,1800.0,500000,9999,24.79
wDecay,6,20,7,21273,500000,127650.7247333083,125850.7247333083,1800.0,500000,9999,24.69
wDecay,6,20,18,21284,500000,90119.0954695687,88319.0954695687,1800.0,500000,9999,22.77
wDecay,6,20,19,21285,500000,111984.06982428546,110184.06982428546,1800.0,500000,9999,22.42
wDecay,6,20,14,21280,500000,133225.4610392143,131425.4610392143,1800.0,500000,9999,24.76
wDecay,6,20,20,21286,500000,66675.45879486564,64875.45879486564,1800.0,500000,9999,22.9
wDecay,6,20,21,21287,500000,128689.84818506,126889.84818506,1800.0,500000,9999,24.11
wDecay,6,20,22,21288,500000,101793.1562573641,99993.1562573641,1800.0,500000,9999,22.81
wDecay,6,20,23,21289,500000,70597209.72598685,70595409.72598685,1800.0,500000,9999,22.75
wDecay,6,20,26,21292,500000,15388775.977737771,15386975.977737771,1800.0,500000,9999,22.59
wDecay,6,20,24,21290,500000,30774.154251512053,28974.154251512053,1800.0,500000,9999,22.9
wDecay,6,20,25,21291,500000,104961.0000165324,103161.0000165324,1800.0,500000,9999,22.93
wDecay,6,20,28,21294,500000,149053.81373648596,147253.81373648596,1800.0,500000,9999,22.8
wDecay,6,20,29,21295,500000,91295.45897699265,89495.45897699265,1800.0,500000,9999,22.68
wDecay,6,20,27,21293,500000,149098.07088800345,147298.07088800345,1800.0,500000,9999,23.08
wDecay,7,10,0,11366,200000,2007.0597587475845,7.05975874758451,2000.0,200000,3999,128.04
wDecay,7,10,2,11368,200000,2020.8541850215593,20.85418502155926,2000.0,200000,3999,128.02
wDecay,7,10,5,11371,200000,2022.0136301372474,22.013630137247446,2000.0,200000,3999,129.38
wDecay,7,10,1,11367,200000,2021.4949183836552,21.494918383655204,2000.0,200000,3999,130.13
wDecay,7,10,10,11376,200000,2020.9173605972621,20.91736059726213,2000.0,200000,3999,128.54
wDecay,7,10,4,11370,200000,2025.7266701495078,25.726670149507754,2000.0,200000,3999,130.23
wDecay,7,10,6,11372,200000,2020.6736988440223,20.673698844022283,2000.0,200000,3999,130.14
wDecay,7,10,3,11369,200000,2021.8241671136348,21.824167113634758,2000.0,200000,3999,130.78
wDecay,7,10,8,11374,200000,2120.5522992009346,120.55229920093461,2000.0,200000,3999,130.33
wDecay,7,10,7,11373,200000,2022.0112671505833,22.011267150583308,2000.0,200000,3999,130.83
wDecay,7,10,9,11375,200000,2022.382526175274,22.38252617527405,2000.0,200000,3999,131.87
wDecay,7,10,11,11377,200000,2021.5295811562507,21.529581156250742,2000.0,200000,3999,131.58
wDecay,7,10,12,11378,200000,2129.833484763243,129.83348476324318,2000.0,200000,3999,129.9
wDecay,7,10,13,11379,200000,2021.4379361975734,21.437936197573435,2000.0,200000,3999,130.52
wDecay,7,10,14,11380,200000,2022.9924945281496,22.992494528149564,2000.0,200000,3999,131.44
wDecay,7,10,15,11381,200000,2020.9945057016357,20.994505701635717,2000.0,200000,3999,130.7
wDecay,7,10,20,11386,200000,2022.7548277186677,22.754827718667684,2000.0,200000,3999,130.07
wDecay,7,10,17,11383,200000,2047.0714807173342,47.071480717334225,2000.0,200000,3999,130.74
wDecay,7,10,16,11382,200000,2029.173848210799,29.17384821079895,2000.0,200000,3999,130.79
wDecay,7,10,21,11387,200000,2023.775442085015,23.7754420850149,2000.0,200000,3999,131.35
wDecay,7,10,18,11384,200000,2020.6961025636394,20.696102563639442,2000.0,200000,3999,132.06
wDecay,7,10,19,11385,200000,2025.731650650244,25.73165065024409,2000.0,200000,3999,132.31
wDecay,7,10,22,11388,200000,2028.7350245527698,28.7350245527698,2000.0,200000,3999,129.29
wDecay,7,10,23,11389,200000,2129.922780606634,129.9227806066342,2000.0,200000,3999,129.3
wDecay,7,10,26,11392,200000,2118.5385177494195,118.5385177494195,2000.0,200000,3999,129.71
wDecay,7,10,25,11391,200000,2021.0318673127617,21.031867312761733,2000.0,200000,3999,130.03
wDecay,7,10,24,11390,200000,2021.0306084428241,21.030608442824132,2000.0,200000,3999,130.91
wDecay,7,10,29,11395,200000,2120.044814921791,120.04481492179093,2000.0,200000,3999,129.98
wDecay,7,10,28,11394,200000,2022.237354793648,22.23735479364791,2000.0,200000,3999,130.89
wDecay,7,10,27,11393,200000,2028.7651287734438,28.76512877344385,2000.0,200000,3999,131.5
wDecay,7,20,1,21367,500000,2044.5443090573617,44.544309057361716,2000.0,500000,9999,589.55
wDecay,7,20,2,21368,500000,2284.4039270598014,284.4039270598014,2000.0,500000,9999,594.02
wDecay,7,20,4,21370,500000,2363.9089264249824,363.9089264249824,2000.0,500000,9999,595.86
wDecay,7,20,5,21371,500000,2027.1382448714926,27.13824487149259,2000.0,500000,9999,594.05
wDecay,7,20,0,21366,500000,2485.020293068118,485.020293068118,2000.0,500000,9999,600.72
wDecay,7,20,3,21369,500000,2025.0714762994044,25.071476299404367,2000.0,500000,9999,598.62
wDecay,7,20,8,21374,500000,2027.5771832072176,27.57718320721756,2000.0,500000,9999,591.26
wDecay,7,20,10,21376,500000,2060.126385387467,60.12638538746705,2000.0,500000,9999,591.69
wDecay,7,20,13,21379,500000,2025.7232438838032,25.723243883803207,2000.0,500000,9999,590.73
wDecay,7,20,11,21377,500000,2026.4148433596486,26.414843359648557,2000.0,500000,9999,591.71
wDecay,7,20,7,21373,500000,2091.663783852601,91.66378385260077,2000.0,500000,9999,593.44
wDecay,7,20,6,21372,500000,2030.622466464905,30.622466464905074,2000.0,500000,9999,594.13
wDecay,7,20,12,21378,500000,2027.6121361031126,27.61213610311256,2000.0,500000,9999,594.37
wDecay,7,20,9,21375,500000,2053.084385449678,53.08438544967794,2000.0,500000,9999,596.51
wDecay,7,20,17,21383,500000,2032.7388518799248,32.73885187992482,2000.0,500000,9999,586.2
wDecay,7,20,15,21381,500000,2121.64594672181,121.6459467218101,2000.0,500000,9999,589.23
wDecay,7,20,18,21384,500000,2584.4530827364206,584.4530827364206,2000.0,500000,9999,589.28
wDecay,7,20,20,21386,500000,2030.7777538298392,30.777753829839185,2000.0,500000,9999,588.51
wDecay,7,20,14,21380,500000,2038.3942793501974,38.394279350197394,2000.0,500000,9999,594.44
wDecay,7,20,16,21382,500000,2055.038226690486,55.038226690486226,2000.0,500000,9999,592.75
wDecay,7,20,21,21387,500000,2027.7076852430735,27.707685243073456,2000.0,500000,9999,590.85
wDecay,7,20,19,21385,500000,2125.9030941762226,125.90309417622257,2000.0,500000,9999,594.17
wDecay,8,10,2,11468,200000,2320.2667023386293,120.26670233862933,2200.0,200000,3999,177.92
wDecay,8,10,0,11466,200000,4116.5141659177225,1916.5141659177225,2200.0,200000,3999,178.64
wDecay,8,10,3,11469,200000,2221.8403394580996,21.840339458099606,2200.0,200000,3999,178.72
wDecay,8,10,1,11467,200000,2221.4117961166194,21.41179611661937,2200.0,200000,3999,179.87
wDecay,8,10,4,11470,200000,2220.665543163173,20.66554316317297,2200.0,200000,3999,178.62
wDecay,8,10,5,11471,200000,2367.7851663495176,167.78516634951757,2200.0,200000,3999,178.61
wDecay,8,10,6,11472,200000,4860.7562786365015,2660.7562786365015,2200.0,200000,3999,177.4
wDecay,8,10,7,11473,200000,4860.025494433232,2660.025494433232,2200.0,200000,3999,177.38
wDecay,8,10,9,11475,200000,2220.6758599002155,20.675859900215528,2200.0,200000,3999,177.71
wDecay,8,10,10,11476,200000,2221.8418331114744,21.841833111474443,2200.0,200000,3999,176.53
wDecay,8,10,8,11474,200000,2221.5093932895957,21.509393289595664,2200.0,200000,3999,179.18
wDecay,8,10,11,11477,200000,2220.330008666786,20.330008666785943,2200.0,200000,3999,177.19
wDecay,8,10,12,11478,200000,2221.688650698796,21.68865069879621,2200.0,200000,3999,179.3
wDecay,8,10,13,11479,200000,2630.139642987904,430.13964298790415,2200.0,200000,3999,180.28
wDecay,8,10,14,11480,200000,2226.7318927551646,26.73189275516461,2200.0,200000,3999,177.56
wDecay,8,10,15,11481,200000,2221.5707126086704,21.57071260867042,2200.0,200000,3999,177.76
wDecay,8,10,16,11482,200000,2220.8313704658945,20.83137046589445,2200.0,200000,3999,177.49
wDecay,8,10,17,11483,200000,2220.0574047661057,20.05740476610572,2200.0,200000,3999,177.48
wDecay,8,10,18,11484,200000,2222.2419965035615,22.241996503561495,2200.0,200000,3999,177.15
wDecay,8,10,19,11485,200000,2226.568039397124,26.568039397123812,2200.0,200000,3999,178.6
wDecay,8,10,21,11487,200000,2220.4169581273077,20.41695812730768,2200.0,200000,3999,177.2
wDecay,8,10,20,11486,200000,2327.196977263131,127.19697726313098,2200.0,200000,3999,177.91
wDecay,8,10,23,11489,200000,2221.013831259057,21.013831259057042,2200.0,200000,3999,177.02
wDecay,8,10,22,11488,200000,2220.2418849536066,20.241884953606586,2200.0,200000,3999,179.36
wDecay,8,10,25,11491,200000,2974.181001248966,774.1810012489659,2200.0,200000,3999,177.46
wDecay,8,10,24,11490,200000,2220.906619189922,20.906619189921912,2200.0,200000,3999,178.34
wDecay,8,10,26,11492,200000,2371.399285181854,171.39928518185388,2200.0,200000,3999,179.25
wDecay,8,10,27,11493,200000,2220.8985616420787,20.898561642078676,2200.0,200000,3999,178.5
wDecay,8,10,28,11494,200000,2226.820602558848,26.820602558847895,2200.0,200000,3999,178.26
wDecay,8,10,29,11495,200000,2206.652848648738,6.6528486487382,2200.0,200000,3999,178.75
wDecay,7,20,22,21388,500000,2042.1538528305502,42.15385283055025,2000.0,500000,9999,583.1
wDecay,7,20,23,21389,500000,2197.222650183052,197.22265018305188,2000.0,500000,9999,580.76
wDecay,7,20,24,21390,500000,2025.4759288611951,25.475928861195143,2000.0,500000,9999,579.1
wDecay,7,20,26,21392,500000,2032.9294561222785,32.92945612227845,2000.0,500000,9999,579.93
wDecay,7,20,25,21391,500000,2034.0608907872438,34.06089078724381,2000.0,500000,9999,582.57
wDecay,7,20,27,21393,500000,2030.3388118787868,30.338811878786828,2000.0,500000,9999,584.12
wDecay,7,20,29,21395,500000,2027.8305332120162,27.830533212016235,2000.0,500000,9999,574.37
wDecay,7,20,28,21394,500000,2143.8947300102764,143.89473001027636,2000.0,500000,9999,578.86
wDecay,8,20,1,21467,500000,2280.2129000958266,80.21290009582663,2200.0,500000,9999,827.25
wDecay,8,20,2,21468,500000,5655.826033079231,3455.826033079231,2200.0,500000,9999,826.11
wDecay,8,20,0,21466,500000,3239.2014830610938,1039.2014830610938,2200.0,500000,9999,831.13
wDecay,8,20,3,21469,500000,2230.989172688964,30.989172688964118,2200.0,500000,9999,828.06
wDecay,8,20,4,21470,500000,6160.922843689843,3960.922843689843,2200.0,500000,9999,823.48
wDecay,8,20,5,21471,500000,2556.5051360480393,356.5051360480393,2200.0,500000,9999,825.21
wDecay,8,20,6,21472,500000,2579.4923289568146,379.4923289568146,2200.0,500000,9999,826.83
wDecay,8,20,9,21475,500000,2228.9353320687715,28.93533206877146,2200.0,500000,9999,825.01
wDecay,8,20,7,21473,500000,5977.847608833099,3777.847608833099,2200.0,500000,9999,826.85
wDecay,8,20,8,21474,500000,3342.1101495958483,1142.1101495958483,2200.0,500000,9999,828.94
wDecay,8,20,10,21476,500000,2883.9369465815903,683.9369465815903,2200.0,500000,9999,829.32
wDecay,8,20,11,21477,500000,7312.483179151065,5112.483179151065,2200.0,500000,9999,828.51
wDecay,9,10,0,11566,200000,2717.6098390812485,417.60983908124854,2300.0,200000,3999,27.92
wDecay,9,10,1,11567,200000,2724.3769055371636,424.37690553716357,2300.0,200000,3999,27.08
wDecay,9,10,2,11568,200000,2746.727698374341,446.7276983743409,2300.0,200000,3999,27.79
wDecay,9,10,3,11569,200000,2746.727698374341,446.7276983743409,2300.0,200000,3999,27.53
wDecay,9,10,4,11570,200000,2746.727698374341,446.7276983743409,2300.0,200000,3999,27.72
wDecay,9,10,5,11571,200000,2749.4947066351624,449.4947066351624,2300.0,200000,3999,27.8
wDecay,9,10,6,11572,200000,2680.2399340601673,380.23993406016734,2300.0,200000,3999,27.94
wDecay,9,10,7,11573,200000,2680.2399340601673,380.23993406016734,2300.0,200000,3999,27.63
wDecay,8,20,12,21478,500000,3033.4176656877544,833.4176656877544,2200.0,500000,9999,828.89
wDecay,8,20,13,21479,500000,3227.8699311844116,1027.8699311844116,2200.0,500000,9999,830.37
wDecay,9,10,8,11574,200000,2670.107975959236,370.1079759592358,2300.0,200000,3999,28.12
wDecay,9,10,9,11575,200000,2670.1079759592353,370.1079759592353,2300.0,200000,3999,27.85
wDecay,9,10,10,11576,200000,2680.156591799064,380.1565917990638,2300.0,200000,3999,27.97
wDecay,9,10,11,11577,200000,2749.4947066351624,449.4947066351624,2300.0,200000,3999,27.7
wDecay,8,20,15,21481,500000,2525.5708450494653,325.57084504946533,2200.0,500000,9999,826.79
wDecay,8,20,14,21480,500000,2730.558635773156,530.5586357731559,2200.0,500000,9999,830.94
wDecay,9,10,12,11578,200000,2745.1509756289843,445.15097562898427,2300.0,200000,3999,27.71
wDecay,8,20,16,21482,500000,6047.59185679332,3847.5918567933204,2200.0,500000,9999,827.54
wDecay,9,10,13,11579,200000,2680.239934060168,380.2399340601678,2300.0,200000,3999,27.56
wDecay,8,20,18,21484,500000,2556.865383237626,356.8653832376258,2200.0,500000,9999,827.58
wDecay,8,20,20,21486,500000,5706.397048312987,3506.397048312987,2200.0,500000,9999,824.56
wDecay,9,10,14,11580,200000,2680.2399340601673,380.23993406016734,2300.0,200000,3999,27.91
wDecay,9,10,15,11581,200000,2746.7276983743413,446.72769837434134,2300.0,200000,3999,27.86
wDecay,8,20,19,21485,500000,3220.0251370301257,1020.0251370301257,2200.0,500000,9999,832.03
wDecay,8,20,17,21483,500000,2254.492877839675,54.4928778396752,2200.0,500000,9999,836.85
wDecay,8,20,21,21487,500000,3291.669720067427,1091.669720067427,2200.0,500000,9999,828.79
wDecay,9,10,16,11582,200000,2670.1079759592353,370.1079759592353,2300.0,200000,3999,27.93
wDecay,9,10,17,11583,200000,2726.7039365014916,426.7039365014916,2300.0,200000,3999,27.92
wDecay,9,10,18,11584,200000,2670.1079759592353,370.1079759592353,2300.0,200000,3999,28.06
wDecay,9,10,19,11585,200000,2711.954375603942,411.954375603942,2300.0,200000,3999,27.83
wDecay,9,10,20,11586,200000,2856.360357599777,556.3603575997772,2300.0,200000,3999,27.58
wDecay,9,10,21,11587,200000,2779.0941140452614,479.09411404526145,2300.0,200000,3999,27.22
wDecay,9,10,22,11588,200000,2688.303492268702,388.30349226870203,2300.0,200000,3999,27.94
wDecay,9,10,23,11589,200000,2688.303492268702,388.30349226870203,2300.0,200000,3999,28.53
wDecay,9,10,24,11590,200000,2713.9599161989154,413.9599161989154,2300.0,200000,3999,28.63
wDecay,9,10,25,11591,200000,2666.908142877275,366.90814287727517,2300.0,200000,3999,27.32
wDecay,9,10,26,11592,200000,2749.029729809884,449.029729809884,2300.0,200000,3999,29.08
wDecay,9,10,27,11593,200000,2670.1079759592353,370.1079759592353,2300.0,200000,3999,28.33
wDecay,9,10,28,11594,200000,2723.9095413492832,423.90954134928324,2300.0,200000,3999,28.85
wDecay,9,10,29,11595,200000,2719.7575932214613,419.7575932214613,2300.0,200000,3999,27.56
wDecay,9,20,0,21566,500000,2778.457769363201,478.4577693632009,2300.0,500000,9999,71.37
wDecay,9,20,1,21567,500000,2864.463273293997,564.4632732939972,2300.0,500000,9999,71.65
wDecay,9,20,2,21568,500000,2788.38012342212,488.38012342212005,2300.0,500000,9999,70.4
wDecay,9,20,3,21569,500000,2947.044762253199,647.0447622531992,2300.0,500000,9999,70.95
wDecay,9,20,4,21570,500000,2685.768900727413,385.768900727413,2300.0,500000,9999,71.07
wDecay,9,20,5,21571,500000,2898.622610877436,598.6226108774358,2300.0,500000,9999,71.3
wDecay,9,20,6,21572,500000,3009.688466651254,709.6884666512542,2300.0,500000,9999,70.67
wDecay,9,20,7,21573,500000,3364.3907735843304,1064.3907735843304,2300.0,500000,9999,70.49
wDecay,9,20,8,21574,500000,2700.3066209811905,400.30662098119046,2300.0,500000,9999,71.44
wDecay,9,20,9,21575,500000,2982.8858089474725,682.8858089474725,2300.0,500000,9999,70.84
wDecay,9,20,10,21576,500000,2994.789570762986,694.7895707629859,2300.0,500000,9999,70.91
wDecay,9,20,11,21577,500000,3234.8330345044833,934.8330345044833,2300.0,500000,9999,71.5
wDecay,9,20,12,21578,500000,2658.7923782553517,358.79237825535165,2300.0,500000,9999,71.05
wDecay,9,20,13,21579,500000,2941.386268204644,641.3862682046438,2300.0,500000,9999,70.7
wDecay,9,20,14,21580,500000,2700.3739695237546,400.37396952375457,2300.0,500000,9999,71.44
wDecay,9,20,15,21581,500000,3142.3172847213114,842.3172847213114,2300.0,500000,9999,70.75
wDecay,9,20,16,21582,500000,2821.4306157331403,521.4306157331403,2300.0,500000,9999,71.21
wDecay,9,20,17,21583,500000,2635.8129460184555,335.8129460184555,2300.0,500000,9999,70.67
wDecay,9,20,19,21585,500000,3242.3750667681074,942.3750667681074,2300.0,500000,9999,70.65
wDecay,9,20,18,21584,500000,2770.5862008953563,470.58620089535634,2300.0,500000,9999,71.86
wDecay,9,20,20,21586,500000,2855.4427006759406,555.4427006759406,2300.0,500000,9999,70.94
wDecay,9,20,21,21587,500000,2920.6392781627646,620.6392781627646,2300.0,500000,9999,71.19
wDecay,9,20,22,21588,500000,2954.204316086287,654.2043160862868,2300.0,500000,9999,70.38
wDecay,9,20,23,21589,500000,2751.401037889014,451.4010378890139,2300.0,500000,9999,71.15
wDecay,9,20,24,21590,500000,2765.7671148825257,465.7671148825257,2300.0,500000,9999,70.5
wDecay,9,20,26,21592,500000,3436.0657133729555,1136.0657133729555,2300.0,500000,9999,70.43
wDecay,9,20,25,21591,500000,2916.4969424008877,616.4969424008877,2300.0,500000,9999,71.41
wDecay,9,20,27,21593,500000,3103.1233101383204,803.1233101383204,2300.0,500000,9999,70.92
wDecay,10,10,0,11666,200000,2730.1180853093497,330.1180853093497,2400.0,200000,3999,25.92
wDecay,10,10,1,11667,200000,2657.348261427577,257.3482614275772,2400.0,200000,3999,26.61
wDecay,10,10,2,11668,200000,3279.79145076073,879.7914507607302,2400.0,200000,3999,26.33
wDecay,10,10,3,11669,200000,2627.5104362381057,227.51043623810574,2400.0,200000,3999,26.94
wDecay,10,10,4,11670,200000,2737.3007905342192,337.30079053421923,2400.0,200000,3999,26.3
wDecay,10,10,5,11671,200000,2744.2265244619707,344.2265244619707,2400.0,200000,3999,26.2
wDecay,10,10,6,11672,200000,2621.1220572825237,221.12205728252366,2400.0,200000,3999,26.73
wDecay,10,10,7,11673,200000,2742.962094696015,342.9620946960149,2400.0,200000,3999,26.78
wDecay,10,10,8,11674,200000,2658.8087376833114,258.8087376833114,2400.0,200000,3999,26.49
wDecay,10,10,9,11675,200000,2623.0742723567137,223.07427235671366,2400.0,200000,3999,26.11
wDecay,10,10,10,11676,200000,2657.773456953723,257.77345695372287,2400.0,200000,3999,26.5
wDecay,10,10,11,11677,200000,2657.1109431240084,257.1109431240084,2400.0,200000,3999,26.23
wDecay,10,10,12,11678,200000,2780.590299114059,380.5902991140588,2400.0,200000,3999,26.08
wDecay,10,10,13,11679,200000,2622.4738766144164,222.47387661441644,2400.0,200000,3999,26.68
wDecay,10,10,14,11680,200000,2720.301929794787,320.30192979478716,2400.0,200000,3999,26.38
wDecay,10,10,15,11681,200000,2657.8555292345513,257.85552923455134,2400.0,200000,3999,26.2
wDecay,10,10,16,11682,200000,2622.1516506522958,222.15165065229576,2400.0,200000,3999,26.61
wDecay,10,10,17,11683,200000,2619.404146298629,219.4041462986288,2400.0,200000,3999,26.45
wDecay,9,20,28,21594,500000,3133.9502541942757,833.9502541942757,2300.0,500000,9999,70.41
wDecay,9,20,29,21595,500000,2971.811111488285,671.811111488285,2300.0,500000,9999,70.19
wDecay,10,10,18,11684,200000,2726.9655685621256,326.96556856212555,2400.0,200000,3999,26.17
wDecay,10,10,19,11685,200000,2734.282229971494,334.28222997149396,2400.0,200000,3999,26.32
wDecay,10,10,20,11686,200000,2632.307041281667,232.3070412816669,2400.0,200000,3999,27.37
wDecay,10,10,21,11687,200000,2656.9587228301775,256.9587228301775,2400.0,200000,3999,26.3
wDecay,10,10,22,11688,200000,2639.706714110191,239.70671411019111,2400.0,200000,3999,26.49
wDecay,10,10,23,11689,200000,2625.370229728494,225.370229728494,2400.0,200000,3999,26.26
wDecay,10,10,24,11690,200000,2621.3494272349835,221.34942723498352,2400.0,200000,3999,26.3
wDecay,10,10,25,11691,200000,2622.64808390391,222.64808390391,2400.0,200000,3999,26.62
wDecay,10,10,26,11692,200000,2792.789700495318,392.7897004953179,2400.0,200000,3999,26.15
wDecay,10,10,27,11693,200000,2741.5864334330868,341.58643343308677,2400.0,200000,3999,26.33
wDecay,10,10,28,11694,200000,2725.2419927642545,325.2419927642545,2400.0,200000,3999,26.53
wDecay,10,10,29,11695,200000,2657.32591983782,257.32591983782004,2400.0,200000,3999,26.15
wDecay,10,20,2,21668,500000,2846.4034345793953,446.40343457939525,2400.0,500000,9999,65.99
wDecay,10,20,1,21667,500000,5691.132827711218,3291.132827711218,2400.0,500000,9999,66.88
wDecay,10,20,0,21666,500000,4196.5082772122805,1796.5082772122805,2400.0,500000,9999,67.15
wDecay,10,20,3,21669,500000,4767.411920667541,2367.4119206675414,2400.0,500000,9999,67.77
wDecay,10,20,5,21671,500000,3997.042111502505,1597.0421115025051,2400.0,500000,9999,66.25
wDecay,10,20,4,21670,500000,5041.022616833455,2641.022616833455,2400.0,500000,9999,66.54
wDecay,10,20,6,21672,500000,3351.0196578989717,951.0196578989717,2400.0,500000,9999,66.72
wDecay,10,20,7,21673,500000,3041.333343095939,641.3333430959392,2400.0,500000,9999,66.98
wDecay,10,20,8,21674,500000,2936.394438405465,536.3944384054648,2400.0,500000,9999,66.93
wDecay,10,20,10,21676,500000,2819.9639751629325,419.96397516293246,2400.0,500000,9999,66.38
wDecay,10,20,9,21675,500000,4522.575858931186,2122.5758589311863,2400.0,500000,9999,67.58
wDecay,10,20,12,21678,500000,2865.2822842491983,465.28228424919826,2400.0,500000,9999,66.2
wDecay,10,20,11,21677,500000,2943.995370049754,543.995370049754,2400.0,500000,9999,67.48
wDecay,10,20,13,21679,500000,2866.6678220164004,466.66782201640035,2400.0,500000,9999,66.21
wDecay,10,20,14,21680,500000,4208.563035449226,1808.563035449226,2400.0,500000,9999,66.74
wDecay,10,20,15,21681,500000,3907.219408957568,1507.2194089575678,2400.0,500000,9999,66.89
wDecay,10,20,16,21682,500000,2970.7374849234593,570.7374849234593,2400.0,500000,9999,67.07
wDecay,10,20,17,21683,500000,4090.735356812116,1690.7353568121162,2400.0,500000,9999,66.49
wDecay,10,20,19,21685,500000,3019.0691927572097,619.0691927572097,2400.0,500000,9999,65.84
wDecay,10,20,18,21684,500000,3836.726052405662,1436.726052405662,2400.0,500000,9999,66.37
wDecay,10,20,20,21686,500000,4598.205777639129,2198.2057776391293,2400.0,500000,9999,67.15
wDecay,10,20,21,21687,500000,4731.848531264317,2331.848531264317,2400.0,500000,9999,66.89
wDecay,10,20,22,21688,500000,4494.381893849573,2094.3818938495733,2400.0,500000,9999,67.52
wDecay,10,20,23,21689,500000,4470.351393074277,2070.3513930742774,2400.0,500000,9999,66.67
wDecay,10,20,24,21690,500000,4447.924997470999,2047.9249974709992,2400.0,500000,9999,67.32
wDecay,10,20,25,21691,500000,4306.351349404507,1906.3513494045073,2400.0,500000,9999,66.76
wDecay,10,20,26,21692,500000,4866.071252300141,2466.071252300141,2400.0,500000,9999,66.96
wDecay,10,20,27,21693,500000,4096.153980890023,1696.1539808900234,2400.0,500000,9999,66.93
wDecay,11,10,0,11766,200000,2667.5852670129566,67.58526701295659,2600.0,200000,3999,44.63
wDecay,11,10,1,11767,200000,2673.883468622539,73.88346862253911,2600.0,200000,3999,43.94
wDecay,11,10,3,11769,200000,3476.7184285022468,876.7184285022468,2600.0,200000,3999,44.07
wDecay,11,10,2,11768,200000,2626.602963880619,26.602963880618972,2600.0,200000,3999,44.79
wDecay,11,10,4,11770,200000,2647.910964304238,47.91096430423795,2600.0,200000,3999,43.9
wDecay,11,10,5,11771,200000,3499.5860073206622,899.5860073206622,2600.0,200000,3999,44.77
wDecay,11,10,6,11772,200000,2622.425596245957,22.425596245956967,2600.0,200000,3999,43.78
wDecay,11,10,7,11773,200000,2626.602963880619,26.602963880618972,2600.0,200000,3999,44.71
wDecay,11,10,8,11774,200000,2626.602963880619,26.602963880618972,2600.0,200000,3999,44.48
wDecay,11,10,9,11775,200000,2650.972251596326,50.972251596325805,2600.0,200000,3999,44.19
wDecay,11,10,10,11776,200000,2634.3071658575177,34.3071658575177,2600.0,200000,3999,44.86
wDecay,10,20,29,21695,500000,5217.099796105349,2817.099796105349,2400.0,500000,9999,66.74
wDecay,10,20,28,21694,500000,4727.40707632034,2327.40707632034,2400.0,500000,9999,67.25
wDecay,11,10,11,11777,200000,2634.2770958513693,34.27709585136927,2600.0,200000,3999,44.19
wDecay,11,10,12,11778,200000,2634.2770958513693,34.27709585136927,2600.0,200000,3999,44.17
wDecay,11,10,13,11779,200000,2634.2770958513693,34.27709585136927,2600.0,200000,3999,44.6
wDecay,11,10,15,11781,200000,2626.602963880619,26.602963880618972,2600.0,200000,3999,44.03
wDecay,11,10,14,11780,200000,2626.602963880619,26.602963880618972,2600.0,200000,3999,44.47
wDecay,11,10,16,11782,200000,2626.602963880619,26.602963880618972,2600.0,200000,3999,44.29
wDecay,11,10,17,11783,200000,2647.910964304238,47.91096430423795,2600.0,200000,3999,44.09
wDecay,11,10,18,11784,200000,2621.072377922809,21.07237792280921,2600.0,200000,3999,44.54
wDecay,11,10,19,11785,200000,2647.910964304238,47.91096430423795,2600.0,200000,3999,44.18
wDecay,11,10,20,11786,200000,2634.3071658575177,34.3071658575177,2600.0,200000,3999,44.13
wDecay,11,10,21,11787,200000,2647.910964304238,47.91096430423795,2600.0,200000,3999,44.34
wDecay,11,10,22,11788,200000,2626.602963880619,26.602963880618972,2600.0,200000,3999,44.14
wDecay,11,10,23,11789,200000,2647.910964304238,47.91096430423795,2600.0,200000,3999,44.04
wDecay,11,10,24,11790,200000,2621.8939416307767,21.89394163077668,2600.0,200000,3999,43.85
wDecay,11,10,25,11791,200000,2678.2651561129396,78.26515611293962,2600.0,200000,3999,44.71
wDecay,11,10,26,11792,200000,2626.7074003570237,26.707400357023744,2600.0,200000,3999,44.37
wDecay,11,10,27,11793,200000,2627.1057001855893,27.105700185589285,2600.0,200000,3999,44.32
wDecay,11,10,28,11794,200000,3498.185712245735,898.185712245735,2600.0,200000,3999,44.31
wDecay,11,10,29,11795,200000,2626.602963880619,26.602963880618972,2600.0,200000,3999,44.87
wDecay,11,20,0,21766,500000,4312.169760601701,1712.1697606017005,2600.0,500000,9999,112.17
wDecay,11,20,1,21767,500000,2766.2275554684784,166.22755546847839,2600.0,500000,9999,113.12
wDecay,11,20,2,21768,500000,4484.883824500084,1884.8838245000843,2600.0,500000,9999,112.52
wDecay,11,20,3,21769,500000,4348.416512067951,1748.4165120679509,2600.0,500000,9999,111.68
wDecay,11,20,5,21771,500000,2926.9335566389796,326.93355663897955,2600.0,500000,9999,110.71
wDecay,11,20,4,21770,500000,4321.782472441707,1721.782472441707,2600.0,500000,9999,112.83
wDecay,11,20,6,21772,500000,4266.276481557876,1666.2764815578757,2600.0,500000,9999,112.37
wDecay,11,20,8,21774,500000,2721.4203996463516,121.4203996463516,2600.0,500000,9999,112.64
wDecay,11,20,7,21773,500000,3297.826978946553,697.826978946553,2600.0,500000,9999,113.09
wDecay,11,20,9,21775,500000,4489.228588216917,1889.2285882169172,2600.0,500000,9999,112.04
wDecay,11,20,10,21776,500000,4267.347483916848,1667.3474839168484,2600.0,500000,9999,112.51
wDecay,11,20,11,21777,500000,2699.548044345299,99.54804434529888,2600.0,500000,9999,112.47
wDecay,11,20,13,21779,500000,2720.688883188072,120.68888318807194,2600.0,500000,9999,114.06
wDecay,11,20,12,21778,500000,4266.268553722715,1666.2685537227153,2600.0,500000,9999,115.41
wDecay,8,20,22,21488,500000,2223.736250388298,23.736250388297776,2200.0,500000,9999,837.15
wDecay,8,20,23,21489,500000,5012.2156940197565,2812.2156940197565,2200.0,500000,9999,837.1
wDecay,8,20,24,21490,500000,2224.8595254362917,24.859525436291733,2200.0,500000,9999,835.61
wDecay,8,20,25,21491,500000,2328.568625524854,128.56862552485381,2200.0,500000,9999,834.7
wDecay,12,10,0,11866,200000,2871.3513551700753,171.3513551700753,2700.0,200000,3999,48.06
wDecay,12,10,1,11867,200000,2871.3513551700753,171.3513551700753,2700.0,200000,3999,48.51
wDecay,11,20,14,21780,500000,2895.672414226099,295.67241422609914,2600.0,500000,9999,112.5
wDecay,11,20,15,21781,500000,2746.140068652476,146.1400686524762,2600.0,500000,9999,111.7
wDecay,11,20,16,21782,500000,4254.51701948401,1654.5170194840102,2600.0,500000,9999,113.03
wDecay,11,20,19,21785,500000,2704.398725324309,104.398725324309,2600.0,500000,9999,110.99
wDecay,11,20,17,21783,500000,2837.76670537514,237.7667053751402,2600.0,500000,9999,113.85
wDecay,11,20,18,21784,500000,4281.311839127067,1681.3118391270673,2600.0,500000,9999,113.14
wDecay,11,20,20,21786,500000,4287.311179980386,1687.3111799803864,2600.0,500000,9999,112.42
wDecay,11,20,21,21787,500000,4267.347483916848,1667.3474839168484,2600.0,500000,9999,113.13
wDecay,11,20,22,21788,500000,2718.714135289847,118.71413528984704,2600.0,500000,9999,113.01
wDecay,11,20,23,21789,500000,2669.5240655019284,69.52406550192836,2600.0,500000,9999,112.06
wDecay,8,20,26,21492,500000,6765.794294206809,4565.794294206809,2200.0,500000,9999,831.06
wDecay,11,20,24,21790,500000,2670.6404282491094,70.64042824910939,2600.0,500000,9999,114.31
wDecay,11,20,25,21791,500000,2852.3115668571118,252.31156685711176,2600.0,500000,9999,113.04
wDecay,8,20,27,21493,500000,3519.5983807960483,1319.5983807960483,2200.0,500000,9999,835.69
wDecay,11,20,27,21793,500000,2658.2161989012784,58.2161989012784,2600.0,500000,9999,111.07
wDecay,11,20,26,21792,500000,5019.440170316364,2419.440170316364,2600.0,500000,9999,112.81
wDecay,12,10,2,11868,200000,2871.3513551700753,171.3513551700753,2700.0,200000,3999,48.04
wDecay,12,10,3,11869,200000,2874.749975068404,174.74997506840418,2700.0,200000,3999,48.66
wDecay,8,20,29,21495,500000,3469.909596793251,1269.9095967932508,2200.0,500000,9999,833.96
wDecay,8,20,28,21494,500000,8941.938773773058,6741.938773773058,2200.0,500000,9999,834.76
wDecay,12,10,4,11870,200000,2875.966050301469,175.96605030146884,2700.0,200000,3999,48.61
wDecay,12,10,5,11871,200000,2871.3513551700753,171.3513551700753,2700.0,200000,3999,47.94
wDecay,12,10,6,11872,200000,2866.5652305682515,166.56523056825154,2700.0,200000,3999,48.54
wDecay,11,20,29,21795,500000,4261.303208283939,1661.303208283939,2600.0,500000,9999,112.67
wDecay,12,10,7,11873,200000,2874.52521898216,174.5252189821599,2700.0,200000,3999,48.21
wDecay,11,20,28,21794,500000,4319.848534707406,1719.8485347074056,2600.0,500000,9999,113.13
wDecay,12,10,8,11874,200000,2882.937615803273,182.93761580327282,2700.0,200000,3999,48.72
wDecay,12,10,9,11875,200000,2874.749975068404,174.74997506840418,2700.0,200000,3999,48.9
wDecay,12,10,10,11876,200000,2871.3513551700753,171.3513551700753,2700.0,200000,3999,48.82
wDecay,12,10,13,11879,200000,2878.561116429942,178.5611164299421,2700.0,200000,3999,48.11
wDecay,12,10,11,11877,200000,2878.561116429942,178.5611164299421,2700.0,200000,3999,48.53
wDecay,12,10,12,11878,200000,2882.6136662580393,182.6136662580393,2700.0,200000,3999,48.96
wDecay,12,10,14,11880,200000,2873.724668347643,173.72466834764282,2700.0,200000,3999,49.39
wDecay,12,10,15,11881,200000,2866.5652184770015,166.5652184770015,2700.0,200000,3999,48.88
wDecay,12,10,16,11882,200000,2874.749975068404,174.74997506840418,2700.0,200000,3999,48.76
wDecay,12,10,17,11883,200000,2873.724668347643,173.72466834764282,2700.0,200000,3999,48.37
wDecay,12,10,18,11884,200000,2871.3513551700753,171.3513551700753,2700.0,200000,3999,48.58
wDecay,12,10,19,11885,200000,2866.5652236682195,166.56522366821946,2700.0,200000,3999,48.88
wDecay,12,10,20,11886,200000,2871.3513551700753,171.3513551700753,2700.0,200000,3999,48.64
wDecay,12,10,21,11887,200000,2968.544749995532,268.54474999553213,2700.0,200000,3999,48.59
wDecay,12,10,22,11888,200000,2874.52521897583,174.52521897582983,2700.0,200000,3999,48.74
wDecay,12,10,23,11889,200000,2874.749975068404,174.74997506840418,2700.0,200000,3999,49.05
wDecay,12,10,24,11890,200000,2878.561116429942,178.5611164299421,2700.0,200000,3999,48.76
wDecay,12,10,25,11891,200000,2930.7025528422323,230.7025528422323,2700.0,200000,3999,48.28
wDecay,12,10,26,11892,200000,2915.3086852366387,215.30868523663867,2700.0,200000,3999,48.14
wDecay,12,10,27,11893,200000,2873.724668347643,173.72466834764282,2700.0,200000,3999,48.68
wDecay,12,10,29,11895,200000,2930.362320471072,230.36232047107205,2700.0,200000,3999,48.57
wDecay,12,10,28,11894,200000,2930.589255079425,230.58925507942513,2700.0,200000,3999,49.08
wDecay,12,20,0,21866,500000,2991.2829474488003,291.2829474488003,2700.0,500000,9999,122.56
wDecay,12,20,1,21867,500000,2986.743730769578,286.7437307695782,2700.0,500000,9999,122.95
wDecay,12,20,2,21868,500000,2987.3649396170185,287.36493961701854,2700.0,500000,9999,123.0
wDecay,12,20,3,21869,500000,3000.1383232484177,300.1383232484177,2700.0,500000,9999,122.26
wDecay,12,20,5,21871,500000,3129.651070370566,429.6510703705658,2700.0,500000,9999,122.18
wDecay,12,20,4,21870,500000,2953.5985550341616,253.59855503416156,2700.0,500000,9999,123.19
wDecay,12,20,6,21872,500000,3037.9365658014412,337.93656580144125,2700.0,500000,9999,123.36
wDecay,12,20,9,21875,500000,2967.74480550133,267.7448055013301,2700.0,500000,9999,121.86
wDecay,12,20,8,21874,500000,3038.753595902126,338.7535959021261,2700.0,500000,9999,123.21
wDecay,12,20,7,21873,500000,3024.509936882724,324.5099368827241,2700.0,500000,9999,124.32
wDecay,12,20,10,21876,500000,2993.712420803827,293.7124208038272,2700.0,500000,9999,122.28
wDecay,12,20,11,21877,500000,2949.941837629382,249.941837629382,2700.0,500000,9999,122.46
wDecay,12,20,12,21878,500000,2988.2574533464694,288.25745334646945,2700.0,500000,9999,122.37
wDecay,12,20,14,21880,500000,2980.2505405696274,280.25054056962745,2700.0,500000,9999,122.36
SCA,1,10,0,10766,200000,8807.789481659382,8507.789481659382,300.0,200000,3999,5.11
SCA,1,10,1,10767,200000,425.45953659076633,125.45953659076633,300.0,200000,3999,5.0
wDecay,12,20,13,21879,500000,3016.048235153617,316.04823515361704,2700.0,500000,9999,123.92
SCA,1,10,2,10768,200000,1352.9779655026462,1052.9779655026462,300.0,200000,3999,4.98
wDecay,12,20,17,21883,500000,2990.1580545320303,290.1580545320303,2700.0,500000,9999,122.7
wDecay,12,20,16,21882,500000,3145.9189472664907,445.9189472664907,2700.0,500000,9999,123.12
wDecay,12,20,15,21881,500000,2997.0626791186173,297.0626791186173,2700.0,500000,9999,124.5
SCA,1,10,3,10769,200000,2213.277851023009,1913.2778510230091,300.0,200000,3999,4.89
SCA,1,10,4,10770,200000,2865.398740896649,2565.398740896649,300.0,200000,3999,5.06
SCA,1,10,5,10771,200000,6105.247044680392,5805.247044680392,300.0,200000,3999,4.98
SCA,1,10,6,10772,200000,3751.6743595638563,3451.6743595638563,300.0,200000,3999,4.91
SCA,1,10,7,10773,200000,5773.502030860746,5473.502030860746,300.0,200000,3999,5.06
SCA,1,10,8,10774,200000,3715.572278519285,3415.572278519285,300.0,200000,3999,5.13
SCA,1,10,9,10775,200000,2653.9233304871404,2353.9233304871404,300.0,200000,3999,4.93
SCA,1,10,10,10776,200000,4190.213817678221,3890.213817678221,300.0,200000,3999,4.99
SCA,1,10,11,10777,200000,2781.676347636105,2481.676347636105,300.0,200000,3999,4.98
SCA,1,10,12,10778,200000,7164.722029955414,6864.722029955414,300.0,200000,3999,4.92
SCA,1,10,13,10779,200000,612.3978431933713,312.3978431933713,300.0,200000,3999,4.97
SCA,1,10,14,10780,200000,2211.5954627397014,1911.5954627397014,300.0,200000,3999,5.13
SCA,1,10,15,10781,200000,4183.594526427894,3883.5945264278944,300.0,200000,3999,5.0
SCA,1,10,16,10782,200000,6079.857197714668,5779.857197714668,300.0,200000,3999,5.04
SCA,1,10,17,10783,200000,6550.324825518526,6250.324825518526,300.0,200000,3999,5.1
SCA,1,10,18,10784,200000,467.99884825504785,167.99884825504785,300.0,200000,3999,5.04
SCA,1,10,19,10785,200000,5578.077673005474,5278.077673005474,300.0,200000,3999,4.82
SCA,1,10,20,10786,200000,3204.506406123429,2904.506406123429,300.0,200000,3999,4.99
SCA,1,10,21,10787,200000,541.0973303667001,241.09733036670013,300.0,200000,3999,5.06
SCA,1,10,22,10788,200000,858.0467734659222,558.0467734659222,300.0,200000,3999,5.04
wDecay,12,20,18,21884,500000,3026.3375320502555,326.3375320502555,2700.0,500000,9999,122.69
SCA,1,10,23,10789,200000,7011.578678878836,6711.578678878836,300.0,200000,3999,5.06
SCA,1,10,24,10790,200000,3864.5345881171243,3564.5345881171243,300.0,200000,3999,5.16
wDecay,12,20,19,21885,500000,2970.6857262771464,270.6857262771464,2700.0,500000,9999,122.9
wDecay,12,20,20,21886,500000,2985.4496981838493,285.44969818384925,2700.0,500000,9999,122.86
wDecay,12,20,21,21887,500000,2977.4369980775464,277.4369980775464,2700.0,500000,9999,122.73
SCA,1,10,25,10791,200000,6726.3721322562815,6426.3721322562815,300.0,200000,3999,4.89
SCA,1,10,26,10792,200000,3546.5449187449058,3246.5449187449058,300.0,200000,3999,5.07
SCA,1,10,27,10793,200000,981.4896797925602,681.4896797925602,300.0,200000,3999,4.96
SCA,1,10,29,10795,200000,1887.34322014409,1587.34322014409,300.0,200000,3999,4.92
SCA,1,10,28,10794,200000,6813.681466356197,6513.681466356197,300.0,200000,3999,5.09
SCA,1,20,0,20766,500000,13573.313378268793,13273.313378268793,300.0,500000,9999,12.68
SCA,1,20,1,20767,500000,24262.17391473384,23962.17391473384,300.0,500000,9999,12.89
SCA,1,20,2,20768,500000,13361.482715995282,13061.482715995282,300.0,500000,9999,12.62
SCA,1,20,3,20769,500000,8900.754822465393,8600.754822465393,300.0,500000,9999,12.3
SCA,1,20,4,20770,500000,12821.537847365837,12521.537847365837,300.0,500000,9999,12.69
SCA,1,20,5,20771,500000,14528.703728603849,14228.703728603849,300.0,500000,9999,12.57
SCA,1,20,7,20773,500000,19276.608471375694,18976.608471375694,300.0,500000,9999,12.49
SCA,1,20,6,20772,500000,14799.189207662854,14499.189207662854,300.0,500000,9999,12.71
SCA,1,20,8,20774,500000,17983.901983384654,17683.901983384654,300.0,500000,9999,12.55
SCA,1,20,9,20775,500000,18303.779468803248,18003.779468803248,300.0,500000,9999,12.5
SCA,1,20,11,20777,500000,15581.194943749972,15281.194943749972,300.0,500000,9999,12.26
SCA,1,20,10,20776,500000,16887.35726949612,16587.35726949612,300.0,500000,9999,12.64
SCA,1,20,12,20778,500000,12344.082227530032,12044.082227530032,300.0,500000,9999,12.65
SCA,1,20,13,20779,500000,19310.210564206194,19010.210564206194,300.0,500000,9999,12.88
SCA,1,20,14,20780,500000,12361.73308260321,12061.73308260321,300.0,500000,9999,12.61
SCA,1,20,17,20783,500000,35067.60232188564,34767.60232188564,300.0,500000,9999,12.38
SCA,1,20,15,20781,500000,23207.078975670673,22907.078975670673,300.0,500000,9999,12.64
SCA,1,20,16,20782,500000,14915.542345383252,14615.542345383252,300.0,500000,9999,12.7
SCA,1,20,18,20784,500000,9750.626066837645,9450.626066837645,300.0,500000,9999,12.76
SCA,1,20,19,20785,500000,15755.792403110605,15455.792403110605,300.0,500000,9999,12.63
SCA,1,20,20,20786,500000,10355.824886065384,10055.824886065384,300.0,500000,9999,12.74
SCA,1,20,21,20787,500000,18809.407143407952,18509.407143407952,300.0,500000,9999,12.78
SCA,1,20,22,20788,500000,15612.89951284614,15312.89951284614,300.0,500000,9999,12.75
SCA,1,20,23,20789,500000,15724.08600232761,15424.08600232761,300.0,500000,9999,12.69
SCA,1,20,25,20791,500000,13068.001588446525,12768.001588446525,300.0,500000,9999,12.62
SCA,1,20,24,20790,500000,21617.179756897967,21317.179756897967,300.0,500000,9999,12.8
SCA,1,20,26,20792,500000,8059.16145062667,7759.16145062667,300.0,500000,9999,12.54
SCA,1,20,27,20793,500000,16738.63055702126,16438.63055702126,300.0,500000,9999,12.59
SCA,2,10,0,10866,200000,499.85597698897334,99.85597698897334,400.0,200000,3999,5.98
SCA,2,10,1,10867,200000,446.93343103419596,46.93343103419596,400.0,200000,3999,5.9
SCA,2,10,2,10868,200000,810.9806161158687,410.98061611586866,400.0,200000,3999,5.95
SCA,2,10,3,10869,200000,502.24250648799034,102.24250648799034,400.0,200000,3999,5.97
SCA,2,10,4,10870,200000,620.4669915280846,220.46699152808458,400.0,200000,3999,5.86
SCA,2,10,5,10871,200000,813.0482398366178,413.04823983661777,400.0,200000,3999,6.0
SCA,2,10,6,10872,200000,503.94676801443626,103.94676801443626,400.0,200000,3999,6.07
SCA,2,10,7,10873,200000,515.0277843707537,115.0277843707537,400.0,200000,3999,6.16
SCA,2,10,9,10875,200000,527.7770521728271,127.7770521728271,400.0,200000,3999,5.9
SCA,2,10,8,10874,200000,630.3283576015823,230.3283576015823,400.0,200000,3999,6.01
SCA,2,10,10,10876,200000,565.7959509817922,165.7959509817922,400.0,200000,3999,6.04
SCA,2,10,11,10877,200000,1222.8242012923406,822.8242012923406,400.0,200000,3999,6.08
SCA,2,10,12,10878,200000,802.1104189375937,402.11041893759375,400.0,200000,3999,5.95
SCA,1,20,28,20794,500000,16197.780184139707,15897.780184139707,300.0,500000,9999,12.68
SCA,2,10,13,10879,200000,526.7937284742654,126.79372847426544,400.0,200000,3999,6.2
SCA,1,20,29,20795,500000,10257.612025366352,9957.612025366352,300.0,500000,9999,12.69
SCA,2,10,14,10880,200000,441.29028232009944,41.290282320099436,400.0,200000,3999,6.04
SCA,2,10,15,10881,200000,810.2409871022944,410.2409871022944,400.0,200000,3999,5.95
SCA,2,10,16,10882,200000,813.2914855738018,413.29148557380176,400.0,200000,3999,5.92
SCA,2,10,18,10884,200000,887.0621001803217,487.06210018032175,400.0,200000,3999,5.88
SCA,2,10,17,10883,200000,494.1905588005778,94.19055880057778,400.0,200000,3999,6.14
SCA,2,10,19,10885,200000,623.0692929748288,223.06929297482884,400.0,200000,3999,5.94
SCA,2,10,20,10886,200000,743.4822773648441,343.4822773648441,400.0,200000,3999,5.89
SCA,2,10,21,10887,200000,735.6259993869014,335.6259993869014,400.0,200000,3999,6.12
SCA,2,10,22,10888,200000,478.7163512040993,78.71635120409928,400.0,200000,3999,5.89
SCA,2,10,23,10889,200000,429.33065308014665,29.330653080146647,400.0,200000,3999,5.89
SCA,2,10,24,10890,200000,1115.8758557474214,715.8758557474214,400.0,200000,3999,6.12
SCA,2,10,25,10891,200000,482.7023312973431,82.70233129734311,400.0,200000,3999,5.97
SCA,2,10,26,10892,200000,439.54391630342104,39.54391630342104,400.0,200000,3999,5.97
SCA,2,10,27,10893,200000,834.9844793793618,434.9844793793618,400.0,200000,3999,5.96
SCA,2,10,28,10894,200000,480.08303597853273,80.08303597853273,400.0,200000,3999,5.98
SCA,2,10,29,10895,200000,535.4230232209177,135.42302322091768,400.0,200000,3999,5.9
SCA,2,20,0,20866,500000,695.5259219917202,295.5259219917202,400.0,500000,9999,14.91
SCA,2,20,2,20868,500000,772.2094150942095,372.2094150942095,400.0,500000,9999,15.02
SCA,2,20,1,20867,500000,1595.8515159863462,1195.8515159863462,400.0,500000,9999,15.34
SCA,2,20,3,20869,500000,1000.2842516776295,600.2842516776295,400.0,500000,9999,15.06
SCA,2,20,5,20871,500000,833.282671401518,433.282671401518,400.0,500000,9999,14.71
SCA,2,20,4,20870,500000,711.0582348307822,311.0582348307822,400.0,500000,9999,15.13
SCA,2,20,6,20872,500000,1730.1316569939972,1330.1316569939972,400.0,500000,9999,14.67
SCA,2,20,7,20873,500000,1073.3781129620384,673.3781129620384,400.0,500000,9999,15.16
SCA,2,20,10,20876,500000,1228.234436961735,828.2344369617349,400.0,500000,9999,14.88
SCA,2,20,8,20874,500000,2088.228479612725,1688.228479612725,400.0,500000,9999,15.07
SCA,2,20,9,20875,500000,1751.581344211559,1351.581344211559,400.0,500000,9999,15.13
SCA,2,20,11,20877,500000,968.590250645384,568.590250645384,400.0,500000,9999,14.85
SCA,2,20,13,20879,500000,990.540574801121,590.540574801121,400.0,500000,9999,15.01
SCA,2,20,12,20878,500000,864.0110384195914,464.0110384195914,400.0,500000,9999,15.28
SCA,2,20,14,20880,500000,993.7337535118345,593.7337535118345,400.0,500000,9999,15.07
SCA,2,20,15,20881,500000,1260.7550029693725,860.7550029693725,400.0,500000,9999,15.05
SCA,2,20,16,20882,500000,1022.2826878680956,622.2826878680956,400.0,500000,9999,14.9
SCA,2,20,17,20883,500000,830.7322709339629,430.7322709339629,400.0,500000,9999,14.96
SCA,2,20,19,20885,500000,1004.0204116350772,604.0204116350772,400.0,500000,9999,15.02
SCA,2,20,18,20884,500000,1225.0412846984668,825.0412846984668,400.0,500000,9999,15.38
SCA,2,20,20,20886,500000,1271.2419855952535,871.2419855952535,400.0,500000,9999,14.93
SCA,2,20,21,20887,500000,1271.181087505591,871.181087505591,400.0,500000,9999,15.2
SCA,2,20,23,20889,500000,904.8978995685209,504.89789956852087,400.0,500000,9999,14.97
SCA,2,20,24,20890,500000,1195.8473287578206,795.8473287578206,400.0,500000,9999,15.03
SCA,2,20,25,20891,500000,1036.415555190541,636.415555190541,400.0,500000,9999,14.82
SCA,2,20,22,20888,500000,1475.730446829833,1075.730446829833,400.0,500000,9999,15.33
SCA,2,20,26,20892,500000,1068.7990965856507,668.7990965856507,400.0,500000,9999,14.81
SCA,2,20,27,20893,500000,799.2240758303126,399.2240758303126,400.0,500000,9999,15.24
wDecay,12,20,22,21888,500000,2964.1177954163436,264.1177954163436,2700.0,500000,9999,122.87
wDecay,12,20,23,21889,500000,3000.434140030561,300.43414003056114,2700.0,500000,9999,123.28
wDecay,12,20,25,21891,500000,3038.860297035599,338.86029703559916,2700.0,500000,9999,122.08
SCA,3,10,0,10966,200000,600.0389127552697,0.03891275526973459,600.0,200000,3999,9.94
wDecay,12,20,24,21890,500000,2982.2809547700526,282.28095477005263,2700.0,500000,9999,123.38
wDecay,12,20,27,21893,500000,3024.010622277235,324.01062227723514,2700.0,500000,9999,122.11
SCA,3,10,1,10967,200000,600.0487880351526,0.04878803515259733,600.0,200000,3999,10.32
SCA,3,10,2,10968,200000,600.0423948566831,0.042394856683131366,600.0,200000,3999,10.18
SCA,3,10,3,10969,200000,600.0752307109004,0.07523071090042777,600.0,200000,3999,10.07
SCA,3,10,4,10970,200000,600.0164071395254,0.016407139525426828,600.0,200000,3999,10.09
wDecay,12,20,26,21892,500000,2988.5643114786944,288.56431147869444,2700.0,500000,9999,123.65
SCA,3,10,5,10971,200000,600.0141701189414,0.014170118941365217,600.0,200000,3999,10.23
SCA,3,10,8,10974,200000,600.017610784587,0.017610784586963746,600.0,200000,3999,9.9
SCA,2,20,28,20894,500000,988.9269359363078,588.9269359363078,400.0,500000,9999,14.97
SCA,3,10,6,10972,200000,600.0219932169335,0.02199321693353795,600.0,200000,3999,10.36
SCA,3,10,9,10975,200000,600.0627753632912,0.06277536329116629,600.0,200000,3999,10.09
SCA,3,10,7,10973,200000,600.0205068636618,0.020506863661807984,600.0,200000,3999,10.23
SCA,3,10,10,10976,200000,600.0346372429808,0.03463724298080706,600.0,200000,3999,10.11
SCA,2,20,29,20895,500000,1002.770468176315,602.770468176315,400.0,500000,9999,15.36
SCA,3,10,11,10977,200000,600.0173078643944,0.0173078643944109,600.0,200000,3999,10.18
SCA,3,10,12,10978,200000,600.0536098735097,0.05360987350968571,600.0,200000,3999,10.29
SCA,3,10,13,10979,200000,600.0094167805202,0.009416780520155044,600.0,200000,3999,10.33
SCA,3,10,14,10980,200000,600.0210484377482,0.02104843774816345,600.0,200000,3999,10.17
SCA,3,10,15,10981,200000,600.0041279243468,0.004127924346789769,600.0,200000,3999,10.18
SCA,3,10,16,10982,200000,600.0909361035348,0.09093610353477288,600.0,200000,3999,10.31
SCA,3,10,17,10983,200000,600.0357038031985,0.03570380319854394,600.0,200000,3999,10.38
SCA,3,10,18,10984,200000,600.0197370154126,0.019737015412601977,600.0,200000,3999,10.37
SCA,3,10,19,10985,200000,600.0717656057788,0.0717656057787508,600.0,200000,3999,10.35
SCA,3,10,21,10987,200000,600.0518318125776,0.051831812577574965,600.0,200000,3999,10.18
SCA,3,10,20,10986,200000,600.0118987524268,0.011898752426759529,600.0,200000,3999,10.34
SCA,3,10,22,10988,200000,600.0103994526372,0.0103994526372162,600.0,200000,3999,10.29
SCA,3,10,23,10989,200000,600.1380104833015,0.1380104833015139,600.0,200000,3999,10.11
SCA,3,10,26,10992,200000,600.0070858325698,0.007085832569828199,600.0,200000,3999,10.1
SCA,3,10,25,10991,200000,600.0246694251013,0.024669425101251363,600.0,200000,3999,10.17
SCA,3,10,24,10990,200000,600.0202005347624,0.020200534762352618,600.0,200000,3999,10.46
SCA,3,10,28,10994,200000,600.0263440397804,0.026344039780383355,600.0,200000,3999,10.22
SCA,3,10,27,10993,200000,600.0113168498244,0.011316849824424935,600.0,200000,3999,10.34
SCA,3,10,29,10995,200000,600.0163038477885,0.01630384778854932,600.0,200000,3999,10.09
wDecay,12,20,28,21894,500000,3085.7922173482593,385.7922173482593,2700.0,500000,9999,123.16
wDecay,12,20,29,21895,500000,3032.6343837402137,332.6343837402137,2700.0,500000,9999,123.17
SCA,3,20,1,20967,500000,600.6506501014218,0.6506501014217747,600.0,500000,9999,25.64
SCA,3,20,0,20966,500000,600.168626532661,0.168626532661051,600.0,500000,9999,25.93
SCA,3,20,2,20968,500000,600.4596805954876,0.45968059548761175,600.0,500000,9999,25.38
SCA,3,20,3,20969,500000,601.4981535142695,1.498153514269461,600.0,500000,9999,25.88
SCA,3,20,4,20970,500000,600.6628583732187,0.6628583732186826,600.0,500000,9999,25.64
SCA,3,20,5,20971,500000,600.1893207167129,0.1893207167129276,600.0,500000,9999,25.59
SCA,3,20,7,20973,500000,600.2984263471085,0.2984263471084887,600.0,500000,9999,25.33
SCA,3,20,8,20974,500000,600.1650207038266,0.16502070382659895,600.0,500000,9999,25.66
SCA,3,20,6,20972,500000,600.17834809954,0.17834809954001685,600.0,500000,9999,26.45
SCA,3,20,10,20976,500000,600.1929847121141,0.19298471211413926,600.0,500000,9999,25.73
SCA,3,20,11,20977,500000,600.9872419209473,0.9872419209473264,600.0,500000,9999,25.7
SCA,3,20,9,20975,500000,600.2578338960406,0.25783389604055174,600.0,500000,9999,25.98
SCA,3,20,12,20978,500000,600.2955338973105,0.29553389731051993,600.0,500000,9999,25.94
SCA,3,20,13,20979,500000,600.1931740258951,0.19317402589513222,600.0,500000,9999,26.11
SCA,3,20,15,20981,500000,600.5845138230351,0.5845138230350813,600.0,500000,9999,25.84
SCA,3,20,17,20983,500000,600.1128043595222,0.11280435952221524,600.0,500000,9999,25.74
SCA,3,20,18,20984,500000,600.1987214551045,0.19872145510453265,600.0,500000,9999,25.72
SCA,3,20,14,20980,500000,600.8579234503601,0.8579234503600901,600.0,500000,9999,26.24
SCA,3,20,16,20982,500000,600.7205672318339,0.7205672318339111,600.0,500000,9999,26.11
SCA,3,20,19,20985,500000,600.3713680473334,0.3713680473333625,600.0,500000,9999,25.95
SCA,3,20,20,20986,500000,600.3856870274358,0.3856870274357789,600.0,500000,9999,25.53
SCA,4,10,0,11066,200000,846.0002034462952,46.000203446295245,800.0,200000,3999,14.59
SCA,4,10,1,11067,200000,850.012888475485,50.012888475485056,800.0,200000,3999,14.61
SCA,4,10,2,11068,200000,858.0000546286147,58.00005462861475,800.0,200000,3999,14.77
SCA,3,20,21,20987,500000,600.0896365447252,0.08963654472518101,600.0,500000,9999,25.81
SCA,4,10,3,11069,200000,844.288688164539,44.28868816453905,800.0,200000,3999,15.09
SCA,4,10,4,11070,200000,874.0002831116296,74.00028311162964,800.0,200000,3999,14.64
SCA,4,10,5,11071,200000,841.5656711094623,41.5656711094623,800.0,200000,3999,14.58
SCA,4,10,8,11074,200000,833.8857250935251,33.88572509352514,800.0,200000,3999,14.52
SCA,4,10,7,11073,200000,838.0734095228255,38.0734095228255,800.0,200000,3999,14.82
SCA,4,10,6,11072,200000,819.3370655350598,19.337065535059764,800.0,200000,3999,14.88
SCA,4,10,10,11076,200000,853.9328837882596,53.93288378825957,800.0,200000,3999,14.6
SCA,4,10,9,11075,200000,876.4542970423155,76.45429704231549,800.0,200000,3999,14.66
SCA,4,10,11,11077,200000,836.0073111198396,36.00731111983964,800.0,200000,3999,15.02
SCA,3,20,22,20988,500000,600.5057663756967,0.5057663756966804,600.0,500000,9999,25.43
SCA,3,20,23,20989,500000,600.6626992586395,0.6626992586394636,600.0,500000,9999,25.63
SCA,3,20,24,20990,500000,600.2428859955209,0.24288599552085088,600.0,500000,9999,25.32
SCA,3,20,25,20991,500000,600.8731145959688,0.8731145959687865,600.0,500000,9999,25.54
SCA,3,20,26,20992,500000,600.4610516001891,0.4610516001890801,600.0,500000,9999,25.59
SCA,3,20,27,20993,500000,600.1859482083547,0.18594820835471637,600.0,500000,9999,25.63
SCA,3,20,28,20994,500000,600.1719890445372,0.17198904453721298,600.0,500000,9999,25.67
SCA,4,10,12,11078,200000,868.0000000034252,68.00000000342516,800.0,200000,3999,14.6
SCA,3,20,29,20995,500000,600.0993586013676,0.09935860136761221,600.0,500000,9999,25.77
SCA,4,10,13,11079,200000,865.6432106940827,65.64321069408265,800.0,200000,3999,14.59
SCA,4,10,15,11081,200000,835.6904222480332,35.6904222480332,800.0,200000,3999,14.63
SCA,4,10,14,11080,200000,846.0000000068436,46.00000000684361,800.0,200000,3999,14.88
SCA,4,10,16,11082,200000,840.00000000577,40.00000000576995,800.0,200000,3999,14.7
SCA,4,10,17,11083,200000,858.9116830435697,58.911683043569724,800.0,200000,3999,14.58
SCA,4,10,18,11084,200000,824.7956808185154,24.795680818515393,800.0,200000,3999,14.54
SCA,4,10,19,11085,200000,860.0,60.0,800.0,200000,3999,15.18
SCA,4,10,23,11089,200000,825.9237856740075,25.92378567400749,800.0,200000,3999,14.54
SCA,4,10,20,11086,200000,847.8496997533566,47.84969975335662,800.0,200000,3999,14.86
SCA,4,10,21,11087,200000,894.8440138704448,94.84401387044477,800.0,200000,3999,14.65
SCA,4,10,22,11088,200000,844.003348924986,44.00334892498597,800.0,200000,3999,14.77
SCA,4,10,24,11090,200000,861.2634572992638,61.26345729926379,800.0,200000,3999,14.76
SCA,4,10,25,11091,200000,836.0004805221564,36.00048052215641,800.0,200000,3999,14.74
SCA,4,10,26,11092,200000,850.0,50.0,800.0,200000,3999,14.58
SCA,4,10,27,11093,200000,862.7204867546969,62.720486754696935,800.0,200000,3999,14.65
SCA,4,10,28,11094,200000,846.9155358700185,46.915535870018516,800.0,200000,3999,14.49
SCA,4,10,29,11095,200000,835.6051242459207,35.605124245920706,800.0,200000,3999,14.65
SCA,4,20,0,21066,500000,996.5,196.5,800.0,500000,9999,37.06
SCA,4,20,1,21067,500000,1007.41371142545,207.41371142544995,800.0,500000,9999,36.99
SCA,4,20,2,21068,500000,1009.3497275139573,209.3497275139573,800.0,500000,9999,36.87
SCA,4,20,3,21069,500000,976.6040914139357,176.60409141393575,800.0,500000,9999,36.97
SCA,4,20,4,21070,500000,1020.8945113317956,220.89451133179557,800.0,500000,9999,36.96
SCA,4,20,5,21071,500000,1019.2408060976024,219.24080609760244,800.0,500000,9999,36.83
SCA,4,20,7,21073,500000,1001.2470567223759,201.24705672237587,800.0,500000,9999,37.07
SCA,4,20,6,21072,500000,997.1943994112007,197.19439941120072,800.0,500000,9999,37.21
SCA,4,20,9,21075,500000,1016.7000935573528,216.70009355735283,800.0,500000,9999,37.03
SCA,4,20,10,21076,500000,1073.7160117082713,273.71601170827125,800.0,500000,9999,36.91
SCA,4,20,8,21074,500000,988.6292534805149,188.62925348051488,800.0,500000,9999,37.52
SCA,4,20,11,21077,500000,1056.0139485214618,256.01394852146177,800.0,500000,9999,37.47
SCA,4,20,13,21079,500000,1008.1588820320013,208.15888203200132,800.0,500000,9999,36.77
SCA,4,20,14,21080,500000,1083.1085409892466,283.10854098924665,800.0,500000,9999,37.1
SCA,4,20,12,21078,500000,1066.2278300550558,266.22783005505585,800.0,500000,9999,37.21
SCA,4,20,16,21082,500000,1021.8462698433538,221.84626984335375,800.0,500000,9999,37.01
SCA,4,20,15,21081,500000,963.5866217511273,163.58662175112727,800.0,500000,9999,37.23
SCA,4,20,17,21083,500000,962.9431796665061,162.94317966650613,800.0,500000,9999,37.15
SCA,4,20,18,21084,500000,1024.2561451180281,224.25614511802814,800.0,500000,9999,37.05
SCA,4,20,19,21085,500000,1026.3696284864864,226.36962848648636,800.0,500000,9999,37.12
SCA,4,20,20,21086,500000,1034.5041694322608,234.50416943226082,800.0,500000,9999,36.83
SCA,4,20,21,21087,500000,961.2975895577295,161.29758955772945,800.0,500000,9999,36.76
SCA,5,10,0,11166,200000,901.1007741332455,1.1007741332455225,900.0,200000,3999,8.21
SCA,5,10,1,11167,200000,900.8562513080574,0.8562513080573808,900.0,200000,3999,8.21
SCA,5,10,2,11168,200000,902.1231423735657,2.1231423735656563,900.0,200000,3999,8.03
SCA,5,10,3,11169,200000,900.6831037027856,0.6831037027856155,900.0,200000,3999,8.2
SCA,5,10,4,11170,200000,902.3868674232625,2.3868674232625153,900.0,200000,3999,8.06
SCA,5,10,5,11171,200000,900.8405036987019,0.840503698701923,900.0,200000,3999,7.98
SCA,5,10,7,11173,200000,900.7477465598347,0.7477465598346953,900.0,200000,3999,7.98
SCA,5,10,6,11172,200000,901.3262600774025,1.3262600774024804,900.0,200000,3999,8.14
SCA,5,10,8,11174,200000,901.0141910797995,1.0141910797995024,900.0,200000,3999,8.33
SCA,5,10,9,11175,200000,901.2760577378335,1.2760577378335256,900.0,200000,3999,8.07
SCA,5,10,10,11176,200000,900.3102669808264,0.3102669808264409,900.0,200000,3999,8.18
SCA,5,10,11,11177,200000,900.9422235862535,0.9422235862534762,900.0,200000,3999,8.23
SCA,5,10,12,11178,200000,902.9893267006274,2.98932670062743,900.0,200000,3999,8.13
SCA,5,10,13,11179,200000,901.6996564437815,1.699656443781464,900.0,200000,3999,8.32
SCA,5,10,14,11180,200000,903.7604708976405,3.7604708976405163,900.0,200000,3999,8.02
SCA,5,10,16,11182,200000,901.0982753495235,1.098275349523533,900.0,200000,3999,7.92
SCA,5,10,15,11181,200000,902.5367265799778,2.536726579977767,900.0,200000,3999,8.13
SCA,5,10,17,11183,200000,902.81447429344,2.8144742934399574,900.0,200000,3999,8.09
SCA,5,10,18,11184,200000,900.934856772829,0.9348567728289936,900.0,200000,3999,8.05
SCA,5,10,19,11185,200000,900.948298961439,0.9482989614390362,900.0,200000,3999,8.12
SCA,5,10,20,11186,200000,902.6184951876212,2.6184951876211926,900.0,200000,3999,8.02
SCA,5,10,21,11187,200000,902.2221336932108,2.2221336932108215,900.0,200000,3999,8.04
SCA,5,10,22,11188,200000,901.8585724894737,1.8585724894736586,900.0,200000,3999,8.28
SCA,5,10,23,11189,200000,901.5234612334631,1.523461233463081,900.0,200000,3999,8.13
SCA,5,10,24,11190,200000,900.9645344430785,0.9645344430784917,900.0,200000,3999,8.07
SCA,5,10,25,11191,200000,901.2039438663218,1.2039438663217652,900.0,200000,3999,8.17
SCA,5,10,26,11192,200000,900.312590877429,0.3125908774289883,900.0,200000,3999,8.12
SCA,5,10,27,11193,200000,900.764127271957,0.7641272719570225,900.0,200000,3999,8.07
SCA,5,10,28,11194,200000,903.1011388935916,3.10113889359161,900.0,200000,3999,7.97
SCA,5,10,29,11195,200000,900.755519249861,0.7555192498609813,900.0,200000,3999,7.93
SCA,4,20,22,21088,500000,1028.5264684519711,228.52646845197114,800.0,500000,9999,36.36
SCA,4,20,24,21090,500000,986.4421279287313,186.44212792873134,800.0,500000,9999,35.97
SCA,4,20,23,21089,500000,985.4085060214276,185.40850602142757,800.0,500000,9999,36.58
SCA,4,20,25,21091,500000,1106.5012562026457,306.50125620264566,800.0,500000,9999,36.21
SCA,4,20,26,21092,500000,976.20494965402,176.20494965401997,800.0,500000,9999,36.88
SCA,4,20,27,21093,500000,1004.0457065158498,204.04570651584982,800.0,500000,9999,36.46
SCA,4,20,28,21094,500000,1016.1519576379152,216.1519576379152,800.0,500000,9999,36.07
SCA,4,20,29,21095,500000,1025.1281752971263,225.1281752971263,800.0,500000,9999,36.18
SCA,5,20,0,21166,500000,903.9598154589951,3.959815458995081,900.0,500000,9999,20.66
SCA,5,20,1,21167,500000,906.3014533284775,6.301453328477464,900.0,500000,9999,20.3
SCA,5,20,2,21168,500000,903.5455099181082,3.5455099181082232,900.0,500000,9999,20.37
SCA,5,20,5,21171,500000,907.05688909009,7.056889090089953,900.0,500000,9999,20.21
SCA,5,20,3,21169,500000,905.3160100056904,5.316010005690373,900.0,500000,9999,20.36
SCA,5,20,4,21170,500000,904.3171229206606,4.3171229206606085,900.0,500000,9999,20.4
SCA,5,20,6,21172,500000,905.0779251205394,5.077925120539362,900.0,500000,9999,20.51
SCA,5,20,7,21173,500000,906.3244447917634,6.324444791763426,900.0,500000,9999,20.27
SCA,5,20,8,21174,500000,907.2606687454911,7.2606687454911025,900.0,500000,9999,20.42
SCA,5,20,9,21175,500000,904.0622084067302,4.0622084067301785,900.0,500000,9999,20.15
SCA,5,20,10,21176,500000,903.2827957169096,3.282795716909618,900.0,500000,9999,20.4
SCA,5,20,11,21177,500000,907.004864685127,7.004864685127018,900.0,500000,9999,20.2
SCA,5,20,12,21178,500000,903.8808979588775,3.88089795887754,900.0,500000,9999,20.21
SCA,5,20,13,21179,500000,906.1241528989922,6.124152898992179,900.0,500000,9999,20.43
SCA,5,20,14,21180,500000,904.5129926844572,4.512992684457231,900.0,500000,9999,20.06
SCA,6,10,1,11267,200000,308465.6367294237,306665.6367294237,1800.0,200000,3999,10.24
SCA,5,20,16,21182,500000,904.4255333549735,4.425533354973481,900.0,500000,9999,20.6
SCA,5,20,15,21181,500000,906.1735380723295,6.173538072329507,900.0,500000,9999,20.79
SCA,6,10,0,11266,200000,121096.21718302532,119296.21718302532,1800.0,200000,3999,10.93
SCA,5,20,17,21183,500000,901.8399205634407,1.839920563440728,900.0,500000,9999,20.5
SCA,6,10,2,11268,200000,296447.0810107165,294647.0810107165,1800.0,200000,3999,10.36
SCA,5,20,18,21184,500000,904.6176108221608,4.617610822160827,900.0,500000,9999,20.38
SCA,6,10,3,11269,200000,414900.1047758969,413100.1047758969,1800.0,200000,3999,10.36
SCA,6,10,4,11270,200000,167013.2688414331,165213.2688414331,1800.0,200000,3999,10.44
SCA,6,10,5,11271,200000,96025.4971676768,94225.4971676768,1800.0,200000,3999,10.7
SCA,5,20,19,21185,500000,906.4134780546352,6.41347805463522,900.0,500000,9999,20.38
SCA,5,20,21,21187,500000,906.3975355419968,6.397535541996831,900.0,500000,9999,19.92
SCA,5,20,20,21186,500000,905.3893257322876,5.3893257322876025,900.0,500000,9999,20.52
SCA,5,20,22,21188,500000,904.68567865372,4.685678653719947,900.0,500000,9999,20.89
SCA,5,20,23,21189,500000,905.5477912310082,5.547791231008205,900.0,500000,9999,20.52
SCA,5,20,25,21191,500000,904.7218421333924,4.7218421333924425,900.0,500000,9999,19.91
SCA,5,20,24,21190,500000,904.1173783546534,4.117378354653397,900.0,500000,9999,20.35
SCA,5,20,27,21193,500000,904.6522921628834,4.652292162883441,900.0,500000,9999,20.16
SCA,5,20,26,21192,500000,903.4474176267,3.4474176267000303,900.0,500000,9999,20.57
SCA,5,20,28,21194,500000,905.4755849248633,5.475584924863256,900.0,500000,9999,19.96
SCA,5,20,29,21195,500000,904.0036940347929,4.003694034792943,900.0,500000,9999,20.44
SCA,6,10,6,11272,200000,118152.68102600076,116352.68102600076,1800.0,200000,3999,11.08
SCA,6,10,7,11273,200000,160010.0947580238,158210.0947580238,1800.0,200000,3999,10.41
SCA,6,10,9,11275,200000,59758.18569837991,57958.18569837991,1800.0,200000,3999,10.28
SCA,6,10,8,11274,200000,132223.4281842949,130423.4281842949,1800.0,200000,3999,10.9
SCA,6,10,11,11277,200000,3054359.1663985606,3052559.1663985606,1800.0,200000,3999,10.68
SCA,6,10,12,11278,200000,145783.10559285744,143983.10559285744,1800.0,200000,3999,10.55
SCA,6,10,13,11279,200000,172826.27709468539,171026.27709468539,1800.0,200000,3999,10.26
SCA,6,10,10,11276,200000,274127.8201750063,272327.8201750063,1800.0,200000,3999,11.19
SCA,6,10,14,11280,200000,41723.060589207504,39923.060589207504,1800.0,200000,3999,10.37
SCA,6,10,15,11281,200000,506310.3506569637,504510.3506569637,1800.0,200000,3999,10.5
SCA,6,10,16,11282,200000,164084.0850628214,162284.0850628214,1800.0,200000,3999,10.44
SCA,6,10,17,11283,200000,289067.03919221135,287267.03919221135,1800.0,200000,3999,10.55
SCA,6,10,18,11284,200000,1252022.8579483037,1250222.8579483037,1800.0,200000,3999,10.62
SCA,6,10,19,11285,200000,3859662.758854875,3857862.758854875,1800.0,200000,3999,10.47
SCA,6,10,20,11286,200000,4232026.7891822215,4230226.7891822215,1800.0,200000,3999,11.17
SCA,6,10,21,11287,200000,4019690.626099043,4017890.626099043,1800.0,200000,3999,10.49
SCA,6,10,23,11289,200000,183422.1718412057,181622.1718412057,1800.0,200000,3999,10.31
SCA,6,10,22,11288,200000,52783.460132249886,50983.460132249886,1800.0,200000,3999,10.69
SCA,6,10,25,11291,200000,160203.99597791335,158403.99597791335,1800.0,200000,3999,10.6
SCA,6,10,26,11292,200000,237101.2122662312,235301.2122662312,1800.0,200000,3999,10.56
SCA,6,10,24,11290,200000,177974.72192388782,176174.72192388782,1800.0,200000,3999,11.26
SCA,6,10,27,11293,200000,147749.45057950375,145949.45057950375,1800.0,200000,3999,10.34
SCA,6,10,28,11294,200000,375463.67584382376,373663.67584382376,1800.0,200000,3999,11.15
SCA,6,10,29,11295,200000,4037873.170932553,4036073.170932553,1800.0,200000,3999,10.76
SCA,6,20,0,21266,500000,110933442.4729472,110931642.4729472,1800.0,500000,9999,26.65
SCA,6,20,3,21269,500000,4481319853.001321,4481318053.001321,1800.0,500000,9999,26.26
SCA,6,20,2,21268,500000,158591082.5191727,158589282.5191727,1800.0,500000,9999,26.29
SCA,6,20,4,21270,500000,202360205.4814772,202358405.4814772,1800.0,500000,9999,26.64
SCA,6,20,1,21267,500000,145865673.96035692,145863873.96035692,1800.0,500000,9999,28.3
SCA,6,20,5,21271,500000,143260804.74076146,143259004.74076146,1800.0,500000,9999,27.98
SCA,6,20,6,21272,500000,2502243665.412367,2502241865.412367,1800.0,500000,9999,26.34
SCA,6,20,7,21273,500000,171286192.96839765,171284392.96839765,1800.0,500000,9999,26.57
SCA,6,20,8,21274,500000,303558005.0582716,303556205.0582716,1800.0,500000,9999,26.4
SCA,6,20,10,21276,500000,41634753.20893531,41632953.20893531,1800.0,500000,9999,26.49
SCA,6,20,9,21275,500000,542953329.0971347,542951529.0971347,1800.0,500000,9999,26.85
SCA,6,20,11,21277,500000,38335032.027329825,38333232.027329825,1800.0,500000,9999,26.74
SCA,6,20,13,21279,500000,73091911.17945436,73090111.17945436,1800.0,500000,9999,26.26
SCA,6,20,15,21281,500000,316457847.7393166,316456047.7393166,1800.0,500000,9999,26.15
SCA,6,20,14,21280,500000,10937097.319916852,10935297.319916852,1800.0,500000,9999,26.81
SCA,6,20,16,21282,500000,54892009.78915121,54890209.78915121,1800.0,500000,9999,26.8
SCA,6,20,17,21283,500000,257198103.5818955,257196303.5818955,1800.0,500000,9999,26.71
SCA,6,20,12,21278,500000,123069620.9827727,123067820.9827727,1800.0,500000,9999,28.44
SCA,6,20,19,21285,500000,57377322.86192071,57375522.86192071,1800.0,500000,9999,26.6
SCA,6,20,18,21284,500000,237621000.41028208,237619200.41028208,1800.0,500000,9999,28.13
SCA,6,20,21,21287,500000,1305860466.718329,1305858666.718329,1800.0,500000,9999,26.6
SCA,6,20,20,21286,500000,222706395.11368614,222704595.11368614,1800.0,500000,9999,28.06
SCA,6,20,24,21290,500000,126661572.19773622,126659772.19773622,1800.0,500000,9999,26.0
SCA,6,20,22,21288,500000,59082912.58150009,59081112.58150009,1800.0,500000,9999,26.65
SCA,6,20,23,21289,500000,65546373.49943313,65544573.49943313,1800.0,500000,9999,26.72
SCA,6,20,25,21291,500000,90086163.7918925,90084363.7918925,1800.0,500000,9999,26.62
SCA,6,20,28,21294,500000,169564886.07846406,169563086.07846406,1800.0,500000,9999,26.74
SCA,6,20,29,21295,500000,553919824.9098681,553918024.9098681,1800.0,500000,9999,26.56
SCA,6,20,26,21292,500000,683476350.8042097,683474550.8042097,1800.0,500000,9999,28.34
SCA,6,20,27,21293,500000,125236734.9907986,125234934.9907986,1800.0,500000,9999,28.24
SCA,7,10,0,11366,200000,2093.014840885639,93.01484088563893,2000.0,200000,3999,128.54
SCA,7,10,2,11368,200000,2066.7772881473848,66.77728814738475,2000.0,200000,3999,128.99
SCA,7,10,1,11367,200000,2071.3208111413323,71.32081114133234,2000.0,200000,3999,129.85
SCA,7,10,3,11369,200000,2254.3587870560523,254.35878705605228,2000.0,200000,3999,129.69
SCA,7,10,5,11371,200000,2123.8088772208835,123.80887722088346,2000.0,200000,3999,128.26
SCA,7,10,4,11370,200000,2088.9568820520326,88.9568820520326,2000.0,200000,3999,129.77
SCA,7,10,6,11372,200000,2108.4420041386406,108.44200413864064,2000.0,200000,3999,129.3
SCA,7,10,7,11373,200000,2048.2585286739404,48.25852867394042,2000.0,200000,3999,128.88
SCA,7,10,8,11374,200000,2077.6237063590497,77.62370635904972,2000.0,200000,3999,129.13
SCA,7,10,10,11376,200000,2145.9340445550733,145.93404455507334,2000.0,200000,3999,129.69
SCA,7,10,12,11378,200000,2176.9335978380427,176.93359783804272,2000.0,200000,3999,129.66
SCA,7,10,11,11377,200000,2054.2668793857647,54.266879385764696,2000.0,200000,3999,130.1
SCA,7,10,9,11375,200000,2098.9814958178067,98.98149581780672,2000.0,200000,3999,131.94
SCA,7,10,13,11379,200000,2155.9827983337254,155.98279833372544,2000.0,200000,3999,129.54
SCA,7,10,14,11380,200000,2102.997098081323,102.9970980813232,2000.0,200000,3999,128.66
SCA,7,10,16,11382,200000,2045.8556369721732,45.855636972173215,2000.0,200000,3999,128.09
SCA,7,10,15,11381,200000,2066.7448874346746,66.74488743467464,2000.0,200000,3999,129.66
SCA,7,10,17,11383,200000,2079.9852753741443,79.9852753741443,2000.0,200000,3999,129.36
SCA,7,10,18,11384,200000,2080.990949938071,80.99094993807103,2000.0,200000,3999,129.77
SCA,7,10,19,11385,200000,2037.5934044212745,37.5934044212745,2000.0,200000,3999,129.47
SCA,7,10,21,11387,200000,2043.4928495431616,43.49284954316158,2000.0,200000,3999,130.53
SCA,7,10,20,11386,200000,2070.01113768462,70.01113768461983,2000.0,200000,3999,130.8
SCA,7,10,22,11388,200000,2387.740575370146,387.74057537014596,2000.0,200000,3999,128.76
SCA,7,10,23,11389,200000,2126.7647978688674,126.76479786886739,2000.0,200000,3999,129.15
SCA,7,10,25,11391,200000,2095.453290058995,95.45329005899521,2000.0,200000,3999,128.74
SCA,7,10,24,11390,200000,2122.1410056594873,122.14100565948729,2000.0,200000,3999,129.91
SCA,7,10,26,11392,200000,2103.79682547893,103.7968254789298,2000.0,200000,3999,128.93
SCA,7,10,28,11394,200000,2048.2696837484855,48.26968374848548,2000.0,200000,3999,128.9
SCA,7,10,27,11393,200000,2096.611139042851,96.61113904285094,2000.0,200000,3999,129.7
SCA,7,10,29,11395,200000,2086.3959912350933,86.39599123509333,2000.0,200000,3999,129.38
SCA,7,20,1,21367,500000,2711.3338160068506,711.3338160068506,2000.0,500000,9999,586.75
SCA,7,20,0,21366,500000,2444.853138386213,444.8531383862128,2000.0,500000,9999,589.05
SCA,7,20,3,21369,500000,2411.519192032226,411.5191920322259,2000.0,500000,9999,590.54
SCA,7,20,2,21368,500000,3584.8250398642513,1584.8250398642513,2000.0,500000,9999,593.22
SCA,7,20,5,21371,500000,2230.4787475438957,230.47874754389568,2000.0,500000,9999,592.43
SCA,7,20,8,21374,500000,2603.7022201784816,603.7022201784816,2000.0,500000,9999,585.36
SCA,7,20,7,21373,500000,3409.1255085561843,1409.1255085561843,2000.0,500000,9999,586.64
SCA,7,20,4,21370,500000,3239.3362993480523,1239.3362993480523,2000.0,500000,9999,601.85
SCA,7,20,6,21372,500000,2764.680064369128,764.6800643691281,2000.0,500000,9999,588.28
SCA,7,20,9,21375,500000,2269.3260257280917,269.32602572809174,2000.0,500000,9999,587.47
SCA,7,20,10,21376,500000,2238.3802118898875,238.3802118898875,2000.0,500000,9999,588.42
SCA,7,20,13,21379,500000,3221.3222558253788,1221.3222558253788,2000.0,500000,9999,588.98
SCA,7,20,11,21377,500000,2372.8357777752876,372.8357777752876,2000.0,500000,9999,592.01
SCA,7,20,12,21378,500000,2988.602215649312,988.6022156493118,2000.0,500000,9999,595.03
SCA,7,20,14,21380,500000,2424.546411229377,424.5464112293771,2000.0,500000,9999,587.24
SCA,7,20,16,21382,500000,3690.9375538420854,1690.9375538420854,2000.0,500000,9999,589.0
SCA,7,20,19,21385,500000,2378.336083632097,378.33608363209714,2000.0,500000,9999,586.52
SCA,7,20,15,21381,500000,3370.707782251382,1370.707782251382,2000.0,500000,9999,590.45
SCA,7,20,17,21383,500000,2685.6116782772474,685.6116782772474,2000.0,500000,9999,591.27
SCA,7,20,18,21384,500000,2298.1636752933528,298.16367529335275,2000.0,500000,9999,591.74
SCA,7,20,20,21386,500000,2873.490834617721,873.4908346177208,2000.0,500000,9999,591.35
SCA,7,20,21,21387,500000,2537.3536616160245,537.3536616160245,2000.0,500000,9999,593.67
SCA,8,10,0,11466,200000,2762.668949925693,562.6689499256931,2200.0,200000,3999,183.0
SCA,8,10,1,11467,200000,2454.4851199551185,254.48511995511853,2200.0,200000,3999,184.75
SCA,8,10,2,11468,200000,2982.970165712499,782.9701657124988,2200.0,200000,3999,184.36
SCA,8,10,4,11470,200000,2416.721402747857,216.72140274785716,2200.0,200000,3999,184.43
SCA,8,10,3,11469,200000,2726.933424645054,526.933424645054,2200.0,200000,3999,186.14
SCA,8,10,5,11471,200000,2983.4923725407243,783.4923725407243,2200.0,200000,3999,184.25
SCA,8,10,6,11472,200000,4276.593667290754,2076.5936672907537,2200.0,200000,3999,184.37
SCA,8,10,7,11473,200000,3341.702314381846,1141.702314381846,2200.0,200000,3999,183.65
SCA,8,10,8,11474,200000,2308.6997864566024,108.6997864566024,2200.0,200000,3999,184.79
SCA,8,10,9,11475,200000,3143.440698531006,943.4406985310061,2200.0,200000,3999,185.05
SCA,8,10,10,11476,200000,2414.486055457951,214.4860554579509,2200.0,200000,3999,183.77
SCA,8,10,11,11477,200000,5371.460738119357,3171.4607381193573,2200.0,200000,3999,184.03
SCA,8,10,12,11478,200000,2875.83201203815,675.83201203815,2200.0,200000,3999,184.08
SCA,8,10,13,11479,200000,2738.151865097526,538.1518650975258,2200.0,200000,3999,183.7
SCA,8,10,14,11480,200000,2393.7104932522802,193.71049325228023,2200.0,200000,3999,184.02
SCA,8,10,15,11481,200000,2396.383275760975,196.3832757609748,2200.0,200000,3999,183.71
SCA,8,10,16,11482,200000,2910.131738594103,710.1317385941029,2200.0,200000,3999,184.84
SCA,8,10,17,11483,200000,2700.0033412425614,500.0033412425614,2200.0,200000,3999,185.21
SCA,8,10,18,11484,200000,2766.199063644239,566.1990636442388,2200.0,200000,3999,186.48
SCA,8,10,19,11485,200000,3956.3723954509705,1756.3723954509705,2200.0,200000,3999,184.12
SCA,8,10,20,11486,200000,4347.762245365211,2147.762245365211,2200.0,200000,3999,183.11
SCA,8,10,21,11487,200000,2898.7833250534786,698.7833250534786,2200.0,200000,3999,183.52
SCA,8,10,22,11488,200000,2293.471699289054,93.47169928905396,2200.0,200000,3999,183.46
SCA,8,10,24,11490,200000,2802.763610325609,602.7636103256091,2200.0,200000,3999,182.8
SCA,8,10,23,11489,200000,2885.612841017848,685.612841017848,2200.0,200000,3999,184.04
SCA,8,10,25,11491,200000,2346.777295510749,146.7772955107489,2200.0,200000,3999,183.49
SCA,8,10,26,11492,200000,2700.839386148067,500.8393861480672,2200.0,200000,3999,184.95
SCA,8,10,27,11493,200000,3001.1477599870477,801.1477599870477,2200.0,200000,3999,184.36
SCA,8,10,28,11494,200000,2838.678746563282,638.678746563282,2200.0,200000,3999,183.33
SCA,8,10,29,11495,200000,2489.55966693007,289.55966693006985,2200.0,200000,3999,183.83
SCA,7,20,23,21389,500000,3174.0524958544574,1174.0524958544574,2000.0,500000,9999,595.33
SCA,7,20,25,21391,500000,2278.391573340822,278.3915733408221,2000.0,500000,9999,592.58
SCA,7,20,22,21388,500000,3692.787156972936,1692.787156972936,2000.0,500000,9999,602.04
SCA,7,20,26,21392,500000,3808.476689861235,1808.4766898612352,2000.0,500000,9999,599.76
SCA,7,20,24,21390,500000,3328.6918440512627,1328.6918440512627,2000.0,500000,9999,603.94
SCA,7,20,28,21394,500000,2842.515177145604,842.515177145604,2000.0,500000,9999,593.28
SCA,7,20,27,21393,500000,3401.096033936603,1401.096033936603,2000.0,500000,9999,594.5
SCA,7,20,29,21395,500000,2994.3928639575374,994.3928639575374,2000.0,500000,9999,605.54
SCA,8,20,0,21466,500000,5120.696227328192,2920.6962273281924,2200.0,500000,9999,849.52
SCA,8,20,1,21467,500000,78003.44763239184,75803.44763239184,2200.0,500000,9999,852.13
SCA,8,20,3,21469,500000,6579.383238585688,4379.383238585688,2200.0,500000,9999,849.46
SCA,8,20,2,21468,500000,72063.84189961459,69863.84189961459,2200.0,500000,9999,854.65
SCA,8,20,4,21470,500000,4631.324848965727,2431.324848965727,2200.0,500000,9999,844.42
SCA,8,20,5,21471,500000,4938.501773077278,2738.501773077278,2200.0,500000,9999,848.98
SCA,8,20,6,21472,500000,9545.229591128254,7345.2295911282545,2200.0,500000,9999,848.16
SCA,8,20,7,21473,500000,8016.308119897698,5816.308119897698,2200.0,500000,9999,847.42
SCA,8,20,9,21475,500000,4382.511483089539,2182.511483089539,2200.0,500000,9999,849.36
SCA,8,20,8,21474,500000,3577.804271569604,1377.8042715696042,2200.0,500000,9999,851.27
SCA,8,20,10,21476,500000,5768.972554866611,3568.972554866611,2200.0,500000,9999,846.58
SCA,8,20,11,21477,500000,164792.48356356198,162592.48356356198,2200.0,500000,9999,850.63
SCA,9,10,0,11566,200000,2828.8509823799805,528.8509823799805,2300.0,200000,3999,30.21
SCA,9,10,2,11568,200000,2342.392565355504,42.39256535550385,2300.0,200000,3999,29.9
SCA,9,10,1,11567,200000,2903.003234769517,603.0032347695169,2300.0,200000,3999,30.52
SCA,9,10,3,11569,200000,2788.236687034741,488.23668703474095,2300.0,200000,3999,29.43
SCA,9,10,4,11570,200000,2889.835373041932,589.8353730419321,2300.0,200000,3999,30.1
SCA,9,10,6,11572,200000,3291.6220535653642,991.6220535653642,2300.0,200000,3999,30.24
SCA,9,10,5,11571,200000,2764.3445449411774,464.34454494117745,2300.0,200000,3999,30.68
SCA,9,10,7,11573,200000,2694.6749071632157,394.6749071632157,2300.0,200000,3999,29.99
SCA,8,20,12,21478,500000,6322.879482012918,4122.879482012918,2200.0,500000,9999,846.79
SCA,8,20,13,21479,500000,3112.1262455493547,912.1262455493547,2200.0,500000,9999,851.29
SCA,9,10,8,11574,200000,3041.675308518103,741.6753085181031,2300.0,200000,3999,29.91
SCA,9,10,9,11575,200000,2832.1830428852354,532.1830428852354,2300.0,200000,3999,30.0
SCA,9,10,10,11576,200000,2712.836446556883,412.83644655688295,2300.0,200000,3999,30.31
SCA,9,10,11,11577,200000,2804.7354132674564,504.73541326745635,2300.0,200000,3999,29.94
SCA,9,10,12,11578,200000,3017.0356747807664,717.0356747807664,2300.0,200000,3999,30.15
SCA,8,20,14,21480,500000,4812.041411566531,2612.0414115665308,2200.0,500000,9999,849.5
SCA,9,10,13,11579,200000,2830.2776748559268,530.2776748559268,2300.0,200000,3999,30.12
SCA,8,20,16,21482,500000,13738.342649971639,11538.342649971639,2200.0,500000,9999,854.44
SCA,8,20,19,21485,500000,427784.6827789057,425584.6827789057,2200.0,500000,9999,847.05
SCA,8,20,18,21484,500000,3142.462316782006,942.4623167820059,2200.0,500000,9999,850.5
SCA,8,20,15,21481,500000,43403.07037148432,41203.07037148432,2200.0,500000,9999,860.63
SCA,8,20,17,21483,500000,3598.115853255933,1398.115853255933,2200.0,500000,9999,856.2
SCA,8,20,20,21486,500000,5140.203014163681,2940.2030141636806,2200.0,500000,9999,853.93
SCA,9,10,14,11580,200000,3037.724100489165,737.7241004891648,2300.0,200000,3999,30.39
SCA,9,10,15,11581,200000,2830.792915422837,530.7929154228368,2300.0,200000,3999,30.76
SCA,9,10,16,11582,200000,2709.9547536496198,409.95475364961976,2300.0,200000,3999,30.47
SCA,9,10,17,11583,200000,2461.9980240715595,161.99802407155948,2300.0,200000,3999,30.21
SCA,9,10,18,11584,200000,2779.0271820876706,479.02718208767055,2300.0,200000,3999,30.17
SCA,9,10,19,11585,200000,2831.988566606555,531.9885666065552,2300.0,200000,3999,30.5
SCA,9,10,20,11586,200000,3087.8627315229737,787.8627315229737,2300.0,200000,3999,30.21
SCA,8,20,21,21487,500000,4878.779050572212,2678.7790505722123,2200.0,500000,9999,861.52
SCA,9,10,22,11588,200000,2734.6152543616854,434.6152543616854,2300.0,200000,3999,30.17
SCA,9,10,21,11587,200000,2799.2068586009195,499.20685860091953,2300.0,200000,3999,30.92
SCA,9,10,23,11589,200000,2935.1498340344824,635.1498340344824,2300.0,200000,3999,30.39
SCA,9,10,24,11590,200000,2346.2978934714038,46.29789347140377,2300.0,200000,3999,30.66
SCA,9,10,26,11592,200000,2763.486934661614,463.4869346616142,2300.0,200000,3999,30.26
SCA,9,10,25,11591,200000,2839.546381336075,539.5463813360748,2300.0,200000,3999,30.53
SCA,9,10,27,11593,200000,2830.1336027404823,530.1336027404823,2300.0,200000,3999,30.39
SCA,9,10,28,11594,200000,2904.79229159864,604.7922915986401,2300.0,200000,3999,30.31
SCA,9,10,29,11595,200000,2697.1153617326063,397.1153617326063,2300.0,200000,3999,30.46
SCA,9,20,0,21566,500000,4676.621232878929,2376.621232878929,2300.0,500000,9999,76.34
SCA,9,20,1,21567,500000,3428.8100607354927,1128.8100607354927,2300.0,500000,9999,75.97
SCA,9,20,2,21568,500000,3577.472072420487,1277.4720724204872,2300.0,500000,9999,77.3
SCA,9,20,3,21569,500000,4202.136526011718,1902.1365260117182,2300.0,500000,9999,76.9
SCA,9,20,4,21570,500000,4637.329337749955,2337.329337749955,2300.0,500000,9999,77.18
SCA,9,20,5,21571,500000,4461.176373084256,2161.176373084256,2300.0,500000,9999,76.48
SCA,9,20,6,21572,500000,4146.112691605078,1846.112691605078,2300.0,500000,9999,76.5
SCA,9,20,7,21573,500000,3950.1411954698683,1650.1411954698683,2300.0,500000,9999,76.78
SCA,9,20,8,21574,500000,3055.7304826461414,755.7304826461414,2300.0,500000,9999,77.21
SCA,9,20,9,21575,500000,2821.069965264489,521.0699652644889,2300.0,500000,9999,75.9
SCA,9,20,10,21576,500000,4054.8315544946418,1754.8315544946418,2300.0,500000,9999,76.33
SCA,9,20,11,21577,500000,3709.5968147690046,1409.5968147690046,2300.0,500000,9999,76.54
SCA,9,20,12,21578,500000,5462.585884919478,3162.5858849194783,2300.0,500000,9999,76.2
SCA,9,20,13,21579,500000,6229.409587179947,3929.4095871799473,2300.0,500000,9999,76.52
SCA,9,20,14,21580,500000,5325.691276023202,3025.6912760232017,2300.0,500000,9999,76.35
SCA,9,20,15,21581,500000,3363.3325731357613,1063.3325731357613,2300.0,500000,9999,76.48
SCA,9,20,16,21582,500000,3023.170683759043,723.1706837590432,2300.0,500000,9999,75.81
SCA,9,20,17,21583,500000,2879.2170432906278,579.2170432906278,2300.0,500000,9999,76.88
SCA,9,20,18,21584,500000,4980.521555700259,2680.5215557002593,2300.0,500000,9999,77.21
SCA,9,20,19,21585,500000,3282.7628409434874,982.7628409434874,2300.0,500000,9999,76.69
SCA,9,20,20,21586,500000,6033.86589552684,3733.86589552684,2300.0,500000,9999,76.44
SCA,9,20,21,21587,500000,3665.4151481021604,1365.4151481021604,2300.0,500000,9999,76.34
SCA,9,20,22,21588,500000,5039.736746036847,2739.736746036847,2300.0,500000,9999,76.61
SCA,9,20,23,21589,500000,3237.362304227362,937.3623042273621,2300.0,500000,9999,75.71
SCA,9,20,24,21590,500000,4424.1918527604485,2124.1918527604485,2300.0,500000,9999,75.7
SCA,9,20,25,21591,500000,3027.81386618581,727.8138661858102,2300.0,500000,9999,75.93
SCA,9,20,26,21592,500000,5350.938585927623,3050.9385859276226,2300.0,500000,9999,76.28
SCA,9,20,27,21593,500000,3430.14323769475,1130.14323769475,2300.0,500000,9999,76.82
SCA,10,10,0,11666,200000,2635.021461869458,235.0214618694581,2400.0,200000,3999,28.95
SCA,10,10,1,11667,200000,2789.579614550485,389.5796145504851,2400.0,200000,3999,28.91
SCA,10,10,2,11668,200000,2644.3639436144585,244.36394361445855,2400.0,200000,3999,29.53
SCA,10,10,3,11669,200000,2635.2300827793933,235.23008277939334,2400.0,200000,3999,28.51
SCA,10,10,4,11670,200000,2764.383173829843,364.38317382984314,2400.0,200000,3999,28.87
SCA,10,10,5,11671,200000,2775.1412854060873,375.14128540608726,2400.0,200000,3999,28.97
SCA,10,10,6,11672,200000,2651.77103490633,251.77103490633,2400.0,200000,3999,28.6
SCA,10,10,7,11673,200000,2779.5215316161534,379.5215316161534,2400.0,200000,3999,28.35
SCA,10,10,8,11674,200000,2634.205600326334,234.2056003263342,2400.0,200000,3999,29.0
SCA,10,10,9,11675,200000,2633.4275264004664,233.42752640046638,2400.0,200000,3999,28.55
SCA,10,10,10,11676,200000,2804.4051813415394,404.40518134153945,2400.0,200000,3999,29.09
SCA,10,10,11,11677,200000,2887.5860819602453,487.58608196024534,2400.0,200000,3999,28.82
SCA,10,10,12,11678,200000,2800.6667908074887,400.6667908074887,2400.0,200000,3999,29.03
SCA,10,10,13,11679,200000,2637.8607594021796,237.8607594021796,2400.0,200000,3999,28.29
SCA,10,10,15,11681,200000,2818.1250015775804,418.1250015775804,2400.0,200000,3999,28.51
SCA,10,10,14,11680,200000,2767.452157239887,367.45215723988713,2400.0,200000,3999,29.36
SCA,10,10,16,11682,200000,2672.369568356116,272.3695683561159,2400.0,200000,3999,28.45
SCA,10,10,17,11683,200000,2662.1977798251364,262.1977798251364,2400.0,200000,3999,28.99
SCA,10,10,18,11684,200000,3335.0935567188544,935.0935567188544,2400.0,200000,3999,28.64
SCA,9,20,28,21594,500000,3274.8512618007,974.8512618006998,2300.0,500000,9999,76.88
SCA,10,10,19,11685,200000,2772.0655425906225,372.0655425906225,2400.0,200000,3999,28.81
SCA,9,20,29,21595,500000,3300.09154840573,1000.09154840573,2300.0,500000,9999,76.35
SCA,10,10,20,11686,200000,2793.966150206165,393.9661502061649,2400.0,200000,3999,28.68
SCA,10,10,21,11687,200000,2776.252538263988,376.25253826398784,2400.0,200000,3999,28.89
SCA,10,10,22,11688,200000,2650.919631096766,250.9196310967659,2400.0,200000,3999,28.88
SCA,10,10,23,11689,200000,2677.3839266801483,277.3839266801483,2400.0,200000,3999,29.03
SCA,10,10,24,11690,200000,2633.556095583072,233.55609558307196,2400.0,200000,3999,29.28
SCA,10,10,25,11691,200000,2651.135405937127,251.13540593712696,2400.0,200000,3999,28.75
SCA,10,10,26,11692,200000,2783.873303921079,383.8733039210788,2400.0,200000,3999,28.89
SCA,10,10,28,11694,200000,2774.135850705383,374.13585070538284,2400.0,200000,3999,28.28
SCA,10,10,27,11693,200000,2816.116724797638,416.1167247976382,2400.0,200000,3999,29.16
SCA,10,10,29,11695,200000,2633.2784686471186,233.27846864711864,2400.0,200000,3999,28.75
SCA,10,20,2,21668,500000,6192.743591616163,3792.743591616163,2400.0,500000,9999,72.19
SCA,10,20,0,21666,500000,6704.544832982629,4304.544832982629,2400.0,500000,9999,73.13
SCA,10,20,3,21669,500000,5942.041351267488,3542.0413512674877,2400.0,500000,9999,72.35
SCA,10,20,1,21667,500000,7090.293166045126,4690.293166045126,2400.0,500000,9999,73.49
SCA,10,20,4,21670,500000,5760.666371501408,3360.6663715014083,2400.0,500000,9999,72.23
SCA,10,20,5,21671,500000,4463.41340328433,2063.4134032843303,2400.0,500000,9999,72.93
SCA,10,20,6,21672,500000,6398.207718258251,3998.2077182582507,2400.0,500000,9999,73.04
SCA,10,20,7,21673,500000,6183.796671077065,3783.796671077065,2400.0,500000,9999,73.2
SCA,10,20,8,21674,500000,5705.034234109722,3305.034234109722,2400.0,500000,9999,72.93
SCA,10,20,9,21675,500000,3522.27436126027,1122.2743612602699,2400.0,500000,9999,72.2
SCA,10,20,10,21676,500000,6587.479920875845,4187.479920875845,2400.0,500000,9999,72.39
SCA,10,20,11,21677,500000,6787.990638507899,4387.990638507899,2400.0,500000,9999,72.38
SCA,10,20,12,21678,500000,2839.1661008720585,439.16610087205845,2400.0,500000,9999,74.12
SCA,10,20,13,21679,500000,6147.284097820848,3747.284097820848,2400.0,500000,9999,73.2
SCA,10,20,14,21680,500000,6924.355587364094,4524.355587364094,2400.0,500000,9999,71.72
SCA,10,20,15,21681,500000,2946.1143753678944,546.1143753678944,2400.0,500000,9999,72.3
SCA,10,20,17,21683,500000,6504.979363911659,4104.979363911659,2400.0,500000,9999,72.73
SCA,10,20,18,21684,500000,6602.928900268621,4202.928900268621,2400.0,500000,9999,72.84
SCA,10,20,16,21682,500000,3185.5645154252616,785.5645154252616,2400.0,500000,9999,73.33
SCA,10,20,19,21685,500000,6327.09206671847,3927.09206671847,2400.0,500000,9999,72.47
SCA,10,20,20,21686,500000,5735.298753763589,3335.298753763589,2400.0,500000,9999,74.08
SCA,10,20,21,21687,500000,6759.3941078413945,4359.3941078413945,2400.0,500000,9999,73.53
SCA,10,20,22,21688,500000,6000.549850758343,3600.5498507583434,2400.0,500000,9999,72.88
SCA,10,20,23,21689,500000,6303.361366003862,3903.361366003862,2400.0,500000,9999,73.25
SCA,10,20,24,21690,500000,5612.729689348175,3212.7296893481753,2400.0,500000,9999,72.13
SCA,10,20,25,21691,500000,6086.108020842636,3686.1080208426356,2400.0,500000,9999,72.87
SCA,10,20,26,21692,500000,5656.786069292726,3256.786069292726,2400.0,500000,9999,74.28
SCA,10,20,27,21693,500000,6616.642456947113,4216.642456947113,2400.0,500000,9999,72.88
SCA,11,10,0,11766,200000,2621.031976597051,21.031976597051198,2600.0,200000,3999,46.86
SCA,11,10,1,11767,200000,2673.425824720719,73.42582472071899,2600.0,200000,3999,47.17
SCA,11,10,2,11768,200000,2632.6834145473726,32.68341454737265,2600.0,200000,3999,47.49
SCA,11,10,3,11769,200000,3499.683422007411,899.6834220074111,2600.0,200000,3999,47.64
SCA,11,10,4,11770,200000,2679.798056108107,79.79805610810718,2600.0,200000,3999,47.45
SCA,11,10,5,11771,200000,2626.8235781204894,26.8235781204894,2600.0,200000,3999,47.71
SCA,11,10,6,11772,200000,3631.8167877764336,1031.8167877764336,2600.0,200000,3999,46.65
SCA,11,10,7,11773,200000,2626.4973336675876,26.497333667587554,2600.0,200000,3999,46.99
SCA,11,10,8,11774,200000,2699.335574041997,99.335574041997,2600.0,200000,3999,46.99
SCA,11,10,9,11775,200000,2610.7816065510656,10.781606551065579,2600.0,200000,3999,47.05
SCA,10,20,29,21695,500000,5921.364114942174,3521.3641149421737,2400.0,500000,9999,72.51
SCA,10,20,28,21694,500000,6519.024128005269,4119.024128005269,2400.0,500000,9999,73.45
SCA,11,10,11,11777,200000,2618.9253173825005,18.925317382500452,2600.0,200000,3999,47.13
SCA,11,10,10,11776,200000,2627.129707652667,27.129707652667093,2600.0,200000,3999,48.37
SCA,11,10,12,11778,200000,2657.307600749486,57.30760074948603,2600.0,200000,3999,46.94
SCA,11,10,14,11780,200000,2648.016474241276,48.01647424127577,2600.0,200000,3999,46.67
SCA,11,10,13,11779,200000,2639.733975879341,39.73397587934096,2600.0,200000,3999,47.81
SCA,11,10,15,11781,200000,2691.887073077716,91.8870730777162,2600.0,200000,3999,47.39
SCA,11,10,16,11782,200000,2667.2009226963146,67.20092269631459,2600.0,200000,3999,47.53
SCA,11,10,17,11783,200000,2616.951095846861,16.95109584686088,2600.0,200000,3999,48.31
SCA,11,10,18,11784,200000,2655.363548985042,55.363548985042144,2600.0,200000,3999,47.21
SCA,11,10,19,11785,200000,2623.151055596549,23.151055596549213,2600.0,200000,3999,47.68
SCA,11,10,20,11786,200000,2628.265864425538,28.265864425537984,2600.0,200000,3999,47.08
SCA,11,10,21,11787,200000,2637.99760211094,37.99760211094008,2600.0,200000,3999,47.79
SCA,11,10,22,11788,200000,2661.6131198369626,61.613119836962596,2600.0,200000,3999,47.3
SCA,11,10,23,11789,200000,3522.4154015845875,922.4154015845875,2600.0,200000,3999,48.19
SCA,11,10,24,11790,200000,2690.445522324399,90.44552232439901,2600.0,200000,3999,47.59
SCA,11,10,25,11791,200000,2629.3144876325036,29.314487632503642,2600.0,200000,3999,48.37
SCA,11,10,26,11792,200000,2690.7430703014606,90.74307030146065,2600.0,200000,3999,46.76
SCA,11,10,27,11793,200000,2626.8996361474647,26.899636147464662,2600.0,200000,3999,47.15
SCA,11,10,28,11794,200000,3522.3425275861373,922.3425275861373,2600.0,200000,3999,47.34
SCA,11,10,29,11795,200000,2661.2927940677423,61.29279406774231,2600.0,200000,3999,47.41
SCA,11,20,0,21766,500000,5670.895885653877,3070.8958856538766,2600.0,500000,9999,119.85
SCA,11,20,1,21767,500000,3601.3961870915655,1001.3961870915655,2600.0,500000,9999,120.34
SCA,11,20,2,21768,500000,4504.97867993989,1904.9786799398898,2600.0,500000,9999,120.63
SCA,11,20,3,21769,500000,5185.932255575438,2585.932255575438,2600.0,500000,9999,118.64
SCA,11,20,4,21770,500000,2752.0137836242475,152.01378362424748,2600.0,500000,9999,118.67
SCA,11,20,5,21771,500000,3014.141071781818,414.141071781818,2600.0,500000,9999,119.17
SCA,11,20,7,21773,500000,2872.6621961981105,272.66219619811045,2600.0,500000,9999,118.26
SCA,11,20,6,21772,500000,4478.704058254905,1878.7040582549052,2600.0,500000,9999,120.19
SCA,11,20,8,21774,500000,2708.146251522996,108.14625152299595,2600.0,500000,9999,119.91
SCA,11,20,9,21775,500000,5469.820402500056,2869.820402500056,2600.0,500000,9999,120.94
SCA,8,20,22,21488,500000,5893.768363528414,3693.768363528414,2200.0,500000,9999,855.94
SCA,8,20,24,21490,500000,643965067.8264662,643962867.8264662,2200.0,500000,9999,859.68
SCA,11,20,10,21776,500000,2847.8938444620057,247.89384446200575,2600.0,500000,9999,118.37
SCA,8,20,23,21489,500000,9195.081077417195,6995.081077417195,2200.0,500000,9999,861.06
SCA,8,20,25,21491,500000,6177.619159071223,3977.6191590712233,2200.0,500000,9999,857.1
SCA,11,20,11,21777,500000,2973.8653112552824,373.86531125528245,2600.0,500000,9999,119.33
SCA,11,20,12,21778,500000,5964.53801680601,3364.53801680601,2600.0,500000,9999,118.97
SCA,11,20,13,21779,500000,2851.039561780661,251.0395617806612,2600.0,500000,9999,120.37
SCA,12,10,0,11866,200000,2873.014493700433,173.01449370043292,2700.0,200000,3999,52.17
SCA,12,10,1,11867,200000,3022.7185271314243,322.71852713142425,2700.0,200000,3999,51.95
SCA,8,20,26,21492,500000,6817.152378010195,4617.152378010195,2200.0,500000,9999,855.19
SCA,11,20,14,21780,500000,2997.8217427514473,397.82174275144735,2600.0,500000,9999,120.63
SCA,8,20,29,21495,500000,18171.831373853376,15971.831373853376,2200.0,500000,9999,850.88
SCA,11,20,15,21781,500000,2760.738793277133,160.73879327713303,2600.0,500000,9999,121.28
SCA,8,20,27,21493,500000,3380.65621068543,1180.6562106854299,2200.0,500000,9999,853.69
SCA,11,20,16,21782,500000,3975.2233251004727,1375.2233251004727,2600.0,500000,9999,119.93
SCA,8,20,28,21494,500000,6960.065289854933,4760.065289854933,2200.0,500000,9999,854.48
SCA,11,20,17,21783,500000,2720.750736776067,120.75073677606679,2600.0,500000,9999,118.79
SCA,11,20,18,21784,500000,5285.7069675928105,2685.7069675928105,2600.0,500000,9999,119.51
SCA,11,20,19,21785,500000,2695.7670473007743,95.76704730077427,2600.0,500000,9999,119.85
SCA,11,20,20,21786,500000,5697.6524775195885,3097.6524775195885,2600.0,500000,9999,119.96
SCA,11,20,21,21787,500000,5771.182980790699,3171.182980790699,2600.0,500000,9999,119.96
SCA,11,20,22,21788,500000,2802.3189357552806,202.31893575528056,2600.0,500000,9999,119.31
SCA,12,10,2,11868,200000,2886.0816172127334,186.08161721273336,2700.0,200000,3999,51.73
SCA,11,20,23,21789,500000,2991.9091040796957,391.9091040796957,2600.0,500000,9999,122.34
SCA,11,20,24,21790,500000,5113.515297361122,2513.515297361122,2600.0,500000,9999,119.28
SCA,12,10,3,11869,200000,2903.424139745707,203.42413974570718,2700.0,200000,3999,51.58
SCA,11,20,26,21792,500000,2859.076112332225,259.07611233222497,2600.0,500000,9999,119.79
SCA,11,20,28,21794,500000,4489.431356931436,1889.4313569314363,2600.0,500000,9999,119.4
SCA,11,20,25,21791,500000,2701.0117350513424,101.01173505134238,2600.0,500000,9999,120.78
SCA,11,20,27,21793,500000,2634.135560362515,34.13556036251521,2600.0,500000,9999,120.41
SCA,11,20,29,21795,500000,6454.422089327139,3854.4220893271386,2600.0,500000,9999,120.25
SCA,12,10,4,11870,200000,2892.210859719752,192.21085971975208,2700.0,200000,3999,51.78
SCA,12,10,5,11871,200000,2913.0491532521773,213.04915325217735,2700.0,200000,3999,52.22
SCA,12,10,6,11872,200000,2872.9782433178843,172.97824331788433,2700.0,200000,3999,51.27
SCA,12,10,7,11873,200000,2933.685088893129,233.68508889312898,2700.0,200000,3999,51.87
SCA,12,10,8,11874,200000,2878.5876380977365,178.58763809773654,2700.0,200000,3999,51.24
SCA,12,10,9,11875,200000,2937.1989171537457,237.1989171537457,2700.0,200000,3999,51.75
SCA,12,10,10,11876,200000,2909.9310448536266,209.93104485362664,2700.0,200000,3999,51.86
SCA,12,10,11,11877,200000,3024.7226428646272,324.72264286462723,2700.0,200000,3999,51.57
SCA,12,10,12,11878,200000,2903.5345653798513,203.5345653798513,2700.0,200000,3999,50.72
SCA,12,10,13,11879,200000,3055.7264058444584,355.72640584445844,2700.0,200000,3999,51.69
SCA,12,10,14,11880,200000,2995.162494564972,295.1624945649719,2700.0,200000,3999,52.06
SCA,12,10,15,11881,200000,2885.3958263810555,185.39582638105549,2700.0,200000,3999,52.24
SCA,12,10,16,11882,200000,2898.5005666675206,198.50056666752062,2700.0,200000,3999,51.58
SCA,12,10,17,11883,200000,3132.329653656614,432.329653656614,2700.0,200000,3999,52.26
SCA,12,10,19,11885,200000,2948.810448799575,248.81044879957517,2700.0,200000,3999,51.86
SCA,12,10,18,11884,200000,2903.424798281999,203.42479828199885,2700.0,200000,3999,52.76
SCA,12,10,20,11886,200000,2877.1371491878544,177.13714918785445,2700.0,200000,3999,51.1
SCA,12,10,21,11887,200000,3088.170373289982,388.17037328998185,2700.0,200000,3999,50.97
SCA,12,10,22,11888,200000,3065.2855431811176,365.28554318111765,2700.0,200000,3999,51.32
SCA,12,10,23,11889,200000,2960.4068737625944,260.4068737625944,2700.0,200000,3999,51.59
SCA,12,10,24,11890,200000,2948.7267032167433,248.72670321674332,2700.0,200000,3999,52.09
SCA,12,10,25,11891,200000,2993.1961796116366,293.1961796116366,2700.0,200000,3999,51.43
SCA,12,10,26,11892,200000,2929.095062164279,229.09506216427917,2700.0,200000,3999,51.68
SCA,12,10,27,11893,200000,2883.2166803591904,183.21668035919038,2700.0,200000,3999,51.4
SCA,12,10,28,11894,200000,2958.2483429305266,258.24834293052663,2700.0,200000,3999,52.33
SCA,12,10,29,11895,200000,3013.1736066757157,313.17360667571575,2700.0,200000,3999,51.53
SCA,12,20,0,21866,500000,3072.4879672794077,372.4879672794077,2700.0,500000,9999,129.93
SCA,12,20,2,21868,500000,3412.9856935646867,712.9856935646867,2700.0,500000,9999,130.06
SCA,12,20,1,21867,500000,3350.694600672895,650.6946006728949,2700.0,500000,9999,132.01
SCA,12,20,3,21869,500000,3040.050489903827,340.05048990382693,2700.0,500000,9999,130.48
SCA,12,20,4,21870,500000,3266.2795215724627,566.2795215724627,2700.0,500000,9999,130.89
SCA,12,20,5,21871,500000,3191.6004766680544,491.6004766680544,2700.0,500000,9999,129.16
SCA,12,20,6,21872,500000,3627.3315528531757,927.3315528531757,2700.0,500000,9999,130.23
SCA,12,20,7,21873,500000,3132.288709760131,432.28870976013104,2700.0,500000,9999,131.57
SCA,12,20,8,21874,500000,3289.9044330564748,589.9044330564748,2700.0,500000,9999,130.7
v1.8,1,10,0,10766,200000,300.00000000000415,4.149569576838985e-12,300.0,200041,3961,3.76
SCA,12,20,9,21875,500000,3116.516485870017,416.5164858700168,2700.0,500000,9999,131.13
SCA,12,20,10,21876,500000,3217.4977399369855,517.4977399369855,2700.0,500000,9999,130.54
v1.8,1,10,1,10767,200000,300.00000000000387,3.865352482534945e-12,300.0,200031,3961,3.67
SCA,12,20,11,21877,500000,3159.2758660746913,459.2758660746913,2700.0,500000,9999,132.57
SCA,12,20,12,21878,500000,3015.5235296161122,315.5235296161122,2700.0,500000,9999,129.99
v1.8,1,10,3,10769,200000,300.00000000000455,4.547473508864641e-12,300.0,200039,3961,3.69
v1.8,1,10,2,10768,200000,300.0000000000026,2.6147972675971687e-12,300.0,200040,3961,3.75
v1.8,1,10,4,10770,200000,300.0000000000031,3.126388037344441e-12,300.0,200038,3961,3.59
v1.8,1,10,5,10771,200000,300.0000000000076,7.617018127348274e-12,300.0,200025,3961,3.75
v1.8,1,10,6,10772,200000,300.00000000000335,3.353761712787673e-12,300.0,200044,3961,3.64
v1.8,1,10,8,10774,200000,300.0000000000052,5.172751116333529e-12,300.0,200036,3961,3.62
v1.8,1,10,7,10773,200000,300.0000000000059,5.9117155615240335e-12,300.0,200037,3961,3.77
v1.8,1,10,9,10775,200000,300.00000000000875,8.753886504564434e-12,300.0,200033,3961,3.48
v1.8,1,10,10,10776,200000,300.0000000000075,7.503331289626658e-12,300.0,200037,3961,3.68
SCA,12,20,13,21879,500000,3254.8008691839177,554.8008691839177,2700.0,500000,9999,129.57
v1.8,1,10,11,10777,200000,300.0000000000039,3.922195901395753e-12,300.0,200032,3961,3.75
v1.8,1,10,12,10778,200000,300.00000000000193,1.9326762412674725e-12,300.0,200035,3961,3.71
v1.8,1,10,13,10779,200000,300.0000000000021,2.1032064978498966e-12,300.0,200038,3961,3.63
SCA,12,20,14,21880,500000,3719.2098457755687,1019.2098457755687,2700.0,500000,9999,130.74
v1.8,1,10,14,10780,200000,300.0000000000036,3.581135388230905e-12,300.0,200037,3961,3.75
v1.8,1,10,15,10781,200000,300.00000000000256,2.5579538487363607e-12,300.0,200036,3961,3.64
SCA,12,20,15,21881,500000,3485.0632419909994,785.0632419909994,2700.0,500000,9999,131.51
SCA,12,20,17,21883,500000,3182.565174257409,482.5651742574091,2700.0,500000,9999,130.06
v1.8,1,10,16,10782,200000,300.0000000000029,2.8990143619012088e-12,300.0,200032,3961,3.74
v1.8,1,10,17,10783,200000,300.0000000000045,4.490630090003833e-12,300.0,200024,3961,3.69
SCA,12,20,16,21882,500000,3173.806780601782,473.80678060178207,2700.0,500000,9999,131.74
v1.8,1,10,19,10785,200000,300.00000000000495,4.945377440890297e-12,300.0,200039,3961,3.56
v1.8,1,10,18,10784,200000,300.0000000000034,3.410605131648481e-12,300.0,200034,3961,3.79
v1.8,1,10,20,10786,200000,300.0000000000039,3.922195901395753e-12,300.0,200032,3961,3.62
v1.8,1,10,21,10787,200000,300.0000000000035,3.524291969370097e-12,300.0,200034,3961,3.83
v1.8,1,10,22,10788,200000,300.0000000000036,3.581135388230905e-12,300.0,200041,3961,3.57
v1.8,1,10,24,10790,200000,300.0000000000042,4.206412995699793e-12,300.0,200027,3961,3.52
v1.8,1,10,23,10789,200000,300.0000000000018,1.8189894035458565e-12,300.0,200038,3961,3.73
v1.8,1,10,25,10791,200000,300.000000000004,3.979039320256561e-12,300.0,200033,3961,3.72
v1.8,1,10,26,10792,200000,300.0000000000059,5.9117155615240335e-12,300.0,200036,3961,3.75
v1.8,1,10,28,10794,200000,300.0000000000031,3.126388037344441e-12,300.0,200036,3961,3.68
v1.8,1,10,27,10793,200000,300.00000000000426,4.263256414560601e-12,300.0,200033,3961,3.9
v1.8,1,10,29,10795,200000,300.00000000000244,2.4442670110147446e-12,300.0,200039,3961,3.74
SCA,12,20,18,21884,500000,3154.4835713269413,454.4835713269413,2700.0,500000,9999,130.19
v1.8,1,20,0,20766,500000,300.0000000000245,2.4499513529008254e-11,300.0,500032,9902,9.6
v1.8,1,20,1,20767,500000,300.000000000033,3.3026026358129457e-11,300.0,500019,9902,9.45
v1.8,1,20,2,20768,500000,300.0000000000301,3.012701199622825e-11,300.0,500022,9902,9.74
v1.8,1,20,3,20769,500000,300.0000000000362,3.6209257814334705e-11,300.0,500024,9902,9.59
v1.8,1,20,5,20771,500000,300.000000000029,2.8990143619012088e-11,300.0,500018,9902,9.38
v1.8,1,20,4,20770,500000,300.00000000003945,3.944933268940076e-11,300.0,500013,9902,9.69
v1.8,1,20,6,20772,500000,300.0000000000272,2.722799763432704e-11,300.0,500026,9902,9.4
v1.8,1,20,7,20773,500000,300.00000000003547,3.54702933691442e-11,300.0,500029,9902,9.23
SCA,12,20,19,21885,500000,3293.858622431969,593.8586224319688,2700.0,500000,9999,129.58
v1.8,1,20,9,20775,500000,300.0000000000323,3.228706191293895e-11,300.0,500017,9902,9.3
v1.8,1,20,8,20774,500000,300.000000000021,2.0975221559638157e-11,300.0,500020,9902,9.55
SCA,12,20,20,21886,500000,3301.7680796537,601.7680796537002,2700.0,500000,9999,130.31
SCA,12,20,21,21887,500000,3167.9503041231583,467.9503041231583,2700.0,500000,9999,130.66
v1.8,1,20,10,20776,500000,300.0000000000415,4.149569576838985e-11,300.0,500036,9902,9.46
v1.8,1,20,11,20777,500000,300.00000000003945,3.944933268940076e-11,300.0,500029,9902,9.7
v1.8,1,20,12,20778,500000,300.0000000000334,3.342393029015511e-11,300.0,500023,9902,9.51
v1.8,1,20,13,20779,500000,300.00000000003547,3.54702933691442e-11,300.0,500029,9902,9.56
v1.8,1,20,15,20781,500000,300.0000000000267,2.6716406864579767e-11,300.0,500042,9902,9.28
v1.8,1,20,14,20780,500000,300.00000000002757,2.7569058147491887e-11,300.0,500025,9902,9.47
v1.8,1,20,16,20782,500000,300.0000000000402,4.0188297134591267e-11,300.0,500023,9902,9.39
v1.8,1,20,17,20783,500000,300.00000000003286,3.285549610154703e-11,300.0,500016,9902,9.44
v1.8,1,20,18,20784,500000,300.000000000041,4.098410499864258e-11,300.0,500015,9902,9.64
v1.8,1,20,19,20785,500000,300.000000000039,3.89945853385143e-11,300.0,500024,9902,9.54
v1.8,1,20,20,20786,500000,300.000000000023,2.3021584638627246e-11,300.0,500039,9902,9.59
v1.8,1,20,21,20787,500000,300.0000000000406,4.058620106661692e-11,300.0,500023,9902,9.52
v1.8,1,20,22,20788,500000,300.0000000000427,4.268940756446682e-11,300.0,500012,9902,9.35
v1.8,1,20,23,20789,500000,300.0000000000357,3.5697667044587433e-11,300.0,500011,9902,9.35
v1.8,2,10,0,10866,200000,404.06914771800695,4.0691477180069455,400.0,200014,3963,4.7
v1.8,2,10,1,10867,200000,408.91610192778137,8.91610192778137,400.0,200000,3960,4.76
v1.8,2,10,3,10869,200000,404.07349576873213,4.07349576873213,400.0,200015,3964,4.84
v1.8,2,10,2,10868,200000,404.07396243645974,4.0739624364597375,400.0,200013,3965,4.92
v1.8,2,10,4,10870,200000,404.303658495476,4.303658495475986,400.0,200025,3962,4.79
v1.8,2,10,5,10871,200000,404.11096565604544,4.110965656045437,400.0,200033,3964,4.82
v1.8,1,20,24,20790,500000,300.000000000035,3.501554601825774e-11,300.0,500019,9902,9.56
v1.8,2,10,6,10872,200000,404.091101509295,4.091101509295015,400.0,200041,3963,4.76
v1.8,1,20,26,20792,500000,300.00000000002757,2.7569058147491887e-11,300.0,500013,9902,9.4
v1.8,1,20,25,20791,500000,300.00000000003513,3.512923285597935e-11,300.0,500018,9902,9.54
v1.8,2,10,7,10873,200000,404.35096668071975,4.3509666807197505,400.0,200046,3962,4.72
v1.8,1,20,27,20793,500000,300.0000000000366,3.660716174636036e-11,300.0,500014,9902,9.44
v1.8,1,20,29,20795,500000,300.00000000003604,3.603872755775228e-11,300.0,500020,9902,9.24
v1.8,1,20,28,20794,500000,300.00000000003706,3.7061909097246826e-11,300.0,500023,9902,9.43
v1.8,2,10,8,10874,200000,404.08693659291674,4.086936592916743,400.0,200011,3963,4.63
v1.8,2,10,9,10875,200000,404.0976256979929,4.097625697992896,400.0,200000,3963,4.73
v1.8,2,10,10,10876,200000,408.9161019277814,8.916101927781426,400.0,200008,3961,4.77
v1.8,2,10,11,10877,200000,404.0744656686733,4.0744656686733265,400.0,200008,3964,4.83
v1.8,2,10,12,10878,200000,404.0764204005826,4.076420400582606,400.0,200015,3965,4.68
v1.8,2,10,13,10879,200000,404.079865370705,4.079865370705022,400.0,200025,3964,4.76
v1.8,2,10,14,10880,200000,404.07264166745426,4.072641667454263,400.0,200046,3964,4.68
v1.8,2,10,16,10882,200000,408.91610192778137,8.91610192778137,400.0,200050,3961,4.57
v1.8,2,10,17,10883,200000,404.0743952622161,4.074395262216115,400.0,200041,3964,4.6
v1.8,2,10,15,10881,200000,404.0789151979553,4.078915197955325,400.0,200046,3966,4.97
v1.8,2,10,18,10884,200000,408.91610192778137,8.91610192778137,400.0,200013,3961,4.68
v1.8,2,10,20,10886,200000,408.91610192778137,8.91610192778137,400.0,200027,3961,4.57
v1.8,2,10,22,10888,200000,408.9161019277813,8.916101927781312,400.0,200049,3961,4.64
v1.8,2,10,21,10887,200000,404.0614220400275,4.06142204002748,400.0,200028,3966,4.79
v1.8,2,10,19,10885,200000,408.9161019277814,8.916101927781426,400.0,200034,3961,4.9
v1.8,2,10,23,10889,200000,404.0876639814074,4.087663981407388,400.0,200009,3965,4.82
v1.8,2,10,25,10891,200000,408.91610192778137,8.91610192778137,400.0,200050,3961,4.66
v1.8,2,10,24,10890,200000,404.0897895902711,4.089789590271096,400.0,200042,3964,4.79
v1.8,2,10,26,10892,200000,404.09092069041793,4.090920690417931,400.0,200040,3963,4.77
v1.8,2,10,27,10893,200000,404.07148745973245,4.071487459732452,400.0,200048,3966,4.84
v1.8,2,10,28,10894,200000,404.0911573367733,4.0911573367732785,400.0,200019,3964,4.7
v1.8,2,10,29,10895,200000,404.0708076168856,4.070807616885588,400.0,200008,3963,4.69
v1.8,2,20,0,20866,500000,449.08447897955705,49.08447897955705,400.0,500015,9902,11.94
v1.8,2,20,1,20867,500000,400.37449386133716,0.37449386133715734,400.0,500046,9909,12.2
v1.8,2,20,3,20869,500000,444.89546931745303,44.895469317453035,400.0,500046,9902,11.98
v1.8,2,20,4,20870,500000,400.7926668485993,0.7926668485993105,400.0,500049,9918,11.79
v1.8,2,20,5,20871,500000,449.0844789795881,49.084478979588084,400.0,500000,9902,11.99
v1.8,2,20,2,20868,500000,449.0844789795808,49.08447897958081,400.0,500008,9902,12.38
v1.8,2,20,6,20872,500000,449.08447897957404,49.084478979574044,400.0,500000,9902,12.13
v1.8,2,20,7,20873,500000,400.7215854697193,0.7215854697192867,400.0,500001,9918,12.13
v1.8,2,20,8,20874,500000,449.084478979557,49.08447897955699,400.0,500000,9902,11.88
v1.8,2,20,9,20875,500000,400.0007457082527,0.0007457082526798331,400.0,500025,9909,12.05
v1.8,2,20,11,20877,500000,449.0844789795772,49.08447897957723,400.0,500000,9902,11.97
v1.8,2,20,10,20876,500000,449.084478979594,49.084478979593996,400.0,500000,9905,12.25
v1.8,2,20,12,20878,500000,400.144564791329,0.14456479132900313,400.0,500007,9909,12.28
v1.8,2,20,13,20879,500000,449.0844789795554,49.0844789795554,400.0,500041,9902,11.95
v1.8,2,20,14,20880,500000,449.0844789795303,49.084478979530275,400.0,500002,9902,12.1
v1.8,2,20,15,20881,500000,444.8954693174558,44.89546931745582,400.0,500016,9902,12.16
v1.8,2,20,16,20882,500000,449.08447897956455,49.08447897956455,400.0,500001,9902,11.7
v1.8,2,20,17,20883,500000,400.0718315834232,0.07183158342320439,400.0,500004,9906,12.28
v1.8,2,20,18,20884,500000,428.93560627154983,28.93560627154983,400.0,500005,9903,12.04
v1.8,2,20,20,20886,500000,449.08447897955136,49.08447897955136,400.0,500016,9902,11.94
v1.8,2,20,19,20885,500000,449.08447897956364,49.08447897956364,400.0,500005,9902,12.24
v1.8,2,20,22,20888,500000,449.0844789795725,49.08447897957251,400.0,500000,9902,12.11
v1.8,2,20,23,20889,500000,449.084478979597,49.08447897959701,400.0,500008,9902,11.94
v1.8,2,20,21,20887,500000,400.02108127181174,0.021081271811738134,400.0,500038,9912,12.47
v1.8,2,20,24,20890,500000,449.08447897958166,49.08447897958166,400.0,500031,9902,12.1
v1.8,2,20,25,20891,500000,400.46635681510907,0.4663568151090658,400.0,500006,9922,12.15
v1.8,2,20,26,20892,500000,449.0844789795547,49.08447897955472,400.0,500009,9902,12.03
v1.8,2,20,27,20893,500000,444.89546931745423,44.89546931745423,400.0,500030,9902,12.11
v1.8,3,10,0,10966,200000,600.0,0.0,600.0,200000,3960,9.14
v1.8,3,10,2,10968,200000,600.0,0.0,600.0,200000,3960,8.94
v1.8,3,10,1,10967,200000,600.0,0.0,600.0,200000,3960,9.07
v1.8,3,10,4,10970,200000,600.0,0.0,600.0,200000,3960,8.92
v1.8,3,10,3,10969,200000,600.0,0.0,600.0,200000,3960,9.1
v1.8,3,10,5,10971,200000,600.0,0.0,600.0,200000,3960,8.67
v1.8,3,10,7,10973,200000,600.0,0.0,600.0,200000,3960,8.8
v1.8,3,10,6,10972,200000,600.0,0.0,600.0,200000,3960,9.01
v1.8,3,10,8,10974,200000,600.0,0.0,600.0,200000,3960,8.8
v1.8,3,10,9,10975,200000,600.0,0.0,600.0,200000,3960,9.05
v1.8,2,20,28,20894,500000,449.084478979573,49.08447897957302,400.0,500007,9902,12.23
v1.8,2,20,29,20895,500000,444.8954693174522,44.89546931745218,400.0,500006,9902,12.34
v1.8,3,10,10,10976,200000,600.0,0.0,600.0,200000,3960,9.06
v1.8,3,10,11,10977,200000,600.0,0.0,600.0,200000,3960,9.07
v1.8,3,10,12,10978,200000,600.0,0.0,600.0,200000,3960,8.67
v1.8,3,10,13,10979,200000,600.0,0.0,600.0,200000,3960,8.79
v1.8,3,10,14,10980,200000,600.0,0.0,600.0,200000,3960,9.26
v1.8,3,10,15,10981,200000,600.0,0.0,600.0,200000,3960,9.19
v1.8,3,10,16,10982,200000,600.0,0.0,600.0,200000,3960,9.22
v1.8,3,10,17,10983,200000,600.0,0.0,600.0,200000,3960,9.02
v1.8,3,10,19,10985,200000,600.0,0.0,600.0,200000,3960,8.87
v1.8,3,10,18,10984,200000,600.0,0.0,600.0,200000,3960,9.06
v1.8,3,10,20,10986,200000,600.0,0.0,600.0,200000,3960,8.8
v1.8,3,10,22,10988,200000,600.0,0.0,600.0,200000,3960,8.81
v1.8,3,10,21,10987,200000,600.0,0.0,600.0,200000,3960,9.15
v1.8,3,10,23,10989,200000,600.0,0.0,600.0,200000,3960,8.78
v1.8,3,10,24,10990,200000,600.0,0.0,600.0,200000,3960,9.03
v1.8,3,10,25,10991,200000,600.0,0.0,600.0,200000,3960,9.23
v1.8,3,10,26,10992,200000,600.0,0.0,600.0,200000,3960,9.04
v1.8,3,10,27,10993,200000,600.0,0.0,600.0,200000,3960,8.87
v1.8,3,10,28,10994,200000,600.0,0.0,600.0,200000,3960,8.9
v1.8,3,10,29,10995,200000,600.0,0.0,600.0,200000,3960,9.03
SCA,12,20,22,21888,500000,3088.637127877873,388.6371278778729,2700.0,500000,9999,131.45
SCA,12,20,23,21889,500000,3271.918085643267,571.9180856432672,2700.0,500000,9999,131.21
SCA,12,20,24,21890,500000,3076.0800430424515,376.0800430424515,2700.0,500000,9999,130.52
v1.8,3,20,0,20966,500000,600.0,0.0,600.0,500000,9901,22.99
SCA,12,20,25,21891,500000,3353.0719921282034,653.0719921282034,2700.0,500000,9999,132.13
SCA,12,20,26,21892,500000,3224.04146873013,524.04146873013,2700.0,500000,9999,130.21
v1.8,3,20,1,20967,500000,600.0,0.0,600.0,500000,9901,22.93
v1.8,3,20,2,20968,500000,600.0,0.0,600.0,500000,9901,22.73
v1.8,3,20,3,20969,500000,600.0,0.0,600.0,500000,9901,22.6
v1.8,3,20,4,20970,500000,600.0,0.0,600.0,500000,9901,23.03
v1.8,3,20,6,20972,500000,600.0,0.0,600.0,500000,9901,22.68
v1.8,3,20,5,20971,500000,600.0,0.0,600.0,500000,9901,22.94
v1.8,3,20,7,20973,500000,600.0,0.0,600.0,500000,9901,23.14
v1.8,3,20,8,20974,500000,600.0,0.0,600.0,500000,9901,22.94
v1.8,3,20,9,20975,500000,600.0,0.0,600.0,500000,9901,23.04
SCA,12,20,27,21893,500000,3015.1408659984368,315.14086599843677,2700.0,500000,9999,131.78
SCA,12,20,28,21894,500000,3046.1455970800016,346.1455970800016,2700.0,500000,9999,130.18
v1.8,3,20,11,20977,500000,600.0,0.0,600.0,500000,9901,22.51
v1.8,3,20,10,20976,500000,600.0,0.0,600.0,500000,9901,23.04
v1.8,3,20,13,20979,500000,600.0,0.0,600.0,500000,9901,22.6
v1.8,3,20,12,20978,500000,600.0,0.0,600.0,500000,9901,22.95
SCA,12,20,29,21895,500000,3158.976977759499,458.9769777594988,2700.0,500000,9999,132.17
v1.8,3,20,14,20980,500000,600.0,0.0,600.0,500000,9901,23.1
v1.8,4,10,0,11066,200000,812.0000000000057,12.000000000005684,800.0,200039,3961,13.85
v1.8,3,20,15,20981,500000,600.0,0.0,600.0,500000,9901,23.22
v1.8,3,20,16,20982,500000,600.0,0.0,600.0,500000,9901,23.14
v1.8,4,10,1,11067,200000,816.0,16.0,800.0,200048,3961,13.9
v1.8,4,10,2,11068,200000,831.1644498437115,31.16444984371151,800.0,200045,3961,13.78
v1.8,4,10,4,11070,200000,840.0,40.0,800.0,200048,3961,13.55
v1.8,4,10,3,11069,200000,816.0000113653531,16.00001136535309,800.0,200044,3961,14.17
v1.8,3,20,17,20983,500000,600.0,0.0,600.0,500000,9901,22.8
v1.8,3,20,19,20985,500000,600.0,0.0,600.0,500000,9901,22.6
v1.8,3,20,18,20984,500000,600.0,0.0,600.0,500000,9901,22.84
v1.8,3,20,20,20986,500000,600.0,0.0,600.0,500000,9901,22.86
v1.8,3,20,21,20987,500000,600.0,0.0,600.0,500000,9901,23.12
v1.8,3,20,22,20988,500000,600.0,0.0,600.0,500000,9901,23.18
v1.8,4,10,5,11071,200000,816.0165138603901,16.01651386039009,800.0,200046,3961,13.84
v1.8,3,20,23,20989,500000,600.0,0.0,600.0,500000,9901,23.27
v1.8,3,20,25,20991,500000,600.0,0.0,600.0,500000,9901,22.79
v1.8,3,20,24,20990,500000,600.0,0.0,600.0,500000,9901,23.14
v1.8,3,20,26,20992,500000,600.0,0.0,600.0,500000,9901,23.0
v1.8,3,20,27,20993,500000,600.0,0.0,600.0,500000,9901,22.89
v1.8,3,20,29,20995,500000,600.0,0.0,600.0,500000,9901,23.12
v1.8,3,20,28,20994,500000,600.0,0.0,600.0,500000,9901,23.45
v1.8,4,10,6,11072,200000,816.0000000000001,16.000000000000114,800.0,200046,3961,13.92
v1.8,4,10,7,11073,200000,822.000000000007,22.00000000000705,800.0,200046,3961,13.68
v1.8,4,10,8,11074,200000,814.000000000001,14.000000000001023,800.0,200044,3961,14.09
v1.8,4,10,9,11075,200000,826.0000000000001,26.000000000000114,800.0,200044,3961,13.79
v1.8,4,10,11,11077,200000,834.0,34.0,800.0,200048,3961,13.71
v1.8,4,10,10,11076,200000,816.0000000000314,16.000000000031378,800.0,200042,3961,13.82
v1.8,4,10,13,11079,200000,822.0000000000001,22.000000000000114,800.0,200045,3961,13.66
v1.8,4,10,12,11078,200000,820.0000000000001,20.000000000000114,800.0,200045,3961,14.1
v1.8,4,10,14,11080,200000,816.0000000000019,16.000000000001933,800.0,200046,3961,13.72
v1.8,4,10,16,11082,200000,822.0,22.0,800.0,200042,3961,13.66
v1.8,4,10,15,11081,200000,818.0000000000003,18.00000000000034,800.0,200000,3960,13.84
v1.8,4,10,17,11083,200000,824.0,24.0,800.0,200046,3961,13.68
v1.8,4,10,18,11084,200000,830.0,30.0,800.0,200049,3961,13.7
v1.8,4,10,19,11085,200000,812.0000000000005,12.000000000000455,800.0,200041,3961,13.76
v1.8,4,10,20,11086,200000,830.0000000000003,30.00000000000034,800.0,200000,3960,13.67
v1.8,4,10,21,11087,200000,820.0,20.0,800.0,200046,3961,13.65
v1.8,4,10,23,11089,200000,828.0,28.0,800.0,200049,3961,13.49
v1.8,4,10,22,11088,200000,828.0,28.0,800.0,200049,3961,13.71
v1.8,4,10,24,11090,200000,810.0000000000016,10.000000000001592,800.0,200045,3961,13.62
v1.8,4,10,25,11091,200000,816.0000000000013,16.00000000000125,800.0,200037,3961,13.72
v1.8,4,10,26,11092,200000,822.0000000000001,22.000000000000114,800.0,200042,3961,13.92
v1.8,4,10,27,11093,200000,812.0023519535016,12.002351953501602,800.0,200035,3961,13.87
v1.8,4,10,28,11094,200000,814.0000000217522,14.000000021752157,800.0,200046,3961,13.77
v1.8,4,10,29,11095,200000,814.0000000000001,14.000000000000114,800.0,200048,3961,13.85
v1.8,4,20,0,21066,500000,880.0000000000028,80.00000000000284,800.0,500029,9902,34.95
v1.8,4,20,1,21067,500000,866.0000000000007,66.00000000000068,800.0,500041,9902,35.05
v1.8,4,20,2,21068,500000,858.0000000000015,58.00000000000148,800.0,500034,9902,34.6
v1.8,4,20,3,21069,500000,868.0000000000018,68.00000000000182,800.0,500042,9902,34.92
v1.8,4,20,4,21070,500000,866.0000000000052,66.00000000000523,800.0,500034,9902,34.77
v1.8,4,20,8,21074,500000,918.0000000000008,118.0000000000008,800.0,500038,9902,34.77
v1.8,4,20,6,21072,500000,928.0,128.0,800.0,500036,9902,34.96
v1.8,4,20,5,21071,500000,850.0000000000001,50.000000000000114,800.0,500025,9902,35.15
v1.8,4,20,7,21073,500000,898.0,98.0,800.0,500035,9902,35.21
v1.8,4,20,10,21076,500000,850.0000000000002,50.00000000000023,800.0,500042,9902,34.65
v1.8,4,20,9,21075,500000,868.0000000000007,68.00000000000068,800.0,500032,9902,35.39
v1.8,4,20,12,21078,500000,902.0000000000011,102.00000000000114,800.0,500028,9902,34.7
v1.8,4,20,11,21077,500000,858.0000000000051,58.000000000005116,800.0,500035,9902,35.12
v1.8,4,20,15,21081,500000,912.0,112.0,800.0,500045,9902,34.95
v1.8,4,20,14,21080,500000,882.0,82.0,800.0,500040,9902,35.08
v1.8,4,20,13,21079,500000,906.0000000000005,106.00000000000045,800.0,500040,9902,35.48
v1.8,4,20,16,21082,500000,864.0000000000003,64.00000000000034,800.0,500034,9902,35.1
v1.8,4,20,17,21083,500000,896.0000000000014,96.00000000000136,800.0,500034,9902,34.67
v1.8,4,20,18,21084,500000,884.0000000000005,84.00000000000045,800.0,500041,9902,34.83
v1.8,4,20,19,21085,500000,876.0000000000017,76.0000000000017,800.0,500034,9902,34.75
v1.8,5,10,0,11166,200000,900.0,0.0,900.0,200000,3960,6.86
v1.8,5,10,1,11167,200000,900.0000000000001,1.1368683772161603e-13,900.0,200000,3960,6.97
v1.8,5,10,3,11169,200000,900.0,0.0,900.0,200000,3960,6.92
v1.8,5,10,2,11168,200000,900.0000000000001,1.1368683772161603e-13,900.0,200000,3960,7.0
v1.8,5,10,4,11170,200000,900.0000000000001,1.1368683772161603e-13,900.0,200000,3960,6.93
v1.8,5,10,5,11171,200000,900.0000000000001,1.1368683772161603e-13,900.0,200000,3960,6.71
v1.8,5,10,6,11172,200000,900.0,0.0,900.0,200000,3960,6.78
v1.8,5,10,7,11173,200000,900.0000000000001,1.1368683772161603e-13,900.0,200048,3961,7.09
v1.8,4,20,20,21086,500000,888.0000000000001,88.00000000000011,800.0,500028,9902,34.64
v1.8,5,10,8,11174,200000,900.0,0.0,900.0,200000,3960,7.03
v1.8,5,10,9,11175,200000,900.0,0.0,900.0,200000,3960,7.04
v1.8,4,20,21,21087,500000,894.0000000000005,94.00000000000045,800.0,500032,9902,35.08
v1.8,5,10,11,11177,200000,900.0,0.0,900.0,200000,3960,6.92
v1.8,5,10,10,11176,200000,900.0,0.0,900.0,200000,3960,7.02
v1.8,5,10,12,11178,200000,900.0,0.0,900.0,200000,3960,6.96
v1.8,5,10,13,11179,200000,900.4543240185909,0.4543240185909099,900.0,200000,3960,6.94
v1.8,5,10,14,11180,200000,900.0,0.0,900.0,200000,3960,6.93
v1.8,5,10,16,11182,200000,900.0,0.0,900.0,200000,3960,6.83
v1.8,5,10,15,11181,200000,900.0000000000001,1.1368683772161603e-13,900.0,200000,3960,6.99
v1.8,5,10,17,11183,200000,900.0000000000001,1.1368683772161603e-13,900.0,200000,3960,6.88
v1.8,5,10,18,11184,200000,900.0,0.0,900.0,200000,3960,6.94
v1.8,5,10,19,11185,200000,900.0000000000001,1.1368683772161603e-13,900.0,200000,3960,6.98
v1.8,5,10,20,11186,200000,900.0000000000001,1.1368683772161603e-13,900.0,200000,3960,7.01
v1.8,5,10,21,11187,200000,900.0000000000001,1.1368683772161603e-13,900.0,200000,3960,6.97
v1.8,5,10,22,11188,200000,900.0000000000001,1.1368683772161603e-13,900.0,200000,3960,6.87
v1.8,5,10,23,11189,200000,900.0895282504165,0.08952825041649248,900.0,200000,3960,6.75
v1.8,5,10,24,11190,200000,900.0000000000001,1.1368683772161603e-13,900.0,200000,3960,6.66
v1.8,5,10,25,11191,200000,900.0,0.0,900.0,200000,3960,6.81
v1.8,5,10,26,11192,200000,900.0895282504165,0.08952825041649248,900.0,200000,3960,7.0
v1.8,5,10,27,11193,200000,900.0,0.0,900.0,200000,3960,6.92
v1.8,5,10,29,11195,200000,900.0,0.0,900.0,200000,3960,6.69
v1.8,5,10,28,11194,200000,900.0000000000002,2.2737367544323206e-13,900.0,200000,3960,6.93
v1.8,4,20,22,21088,500000,860.0000000000014,60.000000000001364,800.0,500040,9902,34.19
v1.8,4,20,23,21089,500000,890.000000000001,90.00000000000102,800.0,500025,9902,33.83
v1.8,5,20,0,21166,500000,900.0895282504168,0.08952825041683354,900.0,500048,9902,17.53
v1.8,5,20,2,21168,500000,900.2685847512497,0.2685847512497048,900.0,500024,9902,17.53
v1.8,5,20,1,21167,500000,900.0895282504168,0.08952825041683354,900.0,500000,9901,17.69
v1.8,4,20,24,21090,500000,890.0000000000009,90.00000000000091,800.0,500043,9902,34.38
v1.8,4,20,25,21091,500000,892.5000000000042,92.5000000000042,800.0,500033,9902,34.28
v1.8,5,20,3,21169,500000,900.2685847512498,0.2685847512498185,900.0,500041,9902,17.44
v1.8,5,20,4,21170,500000,900.2685847512496,0.26858475124959114,900.0,500036,9902,17.61
v1.8,5,20,5,21171,500000,900.089528250417,0.08952825041694723,900.0,500048,9902,17.68
v1.8,5,20,6,21172,500000,900.089528250417,0.08952825041694723,900.0,500000,9901,17.59
v1.8,4,20,27,21093,500000,892.5000104331407,92.50001043314069,800.0,500035,9902,34.33
v1.8,4,20,26,21092,500000,868.0000000000052,68.00000000000523,800.0,500028,9902,34.86
v1.8,4,20,29,21095,500000,872.0000000000019,72.00000000000193,800.0,500033,9902,34.48
v1.8,4,20,28,21094,500000,866.0000000000028,66.00000000000284,800.0,500023,9902,34.67
v1.8,5,20,7,21173,500000,900.9019652706734,0.9019652706733723,900.0,500037,9902,17.7
v1.8,5,20,8,21174,500000,901.6967215753324,1.6967215753323899,900.0,500022,9902,17.92
v1.8,5,20,9,21175,500000,900.1790565008333,0.17905650083332603,900.0,500044,9902,17.83
v1.8,5,20,11,21177,500000,900.1790565008333,0.17905650083332603,900.0,500017,9902,17.5
v1.8,5,20,10,21176,500000,900.0895282504167,0.08952825041671986,900.0,500049,9902,17.58
v1.8,5,20,13,21179,500000,900.2685847512497,0.2685847512497048,900.0,500049,9902,17.58
v1.8,5,20,12,21178,500000,900.089528250417,0.08952825041694723,900.0,500017,9902,18.1
v1.8,6,10,1,11267,200000,4874.046490811197,3074.046490811197,1800.0,200041,3967,9.52
v1.8,6,10,0,11266,200000,4224.579135056343,2424.579135056343,1800.0,200047,3967,9.92
v1.8,6,10,2,11268,200000,4562.8963650903315,2762.8963650903315,1800.0,200002,3967,9.24
v1.8,6,10,3,11269,200000,6886.87632153015,5086.87632153015,1800.0,200046,3965,9.34
v1.8,6,10,4,11270,200000,28043.927564688925,26243.927564688925,1800.0,200035,3966,9.51
v1.8,6,10,5,11271,200000,8045.072092560494,6245.072092560494,1800.0,200038,3968,9.5
v1.8,5,20,14,21180,500000,900.4543240185917,0.4543240185917057,900.0,500024,9902,17.59
v1.8,5,20,15,21181,500000,901.0877045380162,1.087704538016169,900.0,500048,9902,17.6
v1.8,5,20,16,21182,500000,901.0877045380157,1.0877045380157142,900.0,500048,9902,17.75
v1.8,5,20,17,21183,500000,900.26858475125,0.2685847512500459,900.0,500043,9902,17.46
v1.8,5,20,19,21185,500000,900.454324018593,0.45432401859295624,900.0,500046,9902,17.25
v1.8,5,20,18,21184,500000,900.9981762875993,0.9981762875993354,900.0,500042,9902,17.55
v1.8,5,20,21,21187,500000,900.9981762876008,0.9981762876008133,900.0,500031,9902,17.39
v1.8,5,20,20,21186,500000,900.9981762876004,0.9981762876003586,900.0,500042,9902,17.74
v1.8,5,20,22,21188,500000,901.2499814610918,1.2499814610918065,900.0,500011,9902,17.77
v1.8,5,20,23,21189,500000,900.1790565008334,0.1790565008334397,900.0,500025,9902,17.48
v1.8,5,20,24,21190,500000,900.3581130016663,0.358113001666311,900.0,500035,9902,17.55
v1.8,5,20,27,21193,500000,900.0000000000006,5.684341886080801e-13,900.0,500000,9901,17.21
v1.8,5,20,25,21191,500000,901.0877045380156,1.0877045380156005,900.0,500000,9901,17.6
v1.8,5,20,26,21192,500000,900.1790565008448,0.1790565008448084,900.0,500040,9902,17.34
v1.8,5,20,28,21194,500000,900.0000000000005,4.547473508864641e-13,900.0,500045,9902,17.37
v1.8,5,20,29,21195,500000,900.2685847512497,0.2685847512497048,900.0,500033,9902,17.55
v1.8,6,10,6,11272,200000,12272.466375145637,10472.466375145637,1800.0,200020,3965,9.38
v1.8,6,10,7,11273,200000,15314.509115622302,13514.509115622302,1800.0,200041,3965,10.24
v1.8,6,10,8,11274,200000,5569.102409279101,3769.1024092791013,1800.0,200027,3966,9.45
v1.8,6,10,9,11275,200000,6936.09006838188,5136.09006838188,1800.0,200042,3966,9.37
v1.8,6,10,10,11276,200000,1999.5051839487203,199.5051839487203,1800.0,200030,3964,9.27
v1.8,6,10,11,11277,200000,13943.903176864027,12143.903176864027,1800.0,200036,3965,9.4
v1.8,6,10,12,11278,200000,4292.04218571375,2492.04218571375,1800.0,200016,3965,9.32
v1.8,6,10,13,11279,200000,46179.087628925605,44379.087628925605,1800.0,200021,3965,9.39
v1.8,6,10,14,11280,200000,6074.733721235261,4274.733721235261,1800.0,200044,3968,9.26
v1.8,6,10,16,11282,200000,9094.802994132126,7294.802994132126,1800.0,200028,3967,9.5
v1.8,6,10,15,11281,200000,18229.02233562771,16429.02233562771,1800.0,200010,3965,9.97
v1.8,6,10,18,11284,200000,3482.7688424685275,1682.7688424685275,1800.0,200040,3966,9.58
v1.8,6,10,19,11285,200000,2343.3592266323803,543.3592266323803,1800.0,200001,3966,9.38
v1.8,6,10,17,11283,200000,26448.701260062702,24648.701260062702,1800.0,200034,3964,10.41
v1.8,6,10,20,11286,200000,14415.387961345536,12615.387961345536,1800.0,200019,3966,9.52
v1.8,6,10,21,11287,200000,3770.021020626723,1970.021020626723,1800.0,200038,3966,9.51
v1.8,6,10,24,11290,200000,11757.97159958144,9957.97159958144,1800.0,200010,3965,9.34
v1.8,6,10,22,11288,200000,2278.069112615666,478.0691126156662,1800.0,200047,3966,9.46
v1.8,6,10,25,11291,200000,9133.138977465196,7333.138977465196,1800.0,200038,3964,9.55
v1.8,6,10,23,11289,200000,7545.476070483652,5745.476070483652,1800.0,200033,3968,9.98
v1.8,6,10,27,11293,200000,15605.423969577701,13805.423969577701,1800.0,200025,3963,9.29
v1.8,6,10,26,11292,200000,6612.754425723885,4812.754425723885,1800.0,200032,3967,10.13
v1.8,6,10,28,11294,200000,20861.40639373522,19061.40639373522,1800.0,200014,3964,9.25
v1.8,6,10,29,11295,200000,20148.459493556125,18348.459493556125,1800.0,200018,3965,10.23
v1.8,6,20,1,21267,500000,80850.12331043038,79050.12331043038,1800.0,500029,9910,23.69
v1.8,6,20,0,21266,500000,79251.2591533759,77451.2591533759,1800.0,500039,9910,24.31
v1.8,6,20,2,21268,500000,62755.19770549857,60955.19770549857,1800.0,500048,9911,23.84
v1.8,6,20,4,21270,500000,73126.76412562878,71326.76412562878,1800.0,500032,9911,23.73
v1.8,6,20,3,21269,500000,99303.36324246033,97503.36324246033,1800.0,500017,9911,24.18
v1.8,6,20,5,21271,500000,85476.53242922807,83676.53242922807,1800.0,500013,9909,24.19
v1.8,6,20,6,21272,500000,73325.17481786342,71525.17481786342,1800.0,500004,9910,24.34
v1.8,6,20,7,21273,500000,78435.42389379245,76635.42389379245,1800.0,500013,9909,24.16
v1.8,6,20,10,21276,500000,40386.174166843106,38586.174166843106,1800.0,500037,9910,23.61
v1.8,6,20,9,21275,500000,85130.8785428242,83330.8785428242,1800.0,500041,9910,23.9
v1.8,6,20,12,21278,500000,72831.51876720022,71031.51876720022,1800.0,500011,9909,23.97
v1.8,6,20,15,21281,500000,63809.58096652958,62009.58096652958,1800.0,500038,9909,23.78
v1.8,6,20,14,21280,500000,48568.51636921054,46768.51636921054,1800.0,500006,9909,23.94
v1.8,6,20,13,21279,500000,57869.352799877495,56069.352799877495,1800.0,500022,9912,24.26
v1.8,6,20,16,21282,500000,56589.3107615267,54789.3107615267,1800.0,500039,9910,24.02
v1.8,6,20,8,21274,500000,69579.14084863217,67779.14084863217,1800.0,500026,9908,25.57
v1.8,6,20,18,21284,500000,89399.7849581381,87599.7849581381,1800.0,500028,9913,24.12
v1.8,6,20,11,21277,500000,63471.70545272924,61671.70545272924,1800.0,500050,9909,25.63
v1.8,6,20,20,21286,500000,77177.80615754894,75377.80615754894,1800.0,500037,9909,23.69
v1.8,6,20,17,21283,500000,83363.58910254831,81563.58910254831,1800.0,500045,9910,25.93
v1.8,6,20,19,21285,500000,59386.84548901816,57586.84548901816,1800.0,500015,9910,26.07
v1.8,6,20,21,21287,500000,121230.51899761356,119430.51899761356,1800.0,500004,9905,25.45
v1.8,6,20,22,21288,500000,66516.4158888491,64716.41588884909,1800.0,500034,9908,24.15
v1.8,6,20,24,21290,500000,47987.657387442174,46187.657387442174,1800.0,500024,9910,23.54
v1.8,6,20,23,21289,500000,88754.19290546035,86954.19290546035,1800.0,500011,9909,23.68
v1.8,6,20,25,21291,500000,85947.78384007179,84147.78384007179,1800.0,500028,9910,23.54
v1.8,6,20,26,21292,500000,57543.70779343223,55743.70779343223,1800.0,500044,9910,23.5
v1.8,6,20,27,21293,500000,52268.90856641491,50468.90856641491,1800.0,500023,9911,23.96
v1.8,6,20,29,21295,500000,73377.43173219785,71577.43173219785,1800.0,500026,9913,23.44
v1.8,6,20,28,21294,500000,89904.36531267765,88104.36531267765,1800.0,500005,9909,23.64
v1.8,7,10,0,11366,200000,2020.5001551828618,20.500155182861818,2000.0,200024,3961,130.46
v1.8,7,10,1,11367,200000,2020.5036094497464,20.503609449746364,2000.0,200037,3961,131.23
v1.8,7,10,4,11370,200000,2020.2814987624702,20.281498762470164,2000.0,200029,3961,130.37
v1.8,7,10,3,11369,200000,2020.5101763184773,20.510176318477306,2000.0,200031,3961,130.55
v1.8,7,10,5,11371,200000,2020.532958545595,20.532958545594965,2000.0,200033,3961,130.3
v1.8,7,10,2,11368,200000,2021.017595992439,21.017595992439055,2000.0,200027,3961,130.87
v1.8,7,10,6,11372,200000,2020.264212800456,20.264212800456107,2000.0,200035,3961,130.52
v1.8,7,10,8,11374,200000,2020.0268325530403,20.02683255304032,2000.0,200031,3961,130.4
v1.8,7,10,7,11373,200000,2020.0239697263894,20.023969726389396,2000.0,200030,3961,131.9
v1.8,7,10,10,11376,200000,2020.4174044101808,20.41740441018078,2000.0,200015,3961,130.52
v1.8,7,10,9,11375,200000,2021.5459016957018,21.545901695701787,2000.0,200019,3961,132.53
v1.8,7,10,11,11377,200000,2004.462209506144,4.462209506144063,2000.0,200027,3961,131.77
v1.8,7,10,12,11378,200000,2021.4279469229548,21.42794692295479,2000.0,200017,3961,132.05
v1.8,7,10,13,11379,200000,2020.092850472224,20.092850472223972,2000.0,200020,3961,132.0
v1.8,7,10,16,11382,200000,2022.001207423275,22.00120742327499,2000.0,200020,3961,130.34
v1.8,7,10,15,11381,200000,2020.500590795173,20.50059079517291,2000.0,200028,3961,130.43
v1.8,7,10,14,11380,200000,2022.525674585233,22.52567458523299,2000.0,200030,3961,130.96
v1.8,7,10,19,11385,200000,2020.9363581685386,20.936358168538618,2000.0,200015,3961,129.61
v1.8,7,10,17,11383,200000,2021.5194532171386,21.51945321713856,2000.0,200028,3961,130.89
v1.8,7,10,18,11384,200000,2021.499043396693,21.49904339669297,2000.0,200029,3961,130.93
v1.8,7,10,20,11386,200000,2020.7943241396124,20.7943241396124,2000.0,200027,3961,130.24
v1.8,7,10,21,11387,200000,2021.0592785696167,21.05927856961671,2000.0,200023,3961,130.46
v1.8,7,10,25,11391,200000,2021.0000699399789,21.000069939978857,2000.0,200022,3961,129.06
v1.8,7,10,22,11388,200000,2021.563752136597,21.56375213659703,2000.0,200025,3961,130.67
v1.8,7,10,26,11392,200000,2021.024363457926,21.02436345792603,2000.0,200018,3961,129.88
v1.8,7,10,24,11390,200000,2023.4866863273703,23.486686327370307,2000.0,200036,3961,129.98
v1.8,7,10,27,11393,200000,2021.4815929898657,21.481592989865703,2000.0,200013,3961,130.18
v1.8,7,10,29,11395,200000,2020.095607245028,20.095607245028077,2000.0,200024,3961,130.0
v1.8,7,10,28,11394,200000,2021.9928592984056,21.99285929840562,2000.0,200027,3961,130.62
v1.8,7,10,23,11389,200000,2021.2304468200784,21.23044682007844,2000.0,200026,3961,131.45
v1.8,7,20,1,21367,500000,2025.1664539896365,25.166453989636466,2000.0,500027,9904,590.82
v1.8,7,20,0,21366,500000,2026.9310258384467,26.931025838446658,2000.0,500000,9904,594.1
v1.8,7,20,3,21369,500000,2025.5064527089194,25.50645270891937,2000.0,500017,9904,595.98
v1.8,7,20,4,21370,500000,2025.6632791843438,25.663279184343764,2000.0,500002,9903,597.12
v1.8,7,20,5,21371,500000,2032.1145931782305,32.11459317823051,2000.0,500006,9904,594.58
v1.8,7,20,2,21368,500000,2026.571854925322,26.571854925321986,2000.0,500012,9903,599.21
v1.8,7,20,12,21378,500000,2025.5899432913054,25.589943291305417,2000.0,500020,9904,589.66
v1.8,7,20,11,21377,500000,2028.2843373671597,28.28433736715965,2000.0,500048,9904,591.11
v1.8,7,20,8,21374,500000,2022.9095227414598,22.909522741459796,2000.0,500020,9904,591.95
v1.8,7,20,10,21376,500000,2024.4026140265528,24.402614026552783,2000.0,500003,9904,592.65
v1.8,7,20,6,21372,500000,2030.6040566866668,30.60405668666681,2000.0,500008,9903,594.77
v1.8,7,20,7,21373,500000,2024.6516821754967,24.651682175496717,2000.0,500045,9904,595.13
v1.8,7,20,9,21375,500000,2026.1645744423845,26.16457444238449,2000.0,500009,9903,595.03
v1.8,7,20,13,21379,500000,2028.3524958009086,28.352495800908628,2000.0,500002,9903,594.14
v1.8,7,20,14,21380,500000,2026.543286074783,26.543286074783055,2000.0,500022,9903,588.52
v1.8,7,20,17,21383,500000,2027.6709009756664,27.670900975666427,2000.0,500015,9903,590.79
v1.8,7,20,16,21382,500000,2024.1950890970202,24.195089097020173,2000.0,500024,9904,592.17
v1.8,7,20,19,21385,500000,2096.526689904619,96.52668990461916,2000.0,500017,9903,591.44
v1.8,7,20,15,21381,500000,2031.9616625177432,31.961662517743207,2000.0,500039,9906,593.75
v1.8,7,20,20,21386,500000,2030.6877942141682,30.687794214168207,2000.0,500027,9905,593.46
v1.8,7,20,18,21384,500000,2023.769982264876,23.769982264876035,2000.0,500044,9904,594.77
v1.8,7,20,21,21387,500000,2027.8760247789103,27.876024778910278,2000.0,500014,9904,599.02
v1.8,8,10,0,11466,200000,2221.760174509008,21.76017450900781,2200.0,200024,3961,183.28
v1.8,8,10,1,11467,200000,2207.2956654127006,7.2956654127006,2200.0,200010,3961,184.07
v1.8,8,10,2,11468,200000,2221.715164790965,21.71516479096499,2200.0,200020,3961,183.4
v1.8,8,10,3,11469,200000,2222.193194826392,22.193194826391846,2200.0,200012,3961,183.24
v1.8,8,10,4,11470,200000,2220.717065575311,20.717065575311153,2200.0,200027,3961,183.43
v1.8,8,10,5,11471,200000,2221.9308217806415,21.93082178064151,2200.0,200008,3961,183.84
v1.8,8,10,6,11472,200000,2220.2735757289647,20.273575728964715,2200.0,200019,3961,182.48
v1.8,8,10,7,11473,200000,2220.405765389835,20.40576538983487,2200.0,200009,3961,183.4
v1.8,8,10,9,11475,200000,2221.6280810198086,21.628081019808633,2200.0,200026,3961,182.96
v1.8,8,10,8,11474,200000,2220.778443518672,20.778443518671793,2200.0,200007,3961,183.28
v1.8,8,10,10,11476,200000,2222.8147283722224,22.814728372222362,2200.0,200028,3961,182.9
v1.8,8,10,11,11477,200000,2222.0199022538327,22.019902253832697,2200.0,200013,3961,183.55
v1.8,8,10,12,11478,200000,2221.065783795131,21.06578379513121,2200.0,200017,3961,183.69
v1.8,8,10,13,11479,200000,2221.73521211816,21.73521211815978,2200.0,200010,3961,184.02
v1.8,8,10,14,11480,200000,2221.6610043257424,21.661004325742397,2200.0,200017,3961,234.22
v1.8,8,10,15,11481,200000,2221.153989031414,21.153989031413857,2200.0,200022,3961,232.99
v1.8,8,10,16,11482,200000,2221.396495613354,21.39649561335409,2200.0,200018,3961,234.03
v1.8,8,10,17,11483,200000,2201.8879443101837,1.8879443101836841,2200.0,200006,3961,233.95
v1.8,8,10,18,11484,200000,2220.707179093154,20.707179093154082,2200.0,200022,3961,233.57
v1.8,8,10,19,11485,200000,2221.292933844116,21.29293384411585,2200.0,200014,3961,233.55
v1.8,8,10,20,11486,200000,2208.228108419132,8.228108419131786,2200.0,200013,3961,230.9
v1.8,8,10,21,11487,200000,2220.7529392836154,20.752939283615433,2200.0,200027,3961,231.5
v1.8,8,10,23,11489,200000,2204.4665519852647,4.466551985264687,2200.0,200019,3961,230.34
v1.8,8,10,22,11488,200000,2200.817386203568,0.8173862035678212,2200.0,200017,3961,230.97
v1.8,8,10,24,11490,200000,2221.035191504968,21.035191504968225,2200.0,200018,3961,231.97
v1.8,8,10,25,11491,200000,2203.040433934082,3.0404339340821025,2200.0,200013,3961,231.03
v1.8,8,10,26,11492,200000,2221.3617196130976,21.361719613097648,2200.0,200023,3961,231.39
v1.8,8,10,27,11493,200000,2220.9799580992717,20.9799580992717,2200.0,200025,3961,232.0
v1.8,8,10,28,11494,200000,2221.384132662133,21.384132662133197,2200.0,200021,3961,179.36
v1.8,8,10,29,11495,200000,2205.30949206557,5.309492065569884,2200.0,200011,3961,179.69
v1.8,7,20,22,21388,500000,2029.4014083497436,29.401408349743633,2000.0,500024,9905,641.56
v1.8,7,20,23,21389,500000,2026.3797493705465,26.379749370546506,2000.0,500028,9903,642.66
v1.8,7,20,24,21390,500000,2024.0508310455773,24.050831045577297,2000.0,500002,9904,641.78
v1.8,7,20,25,21391,500000,2025.7965638960427,25.7965638960427,2000.0,500003,9903,642.16
v1.8,7,20,27,21393,500000,2030.7499148001318,30.74991480013182,2000.0,500014,9905,643.0
v1.8,7,20,28,21394,500000,2025.2782815119197,25.27828151191966,2000.0,500007,9906,636.01
v1.8,7,20,26,21392,500000,2023.580317080414,23.580317080414034,2000.0,500036,9905,645.88
v1.8,7,20,29,21395,500000,2024.3575956801349,24.357595680134864,2000.0,500042,9905,637.61
v1.8,8,20,2,21468,500000,2242.093743041677,42.093743041677044,2200.0,500038,9906,827.25
v1.8,8,20,1,21467,500000,2233.84650799723,33.84650799723022,2200.0,500004,9904,828.05
v1.8,8,20,3,21469,500000,2226.539260518458,26.539260518457922,2200.0,500029,9905,828.89
v1.8,8,20,0,21466,500000,2231.4605124996133,31.460512499613287,2200.0,500041,9905,831.04
v1.8,8,20,4,21470,500000,2224.8691565561007,24.869156556100734,2200.0,500018,9905,824.56
v1.8,8,20,6,21472,500000,2237.6622150926755,37.662215092675524,2200.0,500010,9904,825.73
v1.8,8,20,7,21473,500000,2223.404939843815,23.4049398438151,2200.0,500034,9905,826.44
v1.8,8,20,5,21471,500000,2236.235931563411,36.235931563411214,2200.0,500010,9904,827.62
v1.8,8,20,10,21476,500000,2229.5226760114633,29.522676011463318,2200.0,500043,9905,823.42
v1.8,8,20,8,21474,500000,2231.3445142084465,31.344514208446526,2200.0,500021,9904,828.01
v1.8,8,20,9,21475,500000,2229.3130509078096,29.31305090780961,2200.0,500041,9904,831.96
v1.8,8,20,11,21477,500000,2226.258206062557,26.258206062556837,2200.0,500000,9904,828.42
v1.8,9,10,0,11566,200000,2659.0943447804025,359.0943447804025,2300.0,200036,3962,28.0
v1.8,9,10,1,11567,200000,2659.094344780412,359.09434478041203,2300.0,200024,3962,28.16
v1.8,9,10,2,11568,200000,2659.0943447804007,359.09434478040066,2300.0,200025,3962,27.88
v1.8,9,10,3,11569,200000,2659.0943447803643,359.0943447803643,2300.0,200044,3963,28.41
v1.8,9,10,4,11570,200000,2659.0943447803797,359.09434478037974,2300.0,200023,3962,28.33
v1.8,9,10,5,11571,200000,2659.0943447804298,359.09434478042976,2300.0,200002,3962,27.97
v1.8,9,10,6,11572,200000,2659.0943447804066,359.0943447804066,2300.0,200035,3962,27.95
v1.8,9,10,7,11573,200000,2300.000002304455,2.3044549379847012e-06,2300.0,200006,3961,28.81
v1.8,8,20,12,21478,500000,2239.8006011778334,39.800601177833414,2200.0,500042,9906,826.66
v1.8,8,20,13,21479,500000,2232.7065442600015,32.706544260001465,2200.0,500049,9906,825.61
v1.8,9,10,8,11574,200000,2659.0943447804434,359.0943447804434,2300.0,200000,3962,28.04
v1.8,9,10,9,11575,200000,2659.0943447804093,359.0943447804093,2300.0,200001,3962,28.02
v1.8,9,10,10,11576,200000,2300.000001716475,1.716474798740819e-06,2300.0,200021,3961,27.83
v1.8,8,20,14,21480,500000,2257.020882338704,57.020882338703814,2200.0,500036,9906,825.1
v1.8,9,10,11,11577,200000,2659.0943447804525,359.0943447804525,2300.0,200017,3962,27.96
v1.8,9,10,13,11579,200000,2659.0943447804093,359.0943447804093,2300.0,200010,3962,27.7
v1.8,9,10,12,11578,200000,2659.0943447803857,359.09434478038565,2300.0,200043,3962,27.92
v1.8,8,20,15,21481,500000,2227.294205595265,27.294205595264884,2200.0,500001,9904,829.24
v1.8,8,20,16,21482,500000,2225.9013002811253,25.90130028112526,2200.0,500039,9904,829.26
v1.8,8,20,19,21485,500000,2224.205276970395,24.20527697039506,2200.0,500028,9905,826.13
v1.8,8,20,18,21484,500000,2228.20079977054,28.200799770540016,2200.0,500029,9904,828.98
v1.8,9,10,14,11580,200000,2659.094344780406,359.0943447804061,2300.0,200010,3962,28.27
v1.8,8,20,21,21487,500000,2260.729326384971,60.729326384971046,2200.0,500035,9906,827.7
v1.8,8,20,20,21486,500000,2242.8056823539664,42.805682353966404,2200.0,500028,9904,829.81
v1.8,9,10,15,11581,200000,2659.0943447803793,359.0943447803793,2300.0,200024,3962,28.15
v1.8,8,20,17,21483,500000,2243.81334117388,43.81334117387996,2200.0,500002,9905,836.58
v1.8,9,10,16,11582,200000,2659.094344780407,359.094344780407,2300.0,200003,3962,28.18
v1.8,9,10,17,11583,200000,2659.094344780474,359.0943447804739,2300.0,200012,3962,27.65
v1.8,9,10,18,11584,200000,2659.0943447804098,359.09434478040976,2300.0,200032,3962,28.35
v1.8,9,10,19,11585,200000,2659.0943447803693,359.0943447803693,2300.0,200001,3961,28.04
v1.8,9,10,20,11586,200000,2659.094344780383,359.0943447803829,2300.0,200037,3962,28.31
v1.8,9,10,21,11587,200000,2659.0943447803857,359.09434478038565,2300.0,200001,3962,28.43
v1.8,9,10,22,11588,200000,2659.094344780412,359.09434478041203,2300.0,200004,3962,28.58
v1.8,9,10,23,11589,200000,2659.094344780363,359.0943447803629,2300.0,200006,3961,28.52
v1.8,9,10,24,11590,200000,2659.094344780366,359.0943447803661,2300.0,200049,3963,28.75
v1.8,9,10,25,11591,200000,2659.0943447804248,359.09434478042476,2300.0,200041,3962,28.15
v1.8,9,10,27,11593,200000,2659.0943447803893,359.0943447803893,2300.0,200033,3962,28.24
v1.8,9,10,26,11592,200000,2659.0943447803747,359.09434478037474,2300.0,200027,3962,28.57
v1.8,9,10,28,11594,200000,2659.0943447803697,359.09434478036974,2300.0,200007,3962,28.29
v1.8,9,10,29,11595,200000,2659.0943447803725,359.09434478037247,2300.0,200006,3961,28.85
v1.8,9,20,0,21566,500000,2635.638770271655,335.6387702716552,2300.0,500039,9903,71.03
v1.8,9,20,1,21567,500000,2635.6387702716315,335.63877027163153,2300.0,500046,9904,71.48
v1.8,9,20,2,21568,500000,2635.6387702716893,335.6387702716893,2300.0,500020,9903,72.55
v1.8,9,20,3,21569,500000,2635.6387702716247,335.6387702716247,2300.0,500023,9903,71.12
v1.8,9,20,4,21570,500000,2635.6387702721577,335.63877027215767,2300.0,500018,9903,72.48
v1.8,9,20,5,21571,500000,2635.638770271643,335.6387702716429,2300.0,500010,9902,72.36
v1.8,9,20,6,21572,500000,2635.638770271654,335.6387702716538,2300.0,500021,9902,72.27
v1.8,9,20,7,21573,500000,2635.638770271663,335.6387702716629,2300.0,500003,9902,71.22
v1.8,9,20,8,21574,500000,2635.638770271712,335.638770271712,2300.0,500020,9903,70.91
v1.8,9,20,9,21575,500000,2635.6387702717066,335.63877027170656,2300.0,500011,9902,71.45
v1.8,9,20,10,21576,500000,2635.638770271685,335.6387702716852,2300.0,500038,9903,70.97
v1.8,9,20,11,21577,500000,2635.6387702716675,335.63877027166745,2300.0,500036,9903,71.1
v1.8,9,20,12,21578,500000,2635.6387702716384,335.63877027163835,2300.0,500032,9903,71.57
v1.8,9,20,13,21579,500000,2635.638770271617,335.638770271617,2300.0,500001,9902,71.2
v1.8,9,20,14,21580,500000,2635.6387702716534,335.63877027165336,2300.0,500010,9902,72.35
v1.8,9,20,15,21581,500000,2635.63877027163,335.63877027163016,2300.0,500036,9903,71.74
v1.8,9,20,16,21582,500000,2635.6387702719167,335.63877027191666,2300.0,500046,9903,73.11
v1.8,9,20,17,21583,500000,2635.638770272035,335.6387702720349,2300.0,500043,9903,72.28
v1.8,9,20,18,21584,500000,2635.638770271692,335.638770271692,2300.0,500028,9903,71.89
v1.8,9,20,19,21585,500000,2635.6387702716975,335.63877027169747,2300.0,500035,9903,72.29
v1.8,9,20,20,21586,500000,2635.6387702716893,335.6387702716893,2300.0,500022,9903,72.08
v1.8,9,20,22,21588,500000,2635.6387702720913,335.6387702720913,2300.0,500009,9903,71.11
v1.8,9,20,21,21587,500000,2635.638770271684,335.6387702716838,2300.0,500000,9902,72.21
v1.8,9,20,23,21589,500000,2635.6387702716493,335.63877027164926,2300.0,500009,9902,71.72
v1.8,9,20,24,21590,500000,2635.638770271679,335.6387702716788,2300.0,500005,9902,71.35
v1.8,9,20,25,21591,500000,2635.667056383322,335.6670563833218,2300.0,500023,9903,71.66
v1.8,9,20,26,21592,500000,2635.638770271663,335.6387702716629,2300.0,500018,9902,71.45
v1.8,9,20,27,21593,500000,2635.63877027167,335.6387702716702,2300.0,500049,9903,72.56
v1.8,10,10,0,11666,200000,2622.0626827683855,222.06268276838546,2400.0,200039,3961,27.63
v1.8,10,10,1,11667,200000,2621.1220572825246,221.12205728252457,2400.0,200040,3961,26.81
v1.8,10,10,2,11668,200000,2623.2271223565735,223.22712235657355,2400.0,200034,3961,26.91
v1.8,10,10,3,11669,200000,2620.87264974898,220.87264974898017,2400.0,200048,3961,27.0
v1.8,10,10,4,11670,200000,2622.1744000774947,222.17440007749474,2400.0,200037,3961,26.46
v1.8,10,10,5,11671,200000,2726.480408405574,326.48040840557405,2400.0,200035,3961,27.01
v1.8,10,10,6,11672,200000,2622.123781581516,222.12378158151614,2400.0,200031,3961,26.96
v1.8,10,10,7,11673,200000,2621.122057282524,221.1220572825241,2400.0,200040,3961,26.64
v1.8,10,10,8,11674,200000,2619.4027030536504,219.40270305365038,2400.0,200019,3961,26.99
v1.8,10,10,9,11675,200000,2620.87264974898,220.87264974898017,2400.0,200044,3961,27.05
v1.8,10,10,10,11676,200000,2622.1034028938116,222.10340289381156,2400.0,200043,3961,26.69
v1.8,10,10,11,11677,200000,2622.197773433693,222.19777343369287,2400.0,200034,3961,26.7
v1.8,10,10,12,11678,200000,2620.8726497489797,220.8726497489797,2400.0,200025,3961,26.82
v1.8,10,10,13,11679,200000,2620.87264974898,220.87264974898017,2400.0,200010,3961,26.59
v1.8,10,10,14,11680,200000,2717.8661595384037,317.86615953840374,2400.0,200022,3961,27.04
v1.8,10,10,15,11681,200000,2621.1220572825246,221.12205728252457,2400.0,200041,3961,26.74
v1.8,10,10,16,11682,200000,2623.3403141555295,223.34031415552954,2400.0,200047,3961,26.95
v1.8,9,20,28,21594,500000,2635.6387702718316,335.6387702718316,2300.0,500009,9902,72.81
v1.8,10,10,17,11683,200000,2620.5615413635633,220.56154136356326,2400.0,200029,3961,26.94
v1.8,10,10,18,11684,200000,2622.1033694459566,222.10336944595656,2400.0,200028,3961,26.79
v1.8,10,10,19,11685,200000,2621.349427235013,221.34942723501308,2400.0,200018,3961,26.83
v1.8,9,20,29,21595,500000,2635.638770271617,335.638770271617,2300.0,500033,9903,71.11
v1.8,10,10,20,11686,200000,2620.8726497492307,220.87264974923073,2400.0,200035,3961,26.88
v1.8,10,10,21,11687,200000,2622.473876614418,222.4738766144178,2400.0,200043,3961,26.51
v1.8,10,10,22,11688,200000,2620.9610006406424,220.9610006406424,2400.0,200040,3961,26.74
v1.8,10,10,23,11689,200000,2621.565979682859,221.56597968285905,2400.0,200026,3961,26.42
v1.8,10,10,24,11690,200000,2620.8726497489824,220.87264974898244,2400.0,200014,3961,27.24
v1.8,10,10,25,11691,200000,2620.8726497489797,220.8726497489797,2400.0,200038,3961,26.93
v1.8,10,10,26,11692,200000,2730.4008498095245,330.4008498095245,2400.0,200032,3961,26.98
v1.8,10,10,27,11693,200000,2623.000383510814,223.00038351081412,2400.0,200032,3961,26.78
v1.8,10,10,28,11694,200000,2623.000377923826,223.0003779238259,2400.0,200040,3961,26.69
v1.8,10,10,29,11695,200000,2620.87264974898,220.87264974898017,2400.0,200037,3961,27.22
v1.8,10,20,0,21666,500000,2904.4006702459105,504.40067024591053,2400.0,500022,9902,67.96
v1.8,10,20,1,21667,500000,4411.0296154676635,2011.0296154676635,2400.0,500034,9904,68.01
v1.8,10,20,2,21668,500000,2801.0208872748017,401.0208872748017,2400.0,500022,9902,67.84
v1.8,10,20,3,21669,500000,2911.9938968377332,511.99389683773325,2400.0,500015,9902,68.14
v1.8,10,20,4,21670,500000,2937.723760246003,537.7237602460032,2400.0,500002,9902,67.75
v1.8,10,20,6,21672,500000,2926.3980625861795,526.3980625861795,2400.0,500009,9902,67.22
v1.8,10,20,5,21671,500000,2801.4027673949286,401.40276739492856,2400.0,500009,9902,67.7
v1.8,10,20,7,21673,500000,2928.2133010920024,528.2133010920024,2400.0,500020,9902,67.65
v1.8,10,20,9,21675,500000,2803.17942646755,403.17942646755,2400.0,500013,9902,67.55
v1.8,10,20,8,21674,500000,2802.9064440740726,402.9064440740726,2400.0,500021,9902,68.3
v1.8,10,20,10,21676,500000,2801.5618623134937,401.56186231349375,2400.0,500011,9902,67.75
v1.8,10,20,11,21677,500000,2805.8655831416745,405.8655831416745,2400.0,500006,9902,67.71
v1.8,10,20,12,21678,500000,2798.7596414485683,398.75964144856835,2400.0,500042,9902,68.16
v1.8,10,20,13,21679,500000,4072.2455095959804,1672.2455095959804,2400.0,500005,9903,68.69
v1.8,10,20,15,21681,500000,2799.627443040284,399.6274430402841,2400.0,500042,9903,67.42
v1.8,10,20,14,21680,500000,4491.630857880229,2091.630857880229,2400.0,500049,9903,67.89
v1.8,10,20,16,21682,500000,2925.6317751254924,525.6317751254924,2400.0,500034,9902,67.8
v1.8,10,20,17,21683,500000,2803.2872047655615,403.28720476556146,2400.0,500019,9902,67.06
v1.8,10,20,20,21686,500000,2805.0409598567953,405.0409598567953,2400.0,500018,9902,67.04
v1.8,10,20,18,21684,500000,2927.2789903119283,527.2789903119283,2400.0,500046,9903,67.95
v1.8,10,20,19,21685,500000,2938.4450828875597,538.4450828875597,2400.0,500020,9902,68.46
v1.8,10,20,21,21687,500000,2801.5459528963397,401.5459528963397,2400.0,500036,9903,67.62
v1.8,10,20,22,21688,500000,2799.475433407274,399.47543340727407,2400.0,500033,9902,67.64
v1.8,10,20,23,21689,500000,2809.047122072898,409.0471220728982,2400.0,500046,9902,68.15
v1.8,10,20,24,21690,500000,2800.5758818798868,400.57588187988677,2400.0,500019,9902,67.22
v1.8,10,20,25,21691,500000,4095.750766600503,1695.750766600503,2400.0,500036,9903,68.31
v1.8,10,20,26,21692,500000,2802.5165170554046,402.5165170554046,2400.0,500022,9902,67.77
v1.8,10,20,27,21693,500000,4458.666538315502,2058.6665383155023,2400.0,500038,9903,68.26
v1.8,11,10,0,11766,200000,2600.000000645965,6.459649739554152e-07,2600.0,200036,3961,44.41
v1.8,11,10,1,11767,200000,2600.0000009294745,9.294744813814759e-07,2600.0,200033,3961,44.34
v1.8,11,10,2,11768,200000,2600.0000011486163,1.1486163202789612e-06,2600.0,200000,3961,44.91
v1.8,11,10,3,11769,200000,2600.000000861304,8.613042155047879e-07,2600.0,200031,3961,44.29
v1.8,11,10,4,11770,200000,2623.430847476241,23.43084747624107,2600.0,200002,3961,44.96
v1.8,11,10,5,11771,200000,2600.000000676761,6.767609193047974e-07,2600.0,200000,3961,45.04
v1.8,11,10,6,11772,200000,2600.000000770503,7.70502992963884e-07,2600.0,200027,3961,44.27
v1.8,11,10,7,11773,200000,2600.000000864067,8.640668056614231e-07,2600.0,200041,3961,44.16
v1.8,11,10,8,11774,200000,2623.430847476241,23.43084747624107,2600.0,200000,3961,44.88
v1.8,11,10,9,11775,200000,2600.000000783627,7.836270015104674e-07,2600.0,200000,3961,44.74
v1.8,10,20,29,21695,500000,2800.3509249937906,400.3509249937906,2400.0,500030,9902,67.97
v1.8,10,20,28,21694,500000,2804.212251916743,404.21225191674284,2400.0,500026,9902,68.26
v1.8,11,10,10,11776,200000,2600.0000007806393,7.806393114151433e-07,2600.0,200001,3961,44.62
v1.8,11,10,11,11777,200000,2600.0000008010384,8.010383680812083e-07,2600.0,200042,3961,43.96
v1.8,11,10,12,11778,200000,2600.0000012026853,1.202685325552011e-06,2600.0,200001,3961,44.67
v1.8,11,10,13,11779,200000,2600.000000939063,9.39062829274917e-07,2600.0,200000,3961,44.41
v1.8,11,10,14,11780,200000,2600.000000826875,8.268748388218228e-07,2600.0,200001,3961,43.89
v1.8,11,10,15,11781,200000,2600.000000665714,6.657141966570634e-07,2600.0,200003,3961,44.33
v1.8,11,10,16,11782,200000,2623.430847476241,23.43084747624107,2600.0,200010,3961,44.4
v1.8,11,10,17,11783,200000,2600.0000008435095,8.435094969172496e-07,2600.0,200002,3961,44.58
v1.8,11,10,18,11784,200000,2600.0000007514172,7.514172466471791e-07,2600.0,200001,3961,44.54
v1.8,11,10,19,11785,200000,2623.430847476241,23.43084747624107,2600.0,200009,3961,44.18
v1.8,11,10,20,11786,200000,2600.0000009084297,9.084296834771521e-07,2600.0,200034,3961,44.44
v1.8,11,10,21,11787,200000,2600.0000012573087,1.2573086678457912e-06,2600.0,200000,3961,44.61
v1.8,11,10,22,11788,200000,2600.000000911196,9.111959116125945e-07,2600.0,200011,3961,44.1
v1.8,11,10,23,11789,200000,2600.0000010173408,1.0173407645197585e-06,2600.0,200000,3961,44.09
v1.8,11,10,24,11790,200000,2622.425596245957,22.425596245956967,2600.0,200049,3961,45.36
v1.8,11,10,25,11791,200000,2600.000001235612,1.2356122169876471e-06,2600.0,200002,3961,44.54
v1.8,11,10,26,11792,200000,2600.000000945171,9.45170995692024e-07,2600.0,200029,3961,43.93
v1.8,11,10,27,11793,200000,2600.0000010032004,1.003200395643944e-06,2600.0,200024,3961,44.54
v1.8,11,10,28,11794,200000,2600.000001015992,1.0159919838770293e-06,2600.0,200038,3961,44.65
v1.8,11,10,29,11795,200000,2600.0000006718697,6.718696567986626e-07,2600.0,200003,3961,44.65
v1.8,11,20,0,21766,500000,2600.000001426569,1.4265688150771894e-06,2600.0,500048,9904,110.61
v1.8,11,20,1,21767,500000,2600.0000011895245,1.1895244824700058e-06,2600.0,500000,9902,110.12
v1.8,11,20,2,21768,500000,2600.0000011786715,1.1786714821937494e-06,2600.0,500003,9902,112.1
v1.8,11,20,4,21770,500000,2600.000001609703,1.6097028492367826e-06,2600.0,500020,9906,111.9
v1.8,11,20,3,21769,500000,2615.341012908389,15.341012908389075,2600.0,500005,9903,113.62
v1.8,11,20,7,21773,500000,2600.000001851382,1.851381966844201e-06,2600.0,500000,9902,110.91
v1.8,11,20,5,21771,500000,2600.000001671777,1.6717772268748377e-06,2600.0,500040,9903,111.29
v1.8,11,20,6,21772,500000,2600.000001498483,1.4984830158937257e-06,2600.0,500005,9903,112.3
v1.8,11,20,8,21774,500000,2600.000001491103,1.4911029211361893e-06,2600.0,500008,9903,111.39
v1.8,11,20,9,21775,500000,2615.3725355131987,15.372535513198727,2600.0,500037,9903,112.67
v1.8,11,20,10,21776,500000,2600.000001451856,1.451855951017933e-06,2600.0,500049,9904,112.32
v1.8,11,20,11,21777,500000,2615.3410129083895,15.34101290838953,2600.0,500001,9902,112.51
v1.8,11,20,12,21778,500000,2600.000002058449,2.058448899333598e-06,2600.0,500047,9907,112.18
v1.8,11,20,13,21779,500000,2600.000001733254,1.7332540664938278e-06,2600.0,500001,9903,112.73
v1.8,8,20,24,21490,500000,2227.776806394095,27.77680639409482,2200.0,500041,9905,825.78
v1.8,8,20,22,21488,500000,2231.5759648568182,31.575964856818246,2200.0,500028,9905,828.58
v1.8,8,20,23,21489,500000,2229.168517584836,29.16851758483608,2200.0,500042,9905,829.6
v1.8,8,20,25,21491,500000,2236.4575903080154,36.45759030801537,2200.0,500016,9905,833.77
v1.8,12,10,0,11866,200000,2866.52758244346,166.52758244345978,2700.0,200008,3961,48.82
v1.8,12,10,1,11867,200000,2865.9147466872523,165.91474668725232,2700.0,200003,3961,49.4
v1.8,11,20,14,21780,500000,2615.34101290839,15.341012908389985,2600.0,500002,9902,113.24
v1.8,11,20,15,21781,500000,2600.000001373377,1.3733770174439996e-06,2600.0,500012,9902,114.21
v1.8,11,20,16,21782,500000,2600.0000017069265,1.706926468614256e-06,2600.0,500007,9902,110.99
v1.8,11,20,17,21783,500000,2600.0000013672657,1.3672656677954365e-06,2600.0,500009,9903,111.47
v1.8,11,20,18,21784,500000,2600.0000013279587,1.3279586710268632e-06,2600.0,500003,9903,112.67
v1.8,11,20,19,21785,500000,2600.000001540512,1.5405121303047054e-06,2600.0,500002,9902,111.18
v1.8,11,20,20,21786,500000,2600.0000016671042,1.6671042430971283e-06,2600.0,500002,9903,111.59
v1.8,11,20,21,21787,500000,2615.3410129083895,15.34101290838953,2600.0,500050,9903,112.78
v1.8,11,20,22,21788,500000,2600.0000014066477,1.406647697876906e-06,2600.0,500000,9902,111.64
v1.8,11,20,23,21789,500000,2600.000001410162,1.4101619854045566e-06,2600.0,500001,9902,112.68
v1.8,8,20,26,21492,500000,2235.624544084212,35.624544084212175,2200.0,500014,9905,827.29
v1.8,12,10,2,11868,200000,2866.5652237871973,166.56522378719728,2700.0,200000,3960,48.77
v1.8,8,20,28,21494,500000,2229.2933751268715,29.293375126871524,2200.0,500035,9905,827.96
v1.8,8,20,27,21493,500000,2253.1019786130787,53.1019786130787,2200.0,500039,9906,830.67
v1.8,11,20,26,21792,500000,2600.0000019293843,1.9293843251944054e-06,2600.0,500048,9905,111.63
v1.8,11,20,25,21791,500000,2600.0000014576535,1.4576535249943845e-06,2600.0,500008,9903,112.28
v1.8,11,20,24,21790,500000,2615.34101290839,15.341012908389985,2600.0,500043,9902,113.51
v1.8,12,10,3,11869,200000,2867.480021915229,167.48002191522892,2700.0,200000,3960,49.08
v1.8,8,20,29,21495,500000,2223.167785140252,23.167785140251908,2200.0,500012,9905,834.07
v1.8,11,20,27,21793,500000,2600.000001406479,1.4064789866097271e-06,2600.0,500043,9903,113.35
v1.8,11,20,28,21794,500000,2600.0000018491933,1.8491932678443845e-06,2600.0,500000,9902,112.54
v1.8,11,20,29,21795,500000,2600.000001616216,1.6162161955435295e-06,2600.0,500000,9905,112.03
v1.8,12,10,4,11870,200000,2863.81869538235,163.81869538235014,2700.0,200035,3961,48.94
v1.8,12,10,5,11871,200000,2868.600076116535,168.6000761165351,2700.0,200026,3961,49.68
v1.8,12,10,6,11872,200000,2865.9515341165225,165.95153411652245,2700.0,200003,3961,48.26
v1.8,12,10,7,11873,200000,2865.945337214572,165.9453372145722,2700.0,200011,3961,48.15
v1.8,12,10,8,11874,200000,2866.4229009506,166.4229009505998,2700.0,200000,3960,48.24
v1.8,12,10,9,11875,200000,2865.959593884125,165.95959388412484,2700.0,200040,3961,48.65
v1.8,12,10,10,11876,200000,2866.565217300381,166.56521730038094,2700.0,200000,3960,49.15
v1.8,12,10,11,11877,200000,2865.922172443967,165.92217244396716,2700.0,200017,3961,48.78
v1.8,12,10,12,11878,200000,2865.960721711263,165.96072171126298,2700.0,200013,3961,48.87
v1.8,12,10,13,11879,200000,2865.9084144241224,165.90841442412238,2700.0,200015,3961,48.66
v1.8,12,10,14,11880,200000,2865.953513179404,165.95351317940413,2700.0,200033,3961,48.9
v1.8,12,10,15,11881,200000,2865.91321335345,165.91321335344992,2700.0,200050,3961,49.09
v1.8,12,10,16,11882,200000,2865.951786012622,165.95178601262205,2700.0,200000,3961,48.75
v1.8,12,10,17,11883,200000,2865.942565968151,165.94256596815103,2700.0,200013,3961,49.3
v1.8,12,10,18,11884,200000,2864.53256006338,164.53256006338006,2700.0,200047,3962,48.14
v1.8,12,10,19,11885,200000,2865.944078121532,165.94407812153213,2700.0,200011,3961,49.12
v1.8,12,10,20,11886,200000,2865.9433243415665,165.9433243415665,2700.0,200036,3961,48.71
v1.8,12,10,21,11887,200000,2866.4229006015694,166.42290060156938,2700.0,200000,3960,49.2
v1.8,12,10,23,11889,200000,2866.422900764379,166.42290076437894,2700.0,200000,3960,48.49
v1.8,12,10,22,11888,200000,2865.948474684109,165.948474684109,2700.0,200003,3961,48.8
v1.8,12,10,25,11891,200000,2866.830504908964,166.83050490896403,2700.0,200039,3961,48.7
v1.8,12,10,26,11892,200000,2865.912947226171,165.91294722617113,2700.0,200044,3961,48.75
v1.8,12,10,24,11890,200000,2864.508094760196,164.50809476019595,2700.0,200001,3961,49.05
v1.8,12,10,27,11893,200000,2865.9295332152506,165.92953321525056,2700.0,200009,3961,49.17
v1.8,12,10,28,11894,200000,2866.4229008105794,166.42290081057945,2700.0,200044,3961,49.12
v1.8,12,10,29,11895,200000,2865.9520079642325,165.9520079642325,2700.0,200042,3961,49.49
v1.8,12,20,0,21866,500000,2946.1077855337953,246.10778553379532,2700.0,500044,9902,123.23
v1.8,12,20,1,21867,500000,2943.931791482501,243.931791482501,2700.0,500000,9902,122.9
v1.8,12,20,2,21868,500000,2940.036488508018,240.036488508018,2700.0,500043,9902,123.49
v1.8,12,20,4,21870,500000,2947.597039594639,247.59703959463923,2700.0,500008,9902,121.91
v1.8,12,20,3,21869,500000,2939.77678783022,239.7767878302202,2700.0,500043,9902,123.88
v1.8,12,20,5,21871,500000,2947.7691399125315,247.7691399125315,2700.0,500045,9902,123.14
v1.8,12,20,6,21872,500000,2943.806702053027,243.80670205302704,2700.0,500002,9902,123.97
v1.8,12,20,7,21873,500000,2942.2652584604366,242.2652584604366,2700.0,500040,9903,122.67
v1.8,12,20,8,21874,500000,2938.458489600269,238.45848960026888,2700.0,500000,9901,122.64
v1.8,12,20,9,21875,500000,2944.8667767612874,244.86677676128738,2700.0,500001,9902,123.06
ADSCAv2.1,1,10,0,10766,200000,300.0000000000001,1.1368683772161603e-13,300.0,200001,3973,3.7
v1.8,12,20,10,21876,500000,2976.7865920602117,276.78659206021166,2700.0,500022,9902,123.35
v1.8,12,20,13,21879,500000,2947.7115802176318,247.71158021763176,2700.0,500002,9902,122.54
v1.8,12,20,12,21878,500000,2942.737360420557,242.7373604205568,2700.0,500002,9902,123.66
v1.8,12,20,11,21877,500000,2944.886209120581,244.88620912058104,2700.0,500034,9902,123.7
ADSCAv2.1,1,10,1,10767,200000,300.0000000000001,1.1368683772161603e-13,300.0,200042,3970,3.71
ADSCAv2.1,1,10,2,10768,200000,300.0000000000008,7.958078640513122e-13,300.0,200002,3977,3.71
v1.8,12,20,15,21881,500000,2943.3073049116965,243.30730491169652,2700.0,500027,9902,123.26
v1.8,12,20,14,21880,500000,2939.093188421651,239.09318842165112,2700.0,500000,9901,123.4
ADSCAv2.1,1,10,3,10769,200000,300.0000047809564,4.78095637390652e-06,300.0,200003,3984,3.77
ADSCAv2.1,1,10,4,10770,200000,300.0000000000551,5.5081272876122966e-11,300.0,200020,3979,3.69
ADSCAv2.1,1,10,6,10772,200000,300.00000000002416,2.4158453015843406e-11,300.0,200047,3979,3.74
ADSCAv2.1,1,10,5,10771,200000,300.00002595056367,2.5950563667720417e-05,300.0,200006,3986,3.9
ADSCAv2.1,1,10,7,10773,200000,300.000000000005,5.002220859751105e-12,300.0,200009,3976,3.93
v1.8,12,20,17,21883,500000,2944.8667856343613,244.86678563436135,2700.0,500031,9902,122.69
ADSCAv2.1,1,10,8,10774,200000,300.0000000004989,4.989146873413119e-10,300.0,200003,3978,3.63
ADSCAv2.1,1,10,9,10775,200000,300.0000000000027,2.6716406864579767e-12,300.0,200024,3978,3.58
ADSCAv2.1,1,10,10,10776,200000,300.00000000000006,5.684341886080802e-14,300.0,200041,3973,3.67
v1.8,12,20,18,21884,500000,2938.2850342651336,238.28503426513362,2700.0,500019,9902,123.23
v1.8,12,20,16,21882,500000,2948.951490045944,248.95149004594396,2700.0,500000,9901,123.65
ADSCAv2.1,1,10,11,10777,200000,300.00000623886746,6.2388674564317625e-06,300.0,200040,3986,3.68
ADSCAv2.1,1,10,12,10778,200000,300.0000000000015,1.4779288903810084e-12,300.0,200013,3977,3.44
ADSCAv2.1,1,10,13,10779,200000,300.00000000000006,5.684341886080802e-14,300.0,200018,3976,3.67
ADSCAv2.1,1,10,14,10780,200000,300.00000000000534,5.343281372915953e-12,300.0,200029,3979,3.63
ADSCAv2.1,1,10,15,10781,200000,300.00000000000074,7.389644451905042e-13,300.0,200017,3977,3.88
ADSCAv2.1,1,10,16,10782,200000,305.5641010834001,5.5641010834000895,300.0,200030,3990,3.61
ADSCAv2.1,1,10,17,10783,200000,300.00033624651195,0.0003362465119494118,300.0,200032,3988,3.6
ADSCAv2.1,1,10,18,10784,200000,300.00000000000176,1.7621459846850485e-12,300.0,200002,3974,3.8
ADSCAv2.1,1,10,20,10786,200000,300.0000000000001,1.1368683772161603e-13,300.0,200042,3976,3.68
ADSCAv2.1,1,10,19,10785,200000,300.00000000000006,5.684341886080802e-14,300.0,200023,3969,3.81
ADSCAv2.1,1,10,21,10787,200000,300.0000000015701,1.5700720723543782e-09,300.0,200005,3980,3.8
ADSCAv2.1,1,10,22,10788,200000,300.00000000000017,1.7053025658242404e-13,300.0,200002,3978,3.61
v1.8,12,20,19,21885,500000,2938.322150413136,238.32215041313611,2700.0,500017,9902,123.68
ADSCAv2.1,1,10,23,10789,200000,300.00000000053586,5.358629096008372e-10,300.0,200039,3980,3.69
ADSCAv2.1,1,10,25,10791,200000,300.0000000002012,2.0122570276726037e-10,300.0,200038,3981,3.64
ADSCAv2.1,1,10,24,10790,200000,300.0000000000013,1.3073986337985843e-12,300.0,200049,3979,3.76
ADSCAv2.1,1,10,26,10792,200000,300.00000000000006,5.684341886080802e-14,300.0,200027,3974,3.77
ADSCAv2.1,1,10,27,10793,200000,300.0000000000025,2.5011104298755527e-12,300.0,200042,3978,3.86
ADSCAv2.1,1,10,29,10795,200000,300.00000000000284,2.8421709430404007e-12,300.0,200004,3976,3.56
ADSCAv2.1,1,10,28,10794,200000,300.0000000000109,1.0913936421275139e-11,300.0,200034,3980,3.78
v1.8,12,20,20,21886,500000,2943.109723737692,243.1097237376921,2700.0,500009,9902,123.45
v1.8,12,20,21,21887,500000,2938.7772541636296,238.77725416362955,2700.0,500015,9902,123.13
ADSCAv2.1,1,20,0,20766,500000,300.0000000000001,1.1368683772161603e-13,300.0,500045,9921,9.52
ADSCAv2.1,1,20,1,20767,500000,300.0000000000001,1.1368683772161603e-13,300.0,500015,9919,9.5
ADSCAv2.1,1,20,3,20769,500000,300.0000000000001,1.1368683772161603e-13,300.0,500047,9921,9.62
ADSCAv2.1,1,20,2,20768,500000,300.0000000000001,1.1368683772161603e-13,300.0,500002,9917,9.89
ADSCAv2.1,1,20,5,20771,500000,300.00000000000017,1.7053025658242404e-13,300.0,500041,9923,9.58
ADSCAv2.1,1,20,4,20770,500000,300.0000000000001,1.1368683772161603e-13,300.0,500041,9931,9.78
ADSCAv2.1,1,20,7,20773,500000,300.0000000000001,1.1368683772161603e-13,300.0,500037,9919,9.43
ADSCAv2.1,1,20,6,20772,500000,300.0000000000001,1.1368683772161603e-13,300.0,500003,9924,9.51
ADSCAv2.1,1,20,8,20774,500000,300.00000000000017,1.7053025658242404e-13,300.0,500037,9922,9.41
ADSCAv2.1,1,20,9,20775,500000,300.00000000000017,1.7053025658242404e-13,300.0,500037,9925,9.52
ADSCAv2.1,1,20,10,20776,500000,300.00000000000006,5.684341886080802e-14,300.0,500017,9922,9.28
ADSCAv2.1,1,20,11,20777,500000,300.0000000000001,1.1368683772161603e-13,300.0,500000,9921,9.65
ADSCAv2.1,1,20,12,20778,500000,300.0000000000001,1.1368683772161603e-13,300.0,500043,9923,9.48
ADSCAv2.1,1,20,13,20779,500000,300.0000000000001,1.1368683772161603e-13,300.0,500044,9919,9.42
ADSCAv2.1,1,20,14,20780,500000,300.0000000000001,1.1368683772161603e-13,300.0,500006,9916,9.48
ADSCAv2.1,1,20,15,20781,500000,300.00000000000006,5.684341886080802e-14,300.0,500050,9923,9.51
ADSCAv2.1,1,20,16,20782,500000,300.0000000000001,1.1368683772161603e-13,300.0,500048,9922,9.35
ADSCAv2.1,1,20,17,20783,500000,300.0000000000001,1.1368683772161603e-13,300.0,500025,9922,9.65
ADSCAv2.1,1,20,18,20784,500000,300.0000000000001,1.1368683772161603e-13,300.0,500024,9923,9.07
ADSCAv2.1,1,20,19,20785,500000,300.00000000000006,5.684341886080802e-14,300.0,500030,9917,9.42
ADSCAv2.1,1,20,20,20786,500000,300.0000000000001,1.1368683772161603e-13,300.0,500032,9925,9.52
ADSCAv2.1,1,20,21,20787,500000,300.0000000000001,1.1368683772161603e-13,300.0,500018,9924,9.72
ADSCAv2.1,1,20,22,20788,500000,300.0000000000001,1.1368683772161603e-13,300.0,500001,9920,9.71
ADSCAv2.1,1,20,23,20789,500000,300.0000000000001,1.1368683772161603e-13,300.0,500046,9920,9.4
ADSCAv2.1,1,20,24,20790,500000,300.0000000000001,1.1368683772161603e-13,300.0,500047,9921,9.56
ADSCAv2.1,1,20,25,20791,500000,300.0000000000001,1.1368683772161603e-13,300.0,500000,9916,9.67
ADSCAv2.1,2,10,0,10866,200000,400.2498938797898,0.24989387978979494,400.0,200000,3967,4.74
ADSCAv2.1,2,10,1,10867,200000,434.9498041295847,34.94980412958472,400.0,200029,3983,4.63
ADSCAv2.1,2,10,2,10868,200000,485.81316420024706,85.81316420024706,400.0,200006,3975,4.82
ADSCAv2.1,2,10,3,10869,200000,467.3766890186504,67.37668901865038,400.0,200029,3977,4.75
ADSCAv2.1,2,10,4,10870,200000,400.4215953887371,0.4215953887371029,400.0,200010,3967,4.43
ADSCAv2.1,1,20,26,20792,500000,300.00000000000017,1.7053025658242404e-13,300.0,500038,9923,9.4
ADSCAv2.1,2,10,5,10871,200000,486.1665598878358,86.16655988783577,400.0,200030,3976,4.8
ADSCAv2.1,2,10,6,10872,200000,408.9161019296035,8.916101929603485,400.0,200015,3970,4.63
ADSCAv2.1,2,10,7,10873,200000,404.3613537170959,4.361353717095881,400.0,200030,3978,4.72
ADSCAv2.1,2,10,8,10874,200000,470.67275213682643,70.67275213682643,400.0,200040,3971,4.68
ADSCAv2.1,2,10,9,10875,200000,451.2357372790109,51.23573727901089,400.0,200026,3979,4.72
ADSCAv2.1,1,20,27,20793,500000,300.00000000000006,5.684341886080802e-14,300.0,500041,9920,9.3
ADSCAv2.1,1,20,28,20794,500000,300.00000000000017,1.7053025658242404e-13,300.0,500044,9924,9.6
ADSCAv2.1,1,20,29,20795,500000,300.00000000000017,1.7053025658242404e-13,300.0,500005,9927,9.58
ADSCAv2.1,2,10,11,10877,200000,400.3792383059622,0.37923830596218977,400.0,200049,3966,4.57
ADSCAv2.1,2,10,10,10876,200000,400.0030816933708,0.0030816933708024408,400.0,200000,3963,4.78
ADSCAv2.1,2,10,12,10878,200000,404.29827592716276,4.298275927162763,400.0,200000,3966,4.77
ADSCAv2.1,2,10,13,10879,200000,473.2448695604549,73.2448695604549,400.0,200026,3973,4.64
ADSCAv2.1,2,10,14,10880,200000,400.1335535350642,0.13355353506420897,400.0,200008,3964,4.7
ADSCAv2.1,2,10,15,10881,200000,416.88936686941184,16.889366869411845,400.0,200006,3982,4.74
ADSCAv2.1,2,10,16,10882,200000,451.47486750642827,51.47486750642827,400.0,200043,3982,4.76
ADSCAv2.1,2,10,18,10884,200000,408.91610192778296,8.916101927782961,400.0,200043,3966,4.54
ADSCAv2.1,2,10,17,10883,200000,408.9161019381152,8.916101938115219,400.0,200000,3969,4.83
ADSCAv2.1,2,10,19,10885,200000,408.91610192778234,8.916101927782336,400.0,200050,3966,4.5
ADSCAv2.1,2,10,20,10886,200000,408.91611089983667,8.916110899836667,400.0,200046,3977,4.83
ADSCAv2.1,2,10,21,10887,200000,400.4767695156657,0.47676951566569414,400.0,200015,3973,4.51
ADSCAv2.1,2,10,22,10888,200000,406.9811762034415,6.981176203441521,400.0,200044,3971,4.77
ADSCAv2.1,2,10,25,10891,200000,400.46038151587067,0.4603815158706652,400.0,200032,3971,4.6
ADSCAv2.1,2,10,23,10889,200000,408.91610192778626,8.916101927786258,400.0,200044,3966,4.99
ADSCAv2.1,2,10,24,10890,200000,463.1908496679346,63.19084966793457,400.0,200000,3974,4.76
ADSCAv2.1,2,10,26,10892,200000,400.58663332898476,0.5866333289847603,400.0,200046,3980,4.61
ADSCAv2.1,2,10,27,10893,200000,406.4071473070576,6.407147307057585,400.0,200026,3971,4.64
ADSCAv2.1,2,10,28,10894,200000,404.16088345678463,4.160883456784632,400.0,200000,3967,4.53
ADSCAv2.1,2,10,29,10895,200000,406.8249793303734,6.824979330373424,400.0,200046,3969,4.67
ADSCAv2.1,2,20,0,20866,500000,445.4874469919798,45.48744699197982,400.0,500009,9947,11.76
ADSCAv2.1,2,20,1,20867,500000,465.3554409068499,65.35544090684988,400.0,500006,9962,11.77
ADSCAv2.1,2,20,2,20868,500000,449.08992574377385,49.08992574377385,400.0,500021,9926,12.06
ADSCAv2.1,2,20,3,20869,500000,449.1085267068306,49.10852670683062,400.0,500019,9936,12.1
ADSCAv2.1,2,20,5,20871,500000,449.09504795566113,49.09504795566113,400.0,500017,9932,12.18
ADSCAv2.1,2,20,4,20870,500000,449.086322373206,49.086322373205974,400.0,500039,9927,12.35
ADSCAv2.1,2,20,6,20872,500000,453.6272196489857,53.627219648985715,400.0,500041,9964,11.69
ADSCAv2.1,2,20,7,20873,500000,466.9637550868265,66.9637550868265,400.0,500034,9927,11.65
ADSCAv2.1,2,20,8,20874,500000,449.1340090009394,49.134009000939386,400.0,500011,9939,12.1
ADSCAv2.1,2,20,10,20876,500000,466.82296927529114,66.82296927529114,400.0,500038,9931,11.69
ADSCAv2.1,2,20,9,20875,500000,473.85782866178613,73.85782866178613,400.0,500017,9933,12.15
ADSCAv2.1,2,20,11,20877,500000,429.4484060845419,29.448406084541887,400.0,500037,9947,12.12
ADSCAv2.1,2,20,12,20878,500000,454.12802804357216,54.12802804357216,400.0,500023,9956,11.82
ADSCAv2.1,2,20,13,20879,500000,468.4706910789089,68.47069107890889,400.0,500045,9922,12.18
ADSCAv2.1,2,20,14,20880,500000,466.94003486027253,66.94003486027253,400.0,500010,9925,12.08
ADSCAv2.1,2,20,15,20881,500000,449.09725159417235,49.09725159417235,400.0,500038,9931,12.02
ADSCAv2.1,2,20,17,20883,500000,481.90933924105906,81.90933924105906,400.0,500029,9964,11.82
ADSCAv2.1,2,20,16,20882,500000,470.8923417862995,70.89234178629948,400.0,500035,9945,12.06
ADSCAv2.1,2,20,19,20885,500000,449.1948310799108,49.194831079910784,400.0,500007,9949,11.56
ADSCAv2.1,2,20,18,20884,500000,449.09506758396884,49.09506758396884,400.0,500032,9932,11.67
ADSCAv2.1,2,20,20,20886,500000,471.7357273355909,71.73572733559092,400.0,500004,9935,12.13
ADSCAv2.1,2,20,21,20887,500000,472.0363848851631,72.0363848851631,400.0,500033,9952,12.01
ADSCAv2.1,2,20,24,20890,500000,449.7584440620848,49.75844406208478,400.0,500000,9957,11.79
ADSCAv2.1,2,20,23,20889,500000,404.0452674083481,4.0452674083480815,400.0,500014,9925,11.91
ADSCAv2.1,2,20,22,20888,500000,449.11995711627077,49.11995711627077,400.0,500043,9941,12.26
ADSCAv2.1,2,20,25,20891,500000,449.30519150759324,49.305191507593236,400.0,500036,9951,11.79
ADSCAv2.1,2,20,26,20892,500000,474.808405502828,74.80840550282801,400.0,500001,9927,11.83
ADSCAv2.1,2,20,27,20893,500000,457.4348560004747,57.434856000474724,400.0,500034,9954,11.84
ADSCAv2.1,3,10,0,10966,200000,600.0000000000001,1.1368683772161603e-13,600.0,200000,3961,8.7
ADSCAv2.1,3,10,1,10967,200000,600.0000000000001,1.1368683772161603e-13,600.0,200042,3961,8.82
ADSCAv2.1,3,10,3,10969,200000,600.0,0.0,600.0,200000,3960,8.72
ADSCAv2.1,3,10,2,10968,200000,600.0000000000001,1.1368683772161603e-13,600.0,200000,3961,8.83
ADSCAv2.1,3,10,4,10970,200000,600.0,0.0,600.0,200000,3960,8.99
ADSCAv2.1,3,10,5,10971,200000,600.0,0.0,600.0,200000,3961,9.05
ADSCAv2.1,3,10,7,10973,200000,600.0,0.0,600.0,200029,3961,8.97
ADSCAv2.1,3,10,6,10972,200000,600.0,0.0,600.0,200004,3961,9.09
ADSCAv2.1,2,20,28,20894,500000,449.11366226926503,49.113662269265035,400.0,500038,9939,12.21
ADSCAv2.1,3,10,8,10974,200000,600.0,0.0,600.0,200000,3960,9.15
ADSCAv2.1,2,20,29,20895,500000,449.13630831620736,49.13630831620736,400.0,500028,9946,12.04
ADSCAv2.1,3,10,9,10975,200000,600.0,0.0,600.0,200016,3961,8.83
ADSCAv2.1,3,10,10,10976,200000,600.0000000000001,1.1368683772161603e-13,600.0,200000,3961,9.0
ADSCAv2.1,3,10,11,10977,200000,600.0,0.0,600.0,200000,3961,9.04
ADSCAv2.1,3,10,12,10978,200000,600.0,0.0,600.0,200036,3961,8.84
ADSCAv2.1,3,10,13,10979,200000,600.0000000000001,1.1368683772161603e-13,600.0,200039,3961,9.04
ADSCAv2.1,3,10,14,10980,200000,600.0,0.0,600.0,200010,3961,8.84
ADSCAv2.1,3,10,15,10981,200000,600.0000000000001,1.1368683772161603e-13,600.0,200000,3961,8.86
ADSCAv2.1,3,10,16,10982,200000,600.0000000000001,1.1368683772161603e-13,600.0,200000,3961,8.79
ADSCAv2.1,3,10,17,10983,200000,600.0,0.0,600.0,200000,3961,9.15
ADSCAv2.1,3,10,19,10985,200000,600.0000000000001,1.1368683772161603e-13,600.0,200044,3961,8.81
ADSCAv2.1,3,10,18,10984,200000,600.0000000000001,1.1368683772161603e-13,600.0,200000,3961,9.07
ADSCAv2.1,3,10,22,10988,200000,600.0000000000001,1.1368683772161603e-13,600.0,200044,3961,8.9
ADSCAv2.1,3,10,23,10989,200000,600.0,0.0,600.0,200000,3961,8.91
ADSCAv2.1,3,10,20,10986,200000,600.0,0.0,600.0,200000,3961,9.15
ADSCAv2.1,3,10,21,10987,200000,600.0,0.0,600.0,200000,3961,9.12
ADSCAv2.1,3,10,24,10990,200000,600.0000000000001,1.1368683772161603e-13,600.0,200050,3961,8.99
ADSCAv2.1,3,10,25,10991,200000,600.0,0.0,600.0,200016,3961,8.91
ADSCAv2.1,3,10,26,10992,200000,600.0000000000001,1.1368683772161603e-13,600.0,200010,3961,8.91
ADSCAv2.1,3,10,27,10993,200000,600.0000000000001,1.1368683772161603e-13,600.0,200043,3961,8.79
ADSCAv2.1,3,10,28,10994,200000,600.0,0.0,600.0,200002,3961,8.85
ADSCAv2.1,3,10,29,10995,200000,600.0000000000001,1.1368683772161603e-13,600.0,200030,3961,9.1
v1.8,12,20,22,21888,500000,2941.754776170172,241.75477617017214,2700.0,500040,9902,124.89
v1.8,12,20,23,21889,500000,2948.8648765737553,248.86487657375528,2700.0,500029,9902,123.2
v1.8,12,20,24,21890,500000,2968.137324691652,268.1373246916519,2700.0,500025,9902,122.88
v1.8,12,20,25,21891,500000,2943.45291142592,243.45291142591986,2700.0,500002,9902,123.79
v1.8,12,20,26,21892,500000,2979.3050247564775,279.30502475647745,2700.0,500000,9901,124.81
v1.8,12,20,27,21893,500000,2943.356338996416,243.35633899641607,2700.0,500023,9902,124.97
ADSCAv2.1,3,20,0,20966,500000,600.0000000000001,1.1368683772161603e-13,600.0,500000,9903,22.57
ADSCAv2.1,3,20,1,20967,500000,600.0000000000001,1.1368683772161603e-13,600.0,500048,9903,22.43
ADSCAv2.1,3,20,2,20968,500000,600.0000000000001,1.1368683772161603e-13,600.0,500010,9903,22.49
ADSCAv2.1,3,20,3,20969,500000,600.0000000000001,1.1368683772161603e-13,600.0,500000,9903,22.27
ADSCAv2.1,3,20,4,20970,500000,600.0000000000002,2.2737367544323206e-13,600.0,500000,9903,22.28
ADSCAv2.1,3,20,8,20974,500000,600.0000000000001,1.1368683772161603e-13,600.0,500000,9903,22.3
ADSCAv2.1,3,20,5,20971,500000,600.0000000000001,1.1368683772161603e-13,600.0,500000,9903,22.73
ADSCAv2.1,3,20,7,20973,500000,600.0000000000001,1.1368683772161603e-13,600.0,500000,9903,22.96
ADSCAv2.1,3,20,6,20972,500000,600.0000000000002,2.2737367544323206e-13,600.0,500000,9903,23.06
ADSCAv2.1,3,20,9,20975,500000,600.0000000000002,2.2737367544323206e-13,600.0,500000,9903,22.59
v1.8,12,20,28,21894,500000,2972.5706479660194,272.57064796601935,2700.0,500001,9902,123.31
ADSCAv2.1,3,20,10,20976,500000,600.0000000000002,2.2737367544323206e-13,600.0,500002,9903,22.62
ADSCAv2.1,3,20,11,20977,500000,600.0000000000001,1.1368683772161603e-13,600.0,500001,9903,22.68
ADSCAv2.1,3,20,13,20979,500000,600.0000000000001,1.1368683772161603e-13,600.0,500000,9903,22.43
ADSCAv2.1,3,20,12,20978,500000,600.0000000000002,2.2737367544323206e-13,600.0,500016,9903,22.71
v1.8,12,20,29,21895,500000,2972.555203471539,272.5552034715388,2700.0,500023,9902,125.27
ADSCAv2.1,3,20,14,20980,500000,600.0000000000002,2.2737367544323206e-13,600.0,500005,9903,22.61
ADSCAv2.1,3,20,15,20981,500000,600.0000000000002,2.2737367544323206e-13,600.0,500043,9904,22.63
ADSCAv2.1,3,20,16,20982,500000,600.0000000000002,2.2737367544323206e-13,600.0,500010,9903,23.0
ADSCAv2.1,3,20,17,20983,500000,600.0000000000001,1.1368683772161603e-13,600.0,500000,9903,22.45
ADSCAv2.1,3,20,18,20984,500000,600.0000000000002,2.2737367544323206e-13,600.0,500000,9902,22.62
ADSCAv2.1,4,10,0,11066,200000,882.0,82.0,800.0,200000,3960,13.39
ADSCAv2.1,4,10,1,11067,200000,884.5,84.5,800.0,200000,3960,13.55
ADSCAv2.1,4,10,2,11068,200000,858.0,58.0,800.0,200029,3961,13.54
ADSCAv2.1,4,10,3,11069,200000,884.5,84.5,800.0,200000,3960,13.4
ADSCAv2.1,4,10,4,11070,200000,842.0,42.0,800.0,200000,3961,13.43
ADSCAv2.1,3,20,19,20985,500000,600.0000000000001,1.1368683772161603e-13,600.0,500046,9904,22.7
ADSCAv2.1,3,20,20,20986,500000,600.0000000000001,1.1368683772161603e-13,600.0,500042,9904,22.73
ADSCAv2.1,3,20,21,20987,500000,600.0000000000002,2.2737367544323206e-13,600.0,500000,9903,22.48
ADSCAv2.1,3,20,23,20989,500000,600.0000000000002,2.2737367544323206e-13,600.0,500049,9904,22.45
ADSCAv2.1,3,20,22,20988,500000,600.0000000000001,1.1368683772161603e-13,600.0,500000,9903,22.67
ADSCAv2.1,3,20,24,20990,500000,600.0000000000001,1.1368683772161603e-13,600.0,500000,9903,22.52
ADSCAv2.1,4,10,5,11071,200000,842.0,42.0,800.0,200000,3961,13.4
ADSCAv2.1,3,20,25,20991,500000,600.0000000000001,1.1368683772161603e-13,600.0,500000,9903,22.52
ADSCAv2.1,3,20,27,20993,500000,600.0000000000002,2.2737367544323206e-13,600.0,500000,9903,22.41
ADSCAv2.1,3,20,26,20992,500000,600.0000000000001,1.1368683772161603e-13,600.0,500049,9904,23.38
ADSCAv2.1,4,10,6,11072,200000,914.5,114.5,800.0,200000,3960,13.46
ADSCAv2.1,3,20,29,20995,500000,600.0000000000001,1.1368683772161603e-13,600.0,500004,9903,22.54
ADSCAv2.1,3,20,28,20994,500000,600.0000000000002,2.2737367544323206e-13,600.0,500047,9903,23.06
ADSCAv2.1,4,10,7,11073,200000,846.0,46.0,800.0,200000,3960,13.24
ADSCAv2.1,4,10,8,11074,200000,862.0,62.0,800.0,200000,3960,13.85
ADSCAv2.1,4,10,9,11075,200000,832.0,32.0,800.0,200023,3961,13.74
ADSCAv2.1,4,10,10,11076,200000,846.0,46.0,800.0,200000,3961,13.64
ADSCAv2.1,4,10,11,11077,200000,848.0,48.0,800.0,200000,3960,13.63
ADSCAv2.1,4,10,12,11078,200000,858.0,58.0,800.0,200000,3961,13.5
ADSCAv2.1,4,10,13,11079,200000,838.0,38.0,800.0,200049,3962,13.34
ADSCAv2.1,4,10,15,11081,200000,860.5,60.5,800.0,200045,3961,13.34
ADSCAv2.1,4,10,14,11080,200000,852.0,52.0,800.0,200008,3962,13.38
ADSCAv2.1,4,10,16,11082,200000,856.0,56.0,800.0,200000,3961,13.59
ADSCAv2.1,4,10,17,11083,200000,834.0,34.0,800.0,200022,3962,13.55
ADSCAv2.1,4,10,18,11084,200000,852.0,52.0,800.0,200007,3961,13.56
ADSCAv2.1,4,10,19,11085,200000,894.0,94.0,800.0,200001,3961,13.45
ADSCAv2.1,4,10,20,11086,200000,828.0,28.0,800.0,200000,3961,13.37
ADSCAv2.1,4,10,21,11087,200000,846.0,46.0,800.0,200048,3962,13.59
ADSCAv2.1,4,10,23,11089,200000,852.0,52.0,800.0,200000,3960,13.28
ADSCAv2.1,4,10,22,11088,200000,856.0,56.0,800.0,200009,3961,13.51
ADSCAv2.1,4,10,24,11090,200000,922.5,122.5,800.0,200000,3960,13.37
ADSCAv2.1,4,10,26,11092,200000,862.0,62.0,800.0,200000,3960,13.12
ADSCAv2.1,4,10,27,11093,200000,916.0,116.0,800.0,200000,3960,13.22
ADSCAv2.1,4,10,25,11091,200000,892.0,92.0,800.0,200000,3961,13.68
ADSCAv2.1,4,10,28,11094,200000,830.0,30.0,800.0,200000,3960,13.63
ADSCAv2.1,4,10,29,11095,200000,830.0,30.0,800.0,200000,3960,13.45
ADSCAv2.1,4,20,0,21066,500000,1034.0,234.0,800.0,500000,9902,33.34
ADSCAv2.1,4,20,1,21067,500000,1074.0,274.0,800.0,500047,9902,34.34
ADSCAv2.1,4,20,3,21069,500000,1050.5,250.5,800.0,500000,9902,33.37
ADSCAv2.1,4,20,2,21068,500000,1083.5,283.5,800.0,500000,9901,33.91
ADSCAv2.1,4,20,4,21070,500000,1104.5,304.5,800.0,500007,9902,33.88
ADSCAv2.1,4,20,5,21071,500000,1032.0,232.0,800.0,500000,9902,33.88
ADSCAv2.1,4,20,7,21073,500000,1034.5,234.5,800.0,500001,9902,33.73
ADSCAv2.1,4,20,6,21072,500000,1079.0,279.0,800.0,500005,9902,34.23
ADSCAv2.1,4,20,9,21075,500000,1075.0,275.0,800.0,500044,9903,33.62
ADSCAv2.1,4,20,8,21074,500000,960.5,160.5,800.0,500000,9904,34.41
ADSCAv2.1,4,20,11,21077,500000,1041.0,241.0,800.0,500049,9902,33.8
ADSCAv2.1,4,20,10,21076,500000,1028.5,228.5,800.0,500048,9904,34.07
ADSCAv2.1,4,20,12,21078,500000,1014.5,214.5,800.0,500000,9902,33.88
ADSCAv2.1,4,20,13,21079,500000,1073.0,273.0,800.0,500016,9902,33.74
ADSCAv2.1,4,20,14,21080,500000,1077.5,277.5,800.0,500000,9902,34.09
ADSCAv2.1,4,20,15,21081,500000,962.5,162.5,800.0,500000,9903,33.93
ADSCAv2.1,4,20,16,21082,500000,956.5,156.5,800.0,500046,9903,34.2
ADSCAv2.1,4,20,17,21083,500000,1003.0,203.0,800.0,500013,9902,34.03
ADSCAv2.1,4,20,18,21084,500000,996.0,196.0,800.0,500036,9903,34.27
ADSCAv2.1,4,20,21,21087,500000,992.5,192.5,800.0,500028,9902,33.37
ADSCAv2.1,4,20,20,21086,500000,958.0,158.0,800.0,500004,9902,34.22
ADSCAv2.1,4,20,19,21085,500000,972.0,172.0,800.0,500045,9905,34.32
ADSCAv2.1,5,10,0,11166,200000,900.1790565057378,0.1790565057377762,900.0,200000,3961,6.77
ADSCAv2.1,5,10,1,11167,200000,900.0895282566001,0.08952825660014696,900.0,200000,3961,6.9
ADSCAv2.1,5,10,2,11168,200000,900.908648040641,0.9086480406409692,900.0,200049,3963,6.9
ADSCAv2.1,5,10,4,11170,200000,900.4543264753311,0.4543264753310723,900.0,200000,3962,6.79
ADSCAv2.1,5,10,3,11169,200000,900.0000000008985,8.984670785139315e-10,900.0,200000,3961,6.8
ADSCAv2.1,5,10,5,11171,200000,900.6333806023156,0.633380602315583,900.0,200000,3961,6.84
ADSCAv2.1,5,10,7,11173,200000,900.1790565127507,0.17905651275066248,900.0,200000,3961,6.71
ADSCAv2.1,5,10,6,11172,200000,900.0895282506692,0.08952825066921832,900.0,200000,3961,6.83
ADSCAv2.1,5,10,8,11174,200000,900.9981770413666,0.9981770413666027,900.0,200003,3962,6.6
ADSCAv2.1,5,10,9,11175,200000,900.1790565013023,0.17905650130228423,900.0,200000,3961,6.6
ADSCAv2.1,5,10,11,11177,200000,900.4543240226208,0.4543240226207672,900.0,200000,3961,6.63
ADSCAv2.1,5,10,10,11176,200000,900.5438525042852,0.5438525042851552,900.0,200000,3961,6.73
ADSCAv2.1,5,10,13,11179,200000,900.7229087881616,0.7229087881615897,900.0,200000,3961,6.8
ADSCAv2.1,5,10,12,11178,200000,900.9981764604846,0.9981764604846148,900.0,200001,3961,6.97
ADSCAv2.1,5,10,14,11180,200000,900.5438524065447,0.5438524065447154,900.0,200000,3961,6.83
ADSCAv2.1,5,10,16,11182,200000,900.0895282636494,0.08952826364941302,900.0,200002,3961,6.7
ADSCAv2.1,5,10,17,11183,200000,900.6333805257743,0.6333805257743279,900.0,200000,3961,6.7
ADSCAv2.1,5,10,15,11181,200000,900.1790565015276,0.17905650152761154,900.0,200000,3961,6.99
ADSCAv2.1,5,10,18,11184,200000,900.6333806041839,0.6333806041839125,900.0,200000,3961,6.86
ADSCAv2.1,5,10,19,11185,200000,900.6333827188774,0.6333827188774421,900.0,200000,3962,6.95
ADSCAv2.1,5,10,20,11186,200000,900.268584752068,0.2685847520680227,900.0,200000,3961,6.83
ADSCAv2.1,5,10,21,11187,200000,900.2685847521641,0.26858475216408806,900.0,200008,3961,6.74
ADSCAv2.1,5,10,22,11188,200000,900.5438532170879,0.5438532170878716,900.0,200000,3961,6.91
ADSCAv2.1,5,10,23,11189,200000,900.3581130016931,0.3581130016931411,900.0,200000,3961,6.73
ADSCAv2.1,5,10,25,11191,200000,900.5438522852174,0.5438522852174401,900.0,200000,3961,6.76
ADSCAv2.1,5,10,24,11190,200000,901.1772342048105,1.1772342048104747,900.0,200000,3961,6.99
ADSCAv2.1,5,10,26,11192,200000,900.543852732046,0.543852732046048,900.0,200005,3962,6.91
ADSCAv2.1,5,10,27,11193,200000,900.0895282522066,0.08952825220660543,900.0,200018,3962,6.91
ADSCAv2.1,5,10,28,11194,200000,900.9981786240811,0.9981786240811061,900.0,200000,3961,6.86
ADSCAv2.1,5,10,29,11195,200000,900.179056502861,0.17905650286104446,900.0,200000,3961,6.87
ADSCAv2.1,4,20,22,21088,500000,990.0,190.0,800.0,500031,9903,33.56
ADSCAv2.1,4,20,23,21089,500000,966.0,166.0,800.0,500000,9901,33.29
ADSCAv2.1,4,20,24,21090,500000,1024.0,224.0,800.0,500011,9902,33.33
ADSCAv2.1,4,20,25,21091,500000,968.5,168.5,800.0,500043,9904,33.44
ADSCAv2.1,5,20,1,21167,500000,902.7192686281546,2.719268628154623,900.0,500000,9904,16.89
ADSCAv2.1,5,20,0,21166,500000,902.6297335267329,2.6297335267329345,900.0,500038,9904,17.07
ADSCAv2.1,5,20,2,21168,500000,902.4439944543452,2.4439944543452157,900.0,500000,9904,17.15
ADSCAv2.1,4,20,26,21092,500000,1018.5,218.5,800.0,500000,9901,33.43
ADSCAv2.1,5,20,3,21169,500000,903.7902219397839,3.790221939783919,900.0,500000,9904,17.26
ADSCAv2.1,4,20,27,21093,500000,1091.0,291.0,800.0,500015,9903,33.67
ADSCAv2.1,5,20,4,21170,500000,902.2649373344616,2.2649373344615924,900.0,500048,9904,17.09
ADSCAv2.1,4,20,28,21094,500000,910.0,110.0,800.0,500002,9904,33.45
ADSCAv2.1,5,20,7,21173,500000,901.9896701956393,1.9896701956392917,900.0,500043,9904,17.02
ADSCAv2.1,5,20,5,21171,500000,904.9013490397099,4.901349039709885,900.0,500049,9904,17.59
ADSCAv2.1,4,20,29,21095,500000,1146.0,346.0,800.0,500000,9901,33.45
ADSCAv2.1,5,20,6,21172,500000,903.0840360162173,3.084036016217283,900.0,500008,9904,17.35
ADSCAv2.1,5,20,8,21174,500000,901.2667612737054,1.266761273705356,900.0,500044,9905,17.51
ADSCAv2.1,5,20,9,21175,500000,901.7210850666534,1.7210850666533588,900.0,500000,9903,17.61
ADSCAv2.1,5,20,10,21176,500000,902.1754098239954,2.1754098239954374,900.0,500048,9904,17.29
ADSCAv2.1,5,20,11,21177,500000,902.0858816618637,2.0858816618637093,900.0,500024,9905,17.31
ADSCAv2.1,5,20,13,21179,500000,902.0858889565872,2.085888956587155,900.0,500039,9905,17.14
ADSCAv2.1,5,20,12,21178,500000,904.3599468267265,4.359946826726514,900.0,500006,9905,17.58
ADSCAv2.1,5,20,14,21180,500000,900.7229087720152,0.7229087720152165,900.0,500037,9904,17.43
ADSCAv2.1,6,10,0,11266,200000,17554.415270726273,15754.415270726273,1800.0,200001,3974,9.23
ADSCAv2.1,6,10,1,11267,200000,7231.026480463568,5431.026480463568,1800.0,200000,3973,9.36
ADSCAv2.1,6,10,3,11269,200000,6925.015011396262,5125.015011396262,1800.0,200041,3972,9.28
ADSCAv2.1,6,10,2,11268,200000,14638.103221434632,12838.103221434632,1800.0,200027,3975,9.78
ADSCAv2.1,5,20,15,21181,500000,902.0858817095474,2.0858817095473796,900.0,500000,9903,16.81
ADSCAv2.1,5,20,16,21182,500000,902.450678617698,2.4506786176980313,900.0,500008,9904,17.53
ADSCAv2.1,5,20,17,21183,500000,902.1754091203085,2.1754091203084727,900.0,500033,9904,17.38
ADSCAv2.1,6,10,4,11270,200000,5576.911718768268,3776.9117187682677,1800.0,200021,3974,9.14
ADSCAv2.1,6,10,5,11271,200000,8469.760629744816,6669.7606297448165,1800.0,200044,3975,9.47
ADSCAv2.1,5,20,19,21185,500000,901.8106133934098,1.810613393409767,900.0,500000,9904,17.18
ADSCAv2.1,5,20,21,21187,500000,902.540206353987,2.540206353986946,900.0,500000,9903,16.95
ADSCAv2.1,5,20,20,21186,500000,903.7174501978993,3.717450197899325,900.0,500007,9904,17.09
ADSCAv2.1,5,20,18,21184,500000,902.9050702471415,2.9050702471414525,900.0,500000,9904,17.42
ADSCAv2.1,5,20,22,21188,500000,904.1742034078226,4.174203407822574,900.0,500049,9905,17.06
ADSCAv2.1,5,20,23,21189,500000,902.9945292732123,2.9945292732122653,900.0,500000,9904,17.42
ADSCAv2.1,5,20,25,21191,500000,901.356289308274,1.356289308273972,900.0,500049,9905,17.34
ADSCAv2.1,5,20,28,21194,500000,900.812437103221,0.8124371032209865,900.0,500037,9904,16.92
ADSCAv2.1,5,20,27,21193,500000,901.9068244092693,1.9068244092693476,900.0,500045,9905,17.0
ADSCAv2.1,5,20,24,21190,500000,904.9908954634589,4.990895463458855,900.0,500001,9904,17.53
ADSCAv2.1,5,20,26,21192,500000,903.0840626176295,3.0840626176294563,900.0,500000,9903,17.1
ADSCAv2.1,5,20,29,21195,500000,901.3562892973722,1.3562892973722,900.0,500000,9904,17.2
ADSCAv2.1,6,10,7,11273,200000,4996.9347706047965,3196.9347706047965,1800.0,200041,3974,9.31
ADSCAv2.1,6,10,6,11272,200000,8153.986781755881,6353.986781755881,1800.0,200044,3972,10.02
ADSCAv2.1,6,10,8,11274,200000,5249.635932904352,3449.6359329043516,1800.0,200013,3974,9.32
ADSCAv2.1,6,10,9,11275,200000,8710.953196207764,6910.9531962077635,1800.0,200032,3973,9.2
ADSCAv2.1,6,10,10,11276,200000,5476.040955771105,3676.0409557711046,1800.0,200000,3972,9.84
ADSCAv2.1,6,10,11,11277,200000,4938.334696185608,3138.3346961856078,1800.0,200032,3973,10.07
ADSCAv2.1,6,10,12,11278,200000,15698.158965426761,13898.158965426761,1800.0,200049,3973,9.08
ADSCAv2.1,6,10,13,11279,200000,7022.148338521178,5222.148338521178,1800.0,200040,3972,9.49
ADSCAv2.1,6,10,14,11280,200000,14970.644749899408,13170.644749899408,1800.0,200036,3975,9.11
ADSCAv2.1,6,10,15,11281,200000,14461.558039157553,12661.558039157553,1800.0,200043,3977,9.3
ADSCAv2.1,6,10,17,11283,200000,5296.258223150733,3496.258223150733,1800.0,200037,3974,9.17
ADSCAv2.1,6,10,18,11284,200000,3279.481932331688,1479.4819323316879,1800.0,200002,3973,9.17
ADSCAv2.1,6,10,16,11282,200000,27328.435635916303,25528.435635916303,1800.0,200003,3974,9.46
ADSCAv2.1,6,10,19,11285,200000,8636.681614132332,6836.6816141323325,1800.0,200013,3974,9.32
ADSCAv2.1,6,10,20,11286,200000,15435.694555225913,13635.694555225913,1800.0,200033,3976,9.23
ADSCAv2.1,6,10,22,11288,200000,8851.497253317344,7051.497253317344,1800.0,200023,3972,9.2
ADSCAv2.1,6,10,23,11289,200000,14254.181561959347,12454.181561959347,1800.0,200001,3977,9.18
ADSCAv2.1,6,10,26,11292,200000,18626.849875231317,16826.849875231317,1800.0,200039,3977,9.25
ADSCAv2.1,6,10,24,11290,200000,14196.337342602641,12396.337342602641,1800.0,200021,3973,9.31
ADSCAv2.1,6,10,25,11291,200000,10659.472449603609,8859.472449603609,1800.0,200010,3975,9.35
ADSCAv2.1,6,10,21,11287,200000,11483.46520371404,9683.46520371404,1800.0,200043,3977,9.59
ADSCAv2.1,6,10,27,11293,200000,5740.723702674515,3940.723702674515,1800.0,200003,3973,10.08
ADSCAv2.1,6,10,28,11294,200000,13887.283555791837,12087.283555791837,1800.0,200032,3974,9.21
ADSCAv2.1,6,10,29,11295,200000,18831.14693815345,17031.14693815345,1800.0,200023,3977,9.91
ADSCAv2.1,6,20,0,21266,500000,56286.857054805565,54486.857054805565,1800.0,500002,9912,23.21
ADSCAv2.1,6,20,1,21267,500000,48937.930762492324,47137.930762492324,1800.0,500046,9912,23.57
ADSCAv2.1,6,20,2,21268,500000,56027.643200133905,54227.643200133905,1800.0,500047,9910,24.88
ADSCAv2.1,6,20,4,21270,500000,31973.81286385948,30173.81286385948,1800.0,500001,9911,23.38
ADSCAv2.1,6,20,3,21269,500000,35441.19707279092,33641.19707279092,1800.0,500039,9911,25.07
ADSCAv2.1,6,20,6,21272,500000,34567.30780290015,32767.307802900148,1800.0,500047,9910,23.25
ADSCAv2.1,6,20,7,21273,500000,41935.700175114165,40135.700175114165,1800.0,500001,9912,23.07
ADSCAv2.1,6,20,5,21271,500000,45481.06089357448,43681.06089357448,1800.0,500010,9912,25.04
ADSCAv2.1,6,20,8,21274,500000,37596.49097881736,35796.49097881736,1800.0,500036,9910,23.4
ADSCAv2.1,6,20,9,21275,500000,64834.08985359695,63034.08985359695,1800.0,500010,9910,23.64
ADSCAv2.1,6,20,10,21276,500000,29336.013312138635,27536.013312138635,1800.0,500049,9916,23.73
ADSCAv2.1,6,20,13,21279,500000,19518.668793081768,17718.668793081768,1800.0,500010,9910,23.08
ADSCAv2.1,6,20,12,21278,500000,45273.94698860343,43473.94698860343,1800.0,500038,9914,23.58
ADSCAv2.1,6,20,11,21277,500000,38679.03787447495,36879.03787447495,1800.0,500000,9911,23.95
ADSCAv2.1,6,20,14,21280,500000,32430.038713127025,30630.038713127025,1800.0,500037,9914,23.36
ADSCAv2.1,6,20,15,21281,500000,29706.137062381466,27906.137062381466,1800.0,500050,9911,23.34
ADSCAv2.1,6,20,16,21282,500000,51462.42359756752,49662.42359756752,1800.0,500049,9912,23.46
ADSCAv2.1,6,20,18,21284,500000,22103.018563683712,20303.018563683712,1800.0,500048,9912,23.39
ADSCAv2.1,6,20,17,21283,500000,76913.60125091956,75113.60125091956,1800.0,500043,9915,23.94
ADSCAv2.1,6,20,20,21286,500000,33258.18905048745,31458.189050487446,1800.0,500000,9912,23.67
ADSCAv2.1,6,20,19,21285,500000,72315.04605199475,70515.04605199475,1800.0,500036,9914,25.39
ADSCAv2.1,6,20,21,21287,500000,48219.719881078054,46419.719881078054,1800.0,500038,9909,24.82
ADSCAv2.1,6,20,22,21288,500000,54264.29575345336,52464.29575345336,1800.0,500001,9912,23.28
ADSCAv2.1,6,20,23,21289,500000,19484.01870872239,17684.01870872239,1800.0,500004,9912,24.27
ADSCAv2.1,6,20,25,21291,500000,45295.58126050335,43495.58126050335,1800.0,500001,9912,23.56
ADSCAv2.1,6,20,27,21293,500000,51366.634847765374,49566.634847765374,1800.0,500044,9911,23.14
ADSCAv2.1,6,20,28,21294,500000,35195.76863723136,33395.76863723136,1800.0,500047,9913,23.15
ADSCAv2.1,6,20,24,21290,500000,27595.361447354433,25795.361447354433,1800.0,500008,9912,24.91
ADSCAv2.1,6,20,26,21292,500000,37559.71764883537,35759.71764883537,1800.0,500041,9911,24.66
ADSCAv2.1,6,20,29,21295,500000,48694.690497109405,46894.690497109405,1800.0,500035,9913,24.61
ADSCAv2.1,7,10,0,11366,200000,2024.0716959171036,24.071695917103625,2000.0,200007,3967,126.82
ADSCAv2.1,7,10,3,11369,200000,2031.5714229977984,31.571422997798436,2000.0,200010,3966,126.49
ADSCAv2.1,7,10,1,11367,200000,2030.2074795778476,30.207479577847607,2000.0,200013,3965,127.29
ADSCAv2.1,7,10,2,11368,200000,2029.8080882521012,29.808088252101243,2000.0,200042,3966,127.12
ADSCAv2.1,7,10,5,11371,200000,2040.5253856638615,40.52538566386147,2000.0,200047,3966,127.12
ADSCAv2.1,7,10,9,11375,200000,2024.2313331716853,24.231333171685264,2000.0,200049,3965,126.65
ADSCAv2.1,7,10,6,11372,200000,2026.4072127820502,26.407212782050237,2000.0,200036,3967,127.16
ADSCAv2.1,7,10,8,11374,200000,2034.1101013365026,34.11010133650257,2000.0,200000,3964,127.21
ADSCAv2.1,7,10,4,11370,200000,2037.5963109655643,37.59631096556427,2000.0,200036,3965,127.79
ADSCAv2.1,7,10,7,11373,200000,2026.3730188137235,26.373018813723547,2000.0,200046,3968,127.81
ADSCAv2.1,7,10,10,11376,200000,2025.9511215854232,25.951121585423152,2000.0,200000,3964,127.58
ADSCAv2.1,7,10,11,11377,200000,2028.703114773331,28.70311477333098,2000.0,200037,3965,127.09
ADSCAv2.1,7,10,12,11378,200000,2047.4598084531838,47.45980845318377,2000.0,200017,3968,127.6
ADSCAv2.1,7,10,13,11379,200000,2022.6851232958552,22.685123295855192,2000.0,200000,3961,128.26
ADSCAv2.1,7,10,14,11380,200000,2059.993169105832,59.99316910583184,2000.0,200049,3964,126.25
ADSCAv2.1,7,10,16,11382,200000,2050.4871372610332,50.48713726103324,2000.0,200006,3965,125.9
ADSCAv2.1,7,10,15,11381,200000,2028.1065728139695,28.10657281396948,2000.0,200000,3964,127.82
ADSCAv2.1,7,10,17,11383,200000,2032.711750848243,32.7117508482429,2000.0,200000,3963,126.23
ADSCAv2.1,7,10,19,11385,200000,2038.0442391163117,38.0442391163117,2000.0,200006,3965,128.0
ADSCAv2.1,7,10,18,11384,200000,2033.037001691355,33.037001691355044,2000.0,200044,3968,128.33
ADSCAv2.1,7,10,20,11386,200000,2022.669057269132,22.669057269132054,2000.0,200049,3965,128.56
ADSCAv2.1,7,10,21,11387,200000,2130.9344653517346,130.93446535173462,2000.0,200029,3966,128.9
ADSCAv2.1,7,10,22,11388,200000,2040.5145534661003,40.514553466100324,2000.0,200000,3964,126.38
ADSCAv2.1,7,10,23,11389,200000,2037.9028914490696,37.90289144906956,2000.0,200040,3967,126.07
ADSCAv2.1,7,10,24,11390,200000,2049.1367115320336,49.13671153203359,2000.0,200037,3968,126.58
ADSCAv2.1,7,10,27,11393,200000,2028.1273405032089,28.12734050320887,2000.0,200000,3964,126.51
ADSCAv2.1,7,10,25,11391,200000,2032.0944427922739,32.09444279227387,2000.0,200048,3963,126.93
ADSCAv2.1,7,10,26,11392,200000,2030.8382345491339,30.83823454913386,2000.0,200000,3965,127.32
ADSCAv2.1,7,10,29,11395,200000,2037.683908183926,37.68390818392595,2000.0,200000,3966,127.01
ADSCAv2.1,7,10,28,11394,200000,2028.5936665670843,28.593666567084256,2000.0,200000,3965,127.56
ADSCAv2.1,7,20,1,21367,500000,2234.044170492412,234.04417049241192,2000.0,500044,9934,577.69
ADSCAv2.1,7,20,0,21366,500000,2521.672434902031,521.672434902031,2000.0,500005,9938,578.13
ADSCAv2.1,7,20,2,21368,500000,2359.873310127566,359.8733101275661,2000.0,500010,9933,577.73
ADSCAv2.1,7,20,3,21369,500000,2222.121001213747,222.12100121374715,2000.0,500037,9921,577.3
ADSCAv2.1,7,20,4,21370,500000,2291.0264248805147,291.0264248805147,2000.0,500009,9929,578.29
ADSCAv2.1,7,20,5,21371,500000,2183.466941319824,183.46694131982395,2000.0,500040,9924,581.63
ADSCAv2.1,7,20,6,21372,500000,2197.7141604434646,197.7141604434646,2000.0,500027,9930,575.48
ADSCAv2.1,7,20,7,21373,500000,2389.8494295020805,389.8494295020805,2000.0,500002,9929,574.84
ADSCAv2.1,7,20,8,21374,500000,2618.203431268149,618.203431268149,2000.0,500040,9926,575.57
ADSCAv2.1,7,20,9,21375,500000,2246.4492356697688,246.44923566976877,2000.0,500041,9937,576.47
ADSCAv2.1,7,20,11,21377,500000,2236.1479298514123,236.1479298514123,2000.0,500028,9927,577.61
ADSCAv2.1,7,20,10,21376,500000,2367.8903354423337,367.8903354423337,2000.0,500028,9930,580.97
ADSCAv2.1,7,20,12,21378,500000,2664.746265316434,664.7462653164339,2000.0,500019,9927,580.53
ADSCAv2.1,7,20,13,21379,500000,2313.012243858967,313.01224385896694,2000.0,500043,9933,580.65
ADSCAv2.1,7,20,15,21381,500000,2182.59347918591,182.59347918590993,2000.0,500015,9925,574.82
ADSCAv2.1,7,20,14,21380,500000,2646.3921712563956,646.3921712563956,2000.0,500045,9929,576.31
ADSCAv2.1,7,20,18,21384,500000,2541.2013421542433,541.2013421542433,2000.0,500000,9928,574.88
ADSCAv2.1,7,20,17,21383,500000,2371.833638444276,371.83363844427595,2000.0,500029,9931,575.24
ADSCAv2.1,7,20,16,21382,500000,2247.258494741381,247.25849474138113,2000.0,500008,9925,576.43
ADSCAv2.1,7,20,19,21385,500000,2150.90339205233,150.90339205233022,2000.0,500042,9927,575.84
ADSCAv2.1,7,20,20,21386,500000,2137.4510309305315,137.4510309305315,2000.0,500016,9920,576.78
ADSCAv2.1,7,20,21,21387,500000,2220.3691597714987,220.36915977149874,2000.0,500002,9924,576.95
ADSCAv2.1,8,10,0,11466,200000,2333.9451102378052,133.94511023780524,2200.0,200000,3963,179.1
ADSCAv2.1,8,10,1,11467,200000,2232.3954623704767,32.39546237047671,2200.0,200046,3964,178.62
ADSCAv2.1,8,10,2,11468,200000,2696.3211958386437,496.3211958386437,2200.0,200000,3965,177.93
ADSCAv2.1,8,10,3,11469,200000,2283.337648590695,83.33764859069515,2200.0,200049,3962,178.77
ADSCAv2.1,8,10,4,11470,200000,2222.1608152930844,22.160815293084397,2200.0,200042,3962,178.88
ADSCAv2.1,8,10,5,11471,200000,2336.5343096928927,136.53430969289275,2200.0,200001,3965,178.21
ADSCAv2.1,8,10,6,11472,200000,2895.53850733495,695.5385073349498,2200.0,200018,3968,177.76
ADSCAv2.1,8,10,7,11473,200000,2244.792576879076,44.79257687907602,2200.0,200013,3963,177.14
ADSCAv2.1,8,10,8,11474,200000,2573.8644710536937,373.8644710536937,2200.0,200007,3969,177.75
ADSCAv2.1,8,10,9,11475,200000,2734.3860256680127,534.3860256680127,2200.0,200035,3971,177.91
ADSCAv2.1,8,10,10,11476,200000,2415.9309027987692,215.93090279876924,2200.0,200045,3969,178.05
ADSCAv2.1,8,10,11,11477,200000,2336.2536523498775,136.25365234987748,2200.0,200046,3968,177.59
ADSCAv2.1,8,10,12,11478,200000,2316.616847168766,116.61684716876607,2200.0,200006,3963,177.35
ADSCAv2.1,8,10,13,11479,200000,2569.2067473101433,369.2067473101433,2200.0,200005,3968,177.68
ADSCAv2.1,8,10,14,11480,200000,2235.138549189601,35.13854918960078,2200.0,200000,3963,178.37
ADSCAv2.1,8,10,15,11481,200000,2387.5166774610852,187.51667746108524,2200.0,200029,3967,177.3
ADSCAv2.1,8,10,16,11482,200000,2336.824775877828,136.82477587782796,2200.0,200029,3963,178.28
ADSCAv2.1,8,10,18,11484,200000,2359.826217565173,159.826217565173,2200.0,200000,3964,178.86
ADSCAv2.1,8,10,17,11483,200000,2398.9936446461365,198.99364464613654,2200.0,200046,3965,180.14
ADSCAv2.1,8,10,19,11485,200000,2500.4680804529094,300.46808045290936,2200.0,200046,3966,178.88
ADSCAv2.1,8,10,20,11486,200000,2548.0489801130257,348.04898011302566,2200.0,200000,3968,176.64
ADSCAv2.1,8,10,21,11487,200000,2235.598372261566,35.598372261566055,2200.0,200044,3965,176.98
ADSCAv2.1,8,10,22,11488,200000,2596.6262938548566,396.6262938548566,2200.0,200042,3968,177.57
ADSCAv2.1,8,10,23,11489,200000,3046.859987668282,846.859987668282,2200.0,200049,3969,177.57
ADSCAv2.1,8,10,24,11490,200000,2571.092502957112,371.0925029571122,2200.0,200000,3963,177.46
ADSCAv2.1,8,10,25,11491,200000,2230.620118701744,30.620118701744104,2200.0,200035,3963,177.78
ADSCAv2.1,8,10,26,11492,200000,2324.6742612924118,124.67426129241176,2200.0,200000,3966,177.05
ADSCAv2.1,8,10,27,11493,200000,2578.4383003654016,378.4383003654016,2200.0,200038,3969,178.08
ADSCAv2.1,8,10,29,11495,200000,2295.2022158102236,95.2022158102236,2200.0,200049,3966,177.59
ADSCAv2.1,8,10,28,11494,200000,2343.0274441487895,143.02744414878953,2200.0,200011,3964,178.61
ADSCAv2.1,7,20,24,21390,500000,2663.683039823969,663.683039823969,2000.0,500038,9937,577.29
ADSCAv2.1,7,20,25,21391,500000,2594.0240309160067,594.0240309160067,2000.0,500032,9931,576.38
ADSCAv2.1,7,20,22,21388,500000,2408.1031456252117,408.1031456252117,2000.0,500007,9934,579.05
ADSCAv2.1,7,20,23,21389,500000,2296.0984823801964,296.0984823801964,2000.0,500018,9925,581.74
ADSCAv2.1,7,20,26,21392,500000,2467.326633818684,467.32663381868406,2000.0,500015,9923,580.02
ADSCAv2.1,7,20,28,21394,500000,2119.011942351047,119.01194235104686,2000.0,500021,9915,572.35
ADSCAv2.1,7,20,29,21395,500000,2253.297840281219,253.29784028121912,2000.0,500036,9929,573.26
ADSCAv2.1,7,20,27,21393,500000,2188.719452285256,188.719452285256,2000.0,500038,9927,580.31
ADSCAv2.1,8,20,0,21466,500000,2682.632061326126,482.63206132612595,2200.0,500030,9919,936.22
ADSCAv2.1,8,20,2,21468,500000,3046.591664462938,846.5916644629378,2200.0,500040,9920,939.77
ADSCAv2.1,8,20,3,21469,500000,2843.526375198047,643.5263751980469,2200.0,500022,9927,939.39
ADSCAv2.1,8,20,1,21467,500000,3015.1738485035416,815.1738485035416,2200.0,500035,9918,941.63
ADSCAv2.1,8,20,5,21471,500000,2696.308720936309,496.3087209363089,2200.0,500031,9919,931.6
ADSCAv2.1,8,20,4,21470,500000,2879.948442142701,679.948442142701,2200.0,500049,9930,934.09
ADSCAv2.1,8,20,7,21473,500000,2643.53207665357,443.53207665357013,2200.0,500019,9911,931.7
ADSCAv2.1,8,20,10,21476,500000,2531.724475469742,331.7244754697422,2200.0,500001,9915,930.28
ADSCAv2.1,8,20,9,21475,500000,2775.0444592462004,575.0444592462004,2200.0,500006,9918,933.48
ADSCAv2.1,8,20,6,21472,500000,2489.630349050009,289.63034905000904,2200.0,500002,9911,935.47
ADSCAv2.1,8,20,8,21474,500000,4147.947476412928,1947.9474764129282,2200.0,500005,9933,936.14
ADSCAv2.1,8,20,11,21477,500000,2906.9713017815866,706.9713017815866,2200.0,500003,9926,934.88
ADSCAv2.1,9,10,0,11566,200000,2746.9955241991565,446.99552419915653,2300.0,200002,3976,27.2
ADSCAv2.1,9,10,1,11567,200000,2663.345754588705,363.34575458870495,2300.0,200011,3972,28.0
ADSCAv2.1,9,10,2,11568,200000,2745.605473976968,445.6054739769679,2300.0,200022,3965,27.44
ADSCAv2.1,9,10,3,11569,200000,2733.2811622836525,433.2811622836525,2300.0,200022,3974,27.92
ADSCAv2.1,9,10,5,11571,200000,2300.000000593171,5.931710802542511e-07,2300.0,200010,3977,27.72
ADSCAv2.1,9,10,4,11570,200000,2300.000000000064,6.411937647499144e-11,2300.0,200036,3967,28.94
ADSCAv2.1,9,10,6,11572,200000,2300.000000000033,3.319655661471188e-11,2300.0,200003,3967,27.15
ADSCAv2.1,9,10,7,11573,200000,2300.000000000147,1.468833943363279e-10,2300.0,200039,3968,27.41
ADSCAv2.1,8,20,13,21479,500000,2708.7171939829873,508.7171939829873,2200.0,500038,9920,931.64
ADSCAv2.1,8,20,12,21478,500000,2563.8441535460674,363.84415354606745,2200.0,500010,9912,934.45
ADSCAv2.1,9,10,9,11575,200000,2745.605475497892,445.6054754978918,2300.0,200000,3968,27.31
ADSCAv2.1,9,10,8,11574,200000,2669.890127696357,369.890127696357,2300.0,200043,3972,27.86
ADSCAv2.1,9,10,10,11576,200000,2659.264123477229,359.2641234772291,2300.0,200000,3969,27.24
ADSCAv2.1,9,10,11,11577,200000,2683.856802217326,383.8568022173258,2300.0,200000,3982,27.55
ADSCAv2.1,9,10,12,11578,200000,2746.8475231980087,446.84752319800873,2300.0,200013,3974,27.93
ADSCAv2.1,8,20,14,21480,500000,2917.9256425518665,717.9256425518665,2200.0,500035,9917,935.67
ADSCAv2.1,9,10,13,11579,200000,2671.1575000909306,371.1575000909306,2300.0,200044,3974,28.21
ADSCAv2.1,8,20,15,21481,500000,2652.13208890109,452.1320889010899,2200.0,500028,9917,938.12
ADSCAv2.1,8,20,16,21482,500000,2751.7906534689614,551.7906534689614,2200.0,500036,9926,937.47
ADSCAv2.1,8,20,19,21485,500000,2425.2635394909,225.2635394908998,2200.0,500042,9912,931.68
ADSCAv2.1,8,20,17,21483,500000,2644.0501106392862,444.05011063928623,2200.0,500041,9918,937.45
ADSCAv2.1,8,20,20,21486,500000,2770.5757770410346,570.5757770410346,2200.0,500028,9923,931.82
ADSCAv2.1,8,20,18,21484,500000,3512.7877591820584,1312.7877591820584,2200.0,500004,9932,938.36
ADSCAv2.1,8,20,21,21487,500000,2450.2189401171095,250.21894011710947,2200.0,500001,9917,934.85
ADSCAv2.1,9,10,15,11581,200000,2670.208731745043,370.2087317450432,2300.0,200036,3977,27.7
ADSCAv2.1,9,10,14,11580,200000,2659.1025402920513,359.10254029205134,2300.0,200003,3971,28.28
ADSCAv2.1,9,10,16,11582,200000,2670.843474592381,370.84347459238097,2300.0,200021,3973,27.93
ADSCAv2.1,9,10,17,11583,200000,2300.000000003118,3.1182025850284845e-09,2300.0,200030,3968,28.25
ADSCAv2.1,9,10,18,11584,200000,2300.0000000000014,1.3642420526593924e-12,2300.0,200049,3968,28.04
ADSCAv2.1,9,10,20,11586,200000,2300.000000000077,7.685230229981244e-11,2300.0,200000,3967,27.71
ADSCAv2.1,9,10,19,11585,200000,2670.724051326374,370.72405132637414,2300.0,200025,3972,28.47
ADSCAv2.1,9,10,21,11587,200000,2671.26616355081,371.2661635508098,2300.0,200033,3973,27.67
ADSCAv2.1,9,10,22,11588,200000,2741.587584668927,441.58758466892687,2300.0,200029,3973,27.72
ADSCAv2.1,9,10,23,11589,200000,2669.7315092458016,369.7315092458016,2300.0,200048,3972,27.64
ADSCAv2.1,9,10,24,11590,200000,2659.170559419545,359.17055941954504,2300.0,200016,3975,28.17
ADSCAv2.1,9,10,25,11591,200000,2713.487162591637,413.4871625916371,2300.0,200039,3978,27.75
ADSCAv2.1,9,10,26,11592,200000,2669.8077712977283,369.8077712977283,2300.0,200036,3973,28.2
ADSCAv2.1,9,10,27,11593,200000,2661.8020009655484,361.80200096554836,2300.0,200039,3969,28.37
ADSCAv2.1,9,10,28,11594,200000,2745.6055210952604,445.6055210952604,2300.0,200016,3970,27.99
ADSCAv2.1,9,10,29,11595,200000,2300.000000000016,1.5916157281026244e-11,2300.0,200000,3966,28.2
ADSCAv2.1,9,20,0,21566,500000,2643.7496278071294,343.7496278071294,2300.0,500038,9934,70.63
ADSCAv2.1,9,20,1,21567,500000,2641.3480713916956,341.3480713916956,2300.0,500025,9928,70.63
ADSCAv2.1,9,20,2,21568,500000,2639.3572135037557,339.3572135037557,2300.0,500003,9926,70.45
ADSCAv2.1,9,20,3,21569,500000,2643.2789470283556,343.27894702835556,2300.0,500023,9932,70.64
ADSCAv2.1,9,20,4,21570,500000,2644.6626416842646,344.6626416842646,2300.0,500040,9933,70.53
ADSCAv2.1,9,20,5,21571,500000,2637.655221952331,337.655221952331,2300.0,500031,9921,69.74
ADSCAv2.1,9,20,6,21572,500000,2643.297444255853,343.29744425585295,2300.0,500049,9930,70.1
ADSCAv2.1,9,20,7,21573,500000,2642.8376603728557,342.8376603728557,2300.0,500017,9933,70.54
ADSCAv2.1,9,20,9,21575,500000,2644.4508339926283,344.4508339926283,2300.0,500009,9934,70.52
ADSCAv2.1,9,20,8,21574,500000,2638.775207050444,338.7752070504439,2300.0,500005,9923,71.46
ADSCAv2.1,9,20,10,21576,500000,2643.535186272116,343.5351862721159,2300.0,500043,9931,71.15
ADSCAv2.1,9,20,11,21577,500000,2647.5165170823484,347.5165170823484,2300.0,500020,9938,70.14
ADSCAv2.1,9,20,12,21578,500000,2641.5219430139214,341.5219430139214,2300.0,500023,9928,70.44
ADSCAv2.1,9,20,13,21579,500000,2641.740614575596,341.7406145755958,2300.0,500026,9931,71.02
ADSCAv2.1,9,20,14,21580,500000,2640.854318408644,340.85431840864385,2300.0,500011,9927,70.74
ADSCAv2.1,9,20,15,21581,500000,2638.792734785022,338.7927347850218,2300.0,500005,9920,70.93
ADSCAv2.1,9,20,16,21582,500000,2638.3611513509236,338.3611513509236,2300.0,500025,9924,71.14
ADSCAv2.1,9,20,17,21583,500000,2641.6091145858936,341.6091145858936,2300.0,500003,9924,70.14
ADSCAv2.1,9,20,18,21584,500000,2638.2716230245433,338.27162302454326,2300.0,500033,9922,70.23
ADSCAv2.1,9,20,19,21585,500000,2640.7778588971355,340.7778588971355,2300.0,500019,9934,70.72
ADSCAv2.1,9,20,20,21586,500000,2637.5339990288194,337.5339990288194,2300.0,500018,9920,70.93
ADSCAv2.1,9,20,21,21587,500000,2640.28903026634,340.28903026634,2300.0,500039,9932,70.78
ADSCAv2.1,9,20,23,21589,500000,2641.06050009714,341.06050009714,2300.0,500015,9936,71.02
ADSCAv2.1,9,20,22,21588,500000,2637.963711197226,337.9637111972261,2300.0,500046,9921,71.68
ADSCAv2.1,9,20,24,21590,500000,2647.593025708753,347.593025708753,2300.0,500040,9936,70.58
ADSCAv2.1,9,20,26,21592,500000,2643.873637284904,343.8736372849039,2300.0,500001,9937,69.69
ADSCAv2.1,9,20,25,21591,500000,2643.009246237524,343.00924623752417,2300.0,500049,9933,70.22
ADSCAv2.1,9,20,27,21593,500000,2644.5046884779954,344.5046884779954,2300.0,500032,9932,71.12
ADSCAv2.1,10,10,0,11666,200000,2630.4058365729893,230.4058365729893,2400.0,200000,3965,26.43
ADSCAv2.1,10,10,1,11667,200000,2625.138821640172,225.13882164017195,2400.0,200000,3963,26.24
ADSCAv2.1,10,10,2,11668,200000,2768.779878183898,368.77987818389784,2400.0,200007,3962,26.78
ADSCAv2.1,10,10,3,11669,200000,2631.607200211809,231.60720021180896,2400.0,200000,3963,26.75
ADSCAv2.1,10,10,4,11670,200000,2758.4215644716783,358.42156447167827,2400.0,200000,3963,26.64
ADSCAv2.1,10,10,5,11671,200000,2769.5347906820525,369.5347906820525,2400.0,200000,3962,26.75
ADSCAv2.1,10,10,6,11672,200000,2633.681041608707,233.6810416087069,2400.0,200000,3962,26.64
ADSCAv2.1,10,10,7,11673,200000,2634.9363171949713,234.93631719497125,2400.0,200000,3963,26.84
ADSCAv2.1,10,10,8,11674,200000,2627.8474194438127,227.84741944381267,2400.0,200000,3964,25.99
ADSCAv2.1,10,10,9,11675,200000,2629.4110668174685,229.4110668174685,2400.0,200015,3965,26.6
ADSCAv2.1,10,10,10,11676,200000,2628.0551564489856,228.0551564489856,2400.0,200041,3964,26.78
ADSCAv2.1,10,10,11,11677,200000,3616.1144407062257,1216.1144407062257,2400.0,200005,3965,26.44
ADSCAv2.1,10,10,12,11678,200000,2627.028461700419,227.02846170041903,2400.0,200020,3967,26.09
ADSCAv2.1,10,10,13,11679,200000,2638.739503368462,238.739503368462,2400.0,200047,3964,26.79
ADSCAv2.1,10,10,14,11680,200000,2758.5946706317754,358.59467063177544,2400.0,200008,3963,26.65
ADSCAv2.1,9,20,28,21594,500000,2640.367873856506,340.36787385650587,2300.0,500006,9928,69.81
ADSCAv2.1,10,10,15,11681,200000,2866.6900778440468,466.69007784404675,2400.0,200004,3966,26.72
ADSCAv2.1,10,10,16,11682,200000,2625.012812012714,225.01281201271422,2400.0,200001,3963,26.69
ADSCAv2.1,10,10,17,11683,200000,2799.1462776439375,399.14627764393754,2400.0,200024,3963,26.54
ADSCAv2.1,9,20,29,21595,500000,2645.8489740984955,345.84897409849555,2300.0,500030,9926,70.81
ADSCAv2.1,10,10,18,11684,200000,2746.305149642815,346.3051496428152,2400.0,200000,3963,26.71
ADSCAv2.1,10,10,19,11685,200000,2631.5120328880275,231.51203288802753,2400.0,200034,3964,26.58
ADSCAv2.1,10,10,20,11686,200000,2636.730169716055,236.73016971605512,2400.0,200045,3963,26.55
ADSCAv2.1,10,10,21,11687,200000,2744.0367815143445,344.0367815143445,2400.0,200000,3962,26.48
ADSCAv2.1,10,10,22,11688,200000,2625.2555009562966,225.2555009562966,2400.0,200000,3963,26.66
ADSCAv2.1,10,10,23,11689,200000,2621.836013617961,221.83601361796082,2400.0,200000,3964,26.39
ADSCAv2.1,10,10,24,11690,200000,2638.409010571808,238.4090105718078,2400.0,200000,3962,26.67
ADSCAv2.1,10,10,25,11691,200000,2626.734717785909,226.7347177859092,2400.0,200038,3966,26.82
ADSCAv2.1,10,10,26,11692,200000,2740.6795798038734,340.67957980387337,2400.0,200000,3963,26.17
ADSCAv2.1,10,10,27,11693,200000,2766.016736682374,366.0167366823739,2400.0,200009,3963,26.49
ADSCAv2.1,10,10,28,11694,200000,2646.3238008273593,246.32380082735926,2400.0,200015,3964,26.54
ADSCAv2.1,10,10,29,11695,200000,2636.470008965949,236.4700089659491,2400.0,200000,3964,26.75
ADSCAv2.1,10,20,0,21666,500000,5373.582641439379,2973.5826414393787,2400.0,500000,9907,67.11
ADSCAv2.1,10,20,1,21667,500000,5049.555403201031,2649.5554032010314,2400.0,500047,9909,66.56
ADSCAv2.1,10,20,2,21668,500000,4438.87145071914,2038.8714507191398,2400.0,500032,9910,66.56
ADSCAv2.1,10,20,3,21669,500000,2882.241143811035,482.2411438110348,2400.0,500013,9908,67.4
ADSCAv2.1,10,20,4,21670,500000,5699.831907334194,3299.8319073341936,2400.0,500046,9908,67.26
ADSCAv2.1,10,20,6,21672,500000,2815.0284621017536,415.0284621017536,2400.0,500020,9910,67.04
ADSCAv2.1,10,20,5,21671,500000,5460.996096565863,3060.996096565863,2400.0,500000,9907,67.55
ADSCAv2.1,10,20,7,21673,500000,5768.754951504021,3368.754951504021,2400.0,500012,9908,66.64
ADSCAv2.1,10,20,8,21674,500000,2853.5095334812495,453.5095334812495,2400.0,500005,9909,67.69
ADSCAv2.1,10,20,10,21676,500000,5392.592868690936,2992.5928686909356,2400.0,500044,9907,67.2
ADSCAv2.1,10,20,11,21677,500000,4292.147266902726,1892.1472669027262,2400.0,500002,9918,66.57
ADSCAv2.1,10,20,9,21675,500000,4026.7173035912756,1626.7173035912756,2400.0,500044,9908,67.54
ADSCAv2.1,10,20,12,21678,500000,2821.6276385039055,421.6276385039055,2400.0,500049,9910,67.57
ADSCAv2.1,10,20,13,21679,500000,5220.568993071046,2820.568993071046,2400.0,500001,9907,68.3
ADSCAv2.1,10,20,14,21680,500000,4895.919859101705,2495.919859101705,2400.0,500002,9907,67.36
ADSCAv2.1,10,20,15,21681,500000,4841.502775410309,2441.5027754103094,2400.0,500028,9908,67.52
ADSCAv2.1,10,20,16,21682,500000,3120.5917571499845,720.5917571499845,2400.0,500001,9911,67.13
ADSCAv2.1,10,20,18,21684,500000,5360.837690538743,2960.837690538743,2400.0,500000,9912,67.28
ADSCAv2.1,10,20,17,21683,500000,5318.514744973872,2918.5147449738724,2400.0,500027,9913,68.42
ADSCAv2.1,10,20,20,21686,500000,4922.989814069763,2522.9898140697633,2400.0,500002,9907,67.68
ADSCAv2.1,10,20,19,21685,500000,4966.335020663925,2566.335020663925,2400.0,500006,9908,68.11
ADSCAv2.1,10,20,21,21687,500000,5020.724673874311,2620.7246738743106,2400.0,500000,9906,67.9
ADSCAv2.1,10,20,22,21688,500000,2840.1881264288795,440.1881264288795,2400.0,500030,9909,67.61
ADSCAv2.1,10,20,23,21689,500000,2813.393658877002,413.39365887700205,2400.0,500000,9910,68.07
ADSCAv2.1,10,20,24,21690,500000,5081.586987740272,2681.586987740272,2400.0,500000,9910,68.16
ADSCAv2.1,10,20,25,21691,500000,4264.0039544728625,1864.0039544728625,2400.0,500046,9908,68.23
ADSCAv2.1,10,20,26,21692,500000,4216.605291948073,1816.6052919480726,2400.0,500048,9909,66.95
ADSCAv2.1,10,20,27,21693,500000,4919.355710809094,2519.3557108090936,2400.0,500009,9907,67.95
ADSCAv2.1,11,10,0,11766,200000,2600.0000000000014,1.3642420526593924e-12,2600.0,200044,3964,44.34
ADSCAv2.1,11,10,2,11768,200000,2600.0000000000014,1.3642420526593924e-12,2600.0,200000,3963,44.07
ADSCAv2.1,11,10,1,11767,200000,2621.4796818703985,21.479681870398508,2600.0,200018,3965,44.45
ADSCAv2.1,11,10,3,11769,200000,2600.000000000011,1.0913936421275139e-11,2600.0,200045,3969,43.78
ADSCAv2.1,11,10,4,11770,200000,3477.3197662771518,877.3197662771518,2600.0,200000,3961,43.57
ADSCAv2.1,11,10,5,11771,200000,2622.113901666251,22.113901666250968,2600.0,200019,3962,44.67
ADSCAv2.1,11,10,6,11772,200000,2600.000000000048,4.8203219193965197e-11,2600.0,200049,3966,44.22
ADSCAv2.1,10,20,29,21695,500000,5111.830539166729,2711.830539166729,2400.0,500009,9912,66.63
ADSCAv2.1,11,10,8,11774,200000,2600.000000000005,5.002220859751105e-12,2600.0,200000,3964,43.24
ADSCAv2.1,11,10,7,11773,200000,2600.0000000000305,3.0468072509393096e-11,2600.0,200000,3964,43.9
ADSCAv2.1,10,20,28,21694,500000,4849.670999599117,2449.670999599117,2400.0,500015,9909,67.7
ADSCAv2.1,11,10,9,11775,200000,2600.0000000000755,7.548806024715304e-11,2600.0,200003,3967,44.06
ADSCAv2.1,11,10,10,11776,200000,2619.7137864000583,19.713786400058325,2600.0,200048,3966,43.65
ADSCAv2.1,11,10,11,11777,200000,2600.0000000000036,3.637978807091713e-12,2600.0,200032,3963,44.19
ADSCAv2.1,11,10,12,11778,200000,2600.000000000002,1.8189894035458565e-12,2600.0,200027,3965,43.81
ADSCAv2.1,11,10,14,11780,200000,2600.000000000003,3.183231456205249e-12,2600.0,200000,3963,43.47
ADSCAv2.1,11,10,13,11779,200000,2600.000000000071,7.09405867382884e-11,2600.0,200000,3966,43.77
ADSCAv2.1,11,10,15,11781,200000,2600.000000000002,1.8189894035458565e-12,2600.0,200003,3964,43.34
ADSCAv2.1,11,10,16,11782,200000,2600.000000000001,9.094947017729282e-13,2600.0,200000,3964,44.31
ADSCAv2.1,11,10,17,11783,200000,2600.0000000000014,1.3642420526593924e-12,2600.0,200000,3965,43.51
ADSCAv2.1,11,10,18,11784,200000,2600.000000000002,1.8189894035458565e-12,2600.0,200016,3963,43.37
ADSCAv2.1,11,10,19,11785,200000,2600.0000000000127,1.2732925824820995e-11,2600.0,200019,3965,43.76
ADSCAv2.1,11,10,21,11787,200000,2600.0000000009913,9.913492249324918e-10,2600.0,200032,3968,43.38
ADSCAv2.1,11,10,20,11786,200000,2647.7442808513847,47.7442808513847,2600.0,200000,3965,44.07
ADSCAv2.1,11,10,23,11789,200000,2600.000000000024,2.4101609596982598e-11,2600.0,200002,3966,43.26
ADSCAv2.1,11,10,22,11788,200000,2600.000000000002,1.8189894035458565e-12,2600.0,200000,3965,44.29
ADSCAv2.1,11,10,24,11790,200000,2600.0000000000023,2.2737367544323206e-12,2600.0,200002,3964,43.51
ADSCAv2.1,11,10,25,11791,200000,2600.000000000002,1.8189894035458565e-12,2600.0,200000,3964,43.71
ADSCAv2.1,11,10,26,11792,200000,2600.0000000000027,2.7284841053187847e-12,2600.0,200041,3965,43.93
ADSCAv2.1,11,10,28,11794,200000,2600.0000000000036,3.637978807091713e-12,2600.0,200000,3964,43.3
ADSCAv2.1,11,10,27,11793,200000,2622.9744489377154,22.97444893771535,2600.0,200000,3962,44.53
ADSCAv2.1,11,10,29,11795,200000,2600.000000000028,2.8194335754960775e-11,2600.0,200031,3966,44.05
ADSCAv2.1,11,20,0,21766,500000,2600.000000000007,6.821210263296962e-12,2600.0,500005,9919,110.33
ADSCAv2.1,11,20,1,21767,500000,2600.0000000000023,2.2737367544323206e-12,2600.0,500029,9913,110.79
ADSCAv2.1,11,20,5,21771,500000,2600.0000000000027,2.7284841053187847e-12,2600.0,500011,9916,110.03
ADSCAv2.1,11,20,2,21768,500000,2600.0000000000036,3.637978807091713e-12,2600.0,500023,9914,111.73
ADSCAv2.1,11,20,3,21769,500000,2600.0000000000027,2.7284841053187847e-12,2600.0,500005,9915,110.84
ADSCAv2.1,11,20,7,21773,500000,2600.0000000000023,2.2737367544323206e-12,2600.0,500045,9916,110.1
ADSCAv2.1,11,20,4,21770,500000,2600.0000000000023,2.2737367544323206e-12,2600.0,500009,9915,111.74
ADSCAv2.1,11,20,6,21772,500000,2600.000000067957,6.795698936912231e-08,2600.0,500048,9928,111.27
ADSCAv2.1,11,20,8,21774,500000,2600.000000000002,1.8189894035458565e-12,2600.0,500048,9912,111.29
ADSCAv2.1,11,20,9,21775,500000,2600.0000000000023,2.2737367544323206e-12,2600.0,500047,9913,110.12
ADSCAv2.1,11,20,10,21776,500000,2600.000000006464,6.463778845500201e-09,2600.0,500030,9922,110.79
ADSCAv2.1,11,20,11,21777,500000,2600.0000000000023,2.2737367544323206e-12,2600.0,500042,9913,110.18
ADSCAv2.1,11,20,12,21778,500000,2600.000000000004,4.092726157978177e-12,2600.0,500038,9918,109.84
ADSCAv2.1,11,20,13,21779,500000,2618.913641466246,18.91364146624619,2600.0,500005,9912,112.73
ADSCAv2.1,8,20,22,21488,500000,2517.140481937543,317.140481937543,2200.0,500042,9912,820.84
ADSCAv2.1,8,20,23,21489,500000,2516.5222199095947,316.5222199095947,2200.0,500019,9917,825.28
ADSCAv2.1,8,20,25,21491,500000,2755.357015912566,555.3570159125661,2200.0,500030,9919,824.33
ADSCAv2.1,8,20,24,21490,500000,2449.9992389951703,249.99923899517034,2200.0,500032,9917,829.28
ADSCAv2.1,11,20,14,21780,500000,2600.000000000002,1.8189894035458565e-12,2600.0,500034,9910,110.9
ADSCAv2.1,11,20,15,21781,500000,2600.0000000000023,2.2737367544323206e-12,2600.0,500031,9916,110.84
ADSCAv2.1,12,10,0,11866,200000,2870.5353494256537,170.53534942565375,2700.0,200000,3961,47.74
ADSCAv2.1,12,10,1,11867,200000,2871.665042062033,171.66504206203308,2700.0,200000,3962,48.39
ADSCAv2.1,11,20,18,21784,500000,2600.0000000000023,2.2737367544323206e-12,2600.0,500042,9915,109.95
ADSCAv2.1,11,20,20,21786,500000,2600.000000000002,1.8189894035458565e-12,2600.0,500022,9915,109.17
ADSCAv2.1,11,20,16,21782,500000,2600.0000000000036,3.637978807091713e-12,2600.0,500022,9918,111.08
ADSCAv2.1,11,20,19,21785,500000,2600.0000000000027,2.7284841053187847e-12,2600.0,500047,9913,110.65
ADSCAv2.1,11,20,17,21783,500000,2600.0000000000027,2.7284841053187847e-12,2600.0,500013,9916,111.84
ADSCAv2.1,11,20,22,21788,500000,2600.000000000002,1.8189894035458565e-12,2600.0,500045,9913,110.22
ADSCAv2.1,11,20,21,21787,500000,2600.000000000003,3.183231456205249e-12,2600.0,500009,9914,111.7
ADSCAv2.1,11,20,23,21789,500000,2600.0000000000073,7.275957614183426e-12,2600.0,500001,9919,110.59
ADSCAv2.1,11,20,24,21790,500000,2600.0000000000027,2.7284841053187847e-12,2600.0,500043,9911,109.33
ADSCAv2.1,8,20,26,21492,500000,2727.4546790870145,527.4546790870145,2200.0,500021,9919,821.63
ADSCAv2.1,8,20,28,21494,500000,2453.1803603023873,253.18036030238727,2200.0,500043,9911,820.08
ADSCAv2.1,8,20,29,21495,500000,2702.1513407727934,502.15134077279345,2200.0,500024,9917,821.29
ADSCAv2.1,11,20,26,21792,500000,2600.000000000009,9.094947017729282e-12,2600.0,500014,9922,110.55
ADSCAv2.1,8,20,27,21493,500000,2353.8601677020183,153.86016770201832,2200.0,500047,9908,821.99
ADSCAv2.1,11,20,25,21791,500000,2600.0000000000023,2.2737367544323206e-12,2600.0,500001,9911,111.57
ADSCAv2.1,11,20,27,21793,500000,2600.000000000002,1.8189894035458565e-12,2600.0,500031,9912,110.69
ADSCAv2.1,12,10,2,11868,200000,2870.757516739904,170.75751673990408,2700.0,200000,3962,48.04
ADSCAv2.1,12,10,3,11869,200000,3027.4964333418934,327.4964333418934,2700.0,200010,3966,48.67
ADSCAv2.1,12,10,4,11870,200000,2870.0485263240093,170.04852632400934,2700.0,200010,3962,47.89
ADSCAv2.1,11,20,28,21794,500000,2600.0000000000077,7.73070496506989e-12,2600.0,500021,9920,110.95
ADSCAv2.1,12,10,5,11871,200000,2923.951405748062,223.95140574806192,2700.0,200040,3964,48.01
ADSCAv2.1,12,10,6,11872,200000,2911.5366619615334,211.53666196153335,2700.0,200000,3961,48.17
ADSCAv2.1,12,10,8,11874,200000,2875.799878712618,175.799878712618,2700.0,200047,3966,47.8
ADSCAv2.1,12,10,7,11873,200000,2924.510235628971,224.5102356289708,2700.0,200029,3962,48.85
ADSCAv2.1,12,10,9,11875,200000,2986.5005485450106,286.5005485450106,2700.0,200000,3962,48.22
ADSCAv2.1,12,10,11,11877,200000,3046.5732566579904,346.57325665799044,2700.0,200046,3966,48.07
ADSCAv2.1,12,10,10,11876,200000,2926.4787893221164,226.47878932211643,2700.0,200000,3961,48.62
ADSCAv2.1,12,10,12,11878,200000,2890.710766223495,190.71076622349483,2700.0,200050,3963,48.29
ADSCAv2.1,12,10,13,11879,200000,2897.121862939667,197.12186293966715,2700.0,200000,3962,48.11
ADSCAv2.1,11,20,29,21795,500000,2600.0000000000036,3.637978807091713e-12,2600.0,500023,9915,111.63
ADSCAv2.1,12,10,14,11880,200000,2968.974655950202,268.97465595020185,2700.0,200000,3962,47.97
ADSCAv2.1,12,10,15,11881,200000,2866.2241114934623,166.22411149346226,2700.0,200000,3961,48.3
ADSCAv2.1,12,10,16,11882,200000,2878.266585233988,178.26658523398783,2700.0,200015,3963,48.6
ADSCAv2.1,12,10,17,11883,200000,2899.180088599941,199.18008859994097,2700.0,200015,3963,48.43
ADSCAv2.1,12,10,19,11885,200000,2873.906545523443,173.90654552344313,2700.0,200018,3964,48.15
ADSCAv2.1,12,10,18,11884,200000,2887.6748449039333,187.67484490393326,2700.0,200024,3962,48.42
ADSCAv2.1,12,10,20,11886,200000,2873.7360979121245,173.73609791212448,2700.0,200000,3962,48.27
ADSCAv2.1,12,10,21,11887,200000,3129.1352039806507,429.13520398065066,2700.0,200000,3962,48.51
ADSCAv2.1,12,10,22,11888,200000,2870.185139986278,170.18513998627805,2700.0,200000,3961,48.15
ADSCAv2.1,12,10,23,11889,200000,2944.2834876846646,244.28348768466458,2700.0,200000,3961,48.66
ADSCAv2.1,12,10,24,11890,200000,2868.047293363047,168.04729336304717,2700.0,200000,3962,47.83
ADSCAv2.1,12,10,25,11891,200000,2957.9371945538783,257.93719455387827,2700.0,200000,3962,49.18
ADSCAv2.1,12,10,26,11892,200000,2891.834463964235,191.83446396423506,2700.0,200004,3963,48.77
ADSCAv2.1,12,10,27,11893,200000,2904.868039411276,204.8680394112762,2700.0,200046,3963,48.66
ADSCAv2.1,12,10,29,11895,200000,3057.572208584146,357.5722085841462,2700.0,200000,3962,48.09
ADSCAv2.1,12,10,28,11894,200000,2870.345822858194,170.34582285819397,2700.0,200001,3962,48.71
ADSCAv2.1,12,20,1,21867,500000,3221.1677198060015,521.1677198060015,2700.0,500031,9910,121.41
ADSCAv2.1,12,20,0,21866,500000,3071.5300020220657,371.5300020220657,2700.0,500036,9907,122.6
ADSCAv2.1,12,20,2,21868,500000,3116.38626257737,416.38626257736996,2700.0,500020,9907,122.21
ADSCAv2.1,12,20,3,21869,500000,3064.882439665645,364.88243966564505,2700.0,500000,9906,122.93
ADSCAv2.1,12,20,4,21870,500000,3134.2092346490836,434.20923464908356,2700.0,500044,9907,122.43
ADSCAv2.1,12,20,5,21871,500000,3258.362279190611,558.3622791906109,2700.0,500000,9907,121.32
ADSCAv2.1,12,20,6,21872,500000,3285.716030329124,585.7160303291239,2700.0,500004,9905,121.65
ADSCAv2.1,12,20,7,21873,500000,3200.6256546629706,500.62565466297065,2700.0,500000,9904,122.29
ADSCAv2.1,12,20,8,21874,500000,3188.7879257299574,488.78792572995735,2700.0,500049,9908,121.83
ADSCAv2.1,12,20,10,21876,500000,3071.886110200062,371.8861102000619,2700.0,500010,9910,120.87
ADSCAv2.1,12,20,9,21875,500000,3101.9880744033935,401.9880744033935,2700.0,500047,9907,121.55
ADSCAv2.1,12,20,12,21878,500000,3023.8855286447074,323.8855286447074,2700.0,500010,9908,121.95
ADSCAv2.1,12,20,11,21877,500000,3159.3309090829266,459.3309090829266,2700.0,500046,9907,122.52
ADSCAv2.1,12,20,13,21879,500000,3048.049044936916,348.04904493691583,2700.0,500001,9908,120.94
ADSCAv2.1,12,20,14,21880,500000,3023.2200583403423,323.22005834034235,2700.0,500000,9907,120.92
ADSCAv2.1,12,20,15,21881,500000,3310.1341181764556,610.1341181764556,2700.0,500013,9905,120.04
ADSCAv2.1,12,20,16,21882,500000,3233.676888587781,533.6768885877809,2700.0,500017,9910,119.11
ADSCAv2.1,12,20,17,21883,500000,3111.271633081984,411.27163308198396,2700.0,500043,9908,118.52
ADSCAv2.1,12,20,18,21884,500000,3001.2483344202037,301.2483344202037,2700.0,500000,9904,116.75
ADSCAv2.1,12,20,20,21886,500000,3368.690273278983,668.6902732789831,2700.0,500001,9909,115.21
ADSCAv2.1,12,20,19,21885,500000,3333.6710393887442,633.6710393887442,2700.0,500000,9905,115.77
ADSCAv2.1,12,20,21,21887,500000,3101.5429902778014,401.54299027780144,2700.0,500001,9907,115.75
ADSCAv2.1,12,20,22,21888,500000,3357.6587259663193,657.6587259663193,2700.0,500031,9910,78.99
ADSCAv2.1,12,20,23,21889,500000,3130.3858813152256,430.38588131522556,2700.0,500032,9908,78.79
ADSCAv2.1,12,20,25,21891,500000,3124.211012170888,424.2110121708879,2700.0,500000,9906,77.3
ADSCAv2.1,12,20,24,21890,500000,3009.702754535119,309.70275453511886,2700.0,500003,9905,79.14
ADSCAv2.1,12,20,27,21893,500000,3036.5779018946055,336.5779018946055,2700.0,500049,9908,76.47
ADSCAv2.1,12,20,26,21892,500000,3142.811959909222,442.81195990922197,2700.0,500000,9905,77.69
ADSCAv2.1,12,20,28,21894,500000,3089.4808385030615,389.4808385030615,2700.0,500015,9908,67.49
ADSCAv2.1,12,20,29,21895,500000,3445.4029350147753,745.4029350147753,2700.0,500002,9906,66.61
