algo,T,func_id,dim,run_id,seed,budget,best_fitness,error,f_global,fe,gens,trig_count,runtime
ADPSO_T25,25,1,10,0,10766,200000,300.0000733811899,7.338118990674047e-05,300.0,200050,3849,7550,3.72
ADPSO_T25,25,1,10,12,10778,200000,300.00006794742814,6.794742813553967e-05,300.0,200003,3848,7553,3.44
ADPSO_T25,25,1,10,2,10768,200000,300.00007389874236,7.389874235741445e-05,300.0,200012,3848,7562,3.72
ADPSO_T25,25,1,10,3,10769,200000,300.0000568434721,5.684347212309149e-05,300.0,200044,3849,7544,3.73
ADPSO_T25,25,1,10,1,10767,200000,300.00008305738004,8.305738003855367e-05,300.0,200051,3849,7551,3.81
ADPSO_T25,25,1,10,5,10771,200000,300.0000628554752,6.285547522111301e-05,300.0,200042,3849,7542,3.66
ADPSO_T25,25,1,10,6,10772,200000,300.0000753976238,7.539762378883097e-05,300.0,200044,3849,7544,3.69
ADPSO_T25,25,1,10,7,10773,200000,300.0000225675351,2.2567535097550717e-05,300.0,200051,3849,7551,3.71
ADPSO_T25,25,1,10,10,10776,200000,300.00007255774386,7.255774386294433e-05,300.0,200046,3849,7546,3.71
ADPSO_T25,25,1,10,15,10781,200000,300.0000649440187,6.494401867485067e-05,300.0,200047,3849,7547,3.72
ADPSO_T25,25,1,10,19,10785,200000,300.00007193708615,7.193708614749994e-05,300.0,200048,3849,7548,3.67
ADPSO_T25,25,1,10,14,10780,200000,300.0000423528769,4.235287690335099e-05,300.0,200038,3849,7538,3.76
ADPSO_T25,25,1,10,9,10775,200000,300.0000772606975,7.726069748059672e-05,300.0,200039,3849,7539,3.85
ADPSO_T25,25,1,10,16,10782,200000,300.00004229173214,4.2291732142984984e-05,300.0,200046,3849,7546,3.76
ADPSO_T25,25,1,10,13,10779,200000,300.00002861957364,2.8619573640753515e-05,300.0,200047,3849,7547,3.82
ADPSO_T25,25,1,10,4,10770,200000,300.0000799137565,7.991375650817645e-05,300.0,200048,3849,7548,3.98
ADPSO_T25,25,1,10,17,10783,200000,300.00008684046463,8.68404646325871e-05,300.0,200000,3848,7550,3.8
ADPSO_T25,25,1,10,11,10777,200000,300.00006217387,6.217386999196606e-05,300.0,200046,3849,7546,3.9
ADPSO_T25,25,1,10,8,10774,200000,300.0000877426264,8.774262641964015e-05,300.0,200042,3849,7542,4.0
ADPSO_T25,25,1,10,21,10787,200000,300.0000618564646,6.185646458334304e-05,300.0,200002,3848,7552,3.81
ADPSO_T25,25,1,10,20,10786,200000,300.0000964987306,9.649873061334802e-05,300.0,200039,3849,7539,3.84
ADPSO_T25,25,1,10,18,10784,200000,300.00008914205534,8.914205534438224e-05,300.0,200047,3849,7547,3.87
ADPSO_T25,25,1,10,24,10790,200000,300.0000550920827,5.509208267540089e-05,300.0,200037,3849,7537,3.44
ADPSO_T25,25,1,10,25,10791,200000,300.0001226950398,0.0001226950398063309,300.0,200051,3849,7551,3.48
ADPSO_T25,25,1,10,22,10788,200000,300.00006014726586,6.014726585590324e-05,300.0,200000,3848,7550,3.67
ADPSO_T25,25,1,10,23,10789,200000,300.00006805036156,6.805036156265487e-05,300.0,200004,3848,7554,3.66
ADPSO_T25,25,1,10,26,10792,200000,300.0000791423467,7.914234669215148e-05,300.0,200047,3849,7547,3.61
ADPSO_T25,25,1,10,27,10793,200000,300.0000488806121,4.888061209840089e-05,300.0,200049,3849,7549,3.61
ADPSO_T25,25,1,10,28,10794,200000,300.0000661368908,6.613689077994422e-05,300.0,200048,3849,7548,3.65
ADPSO_T25,25,1,10,29,10795,200000,300.0000568908016,5.689080160209414e-05,300.0,200048,3849,7548,3.66
ADPSO_T25,25,1,20,0,20766,500000,300.00028273925983,0.0002827392598305778,300.0,500044,9620,18994,9.37
ADPSO_T25,25,1,20,6,20772,500000,300.00016325277295,0.00016325277294981788,300.0,500022,9620,18972,9.34
ADPSO_T25,25,1,20,8,20774,500000,300.0002433439341,0.00024334393407343669,300.0,500034,9620,18984,9.34
ADPSO_T25,25,1,20,1,20767,500000,300.0002975981937,0.0002975981936970129,300.0,500019,9620,18969,9.49
ADPSO_T25,25,1,20,7,20773,500000,300.0002895560189,0.00028955601891311744,300.0,500051,9620,19001,9.43
ADPSO_T25,25,1,20,2,20768,500000,300.0002023820076,0.0002023820076146876,300.0,500020,9620,18970,9.52
ADPSO_T25,25,1,20,13,20779,500000,300.0003405687674,0.00034056876739896325,300.0,500040,9620,18990,9.4
ADPSO_T25,25,1,20,4,20770,500000,300.00019556794564,0.00019556794563868607,300.0,500030,9620,18980,9.58
ADPSO_T25,25,1,20,3,20769,500000,300.00016649193066,0.00016649193065632062,300.0,500035,9620,18985,9.68
ADPSO_T25,25,1,20,9,20775,500000,300.00021108811313,0.00021108811313297338,300.0,500045,9620,18995,9.6
ADPSO_T25,25,1,20,12,20778,500000,300.0002384871832,0.00023848718319641193,300.0,500053,9620,19003,9.56
ADPSO_T25,25,1,20,10,20776,500000,300.00022884435003,0.00022884435003334147,300.0,500045,9620,18995,9.66
ADPSO_T25,25,1,20,5,20771,500000,300.0002256041369,0.00022560413691508074,300.0,500042,9620,18992,9.81
ADPSO_T25,25,1,20,11,20777,500000,300.00021170197533,0.0002117019753313798,300.0,500049,9620,18999,9.78
ADPSO_T25,25,1,20,19,20785,500000,300.00018774628325,0.00018774628324536025,300.0,500049,9620,18999,9.57
ADPSO_T25,25,1,20,14,20780,500000,300.00019527219075,0.00019527219075143876,300.0,500027,9620,18977,9.88
ADPSO_T25,25,1,20,17,20783,500000,300.0002048937079,0.0002048937079166535,300.0,500032,9620,18982,9.73
ADPSO_T25,25,1,20,15,20781,500000,300.00016982712816,0.00016982712816115964,300.0,500033,9620,18983,9.85
ADPSO_T25,25,1,20,16,20782,500000,300.00033364072584,0.00033364072584163296,300.0,500041,9620,18991,9.89
ADPSO_T25,25,1,20,18,20784,500000,300.0002248054561,0.0002248054561277968,300.0,500042,9620,18992,9.94
ADPSO_T25,25,1,20,20,20786,500000,300.00022287995154,0.0002228799515364699,300.0,500038,9620,18988,10.0
ADPSO_T25,25,1,20,21,20787,500000,300.00018815971316,0.00018815971316143987,300.0,500034,9620,18984,10.12
ADPSO_T25,25,2,10,2,10868,200000,404.15614396999246,4.156143969992456,400.0,200016,3863,6816,4.67
ADPSO_T25,25,2,10,3,10869,200000,404.180222679578,4.18022267957798,400.0,200047,3859,7047,4.62
ADPSO_T25,25,2,10,1,10867,200000,408.91610280057813,8.91610280057813,400.0,200044,3848,7594,4.92
ADPSO_T25,25,2,10,4,10870,200000,404.37487216645826,4.37487216645826,400.0,200045,3851,7445,4.83
ADPSO_T25,25,2,10,0,10866,200000,404.18311860350275,4.183118603502749,400.0,200032,3856,7182,5.02
ADPSO_T25,25,2,10,5,10871,200000,404.211250400195,4.211250400195013,400.0,200038,3858,7088,5.12
ADPSO_T25,25,2,10,6,10872,200000,404.23084454803154,4.230844548031541,400.0,200042,3854,7292,4.64
ADPSO_T25,25,2,10,7,10873,200000,404.37484019403274,4.374840194032743,400.0,200045,3851,7445,4.56
ADPSO_T25,25,2,10,8,10874,200000,404.18701214921015,4.1870121492101475,400.0,200050,3856,7200,4.58
ADPSO_T25,25,2,10,9,10875,200000,404.17334305804116,4.173343058041155,400.0,200024,3859,7024,4.66
ADPSO_T25,25,2,10,10,10876,200000,404.37503067603427,4.375030676034271,400.0,200000,3850,7450,4.6
ADPSO_T25,25,2,10,11,10877,200000,404.1798266179995,4.179826617999481,400.0,200022,3856,7172,4.52
ADPSO_T25,25,2,10,13,10879,200000,404.1870620170708,4.187062017070787,400.0,200023,3858,7073,4.56
ADPSO_T25,25,2,10,12,10878,200000,404.1852429040193,4.185242904019276,400.0,200030,3861,6930,4.79
ADPSO_T25,25,2,10,15,10881,200000,404.1833517196472,4.183351719647192,400.0,200002,3863,6802,4.61
ADPSO_T25,25,2,10,14,10880,200000,404.1739146343755,4.173914634375478,400.0,200035,3862,6885,4.63
ADPSO_T25,25,1,20,26,20792,500000,300.0001874255471,0.00018742554709660908,300.0,500022,9620,18972,9.55
ADPSO_T25,25,1,20,22,20788,500000,300.0003526468703,0.00035264687028302433,300.0,500035,9620,18985,9.81
ADPSO_T25,25,1,20,25,20791,500000,300.0002558162211,0.0002558162211130366,300.0,500036,9620,18986,9.62
ADPSO_T25,25,2,10,16,10882,200000,408.91610348990815,8.916103489908153,400.0,200025,3848,7575,4.51
ADPSO_T25,25,1,20,23,20789,500000,300.0002270669488,0.0002270669488098065,300.0,500035,9620,18985,9.78
ADPSO_T25,25,2,10,18,10884,200000,408.91610279949236,8.916102799492364,400.0,200028,3848,7578,4.48
ADPSO_T25,25,1,20,27,20793,500000,300.00020238011086,0.00020238011086348706,300.0,500019,9620,18969,9.77
ADPSO_T25,25,1,20,24,20790,500000,300.00025125638723,0.00025125638723011434,300.0,500041,9620,18991,9.87
ADPSO_T25,25,1,20,28,20794,500000,300.00033804271095,0.00033804271095050353,300.0,500032,9620,18982,9.9
ADPSO_T25,25,2,10,19,10885,200000,408.91610249249794,8.916102492497942,400.0,200003,3848,7553,4.49
ADPSO_T25,25,2,10,17,10883,200000,404.1722491278046,4.172249127804605,400.0,200033,3856,7183,4.86
ADPSO_T25,25,1,20,29,20795,500000,300.0002589621834,0.0002589621834090394,300.0,500045,9620,18995,9.94
ADPSO_T25,25,2,10,21,10887,200000,404.16136052711477,4.161360527114766,400.0,200011,3864,6761,4.65
ADPSO_T25,25,2,10,22,10888,200000,408.91610296342265,8.916102963422645,400.0,200018,3848,7568,4.64
ADPSO_T25,25,2,10,20,10886,200000,408.9161028250038,8.916102825003804,400.0,200025,3848,7575,4.79
ADPSO_T25,25,2,10,24,10890,200000,404.1765503482754,4.176550348275384,400.0,200029,3858,7079,4.72
ADPSO_T25,25,2,10,23,10889,200000,404.20132318816565,4.201323188165645,400.0,200037,3862,6887,4.83
ADPSO_T25,25,2,10,25,10891,200000,404.3038608303634,4.303860830363419,400.0,200017,3853,7317,4.81
ADPSO_T25,25,2,10,26,10892,200000,408.9161027027266,8.916102702726619,400.0,200020,3848,7570,4.74
ADPSO_T25,25,2,10,27,10893,200000,404.19172826255254,4.1917282625525445,400.0,200007,3863,6807,4.7
ADPSO_T25,25,2,10,28,10894,200000,404.20248777504503,4.202487775045029,400.0,200012,3854,7262,4.57
ADPSO_T25,25,2,10,29,10895,200000,404.1669705805748,4.166970580574798,400.0,200029,3859,7029,4.7
ADPSO_T25,25,2,20,1,20867,500000,405.2241191571212,5.2241191571212084,400.0,500049,9632,18399,12.09
ADPSO_T25,25,2,20,4,20870,500000,403.5037363182152,3.5037363182152035,400.0,500038,9645,17738,11.99
ADPSO_T25,25,2,20,3,20869,500000,449.0845187347964,49.084518734796404,400.0,500047,9620,18997,12.06
ADPSO_T25,25,2,20,0,20866,500000,449.08450636916933,49.08450636916933,400.0,500025,9620,18975,12.19
ADPSO_T25,25,2,20,2,20868,500000,449.0845176322402,49.08451763224019,400.0,500020,9620,18970,12.19
ADPSO_T25,25,2,20,7,20873,500000,444.8954881603243,44.895488160324305,400.0,500003,9620,18953,12.07
ADPSO_T25,25,2,20,6,20872,500000,449.0845025680261,49.084502568026096,400.0,500007,9622,18857,12.17
ADPSO_T25,25,2,20,5,20871,500000,402.8419941159592,2.84199411595921,400.0,500015,9665,16715,12.24
ADPSO_T25,25,2,20,8,20874,500000,449.0845210909412,49.08452109094122,400.0,500050,9621,18950,12.0
ADPSO_T25,25,2,20,10,20876,500000,402.3768224492347,2.3768224492346803,400.0,500043,9648,17593,12.07
ADPSO_T25,25,2,20,11,20877,500000,449.08452079241715,49.08452079241715,400.0,500022,9621,18922,12.11
ADPSO_T25,25,2,20,9,20875,500000,400.0073687997173,0.007368799717312413,400.0,500032,9633,18332,12.14
ADPSO_T25,25,2,20,15,20881,500000,449.08452414486123,49.084524144861234,400.0,500030,9620,18980,11.61
ADPSO_T25,25,2,20,14,20880,500000,449.08452489461223,49.08452489461223,400.0,500030,9622,18880,11.81
ADPSO_T25,25,2,20,12,20878,500000,449.08451671683906,49.08451671683906,400.0,500002,9621,18902,11.93
ADPSO_T25,25,2,20,13,20879,500000,449.0845222732221,49.08452227322209,400.0,500001,9621,18901,12.08
ADPSO_T25,25,2,20,17,20883,500000,403.03511129315285,3.035111293152852,400.0,500019,9638,18069,11.95
ADPSO_T25,25,2,20,16,20882,500000,449.0845230435998,49.0845230435998,400.0,500033,9620,18983,12.09
ADPSO_T25,25,2,20,18,20884,500000,449.0845160949871,49.08451609498712,400.0,500016,9619,19016,12.0
ADPSO_T25,25,2,20,19,20885,500000,449.08451127871365,49.08451127871365,400.0,500018,9622,18868,12.1
ADPSO_T25,25,2,20,20,20886,500000,449.084516783402,49.08451678340202,400.0,500041,9621,18941,11.97
ADPSO_T25,25,2,20,21,20887,500000,400.021500578716,0.02150057871597255,400.0,500002,9633,18302,11.84
ADPSO_T25,25,3,10,1,10967,200000,600.0000000023875,2.3875372789916582e-09,600.0,200029,3847,7629,8.67
ADPSO_T25,25,3,10,2,10968,200000,600.0000000032928,3.2928255677688867e-09,600.0,200026,3847,7626,8.65
ADPSO_T25,25,3,10,0,10966,200000,600.0000000035893,3.5893208405468613e-09,600.0,200028,3847,7628,8.9
ADPSO_T25,25,3,10,3,10969,200000,600.000000001906,1.9059598344028927e-09,600.0,200027,3847,7627,9.01
ADPSO_T25,25,3,10,4,10970,200000,600.0000000031127,3.112745616817847e-09,600.0,200015,3847,7615,8.47
ADPSO_T25,25,2,20,22,20888,500000,449.0845061588956,49.08450615889558,400.0,500009,9620,18959,11.54
ADPSO_T25,25,3,10,5,10971,200000,600.0000000014196,1.4196075426298194e-09,600.0,200026,3847,7626,8.74
ADPSO_T25,25,3,10,7,10973,200000,600.0000000040659,4.065896064275876e-09,600.0,200029,3847,7629,8.59
ADPSO_T25,25,3,10,6,10972,200000,600.0000000028012,2.801243681460619e-09,600.0,200033,3847,7633,8.86
ADPSO_T25,25,2,20,23,20889,500000,444.8954774914406,44.8954774914406,400.0,500052,9621,18952,11.93
ADPSO_T25,25,3,10,9,10975,200000,600.000000001799,1.798980520106852e-09,600.0,200030,3847,7630,8.55
ADPSO_T25,25,2,20,25,20891,500000,402.51808909943094,2.518089099430938,400.0,500043,9656,17193,11.99
ADPSO_T25,25,2,20,27,20893,500000,444.89547436796283,44.895474367962834,400.0,500016,9619,19016,11.85
ADPSO_T25,25,2,20,24,20890,500000,444.89547980495314,44.89547980495314,400.0,500038,9620,18988,12.05
ADPSO_T25,25,3,10,8,10974,200000,600.000000002912,2.911974661401473e-09,600.0,200032,3847,7632,8.7
ADPSO_T25,25,2,20,29,20895,500000,444.8954834369883,44.895483436988286,400.0,500018,9620,18968,11.94
ADPSO_T25,25,2,20,28,20894,500000,402.18547363319243,2.18547363319243,400.0,500038,9636,18188,11.95
ADPSO_T25,25,2,20,26,20892,500000,449.084512164853,49.08451216485298,400.0,500038,9620,18988,12.19
ADPSO_T25,25,3,10,10,10976,200000,600.0000000027048,2.7048372430726886e-09,600.0,200029,3847,7629,8.59
ADPSO_T25,25,3,10,11,10977,200000,600.000000003319,3.3189735404448584e-09,600.0,200030,3847,7630,8.67
ADPSO_T25,25,3,10,12,10978,200000,600.0000000028864,2.8863951229141094e-09,600.0,200020,3847,7620,8.63
ADPSO_T25,25,3,10,13,10979,200000,600.0000000017253,1.7253114492632449e-09,600.0,200036,3847,7636,8.63
ADPSO_T25,25,3,10,14,10980,200000,600.000000001596,1.5960495147737674e-09,600.0,200033,3847,7633,9.1
ADPSO_T25,25,3,10,16,10982,200000,600.0000000031346,3.134573489660397e-09,600.0,200034,3847,7634,9.2
ADPSO_T25,25,3,10,15,10981,200000,600.0000000026829,2.6828956833924167e-09,600.0,200019,3847,7619,9.32
ADPSO_T25,25,3,10,17,10983,200000,600.0000000025852,2.5852386897895485e-09,600.0,200028,3847,7628,9.25
ADPSO_T25,25,3,10,20,10986,200000,600.0000000037636,3.763602762774099e-09,600.0,200026,3847,7626,8.96
ADPSO_T25,25,3,10,19,10985,200000,600.0000000024777,2.4776909413048998e-09,600.0,200027,3847,7627,9.21
ADPSO_T25,25,3,10,18,10984,200000,600.0000000014506,1.4506440493278205e-09,600.0,200027,3847,7627,9.63
ADPSO_T25,25,3,10,24,10990,200000,600.0000000023391,2.33910668612225e-09,600.0,200037,3847,7637,9.19
ADPSO_T25,25,3,10,21,10987,200000,600.0000000019533,1.953253558895085e-09,600.0,200039,3847,7639,10.2
ADPSO_T25,25,3,10,25,10991,200000,600.0000000040574,4.0573695514467545e-09,600.0,200024,3847,7624,9.98
ADPSO_T25,25,3,10,28,10994,200000,600.0000000036692,3.6692426874651574e-09,600.0,200009,3847,7609,9.93
ADPSO_T25,25,3,10,22,10988,200000,600.0000000021195,2.1194637156440876e-09,600.0,200029,3847,7629,10.41
ADPSO_T25,25,3,10,29,10995,200000,600.000000004313,4.313051249482669e-09,600.0,200019,3847,7619,10.18
ADPSO_T25,25,3,10,26,10992,200000,600.0000000038206,3.820559868472628e-09,600.0,200021,3847,7621,10.81
ADPSO_T25,25,3,10,23,10989,200000,600.0000000009459,9.458744898438454e-10,600.0,200037,3847,7637,11.0
ADPSO_T25,25,3,10,27,10993,200000,600.0000000035428,3.5428229239187203e-09,600.0,200016,3847,7616,11.29
ADPSO_T25,25,3,20,0,20966,500000,600.0000000163062,1.630621682124911e-08,600.0,500037,9617,19137,28.46
ADPSO_T25,25,3,20,5,20971,500000,600.0000000129086,1.2908571989100892e-08,600.0,500034,9617,19134,30.77
ADPSO_T25,25,3,20,16,20982,500000,600.0000000077016,7.701601134613156e-09,600.0,500038,9617,19138,22.93
ADPSO_T25,25,3,20,17,20983,500000,600.0000000156488,1.5648765838705003e-08,600.0,500028,9617,19128,25.0
ADPSO_T25,25,3,20,12,20978,500000,600.0000000099736,9.973632586479653e-09,600.0,500030,9617,19130,27.23
ADPSO_T25,25,3,20,1,20967,500000,600.0000000123742,1.2374243851809297e-08,600.0,500005,9617,19105,36.97
ADPSO_T25,25,3,20,2,20968,500000,600.0000000108573,1.0857320376089774e-08,600.0,500010,9617,19110,37.41
ADPSO_T25,25,3,20,4,20970,500000,600.0000000134953,1.3495309758582152e-08,600.0,500025,9617,19125,38.11
ADPSO_T25,25,3,20,9,20975,500000,600.0000000149721,1.4972101780585945e-08,600.0,500047,9617,19147,35.45
ADPSO_T25,25,3,20,15,20981,500000,600.0000000072141,7.214111974462867e-09,600.0,500036,9617,19136,33.47
ADPSO_T25,25,3,20,10,20976,500000,600.0000000132468,1.32467903313227e-08,600.0,500034,9617,19134,36.62
ADPSO_T25,25,3,20,14,20980,500000,600.0000000094235,9.423501978744753e-09,600.0,500031,9617,19131,36.56
ADPSO_T25,25,3,20,7,20973,500000,600.0000000158446,1.5844648260099348e-08,600.0,500008,9617,19108,40.2
ADPSO_T25,25,3,20,19,20985,500000,600.0000000102351,1.023511231323937e-08,600.0,500029,9617,19129,35.91
ADPSO_T25,25,3,20,8,20974,500000,600.0000000112723,1.1272277333773673e-08,600.0,500027,9617,19127,41.8
ADPSO_T25,25,3,20,3,20969,500000,600.0000000125956,1.2595592124853283e-08,600.0,500043,9617,19143,48.76
ADPSO_T25,25,3,20,6,20972,500000,600.0000000125732,1.2573195817822125e-08,600.0,500026,9617,19126,43.43
ADPSO_T25,25,3,20,13,20979,500000,600.0000000064858,6.4858340920181945e-09,600.0,500037,9617,19137,42.14
ADPSO_T25,25,3,20,11,20977,500000,600.0000000115377,1.1537736099853646e-08,600.0,500033,9617,19133,44.7
ADPSO_T25,25,3,20,21,20987,500000,600.0000000132501,1.3250087249616627e-08,600.0,500027,9617,19127,46.48
ADPSO_T25,25,4,10,7,11073,200000,826.0,26.0,800.0,200009,3847,7609,15.13
ADPSO_T25,25,3,20,18,20984,500000,600.0000000121397,1.2139707905589603e-08,600.0,500002,9617,19102,55.29
ADPSO_T25,25,4,10,3,11069,200000,828.0000000766422,28.00000007664221,800.0,200012,3847,7612,19.87
ADPSO_T25,25,3,20,20,20986,500000,600.0000000090927,9.09267328097485e-09,600.0,500026,9617,19126,57.57
ADPSO_T25,25,4,10,10,11076,200000,822.00000022862,22.000000228620024,800.0,200006,3847,7606,16.37
ADPSO_T25,25,4,10,2,11068,200000,824.0000137988642,24.000013798864188,800.0,200041,3848,7591,24.64
ADPSO_T25,25,3,20,26,20992,500000,600.000000014586,1.4586021279683337e-08,600.0,500040,9617,19140,34.41
ADPSO_T25,25,4,10,0,11066,200000,824.0000027964015,24.00000279640153,800.0,200006,3847,7606,29.48
ADPSO_T25,25,3,20,29,20995,500000,600.0000000095548,9.55481027631322e-09,600.0,500031,9617,19131,33.4
ADPSO_T25,25,3,20,22,20988,500000,600.0000000119542,1.1954170986427926e-08,600.0,500036,9617,19136,44.96
ADPSO_T25,25,4,10,4,11070,200000,822.0000000438398,22.000000043839805,800.0,200000,3847,7600,27.53
ADPSO_T25,25,3,20,25,20991,500000,600.0000000129875,1.2987470654479694e-08,600.0,500002,9617,19102,40.26
ADPSO_T25,25,4,10,1,11067,200000,820.0042605471447,20.004260547144668,800.0,200002,3847,7602,32.74
ADPSO_T25,25,4,10,8,11074,200000,808.0000201206864,8.000020120686372,800.0,200041,3848,7591,28.16
ADPSO_T25,25,4,10,6,11072,200000,816.0000001034813,16.000000103481284,800.0,200013,3847,7613,30.19
ADPSO_T25,25,3,20,27,20993,500000,600.0000000132565,1.3256453712529037e-08,600.0,500029,9617,19129,42.28
ADPSO_T25,25,4,10,5,11071,200000,814.0000230130606,14.000023013060627,800.0,200038,3848,7588,36.63
ADPSO_T25,25,4,10,11,11077,200000,814.0000318962468,14.00003189624681,800.0,200030,3848,7580,26.08
ADPSO_T25,25,4,10,9,11075,200000,814.000011335708,14.000011335707995,800.0,200003,3847,7603,33.35
ADPSO_T25,25,4,10,13,11079,200000,830.0000000014938,30.000000001493845,800.0,200021,3847,7621,21.11
ADPSO_T25,25,3,20,23,20989,500000,600.0000000096354,9.635414244257845e-09,600.0,500034,9617,19134,55.12
ADPSO_T25,25,4,10,12,11078,200000,810.0002896443177,10.000289644317718,800.0,200004,3847,7604,22.75
ADPSO_T25,25,3,20,24,20990,500000,600.0000000121742,1.2174155017419253e-08,600.0,500028,9617,19128,54.29
ADPSO_T25,25,4,10,14,11080,200000,818.0000412642286,18.00004126422857,800.0,200004,3847,7604,25.13
ADPSO_T25,25,4,10,17,11083,200000,818.0000153853963,18.000015385396296,800.0,200044,3848,7594,21.85
ADPSO_T25,25,4,10,22,11088,200000,820.0000003911471,20.00000039114707,800.0,200046,3848,7596,17.97
ADPSO_T25,25,4,10,15,11081,200000,814.0000028374787,14.000002837478746,800.0,200004,3847,7604,23.79
ADPSO_T25,25,3,20,28,20994,500000,600.0000000158923,1.5892283045104705e-08,600.0,500045,9617,19145,55.21
ADPSO_T25,25,4,10,21,11087,200000,812.0000196224802,12.000019622480181,800.0,200047,3848,7597,23.44
ADPSO_T25,25,4,10,20,11086,200000,826.0,26.0,800.0,200051,3848,7601,26.06
ADPSO_T25,25,4,10,23,11089,200000,818.0000020208543,18.000002020854254,800.0,200014,3847,7614,23.51
ADPSO_T25,25,4,10,19,11085,200000,812.0000457758969,12.000045775896865,800.0,200046,3848,7596,28.41
ADPSO_T25,25,4,10,18,11084,200000,822.0000341506448,22.00003415064475,800.0,200035,3848,7585,32.32
ADPSO_T25,25,4,10,25,11091,200000,810.0000418768418,10.000041876841806,800.0,200000,3847,7600,27.0
ADPSO_T25,25,4,10,27,11093,200000,826.0000026030298,26.00000260302977,800.0,200011,3847,7611,30.18
ADPSO_T25,25,4,10,29,11095,200000,826.0,26.0,800.0,200052,3848,7602,26.08
ADPSO_T25,25,4,10,24,11090,200000,820.0000011398308,20.00000113983083,800.0,200050,3848,7600,35.59
ADPSO_T25,25,4,10,16,11082,200000,826.0000017877418,26.00000178774178,800.0,200013,3847,7613,42.53
ADPSO_T25,25,4,10,28,11094,200000,826.0000412519644,26.000041251964376,800.0,200005,3847,7605,31.14
ADPSO_T25,25,4,10,26,11092,200000,818.0000069528386,18.00000695283859,800.0,200048,3848,7598,36.5
ADPSO_T25,25,4,20,9,21075,500000,856.0000042914958,56.00000429149577,800.0,500004,9617,19104,45.7
ADPSO_T25,25,4,20,11,21077,500000,886.0000073374459,86.00000733744594,800.0,500016,9618,19066,42.29
ADPSO_T25,25,4,20,2,21068,500000,868.0000267890077,68.00002678900773,800.0,500029,9618,19079,63.69
ADPSO_T25,25,4,20,4,21070,500000,884.000034496133,84.00003449613303,800.0,500013,9618,19063,63.66
ADPSO_T25,25,4,20,16,21082,500000,868.000111298327,68.00011129832706,800.0,500039,9618,19089,41.89
ADPSO_T25,25,4,20,7,21073,500000,864.0000162412925,64.00001624129254,800.0,500046,9619,19046,61.72
ADPSO_T25,25,4,20,5,21071,500000,880.0000006093716,80.00000060937157,800.0,500002,9617,19102,65.42
ADPSO_T25,25,4,20,1,21067,500000,858.0000513875624,58.000051387562394,800.0,500043,9618,19093,71.5
ADPSO_T25,25,4,20,0,21066,500000,880.0000081932657,80.00000819326567,800.0,500009,9617,19109,77.42
ADPSO_T25,25,4,20,10,21076,500000,864.0000000127933,64.0000000127933,800.0,500020,9617,19120,67.75
ADPSO_T25,25,4,20,21,21087,500000,848.0000179446016,48.00001794460161,800.0,500039,9619,19039,50.28
ADPSO_T25,25,4,20,12,21078,500000,902.0000032377108,102.00000323771076,800.0,500001,9617,19101,68.64
ADPSO_T25,25,4,20,15,21081,500000,910.0000174851407,110.00001748514069,800.0,500013,9618,19063,62.9
ADPSO_T25,25,4,20,6,21072,500000,930.5000076237336,130.5000076237336,800.0,500030,9618,19080,77.83
ADPSO_T25,25,4,20,22,21088,500000,866.0000060400903,66.00000604009028,800.0,500004,9617,19104,32.59
ADPSO_T25,25,4,20,8,21074,500000,914.0000027450446,114.00000274504464,800.0,500007,9617,19107,79.28
ADPSO_T25,25,5,10,2,11168,200000,900.0000000933803,9.338032214145642e-08,900.0,200000,3847,7600,6.83
ADPSO_T25,25,4,20,3,21069,500000,840.0000198963168,40.00001989631676,800.0,500008,9618,19058,86.27
ADPSO_T25,25,4,20,13,21079,500000,924.0000004826898,124.00000048268976,800.0,500021,9618,19071,74.11
ADPSO_T25,25,5,10,3,11169,200000,900.0000000624661,6.24661424808437e-08,900.0,200000,3847,7600,8.77
ADPSO_T25,25,5,10,5,11171,200000,900.0000000626576,6.26575911155669e-08,900.0,200001,3847,7601,6.98
ADPSO_T25,25,5,10,6,11172,200000,900.0000001601474,1.6014735138014657e-07,900.0,200002,3847,7602,6.73
ADPSO_T25,25,5,10,7,11173,200000,900.000000100627,1.0062694855150767e-07,900.0,200049,3848,7599,6.74
ADPSO_T25,25,5,10,8,11174,200000,900.0000000679294,6.792936346755596e-08,900.0,200040,3848,7590,6.66
ADPSO_T25,25,5,10,1,11167,200000,900.0000001972545,1.972545078388066e-07,900.0,200036,3848,7586,16.26
ADPSO_T25,25,5,10,12,11178,200000,900.000000113799,1.1379904663044726e-07,900.0,200002,3847,7602,6.25
ADPSO_T25,25,5,10,10,11176,200000,900.1790565443907,0.1790565443907326,900.0,200041,3848,7591,8.8
ADPSO_T25,25,5,10,0,11166,200000,900.0000001214873,1.21487346405047e-07,900.0,200000,3847,7600,21.91
ADPSO_T25,25,5,10,13,11179,200000,900.0000001188555,1.1885549611179158e-07,900.0,200048,3848,7598,6.5
ADPSO_T25,25,5,10,9,11175,200000,900.0000001169758,1.1697579793690238e-07,900.0,200048,3848,7598,11.17
ADPSO_T25,25,5,10,15,11181,200000,900.0000001325554,1.3255544217827264e-07,900.0,200002,3847,7602,6.47
ADPSO_T25,25,5,10,11,11177,200000,900.0000000974132,9.741324902279302e-08,900.0,200001,3847,7601,8.74
ADPSO_T25,25,4,20,26,21092,500000,880.0000241992975,80.00002419929751,800.0,500004,9618,19054,33.63
ADPSO_T25,25,4,20,20,21086,500000,940.0000007211241,140.00000072112414,800.0,500000,9617,19100,71.92
ADPSO_T25,25,5,10,4,11170,200000,900.0000001106024,1.1060240012739087e-07,900.0,200000,3847,7600,21.95
ADPSO_T25,25,5,10,17,11183,200000,900.000000129411,1.2941097793373046e-07,900.0,200001,3847,7601,6.81
ADPSO_T25,25,4,20,17,21083,500000,882.0000054407429,82.00000544074294,800.0,500011,9617,19111,80.34
ADPSO_T25,25,5,10,20,11186,200000,900.000000120982,1.209820084113744e-07,900.0,200003,3847,7603,6.75
ADPSO_T25,25,5,10,18,11184,200000,900.0000001452825,1.4528245628753211e-07,900.0,200001,3847,7601,8.82
ADPSO_T25,25,5,10,22,11188,200000,900.0000001042471,1.0424707852507709e-07,900.0,200033,3848,7583,6.69
ADPSO_T25,25,5,10,21,11187,200000,900.0000001208015,1.2080147371307248e-07,900.0,200003,3847,7603,8.79
ADPSO_T25,25,5,10,27,11193,200000,900.0000000616147,6.161474175314652e-08,900.0,200001,3847,7601,7.0
ADPSO_T25,25,5,10,14,11180,200000,900.000000187839,1.8783896393870236e-07,900.0,200039,3848,7589,19.1
ADPSO_T25,25,5,10,25,11191,200000,900.0000000528008,5.280082859826507e-08,900.0,200000,3847,7600,11.85
ADPSO_T25,25,5,10,29,11195,200000,900.0000000971689,9.716893600852927e-08,900.0,200040,3848,7590,7.13
ADPSO_T25,25,4,20,23,21089,500000,890.0000028460838,90.00000284608382,800.0,500005,9617,19105,57.61
ADPSO_T25,25,5,10,26,11192,200000,900.0000001283864,1.2838643215218326e-07,900.0,200002,3847,7602,10.32
ADPSO_T25,25,4,20,18,21084,500000,904.0000000306795,104.00000003067953,800.0,500006,9617,19106,88.76
ADPSO_T25,25,4,20,19,21085,500000,898.000004014482,98.00000401448199,800.0,500026,9617,19126,88.92
ADPSO_T25,25,4,20,14,21080,500000,902.0000048558355,102.00000485583553,800.0,500011,9617,19111,98.32
ADPSO_T25,25,5,10,23,11189,200000,900.0000001184783,1.1847828318423126e-07,900.0,200049,3848,7599,17.45
ADPSO_T25,25,5,10,16,11182,200000,900.0000000879621,8.796212114248192e-08,900.0,200001,3847,7601,21.82
ADPSO_T25,25,5,10,28,11194,200000,900.0000000999697,9.9969724942639e-08,900.0,200047,3848,7597,14.61
ADPSO_T25,25,5,10,19,11185,200000,900.000000091879,9.187897376250476e-08,900.0,200000,3847,7600,20.93
ADPSO_T25,25,4,20,27,21093,500000,894.0000054665828,94.00000546658282,800.0,500020,9617,19120,51.51
ADPSO_T25,25,5,10,24,11190,200000,900.0000001648764,1.6487638276885264e-07,900.0,200000,3847,7600,21.64
ADPSO_T25,25,5,20,0,21166,500000,900.2685854499389,0.26858544993888245,900.0,500019,9619,19019,18.72
ADPSO_T25,25,5,20,3,21169,500000,900.7229094794814,0.7229094794813591,900.0,500042,9620,18992,17.89
ADPSO_T25,25,5,20,6,21172,500000,900.0895284810935,0.08952848109345268,900.0,500019,9619,19019,20.86
ADPSO_T25,25,5,20,8,21174,500000,900.4543248222228,0.4543248222228158,900.0,500046,9621,18946,22.68
ADPSO_T25,25,5,20,18,21184,500000,900.8124376665887,0.8124376665887212,900.0,500046,9619,19046,17.1
ADPSO_T25,25,5,20,17,21183,500000,900.4543254091798,0.4543254091797735,900.0,500009,9618,19059,21.5
ADPSO_T25,25,5,20,10,21176,500000,900.2685851065787,0.26858510657871193,900.0,500049,9619,19049,27.53
ADPSO_T25,25,5,20,15,21181,500000,900.3581135608441,0.3581135608441173,900.0,500006,9618,19056,24.02
ADPSO_T25,25,4,20,29,21095,500000,882.0000073084993,82.00000730849933,800.0,500020,9618,19070,72.18
ADPSO_T25,25,5,20,2,21168,500000,901.0877049686595,1.0877049686595228,900.0,500029,9620,18979,37.28
ADPSO_T25,25,5,20,12,21178,500000,900.0895289889849,0.08952898898485273,900.0,500017,9619,19017,28.3
ADPSO_T25,25,5,20,16,21182,500000,900.0000005255218,5.255218411548412e-07,900.0,500012,9618,19062,32.98
ADPSO_T25,25,5,20,1,21167,500000,900.1790572838863,0.1790572838863227,900.0,500037,9619,19037,46.89
ADPSO_T25,25,4,20,28,21094,500000,898.0000141453897,98.00001414538974,800.0,500019,9618,19069,82.66
ADPSO_T25,25,5,20,21,21187,500000,900.1790567669926,0.1790567669926304,900.0,500000,9617,19100,17.66
ADPSO_T25,25,5,20,11,21177,500000,900.0895287136204,0.0895287136204388,900.0,500023,9618,19073,40.98
ADPSO_T25,25,5,20,7,21173,500000,900.1790568656222,0.1790568656222149,900.0,500020,9618,19070,44.5
ADPSO_T25,25,4,20,24,21090,500000,854.0000061127884,54.000006112788355,800.0,500018,9618,19068,93.26
ADPSO_T25,25,4,20,25,21091,500000,894.0000144310998,94.00001443109977,800.0,500040,9618,19090,94.16
ADPSO_T25,25,5,20,19,21185,500000,900.1790571715848,0.1790571715847591,900.0,500045,9618,19095,30.51
ADPSO_T25,25,5,20,22,21188,500000,900.5438528208316,0.5438528208316029,900.0,500020,9618,19070,17.4
ADPSO_T25,25,5,20,4,21170,500000,901.0877061493587,1.0877061493587235,900.0,500038,9618,19088,48.28
ADPSO_T25,25,5,20,23,21189,500000,900.0000006913064,6.913063543834141e-07,900.0,500004,9618,19054,17.41
ADPSO_T25,25,5,20,14,21180,500000,900.454324924737,0.45432492473696584,900.0,500005,9618,19055,42.16
ADPSO_T25,25,6,10,1,11267,200000,10416.10698058674,8616.10698058674,1800.0,200022,3850,7472,9.2
ADPSO_T25,25,5,20,9,21175,500000,900.2685851750332,0.2685851750331949,900.0,500049,9618,19099,49.64
ADPSO_T25,25,5,20,13,21179,500000,900.812437413739,0.8124374137389623,900.0,500021,9618,19071,49.84
ADPSO_T25,25,6,10,5,11271,200000,12455.333737497906,10655.333737497906,1800.0,200006,3849,7506,9.13
ADPSO_T25,25,5,20,5,21171,500000,900.5438529540971,0.5438529540971331,900.0,500018,9619,19018,55.29
ADPSO_T25,25,6,10,8,11274,200000,14833.523663358003,13033.523663358003,1800.0,200044,3851,7444,8.97
ADPSO_T25,25,5,20,20,21186,500000,901.9963540615067,1.9963540615067359,900.0,500040,9619,19040,36.13
ADPSO_T25,25,5,20,27,21193,500000,900.5438530603232,0.5438530603231584,900.0,500001,9619,19001,26.67
ADPSO_T25,25,6,10,12,11278,200000,17633.927030214465,15833.927030214465,1800.0,200026,3851,7426,8.59
ADPSO_T25,25,5,20,25,21191,500000,900.1790569607283,0.17905696072830324,900.0,500034,9618,19084,29.41
ADPSO_T25,25,6,10,3,11269,200000,16496.055653529904,14696.055653529904,1800.0,200050,3851,7450,16.97
ADPSO_T25,25,6,10,2,11268,200000,8933.839594912937,7133.839594912937,1800.0,200039,3850,7489,19.37
ADPSO_T25,25,6,10,7,11273,200000,19837.54529885875,18037.54529885875,1800.0,200051,3850,7501,15.34
ADPSO_T25,25,5,20,26,21192,500000,900.1790569523073,0.1790569523072918,900.0,500047,9618,19097,30.21
ADPSO_T25,25,6,10,15,11281,200000,28644.280459360045,26844.280459360045,1800.0,200045,3850,7495,8.46
ADPSO_T25,25,6,10,10,11276,200000,12326.616447110833,10526.616447110833,1800.0,200019,3850,7469,15.88
ADPSO_T25,25,5,20,28,21194,500000,900.0895288376879,0.08952883768790798,900.0,500007,9618,19057,33.34
ADPSO_T25,25,5,20,24,21190,500000,900.0000001699435,1.6994351881294278e-07,900.0,500038,9618,19088,37.26
ADPSO_T25,25,6,10,13,11279,200000,14035.798008822596,12235.798008822596,1800.0,200052,3851,7452,15.81
ADPSO_T25,25,6,10,4,11270,200000,31399.150897224707,29599.150897224707,1800.0,200038,3851,7438,23.57
ADPSO_T25,25,6,10,14,11280,200000,10748.258843414871,8948.258843414871,1800.0,200039,3851,7439,14.48
ADPSO_T25,25,6,10,21,11287,200000,20567.516371233734,18767.516371233734,1800.0,200046,3850,7496,8.94
ADPSO_T25,25,6,10,0,11266,200000,5261.1042812755095,3461.1042812755095,1800.0,200027,3850,7477,29.52
ADPSO_T25,25,6,10,19,11285,200000,4375.838508980087,2575.8385089800868,1800.0,200013,3849,7513,12.82
ADPSO_T25,25,6,10,17,11283,200000,2114.55288854272,314.5528885427202,1800.0,200000,3850,7450,16.3
ADPSO_T25,25,6,10,26,11292,200000,12281.446995545433,10481.446995545433,1800.0,200024,3850,7474,8.96
ADPSO_T25,25,5,20,29,21195,500000,900.5438532132235,0.5438532132235423,900.0,500019,9618,19069,32.54
ADPSO_T25,25,6,10,25,11291,200000,9293.357950380007,7493.3579503800065,1800.0,200035,3849,7535,12.26
ADPSO_T25,25,6,10,20,11286,200000,11968.712797111744,10168.712797111744,1800.0,200009,3849,7509,16.2
ADPSO_T25,25,6,10,6,11272,200000,27806.5375579161,26006.5375579161,1800.0,200019,3850,7469,29.68
ADPSO_T25,25,6,10,22,11288,200000,5721.376202735437,3921.376202735437,1800.0,200029,3850,7479,15.9
ADPSO_T25,25,6,10,9,11275,200000,13235.920690870425,11435.920690870425,1800.0,200022,3850,7472,29.72
ADPSO_T25,25,6,10,11,11277,200000,13394.153564619508,11594.153564619508,1800.0,200013,3849,7513,29.7
ADPSO_T25,25,6,10,16,11282,200000,10046.196417195897,8246.196417195897,1800.0,200005,3850,7455,23.54
ADPSO_T25,25,6,10,18,11284,200000,6380.7797605427595,4580.7797605427595,1800.0,200033,3850,7483,21.8
ADPSO_T25,25,6,10,24,11290,200000,12915.956084630061,11115.956084630061,1800.0,200014,3850,7464,23.07
ADPSO_T25,25,6,10,28,11294,200000,5872.566804463637,4072.566804463637,1800.0,200032,3850,7482,22.6
ADPSO_T25,25,6,10,23,11289,200000,37809.687882399296,36009.687882399296,1800.0,200036,3852,7386,29.38
ADPSO_T25,25,6,20,3,21269,500000,92939.50842535368,91139.50842535368,1800.0,500034,9618,19084,22.66
ADPSO_T25,25,6,10,27,11293,200000,15790.208352061372,13990.208352061372,1800.0,200026,3850,7476,29.42
ADPSO_T25,25,6,20,7,21273,500000,80989.74087899525,79189.74087899525,1800.0,500002,9618,19052,22.76
ADPSO_T25,25,6,20,8,21274,500000,73044.07698079466,71244.07698079466,1800.0,500031,9618,19081,22.64
ADPSO_T25,25,6,10,29,11295,200000,11922.758185112027,10122.758185112027,1800.0,200048,3850,7498,29.53
ADPSO_T25,25,6,20,1,21267,500000,90090.96333949287,88290.96333949287,1800.0,500022,9618,19072,33.02
ADPSO_T25,25,6,20,5,21271,500000,81471.59855712026,79671.59855712026,1800.0,500050,9619,19050,34.18
ADPSO_T25,25,6,20,4,21270,500000,86992.18956128192,85192.18956128192,1800.0,500035,9618,19085,39.34
ADPSO_T25,25,6,20,0,21266,500000,82908.78303421894,81108.78303421894,1800.0,500031,9618,19081,45.23
ADPSO_T25,25,6,20,13,21279,500000,71356.68697116822,69556.68697116822,1800.0,500016,9618,19066,38.55
ADPSO_T25,25,6,20,20,21286,500000,78353.78344186643,76553.78344186643,1800.0,500035,9618,19085,28.39
ADPSO_T25,25,6,20,18,21284,500000,104785.16345061215,102985.16345061215,1800.0,500036,9618,19086,35.25
ADPSO_T25,25,6,20,9,21275,500000,94586.61003847676,92786.61003847676,1800.0,500039,9618,19089,49.9
ADPSO_T25,25,6,20,11,21277,500000,65283.81725980308,63483.81725980308,1800.0,500046,9619,19046,48.93
ADPSO_T25,25,6,20,2,21268,500000,81911.4636551837,80111.4636551837,1800.0,500037,9618,19087,60.85
ADPSO_T25,25,6,20,22,21288,500000,71584.45870081868,69784.45870081868,1800.0,500007,9618,19057,38.11
ADPSO_T25,25,6,20,6,21272,500000,80857.78509264672,79057.78509264672,1800.0,500039,9618,19089,62.48
ADPSO_T25,25,6,20,10,21276,500000,37981.0477140233,36181.0477140233,1800.0,500039,9618,19089,60.06
ADPSO_T25,25,6,20,14,21280,500000,59326.451275692874,57526.451275692874,1800.0,500017,9618,19067,59.64
ADPSO_T25,25,6,20,12,21278,500000,96856.3599565249,95056.3599565249,1800.0,500046,9619,19046,61.49
ADPSO_T25,25,6,20,17,21283,500000,97322.31932406012,95522.31932406012,1800.0,500002,9619,19002,53.58
ADPSO_T25,25,6,20,28,21294,500000,95036.80356832534,93236.80356832534,1800.0,500041,9619,19041,25.79
ADPSO_T25,25,6,20,29,21295,500000,81039.3069241903,79239.3069241903,1800.0,500027,9619,19027,23.85
ADPSO_T25,25,6,20,16,21282,500000,75335.52491327075,73535.52491327075,1800.0,500022,9618,19072,62.63
ADPSO_T25,25,6,20,15,21281,500000,62884.33427637188,61084.33427637188,1800.0,500026,9618,19076,63.3
ADPSO_T25,25,6,20,21,21287,500000,124543.99186125328,122743.99186125328,1800.0,500020,9618,19070,51.5
ADPSO_T25,25,6,20,23,21289,500000,83625.86982688378,81825.86982688378,1800.0,500029,9618,19079,49.17
ADPSO_T25,25,6,20,19,21285,500000,68596.85148718138,66796.85148718138,1800.0,500037,9618,19087,55.22
ADPSO_T25,25,6,20,27,21293,500000,67868.1364307824,66068.1364307824,1800.0,500014,9618,19064,38.62
ADPSO_T25,25,6,20,26,21292,500000,69614.4168935675,67814.4168935675,1800.0,500011,9618,19061,48.78
ADPSO_T25,25,6,20,25,21291,500000,90626.28683549825,88826.28683549825,1800.0,500025,9618,19075,65.03
ADPSO_T25,25,6,20,24,21290,500000,48461.650376398626,46661.650376398626,1800.0,500023,9618,19073,73.72
ADPSO_T25,25,7,10,8,11374,200000,2021.5950201573755,21.59502015737553,2000.0,200024,3848,7574,177.25
ADPSO_T25,25,7,10,1,11367,200000,2020.5595907939785,20.559590793978487,2000.0,200029,3848,7579,206.59
ADPSO_T25,25,7,10,18,11384,200000,2022.0734154645693,22.07341546456928,2000.0,200032,3848,7582,183.88
ADPSO_T25,25,7,10,3,11369,200000,2020.0766854299732,20.076685429973168,2000.0,200018,3848,7568,217.05
ADPSO_T25,25,7,10,21,11387,200000,2021.1104895567792,21.110489556779157,2000.0,200011,3848,7561,173.78
ADPSO_T25,25,7,10,15,11381,200000,2021.36335520793,21.36335520793,2000.0,200016,3848,7566,206.17
ADPSO_T25,25,7,10,19,11385,200000,2021.4252883969148,21.425288396914766,2000.0,200009,3848,7559,198.98
ADPSO_T25,25,7,10,14,11380,200000,2022.2432061287773,22.243206128777274,2000.0,200013,3848,7563,218.29
ADPSO_T25,25,7,10,13,11379,200000,2020.849319417718,20.849319417718107,2000.0,200040,3848,7590,223.09
ADPSO_T25,25,7,10,11,11377,200000,2001.142004005766,1.1420040057660117,2000.0,200014,3848,7564,236.14
ADPSO_T25,25,7,10,16,11382,200000,2020.1143007083888,20.114300708388782,2000.0,200030,3848,7580,233.36
ADPSO_T25,25,7,10,7,11373,200000,2022.0899425956097,22.089942595609728,2000.0,200033,3848,7583,244.15
ADPSO_T25,25,7,10,4,11370,200000,2021.1176904857673,21.117690485767298,2000.0,200010,3848,7560,255.33
ADPSO_T25,25,7,10,20,11386,200000,2020.7053235876442,20.705323587644216,2000.0,200018,3848,7568,221.62
ADPSO_T25,25,7,10,12,11378,200000,2020.091906377831,20.091906377831037,2000.0,200013,3848,7563,249.05
ADPSO_T25,25,7,10,9,11375,200000,2021.4257466229126,21.425746622912584,2000.0,200028,3848,7578,253.19
ADPSO_T25,25,7,10,0,11366,200000,2004.953267619848,4.95326761984802,2000.0,200012,3848,7562,278.88
ADPSO_T25,25,7,10,17,11383,200000,2020.1494267138191,20.14942671381914,2000.0,200005,3848,7555,271.35
ADPSO_T25,25,7,10,2,11368,200000,2021.632285356538,21.632285356537977,2000.0,200017,3848,7567,303.67
ADPSO_T25,25,7,10,6,11372,200000,2021.4221289220727,21.422128922072716,2000.0,200015,3848,7565,302.88
ADPSO_T25,25,7,10,5,11371,200000,2021.4115373850025,21.411537385002475,2000.0,200028,3848,7578,308.33
ADPSO_T25,25,7,10,10,11376,200000,2021.0838768040244,21.083876804024385,2000.0,200030,3848,7580,305.2
ADPSO_T25,25,7,10,23,11389,200000,2001.5556802810966,1.5556802810965564,2000.0,200014,3848,7564,220.8
ADPSO_T25,25,7,10,28,11394,200000,2020.0998041395667,20.099804139566686,2000.0,200015,3848,7565,199.58
ADPSO_T25,25,7,10,22,11388,200000,2021.1086649917531,21.10866499175313,2000.0,200029,3848,7579,258.9
ADPSO_T25,25,7,10,25,11391,200000,2021.5944233839434,21.594423383943422,2000.0,200045,3848,7595,242.66
ADPSO_T25,25,7,10,26,11392,200000,2021.2104995092352,21.210499509235206,2000.0,200013,3848,7563,242.25
ADPSO_T25,25,7,10,27,11393,200000,2020.8640306391344,20.8640306391344,2000.0,200009,3848,7559,237.6
ADPSO_T25,25,7,10,29,11395,200000,2020.5965680409263,20.596568040926286,2000.0,200047,3849,7547,238.5
ADPSO_T25,25,7,10,24,11390,200000,2021.1819952289093,21.181995228909273,2000.0,200017,3848,7567,282.13
ADPSO_T25,25,7,20,6,21372,500000,2029.7699415592704,29.769941559270364,2000.0,500015,9621,18915,857.22
ADPSO_T25,25,7,20,2,21368,500000,2032.5763462432744,32.57634624327443,2000.0,500042,9620,18992,1049.9
ADPSO_T25,25,7,20,0,21366,500000,2026.810806620476,26.810806620475887,2000.0,500014,9619,19014,1082.64
ADPSO_T25,25,7,20,7,21373,500000,2024.1187651368086,24.118765136808634,2000.0,500005,9620,18955,1059.41
ADPSO_T25,25,7,20,1,21367,500000,2026.1883359006044,26.188335900604443,2000.0,500026,9620,18976,1082.3
ADPSO_T25,25,7,20,13,21379,500000,2022.7528149676184,22.752814967618406,2000.0,500027,9619,19027,1017.81
ADPSO_T25,25,7,20,10,21376,500000,2030.5104783840954,30.51047838409545,2000.0,500015,9621,18915,1066.4
ADPSO_T25,25,7,20,11,21377,500000,2032.5652888500272,32.56528885002717,2000.0,500004,9621,18904,1076.11
ADPSO_T25,25,7,20,9,21375,500000,2025.8402839026967,25.840283902696683,2000.0,500045,9621,18945,1108.83
ADPSO_T25,25,7,20,4,21370,500000,2026.2144596237538,26.214459623753783,2000.0,500011,9619,19011,1154.11
ADPSO_T25,25,7,20,3,21369,500000,2025.8868154255713,25.886815425571285,2000.0,500012,9622,18862,1171.68
ADPSO_T25,25,7,20,15,21381,500000,2026.8484862024898,26.848486202489767,2000.0,500038,9620,18988,1007.99
ADPSO_T25,25,7,20,5,21371,500000,2038.8719815330237,38.8719815330237,2000.0,500048,9622,18898,1201.43
ADPSO_T25,25,7,20,19,21385,500000,2086.340560001855,86.34056000185501,2000.0,500014,9619,19014,1003.61
ADPSO_T25,25,7,20,21,21387,500000,2026.8390734408172,26.839073440817174,2000.0,500007,9619,19007,1009.57
ADPSO_T25,25,7,20,8,21374,500000,2032.9061759804172,32.906175980417174,2000.0,500027,9621,18927,1235.7
ADPSO_T25,25,7,20,20,21386,500000,2029.082083698876,29.082083698875977,2000.0,500005,9620,18955,1051.72
ADPSO_T25,25,7,20,16,21382,500000,2025.7477189194697,25.747718919469662,2000.0,500046,9620,18996,1151.44
ADPSO_T25,25,7,20,12,21378,500000,2027.102172260149,27.10217226014902,2000.0,500036,9619,19036,1655.08
ADPSO_T25,25,7,20,17,21383,500000,2024.87571712389,24.8757171238899,2000.0,500009,9621,18909,1535.94
ADPSO_T25,25,7,20,18,21384,500000,2027.5619035118482,27.561903511848186,2000.0,500017,9619,19017,1553.13
ADPSO_T25,25,7,20,14,21380,500000,2040.9508673560965,40.95086735609652,2000.0,500051,9621,18951,1671.33
ADPSO_T25,25,8,10,0,11466,200000,2206.467449111939,6.467449111939004,2200.0,200015,3848,7565,723.71
ADPSO_T25,25,8,10,3,11469,200000,2220.9157691453997,20.915769145399736,2200.0,200012,3848,7562,748.61
ADPSO_T25,25,8,10,1,11467,200000,2201.004945617659,1.0049456176589047,2200.0,200011,3848,7561,874.33
ADPSO_T25,25,8,10,2,11468,200000,2221.157527674534,21.157527674533867,2200.0,200021,3848,7571,877.79
ADPSO_T25,25,8,10,5,11471,200000,2222.047935637644,22.04793563764406,2200.0,200008,3848,7558,872.3
ADPSO_T25,25,8,10,4,11470,200000,2221.836445991504,21.836445991504206,2200.0,200007,3848,7557,931.91
ADPSO_T25,25,8,10,6,11472,200000,2221.11894181354,21.118941813540005,2200.0,200021,3848,7571,964.68
ADPSO_T25,25,8,10,8,11474,200000,2221.4167004952988,21.416700495298755,2200.0,200018,3848,7568,938.88
ADPSO_T25,25,8,10,7,11473,200000,2221.42807729391,21.428077293910064,2200.0,200010,3848,7560,969.15
ADPSO_T25,25,8,10,9,11475,200000,2221.8525137047986,21.85251370479864,2200.0,200029,3848,7579,947.31
ADPSO_T25,25,8,10,10,11476,200000,2220.6204652803835,20.62046528038354,2200.0,200025,3848,7575,977.87
ADPSO_T25,25,8,10,11,11477,200000,2222.1293264559313,22.129326455931277,2200.0,200042,3849,7542,981.88
ADPSO_T25,25,8,10,12,11478,200000,2220.8984479579817,20.898447957981716,2200.0,200006,3848,7556,980.95
ADPSO_T25,25,8,10,13,11479,200000,2220.6715947946554,20.671594794655448,2200.0,200014,3848,7564,981.74
ADPSO_T25,25,8,10,14,11480,200000,2200.7761762166674,0.7761762166674089,2200.0,200049,3849,7549,978.33
ADPSO_T25,25,8,10,15,11481,200000,2221.3813482011387,21.381348201138735,2200.0,200030,3848,7580,977.03
ADPSO_T25,25,7,20,22,21388,500000,2037.8022974540174,37.802297454017435,2000.0,500038,9622,18888,2113.53
ADPSO_T25,25,8,10,16,11482,200000,2222.3568721309152,22.356872130915235,2200.0,200004,3848,7554,980.06
ADPSO_T25,25,8,10,17,11483,200000,2202.6599120625083,2.6599120625082833,2200.0,200034,3849,7534,980.59
ADPSO_T25,25,8,10,18,11484,200000,2221.2945769001335,21.294576900133507,2200.0,200022,3848,7572,983.43
ADPSO_T25,25,8,10,19,11485,200000,2222.267951132111,22.267951132111193,2200.0,200041,3849,7541,976.8
ADPSO_T25,25,8,10,20,11486,200000,2221.9431655198377,21.94316551983775,2200.0,200049,3849,7549,981.85
ADPSO_T25,25,8,10,21,11487,200000,2205.689790545502,5.689790545502092,2200.0,200009,3848,7559,982.1
ADPSO_T25,25,8,10,22,11488,200000,2221.4243752102752,21.42437521027523,2200.0,200013,3848,7563,978.07
ADPSO_T25,25,8,10,23,11489,200000,2202.475606333179,2.4756063331788027,2200.0,200043,3849,7543,977.12
ADPSO_T25,25,8,10,24,11490,200000,2220.757624276809,20.75762427680911,2200.0,200018,3848,7568,972.94
ADPSO_T25,25,8,10,25,11491,200000,2201.6536215454535,1.6536215454534613,2200.0,200048,3849,7548,981.8
ADPSO_T25,25,7,20,23,21389,500000,2027.28415669002,27.284156690019927,2000.0,500046,9621,18946,2677.7
ADPSO_T25,25,7,20,25,21391,500000,2034.802820429781,34.80282042978092,2000.0,500046,9621,18946,2654.79
ADPSO_T25,25,8,10,26,11492,200000,2221.4921280965978,21.492128096597753,2200.0,200022,3848,7572,985.39
ADPSO_T25,25,8,10,27,11493,200000,2201.9212919428446,1.9212919428446185,2200.0,200042,3849,7542,982.28
ADPSO_T25,25,8,10,28,11494,200000,2221.448212481819,21.448212481819155,2200.0,200027,3848,7577,974.23
ADPSO_T25,25,8,10,29,11495,200000,2220.8071913458775,20.807191345877527,2200.0,200013,3848,7563,977.34
ADPSO_T25,25,7,20,28,21394,500000,2028.3645799155875,28.364579915587456,2000.0,500034,9619,19034,2793.73
ADPSO_T25,25,7,20,24,21390,500000,2028.66569344884,28.665693448840102,2000.0,500026,9619,19026,2856.22
ADPSO_T25,25,7,20,26,21392,500000,2029.073867350095,29.073867350095043,2000.0,500021,9622,18871,2863.3
ADPSO_T25,25,7,20,27,21393,500000,2028.5415794149437,28.541579414943726,2000.0,500030,9621,18930,2869.15
ADPSO_T25,25,7,20,29,21395,500000,2023.546234781779,23.54623478177905,2000.0,500004,9620,18954,2996.71
ADPSO_T25,25,8,20,7,21473,500000,2230.1361370750274,30.136137075027364,2200.0,500025,9623,18825,3875.48
ADPSO_T25,25,8,20,0,21466,500000,2228.7723627248706,28.772362724870618,2200.0,500049,9626,18699,4105.87
ADPSO_T25,25,8,20,4,21470,500000,2237.9208617677673,37.92086176776729,2200.0,500003,9629,18503,3972.3
ADPSO_T25,25,8,20,2,21468,500000,2232.1907855887107,32.190785588710696,2200.0,500001,9626,18651,4066.13
ADPSO_T25,25,8,20,6,21472,500000,2224.5330914426877,24.53309144268769,2200.0,500007,9623,18807,3915.58
ADPSO_T25,25,8,20,3,21469,500000,2225.2781212607574,25.278121260757416,2200.0,500034,9623,18834,4056.38
ADPSO_T25,25,8,20,1,21467,500000,2233.2657696979,33.26576969789994,2200.0,500011,9626,18661,4119.93
ADPSO_T25,25,8,20,8,21474,500000,2228.723210424272,28.72321042427211,2200.0,500039,9623,18839,3870.06
ADPSO_T25,25,8,20,5,21471,500000,2228.6305710987904,28.63057109879037,2200.0,500020,9622,18870,3989.08
ADPSO_T25,25,8,20,9,21475,500000,2227.2455798726214,27.24557987262142,2200.0,500012,9622,18862,3556.62
ADPSO_T25,25,9,10,0,11566,200000,2659.0943518113295,359.0943518113295,2300.0,200024,3852,7374,73.3
ADPSO_T25,25,9,10,1,11567,200000,2659.0943541179636,359.0943541179636,2300.0,200026,3853,7326,60.96
ADPSO_T25,25,9,10,2,11568,200000,2659.0943499267078,359.09434992670776,2300.0,200035,3850,7485,33.84
ADPSO_T25,25,8,20,12,21478,500000,2230.1756108583595,30.175610858359505,2200.0,500000,9626,18650,3575.15
ADPSO_T25,25,8,20,15,21481,500000,2234.062787139561,34.062787139560896,2200.0,500028,9625,18728,3499.37
ADPSO_T25,25,8,20,11,21477,500000,2232.0412018394795,32.04120183947953,2200.0,500019,9623,18819,3598.82
ADPSO_T25,25,8,20,20,21486,500000,2229.5600441858,29.560044185800052,2200.0,500031,9627,18631,3373.63
ADPSO_T25,25,8,20,19,21485,500000,2230.5368350163353,30.536835016335317,2200.0,500020,9624,18770,3388.72
ADPSO_T25,25,8,20,10,21476,500000,2227.144165314739,27.144165314738984,2200.0,500025,9624,18775,3633.85
ADPSO_T25,25,9,10,4,11570,200000,2659.0943523787387,359.0943523787387,2300.0,200002,3850,7452,65.87
ADPSO_T25,25,9,10,6,11572,200000,2659.094349528572,359.0943495285719,2300.0,200012,3853,7312,34.38
ADPSO_T25,25,9,10,3,11569,200000,2659.0943517849355,359.0943517849355,2300.0,200030,3854,7280,72.69
ADPSO_T25,25,8,20,13,21479,500000,2231.760653453565,31.760653453564828,2200.0,500017,9624,18767,3636.34
ADPSO_T25,25,8,20,17,21483,500000,2232.1058918227213,32.10589182272133,2200.0,500041,9628,18591,3456.94
ADPSO_T25,25,9,10,5,11571,200000,2659.0943549167837,359.0943549167837,2300.0,200023,3854,7273,65.69
ADPSO_T25,25,8,20,14,21480,500000,2223.8586024708275,23.858602470827464,2200.0,500042,9626,18692,3562.17
ADPSO_T25,25,9,10,9,11575,200000,2659.094353616047,359.0943536160471,2300.0,200051,3854,7301,43.94
ADPSO_T25,25,8,20,21,21487,500000,2234.548334663259,34.548334663259084,2200.0,500008,9626,18658,3249.66
ADPSO_T25,25,9,10,7,11573,200000,2300.0054840666917,0.0054840666916788905,2300.0,200028,3849,7528,58.22
ADPSO_T25,25,8,20,16,21482,500000,2228.0035309681243,28.003530968124323,2200.0,500040,9626,18690,3501.32
ADPSO_T25,25,9,10,8,11574,200000,2659.094356768539,359.094356768539,2300.0,200046,3855,7246,63.97
ADPSO_T25,25,9,10,12,11578,200000,2659.094348334733,359.0943483347328,2300.0,200039,3852,7389,37.86
ADPSO_T25,25,9,10,18,11584,200000,2659.094352428624,359.094352428624,2300.0,200038,3854,7288,25.76
ADPSO_T25,25,9,10,10,11576,200000,2300.0051919011944,0.005191901194393722,2300.0,200017,3849,7517,62.78
ADPSO_T25,25,9,10,19,11585,200000,2659.0943534800926,359.09435348009265,2300.0,200013,3850,7463,30.56
ADPSO_T25,25,9,10,14,11580,200000,2659.0943484296404,359.0943484296404,2300.0,200034,3854,7284,54.71
ADPSO_T25,25,9,10,11,11577,200000,2659.0943587684756,359.09435876847556,2300.0,200006,3852,7356,70.51
ADPSO_T25,25,9,10,24,11590,200000,2659.0943510264024,359.09435102640236,2300.0,200005,3856,7155,26.42
ADPSO_T25,25,9,10,16,11582,200000,2659.0943598818344,359.0943598818344,2300.0,200041,3855,7241,63.97
ADPSO_T25,25,9,10,13,11579,200000,2659.0943587967968,359.09435879679677,2300.0,200018,3852,7368,77.11
ADPSO_T25,25,9,10,15,11581,200000,2659.0943523042242,359.09435230422423,2300.0,200020,3851,7420,69.45
ADPSO_T25,25,9,10,17,11583,200000,2659.0943542968,359.0943542967998,2300.0,200054,3852,7404,66.23
ADPSO_T25,25,9,10,23,11589,200000,2659.094346011321,359.0943460113208,2300.0,200001,3850,7451,44.95
ADPSO_T25,25,9,10,26,11592,200000,2659.094349406709,359.09434940670917,2300.0,200041,3854,7291,31.08
ADPSO_T25,25,9,10,21,11587,200000,2659.094349409848,359.09434940984784,2300.0,200008,3853,7308,61.38
ADPSO_T25,25,8,20,18,21484,500000,2225.879634777309,25.879634777309093,2200.0,500049,9625,18749,3526.4
ADPSO_T25,25,9,10,22,11588,200000,2659.094348808702,359.09434880870185,2300.0,200002,3853,7302,61.39
ADPSO_T25,25,9,10,28,11594,200000,2659.094352022798,359.0943520227979,2300.0,200032,3853,7332,31.51
ADPSO_T25,25,9,10,20,11586,200000,2659.0943514225546,359.0943514225546,2300.0,200032,3852,7382,74.18
ADPSO_T25,25,9,10,27,11593,200000,2659.0943470101597,359.0943470101597,2300.0,200001,3852,7351,41.15
ADPSO_T25,25,9,10,25,11591,200000,2300.006148339628,0.006148339627998212,2300.0,200000,3849,7500,58.69
ADPSO_T25,25,9,10,29,11595,200000,2659.0943542257096,359.0943542257096,2300.0,200034,3851,7434,50.58
ADPSO_T25,25,9,20,0,21566,500000,2635.6387800550388,335.63878005503875,2300.0,500000,9620,18950,114.82
ADPSO_T25,25,9,20,6,21572,500000,2635.638778626684,335.63877862668414,2300.0,500039,9623,18839,116.18
ADPSO_T25,25,9,20,2,21568,500000,2635.6387771001196,335.63877710011957,2300.0,500035,9623,18835,134.05
ADPSO_T25,25,9,20,4,21570,500000,2635.638774420411,335.6387744204112,2300.0,500025,9625,18725,149.42
ADPSO_T25,25,9,20,12,21578,500000,2635.6387836961508,335.63878369615077,2300.0,500004,9622,18854,141.98
ADPSO_T25,25,9,20,5,21571,500000,2635.6387799863787,335.6387799863787,2300.0,500004,9621,18904,161.26
ADPSO_T25,25,9,20,3,21569,500000,2635.638776643867,335.638776643867,2300.0,500053,9623,18853,167.94
ADPSO_T25,25,9,20,7,21573,500000,2635.6387753296667,335.6387753296667,2300.0,500010,9622,18860,155.58
ADPSO_T25,25,9,20,8,21574,500000,2635.6387750741997,335.63877507419966,2300.0,500014,9623,18814,160.67
ADPSO_T25,25,9,20,14,21580,500000,2635.6387735145163,335.6387735145163,2300.0,500032,9620,18982,65.81
ADPSO_T25,25,9,20,9,21575,500000,2635.6387776422052,335.63877764220524,2300.0,500038,9622,18888,163.97
ADPSO_T25,25,9,20,10,21576,500000,2635.638784022396,335.63878402239607,2300.0,500052,9621,18952,162.91
ADPSO_T25,25,9,20,1,21567,500000,2635.638779208186,335.63877920818595,2300.0,500018,9625,18718,192.88
ADPSO_T25,25,9,20,11,21577,500000,2635.638781743262,335.6387817432619,2300.0,500024,9623,18824,169.81
ADPSO_T25,25,9,20,13,21579,500000,2635.638775946486,335.638775946486,2300.0,500048,9623,18848,181.59
ADPSO_T25,25,9,20,16,21582,500000,2635.6387787331064,335.6387787331064,2300.0,500017,9622,18867,140.6
ADPSO_T25,25,9,20,23,21589,500000,2635.6387761167725,335.63877611677253,2300.0,500007,9620,18957,98.67
ADPSO_T25,25,9,20,19,21585,500000,2635.6387795213986,335.63877952139865,2300.0,500023,9623,18823,116.37
ADPSO_T25,25,9,20,15,21581,500000,2635.638778389313,335.63877838931285,2300.0,500025,9622,18875,157.35
ADPSO_T25,25,9,20,25,21591,500000,2635.6387828252987,335.6387828252987,2300.0,500001,9622,18851,103.42
ADPSO_T25,25,9,20,18,21584,500000,2635.638774595951,335.63877459595096,2300.0,500049,9624,18799,126.89
ADPSO_T25,25,10,10,0,11666,200000,2620.8726604236476,220.87266042364763,2400.0,200027,3848,7577,25.34
ADPSO_T25,25,9,20,22,21588,500000,2635.638781583759,335.6387815837588,2300.0,500020,9623,18820,126.19
ADPSO_T25,25,9,20,27,21593,500000,2635.6387737004166,335.63877370041655,2300.0,500041,9622,18891,115.78
ADPSO_T25,25,9,20,17,21583,500000,2635.638783186636,335.6387831866359,2300.0,500035,9621,18935,157.34
ADPSO_T25,25,9,20,24,21590,500000,2635.6387773303163,335.6387773303163,2300.0,500016,9621,18916,128.51
ADPSO_T25,25,10,10,1,11667,200000,2620.8726586253006,220.87265862530057,2400.0,200012,3848,7562,28.65
ADPSO_T25,25,9,20,21,21587,500000,2635.63878084979,335.6387808497898,2300.0,500003,9621,18903,143.71
ADPSO_T25,25,10,10,4,11670,200000,2622.473887224255,222.47388722425512,2400.0,200044,3849,7544,33.61
ADPSO_T25,25,10,10,3,11669,200000,2621.122068212384,221.12206821238397,2400.0,200025,3848,7575,40.11
ADPSO_T25,25,10,10,5,11671,200000,2730.849145090591,330.8491450905908,2400.0,200006,3848,7556,33.16
ADPSO_T25,25,10,10,7,11673,200000,2621.122087350096,221.12208735009608,2400.0,200046,3849,7546,25.77
ADPSO_T25,25,10,10,9,11675,200000,2620.8726606371492,220.87266063714924,2400.0,200032,3849,7532,25.67
ADPSO_T25,25,10,10,11,11677,200000,2620.8726595996613,220.87265959966135,2400.0,200011,3848,7561,25.54
ADPSO_T25,25,9,20,20,21586,500000,2635.638780030125,335.63878003012496,2300.0,500033,9622,18883,177.73
ADPSO_T25,25,10,10,2,11668,200000,2622.1516590301603,222.15165903016032,2400.0,200004,3848,7554,66.28
ADPSO_T25,25,10,10,14,11680,200000,2736.338843145123,336.33884314512306,2400.0,200019,3848,7569,25.42
ADPSO_T25,25,10,10,6,11672,200000,2621.122075115097,221.12207511509678,2400.0,200050,3849,7550,58.96
ADPSO_T25,25,10,10,16,11682,200000,2620.8726586232788,220.87265862327877,2400.0,200038,3849,7538,25.49
ADPSO_T25,25,9,20,26,21592,500000,2635.6387749291107,335.6387749291107,2300.0,500050,9621,18950,170.9
ADPSO_T25,25,9,20,28,21594,500000,2635.6387799442364,335.6387799442364,2300.0,500033,9622,18883,143.13
ADPSO_T25,25,10,10,10,11676,200000,2621.12207497184,221.12207497184,2400.0,200003,3848,7553,54.26
ADPSO_T25,25,10,10,15,11681,200000,2620.5523287732744,220.55232877327444,2400.0,200003,3848,7553,35.8
ADPSO_T25,25,10,10,8,11674,200000,2621.122062618649,221.12206261864912,2400.0,200015,3848,7565,65.24
ADPSO_T25,25,9,20,29,21595,500000,2635.638776343904,335.6387763439038,2300.0,500037,9621,18937,106.48
ADPSO_T25,25,10,10,13,11679,200000,2620.8726580831344,220.8726580831344,2400.0,200005,3848,7555,55.89
ADPSO_T25,25,10,10,12,11678,200000,2623.5344540863575,223.53445408635753,2400.0,200008,3848,7558,64.27
ADPSO_T25,25,10,10,20,11686,200000,2620.8726578174724,220.87265781747237,2400.0,200008,3848,7558,41.25
ADPSO_T25,25,10,10,17,11683,200000,2620.872661318066,220.8726613180661,2400.0,200008,3848,7558,60.92
ADPSO_T25,25,10,10,21,11687,200000,2621.1220765142275,221.1220765142275,2400.0,200042,3849,7542,43.58
ADPSO_T25,25,10,10,19,11685,200000,2621.1220752653303,221.1220752653303,2400.0,200034,3849,7534,57.2
ADPSO_T25,25,10,10,22,11688,200000,2622.0632921633087,222.0632921633087,2400.0,200045,3849,7545,46.94
ADPSO_T25,25,10,10,24,11690,200000,2620.8726618306623,220.8726618306623,2400.0,200051,3849,7551,45.31
ADPSO_T25,25,10,10,18,11684,200000,2621.425878262974,221.42587826297404,2400.0,200004,3848,7554,67.83
ADPSO_T25,25,10,10,23,11689,200000,2621.1965244452804,221.19652444528037,2400.0,200019,3849,7519,55.8
ADPSO_T25,25,10,10,25,11691,200000,2620.87265672328,220.87265672328022,2400.0,200016,3848,7566,57.78
ADPSO_T25,25,10,10,28,11694,200000,2622.103585802708,222.10358580270804,2400.0,200001,3848,7551,46.5
ADPSO_T25,25,10,10,26,11692,200000,2726.6107725698016,326.6107725698016,2400.0,200003,3848,7553,60.19
ADPSO_T25,25,10,10,29,11695,200000,2622.1516532858395,222.15165328583953,2400.0,200018,3848,7568,56.94
ADPSO_T25,25,10,10,27,11693,200000,2620.872658451696,220.87265845169622,2400.0,200052,3849,7552,76.12
ADPSO_T25,25,10,20,0,21666,500000,2940.464471889062,540.4644718890622,2400.0,500053,9619,19053,83.28
ADPSO_T25,25,10,20,4,21670,500000,2831.404667819308,431.4046678193081,2400.0,500038,9624,18788,78.25
ADPSO_T25,25,10,20,10,21676,500000,2804.9102969185265,404.91029691852646,2400.0,500045,9620,18995,85.6
ADPSO_T25,25,10,20,11,21677,500000,2966.7544943237067,566.7544943237067,2400.0,500002,9622,18852,104.62
ADPSO_T25,25,10,20,12,21678,500000,2799.299858794976,399.299858794976,2400.0,500046,9620,18996,104.11
ADPSO_T25,25,10,20,1,21667,500000,2797.3962054386184,397.3962054386184,2400.0,500043,9623,18843,147.8
ADPSO_T25,25,10,20,7,21673,500000,2930.957711203124,530.9577112031238,2400.0,500034,9619,19034,139.22
ADPSO_T25,25,10,20,2,21668,500000,2805.0756922307646,405.0756922307646,2400.0,500000,9619,19000,154.69
ADPSO_T25,25,10,20,8,21674,500000,2805.5472686807134,405.5472686807134,2400.0,500039,9619,19039,140.22
ADPSO_T25,25,10,20,9,21675,500000,2800.0876458296284,400.0876458296284,2400.0,500031,9622,18881,141.21
ADPSO_T25,25,10,20,5,21671,500000,2804.588158031076,404.5881580310761,2400.0,500019,9620,18969,159.97
ADPSO_T25,25,10,20,14,21680,500000,2939.5194157568294,539.5194157568294,2400.0,500002,9621,18902,100.01
ADPSO_T25,25,10,20,6,21672,500000,2927.4475288214917,527.4475288214917,2400.0,500027,9619,19027,168.82
ADPSO_T25,25,10,20,3,21669,500000,2909.728986187329,509.72898618732916,2400.0,500002,9618,19052,194.73
ADPSO_T25,25,10,20,15,21681,500000,2808.5898101402017,408.58981014020173,2400.0,500039,9619,19039,127.36
ADPSO_T25,25,10,20,16,21682,500000,2933.36583762685,533.36583762685,2400.0,500028,9619,19028,114.27
ADPSO_T25,25,10,20,13,21679,500000,2804.764257958259,404.7642579582589,2400.0,500016,9624,18766,185.78
ADPSO_T25,25,10,20,23,21689,500000,2805.5124035920912,405.51240359209123,2400.0,500029,9619,19029,74.77
ADPSO_T25,25,10,20,17,21683,500000,3993.424334364977,1593.4243343649769,2400.0,500016,9620,18966,127.92
ADPSO_T25,25,10,20,20,21686,500000,2804.028103748173,404.0281037481732,2400.0,500026,9621,18926,121.96
ADPSO_T25,25,10,20,24,21690,500000,2804.628916908065,404.6289169080651,2400.0,500042,9623,18842,114.43
ADPSO_T25,25,11,10,1,11767,200000,2600.0028104132984,0.002810413298448111,2600.0,200003,3848,7553,45.43
ADPSO_T25,25,11,10,0,11766,200000,2600.003402473423,0.0034024734231934417,2600.0,200001,3848,7551,52.55
ADPSO_T25,25,10,20,22,21688,500000,2806.151132660326,406.15113266032586,2400.0,500032,9622,18882,136.83
ADPSO_T25,25,10,20,26,21692,500000,2800.5144672750534,400.51446727505345,2400.0,500011,9619,19011,116.99
ADPSO_T25,25,10,20,18,21684,500000,2800.6948316967496,400.6948316967496,2400.0,500007,9623,18807,164.37
ADPSO_T25,25,10,20,21,21687,500000,2800.9598893989064,400.9598893989064,2400.0,500029,9623,18829,155.18
ADPSO_T25,25,10,20,19,21685,500000,2926.3705640556122,526.3705640556122,2400.0,500012,9619,19012,165.31
ADPSO_T25,25,11,10,4,11770,200000,2600.003909837891,0.003909837891114876,2600.0,200022,3851,7422,46.12
ADPSO_T25,25,11,10,5,11771,200000,2623.4308489767673,23.430848976767265,2600.0,200008,3848,7558,46.44
ADPSO_T25,25,10,20,27,21693,500000,4044.028541072063,1644.028541072063,2400.0,500023,9620,18973,136.63
ADPSO_T25,25,11,10,6,11772,200000,2600.003983124703,0.003983124703154317,2600.0,200028,3849,7528,54.39
ADPSO_T25,25,10,20,29,21695,500000,2805.3840542422645,405.3840542422645,2400.0,500011,9618,19061,120.42
ADPSO_T25,25,10,20,25,21691,500000,3708.195045304368,1308.1950453043678,2400.0,500046,9621,18946,200.03
ADPSO_T25,25,10,20,28,21694,500000,2803.0765528106162,403.07655281061625,2400.0,500033,9619,19033,160.8
ADPSO_T25,25,11,10,13,11779,200000,2600.003127591003,0.003127591002794361,2600.0,200028,3849,7528,43.45
ADPSO_T25,25,11,10,2,11768,200000,2600.003700389649,0.0037003896491114574,2600.0,200039,3850,7489,114.71
ADPSO_T25,25,11,10,9,11775,200000,2600.0038972912907,0.003897291290741123,2600.0,200027,3851,7427,69.89
ADPSO_T25,25,11,10,3,11769,200000,2600.0028510076822,0.00285100768223856,2600.0,200002,3848,7552,111.19
ADPSO_T25,25,11,10,10,11776,200000,2600.003358978219,0.003358978218784614,2600.0,200004,3849,7504,79.32
ADPSO_T25,25,11,10,8,11774,200000,2622.4255977669145,22.425597766914507,2600.0,200030,3849,7530,119.94
ADPSO_T25,25,11,10,14,11780,200000,2600.0032490074805,0.003249007480462751,2600.0,200049,3850,7499,82.28
ADPSO_T25,25,11,10,21,11787,200000,2600.004254994761,0.004254994761140551,2600.0,200051,3850,7501,43.39
ADPSO_T25,25,11,10,11,11777,200000,2600.003904258441,0.003904258440798003,2600.0,200046,3849,7546,110.79
ADPSO_T25,25,11,10,7,11773,200000,2600.002609185711,0.0026091857112078287,2600.0,200003,3848,7553,127.73
ADPSO_T25,25,11,10,12,11778,200000,2600.0034279183583,0.0034279183582839323,2600.0,200049,3850,7499,96.27
ADPSO_T25,25,11,10,19,11785,200000,2600.004386902126,0.004386902126043424,2600.0,200014,3851,7414,71.66
ADPSO_T25,25,11,10,15,11781,200000,2600.003797513519,0.0037975135192027665,2600.0,200009,3850,7459,108.65
ADPSO_T25,25,11,10,16,11782,200000,2600.0030178970187,0.0030178970187080267,2600.0,200025,3850,7475,107.88
ADPSO_T25,25,11,10,22,11788,200000,2600.0024299643032,0.002429964303246379,2600.0,200042,3849,7542,72.75
ADPSO_T25,25,11,10,18,11784,200000,2600.003971468113,0.003971468112922594,2600.0,200010,3849,7510,89.98
ADPSO_T25,25,11,10,20,11786,200000,2600.004038892313,0.00403889231301946,2600.0,200044,3849,7544,94.12
ADPSO_T25,25,11,10,23,11789,200000,2600.002601963959,0.0026019639590231236,2600.0,200031,3850,7481,98.59
ADPSO_T25,25,11,10,25,11791,200000,2600.003994576042,0.003994576041804976,2600.0,200019,3850,7469,75.61
ADPSO_T25,25,11,10,28,11794,200000,2600.0030885978863,0.00308859788628979,2600.0,200006,3848,7556,72.5
ADPSO_T25,25,11,10,17,11783,200000,2600.0023414205625,0.00234142056251585,2600.0,200014,3849,7514,127.78
ADPSO_T25,25,11,10,27,11793,200000,2600.0034618340337,0.0034618340337146947,2600.0,200046,3849,7546,82.84
ADPSO_T25,25,11,10,29,11795,200000,2600.0028707100014,0.002870710001388943,2600.0,200044,3849,7544,93.38
ADPSO_T25,25,11,10,26,11792,200000,2600.00421479923,0.004214799229885102,2600.0,200002,3848,7552,106.4
ADPSO_T25,25,11,10,24,11790,200000,2622.4255973426143,22.42559734261431,2600.0,200025,3848,7575,124.94
ADPSO_T25,25,11,20,4,21770,500000,2600.0053661310903,0.005366131090340787,2600.0,500019,9631,18419,139.82
ADPSO_T25,25,11,20,3,21769,500000,2600.0042224352824,0.004222435282372317,2600.0,500007,9623,18807,146.95
ADPSO_T25,25,11,20,0,21766,500000,2618.329002004884,18.329002004883932,2600.0,500000,9622,18850,214.69
ADPSO_T25,25,11,20,11,21777,500000,2600.0044717740825,0.0044717740825035435,2600.0,500031,9624,18781,150.78
ADPSO_T25,25,11,20,2,21768,500000,2600.0048869076477,0.004886907647687622,2600.0,500000,9620,18950,232.45
ADPSO_T25,25,11,20,10,21776,500000,2613.9892706489013,13.98927064890131,2600.0,500011,9623,18811,181.92
ADPSO_T25,25,11,20,5,21771,500000,2600.003620696777,0.003620696777034027,2600.0,500000,9622,18850,227.93
ADPSO_T25,25,11,20,8,21774,500000,2600.0044379086944,0.004437908694399084,2600.0,500001,9624,18751,213.01
ADPSO_T25,25,11,20,13,21779,500000,2600.0047845192685,0.004784519268469012,2600.0,500016,9623,18816,186.47
ADPSO_T25,25,8,20,23,21489,500000,2222.823907239345,22.823907239344862,2200.0,500006,9623,18806,1484.78
ADPSO_T25,25,8,20,24,21490,500000,2229.4987982469747,29.49879824697473,2200.0,500002,9625,18702,1482.53
ADPSO_T25,25,11,20,1,21767,500000,2600.0051951383402,0.005195138340241101,2600.0,500031,9621,18931,284.89
ADPSO_T25,25,11,20,7,21773,500000,2600.004304702194,0.004304702194076526,2600.0,500045,9625,18745,252.8
ADPSO_T25,25,11,20,6,21772,500000,2618.33275125376,18.332751253759852,2600.0,500026,9622,18876,271.41
ADPSO_T25,25,11,20,9,21775,500000,2600.0052318645107,0.0052318645107334305,2600.0,500029,9624,18779,259.45
ADPSO_T25,25,8,20,25,21491,500000,2224.8986124938874,24.898612493887413,2200.0,500040,9625,18740,1509.94
ADPSO_T25,25,11,20,12,21778,500000,2600.00470051284,0.004700512839917792,2600.0,500017,9631,18417,246.73
ADPSO_T25,25,8,20,26,21492,500000,2229.103947682125,29.10394768212518,2200.0,500000,9626,18650,1529.92
ADPSO_T25,25,11,20,16,21782,500000,2600.0041769066083,0.0041769066083361395,2600.0,500017,9621,18917,147.52
ADPSO_T25,25,11,20,15,21781,500000,2600.004882350661,0.0048823506608641765,2600.0,500027,9620,18977,226.55
ADPSO_T25,25,12,10,0,11866,200000,2865.42954537533,165.42954537532978,2700.0,200041,3849,7541,66.15
ADPSO_T25,25,8,20,27,21493,500000,2228.0631864855222,28.063186485522237,2200.0,500034,9623,18834,1559.84
ADPSO_T25,25,8,20,22,21488,500000,2227.4811226111883,27.48112261118831,2200.0,500031,9622,18881,1616.55
ADPSO_T25,25,11,20,14,21780,500000,2600.0049936443456,0.004993644345631765,2600.0,500049,9624,18799,259.63
ADPSO_T25,25,8,20,28,21494,500000,2227.7905292608652,27.79052926086524,2200.0,500021,9624,18771,1571.52
ADPSO_T25,25,12,10,1,11867,200000,2869.8914062690815,169.89140626908147,2700.0,200044,3849,7544,75.52
ADPSO_T25,25,12,10,3,11869,200000,2867.4800300252346,167.48003002523456,2700.0,200025,3848,7575,48.85
ADPSO_T25,25,12,10,2,11868,200000,2865.9134202028995,165.9134202028995,2700.0,200045,3849,7545,75.06
ADPSO_T25,25,11,20,22,21788,500000,2613.921273350955,13.921273350954834,2600.0,500022,9622,18872,168.08
ADPSO_T25,25,8,20,29,21495,500000,2227.8627252020383,27.86272520203829,2200.0,500044,9624,18794,1593.7
ADPSO_T25,25,11,20,19,21785,500000,2600.005403475177,0.005403475176990469,2600.0,500039,9620,18989,225.64
ADPSO_T25,25,12,10,4,11870,200000,2863.818344175258,163.81834417525806,2700.0,200040,3849,7540,83.84
ADPSO_T25,25,11,20,20,21786,500000,2615.341021160769,15.341021160768832,2600.0,500034,9620,18984,227.23
ADPSO_T25,25,12,10,5,11871,200000,2864.478545827081,164.47854582708078,2700.0,200000,3850,7450,80.66
ADPSO_T25,25,12,10,10,11876,200000,2865.9032893927942,165.90328939279425,2700.0,200050,3849,7550,49.41
ADPSO_T25,25,11,20,27,21793,500000,2600.0047031670174,0.004703167017396481,2600.0,500016,9622,18866,174.32
ADPSO_T25,25,11,20,26,21792,500000,2600.0040964487494,0.0040964487493511115,2600.0,500012,9627,18612,190.26
ADPSO_T25,25,11,20,28,21794,500000,2600.0046336379996,0.004633637999631901,2600.0,500005,9621,18905,183.52
ADPSO_T25,25,12,10,13,11879,200000,2865.9070196794237,165.90701967942368,2700.0,200009,3849,7509,49.45
ADPSO_T25,25,12,10,6,11872,200000,2865.915134755912,165.91513475591182,2700.0,200031,3849,7531,91.68
ADPSO_T25,25,11,20,17,21783,500000,2600.004063627833,0.0040636278331476205,2600.0,500002,9621,18902,285.65
ADPSO_T25,25,12,10,8,11874,200000,2864.50113961207,164.5011396120699,2700.0,200050,3850,7500,90.51
ADPSO_T25,25,11,20,21,21787,500000,2615.3410200114927,15.341020011492674,2600.0,500013,9621,18913,252.92
ADPSO_T25,25,12,10,9,11875,200000,2865.9203474355363,165.9203474355363,2700.0,200015,3849,7515,87.67
ADPSO_T25,25,12,10,7,11873,200000,2866.4229100558387,166.42291005583866,2700.0,200037,3848,7587,106.64
ADPSO_T25,25,12,10,12,11878,200000,2865.135879959664,165.13587995966418,2700.0,200014,3848,7564,92.71
ADPSO_T25,25,11,20,24,21790,500000,2600.004454471795,0.004454471794815618,2600.0,500004,9620,18954,251.28
ADPSO_T25,25,12,10,20,11886,200000,2865.9031720766825,165.9031720766825,2700.0,200005,3848,7555,57.94
ADPSO_T25,25,11,20,23,21789,500000,2600.004969487081,0.004969487080870749,2600.0,500014,9620,18964,260.06
ADPSO_T25,25,12,10,11,11877,200000,2865.929734924551,165.9297349245512,2700.0,200033,3849,7533,116.86
ADPSO_T25,25,11,20,18,21784,500000,2600.0049236945665,0.004923694566514314,2600.0,500045,9626,18695,317.99
ADPSO_T25,25,11,20,29,21795,500000,2600.004074465265,0.004074465265148319,2600.0,500033,9631,18433,240.11
ADPSO_T25,25,12,10,27,11893,200000,2865.9197514293637,165.9197514293637,2700.0,200027,3849,7527,46.59
ADPSO_T25,25,12,10,16,11882,200000,2865.912380607932,165.91238060793194,2700.0,200001,3849,7501,85.12
ADPSO_T25,25,12,10,25,11891,200000,2865.9540786135653,165.95407861356534,2700.0,200009,3849,7509,60.12
ADPSO_T25,25,12,10,19,11885,200000,2865.9003520234655,165.90035202346553,2700.0,200033,3849,7533,91.71
ADPSO_T25,25,12,10,18,11884,200000,2864.481486702963,164.48148670296314,2700.0,200006,3851,7406,98.26
ADPSO_T25,25,12,10,17,11883,200000,2865.9436971119867,165.9436971119867,2700.0,200042,3849,7542,106.44
ADPSO_T25,25,12,10,22,11888,200000,2865.907153137169,165.9071531371692,2700.0,200041,3850,7491,88.25
ADPSO_T25,25,11,20,25,21791,500000,2600.0046765329453,0.004676532945268264,2600.0,500024,9623,18824,299.39
ADPSO_T25,25,12,10,21,11887,200000,2866.4229075259377,166.42290752593772,2700.0,200044,3848,7594,95.46
ADPSO_T25,25,12,10,14,11880,200000,2865.965247772958,165.9652477729578,2700.0,200022,3849,7522,127.41
ADPSO_T25,25,12,10,15,11881,200000,2865.921597659297,165.92159765929682,2700.0,200050,3849,7550,116.8
ADPSO_T25,25,12,10,24,11890,200000,2864.4983386054346,164.49833860543458,2700.0,200016,3849,7516,86.93
ADPSO_T25,25,12,10,26,11892,200000,2865.953383646538,165.953383646538,2700.0,200040,3849,7540,89.07
ADPSO_T25,25,12,10,28,11894,200000,2866.4229088204006,166.4229088204006,2700.0,200012,3848,7562,84.45
ADPSO_T25,25,12,10,23,11889,200000,2866.4229044739377,166.4229044739377,2700.0,200000,3847,7600,109.09
ADPSO_T25,25,12,10,29,11895,200000,2865.9523106133975,165.95231061339746,2700.0,200024,3849,7524,101.27
ADPSO_T25,25,12,20,7,21873,500000,2969.709309200298,269.70930920029787,2700.0,500010,9619,19010,137.0
ADPSO_T25,25,12,20,6,21872,500000,2943.3074124166,243.30741241660007,2700.0,500034,9620,18984,159.89
ADPSO_T25,25,12,20,0,21866,500000,2945.2353369112907,245.2353369112907,2700.0,500047,9619,19047,215.04
ADPSO_T25,25,12,20,19,21885,500000,2940.8753629793814,240.8753629793814,2700.0,500038,9620,18988,170.42
ADPSO_T25,25,12,20,2,21868,500000,2943.452945397282,243.45294539728184,2700.0,500025,9619,19025,236.87
ADPSO_T25,25,12,20,3,21869,500000,2939.09319075055,239.0931907505501,2700.0,500046,9619,19046,230.28
ADPSO_T25,25,12,20,1,21867,500000,2944.86680280325,244.8668028032498,2700.0,500029,9619,19029,245.74
ADPSO_T25,25,12,20,5,21871,500000,2943.3085867999494,243.30858679994935,2700.0,500047,9621,18947,243.26
ADPSO_T25,25,12,20,12,21878,500000,2943.806832224075,243.80683222407515,2700.0,500002,9619,19002,221.11
ADPSO_T25,25,12,20,9,21875,500000,2945.098832356799,245.098832356799,2700.0,500001,9619,19001,232.96
ADPSO_T25,25,12,20,4,21870,500000,2939.093191199092,239.09319119909196,2700.0,500043,9619,19043,253.57
ADPSO_T25,25,12,20,14,21880,500000,2939.093190042256,239.09319004225608,2700.0,500023,9618,19073,218.23
ADPSO_T25,25,12,20,10,21876,500000,2971.1358593985497,271.13585939854966,2700.0,500031,9621,18931,232.7
ADPSO_T50,50,1,10,1,10767,200000,300.00000020707006,2.0707005887743435e-07,300.0,200050,3923,3850,3.32
ADPSO_T50,50,1,10,3,10769,200000,300.000000453944,4.539439828477043e-07,300.0,200046,3923,3846,3.37
ADPSO_T50,50,1,10,6,10772,200000,300.0000002541885,2.541884782658599e-07,300.0,200047,3923,3847,3.38
ADPSO_T50,50,1,10,0,10766,200000,300.0000003310106,3.3101059671025723e-07,300.0,200046,3923,3846,11.18
ADPSO_T50,50,1,10,2,10768,200000,300.0000001902999,1.9029988607144332e-07,300.0,200048,3923,3848,10.14
ADPSO_T50,50,1,10,4,10770,200000,300.0000004113882,4.1138821416097926e-07,300.0,200047,3923,3847,8.28
ADPSO_T50,50,1,10,7,10773,200000,300.000000259162,2.591619931990863e-07,300.0,200049,3923,3849,3.77
ADPSO_T50,50,1,10,5,10771,200000,300.00000032578185,3.257818548263458e-07,300.0,200045,3923,3845,9.11
ADPSO_T50,50,1,10,11,10777,200000,300.0000003554505,3.554504814928805e-07,300.0,200000,3922,3850,7.05
ADPSO_T50,50,1,10,8,10774,200000,300.000000288115,2.8811501806558226e-07,300.0,200046,3923,3846,8.88
ADPSO_T25,25,12,20,13,21879,500000,2949.5234362107517,249.5234362107517,2700.0,500010,9618,19060,240.68
ADPSO_T50,50,1,10,12,10778,200000,300.00000026561486,2.656148581081652e-07,300.0,200049,3923,3849,8.0
ADPSO_T50,50,1,10,10,10776,200000,300.0000003202822,3.2028219720814377e-07,300.0,200047,3923,3847,11.29
ADPSO_T50,50,1,10,9,10775,200000,300.0000003297108,3.29710815094586e-07,300.0,200047,3923,3847,11.66
ADPSO_T50,50,1,10,14,10780,200000,300.0000003068406,3.068406044803851e-07,300.0,200049,3923,3849,3.63
ADPSO_T50,50,1,10,15,10781,200000,300.00000025808225,2.5808225245782523e-07,300.0,200046,3923,3846,3.75
ADPSO_T50,50,1,10,16,10782,200000,300.0000003561743,3.5617432558865403e-07,300.0,200044,3923,3844,3.73
ADPSO_T25,25,12,20,11,21877,500000,2946.920628045197,246.9206280451972,2700.0,500003,9618,19053,248.52
ADPSO_T50,50,1,10,19,10785,200000,300.0000002206466,2.206465978815686e-07,300.0,200046,3923,3846,3.79
ADPSO_T50,50,1,10,20,10786,200000,300.0000002669889,2.6698887722886866e-07,300.0,200037,3923,3837,3.81
ADPSO_T50,50,1,10,21,10787,200000,300.00000021127465,2.112746528837306e-07,300.0,200048,3923,3848,3.75
ADPSO_T50,50,1,10,13,10779,200000,300.0000003027262,3.0272622097982094e-07,300.0,200048,3923,3848,11.13
ADPSO_T50,50,1,10,23,10789,200000,300.0000003066861,3.066861040679214e-07,300.0,200049,3923,3849,3.82
ADPSO_T50,50,1,10,22,10788,200000,300.00000018003436,1.8003436252911342e-07,300.0,200047,3923,3847,4.78
ADPSO_T50,50,1,10,24,10790,200000,300.0000002117614,2.117614030794357e-07,300.0,200041,3923,3841,3.75
ADPSO_T50,50,1,10,25,10791,200000,300.00000019502073,1.9502073200783343e-07,300.0,200048,3923,3848,3.61
ADPSO_T50,50,1,10,18,10784,200000,300.0000001539687,1.5396869912365219e-07,300.0,200047,3923,3847,10.88
ADPSO_T50,50,1,10,27,10793,200000,300.00000028810473,2.8810472940676846e-07,300.0,200046,3923,3846,3.41
ADPSO_T50,50,1,10,17,10783,200000,300.0000003113715,3.1137147971094237e-07,300.0,200044,3923,3844,11.48
ADPSO_T50,50,1,10,29,10795,200000,300.000000281923,2.819230076056556e-07,300.0,200000,3922,3850,3.34
ADPSO_T25,25,12,20,18,21884,500000,2939.093190986986,239.09319098698597,2700.0,500044,9619,19044,243.95
ADPSO_T50,50,1,10,26,10792,200000,300.00000021571765,2.1571764818872907e-07,300.0,200048,3923,3848,8.77
ADPSO_T50,50,1,10,28,10794,200000,300.00000015446244,1.5446244105987716e-07,300.0,200047,3923,3847,8.24
ADPSO_T50,50,1,20,0,20766,500000,300.00000173206035,1.7320603546977509e-06,300.0,500037,9806,9687,8.62
ADPSO_T50,50,1,20,4,20770,500000,300.0000013136362,1.3136361758370185e-06,300.0,500019,9806,9669,8.64
ADPSO_T25,25,12,20,8,21874,500000,2938.504449334293,238.50444933429299,2700.0,500029,9621,18929,283.04
ADPSO_T25,25,12,20,16,21882,500000,2949.033433674952,249.033433674952,2700.0,500041,9619,19041,261.51
ADPSO_T50,50,1,20,2,20768,500000,300.0000009169396,9.16939598027966e-07,300.0,500022,9806,9672,13.56
ADPSO_T50,50,1,20,7,20773,500000,300.0000012329633,1.2329633136687335e-06,300.0,500016,9806,9666,8.66
ADPSO_T25,25,12,20,15,21881,500000,2944.6276638802156,244.62766388021555,2700.0,500009,9620,18959,264.65
ADPSO_T50,50,1,20,8,20774,500000,300.00000084244914,8.424491397818201e-07,300.0,500018,9806,9668,8.6
ADPSO_T50,50,1,20,1,20767,500000,300.00000100360626,1.00360625765461e-06,300.0,500018,9806,9668,19.59
ADPSO_T50,50,1,20,9,20775,500000,300.0000008485174,8.485174021188868e-07,300.0,500005,9806,9655,10.1
ADPSO_T50,50,1,20,13,20779,500000,300.00000099866577,9.986657687477418e-07,300.0,500025,9806,9675,9.13
ADPSO_T50,50,1,20,15,20781,500000,300.0000015861513,1.586151313404116e-06,300.0,500037,9806,9687,9.18
ADPSO_T50,50,1,20,5,20771,500000,300.00000122132093,1.221320928834757e-06,300.0,500040,9806,9690,22.11
ADPSO_T50,50,1,20,3,20769,500000,300.00000150838434,1.5083843436514144e-06,300.0,500025,9806,9675,26.76
ADPSO_T50,50,1,20,14,20780,500000,300.0000012373921,1.2373920981190167e-06,300.0,500028,9806,9678,15.43
ADPSO_T50,50,1,20,6,20772,500000,300.0000011468254,1.1468254115243326e-06,300.0,500018,9806,9668,25.57
ADPSO_T50,50,1,20,11,20777,500000,300.0000012775336,1.2775336131198856e-06,300.0,500023,9806,9673,19.25
ADPSO_T50,50,1,20,18,20784,500000,300.0000011018823,1.1018822760888725e-06,300.0,500021,9806,9671,9.49
ADPSO_T50,50,1,20,12,20778,500000,300.0000015709368,1.5709367744420888e-06,300.0,500016,9806,9666,19.06
ADPSO_T50,50,1,20,10,20776,500000,300.0000007314506,7.314505978683883e-07,300.0,500015,9806,9665,22.17
ADPSO_T25,25,12,20,17,21883,500000,2949.7238720322416,249.72387203224162,2700.0,500035,9619,19035,286.07
ADPSO_T50,50,1,20,19,20785,500000,300.00000155218174,1.552181743136316e-06,300.0,500026,9806,9676,16.27
ADPSO_T50,50,1,20,25,20791,500000,300.00000092125276,9.212527629642864e-07,300.0,500024,9806,9674,8.67
ADPSO_T50,50,1,20,17,20783,500000,300.0000014593183,1.459318298202561e-06,300.0,500013,9806,9663,23.27
ADPSO_T50,50,1,20,16,20782,500000,300.000001326093,1.3260930131764326e-06,300.0,500031,9806,9681,25.56
ADPSO_T50,50,1,20,21,20787,500000,300.00000100584697,1.0058469683826843e-06,300.0,500022,9806,9672,20.17
ADPSO_T50,50,1,20,28,20794,500000,300.0000010983697,1.0983696938637877e-06,300.0,500027,9806,9677,10.32
ADPSO_T50,50,1,20,20,20786,500000,300.0000014369475,1.4369475138664711e-06,300.0,500025,9806,9675,22.81
ADPSO_T50,50,1,20,22,20788,500000,300.0000008906242,8.906242214834492e-07,300.0,500011,9806,9661,19.32
ADPSO_T50,50,1,20,24,20790,500000,300.0000013451861,1.3451860922941705e-06,300.0,500036,9806,9686,18.6
ADPSO_T50,50,1,20,23,20789,500000,300.0000012743199,1.274319913591171e-06,300.0,500010,9806,9660,19.63
ADPSO_T50,50,2,10,3,10869,200000,404.1200340863052,4.120034086305225,400.0,200016,3929,3516,4.26
ADPSO_T50,50,2,10,1,10867,200000,408.91610193085256,8.916101930852562,400.0,200000,3922,3850,8.59
ADPSO_T50,50,2,10,4,10870,200000,404.37458145674117,4.3745814567411685,400.0,200012,3924,3762,4.28
ADPSO_T50,50,2,10,0,10866,200000,404.14513278492876,4.145132784928762,400.0,200010,3927,3610,11.54
ADPSO_T50,50,1,20,26,20792,500000,300.00000124804967,1.2480496707212296e-06,300.0,500031,9806,9681,20.83
ADPSO_T50,50,2,10,9,10875,200000,404.1157168877181,4.115716887718122,400.0,200027,3928,3577,4.25
ADPSO_T50,50,2,10,7,10873,200000,404.3745937650448,4.374593765044779,400.0,200043,3925,3743,7.62
ADPSO_T50,50,2,10,2,10868,200000,404.08333758991114,4.083337589911139,400.0,200041,3932,3391,14.17
ADPSO_T25,25,12,20,26,21892,500000,2977.4176571641974,277.4176571641974,2700.0,500013,9618,19063,119.75
ADPSO_T50,50,2,10,8,10874,200000,404.14893641473867,4.148936414738671,400.0,200011,3926,3661,9.45
ADPSO_T50,50,2,10,14,10880,200000,404.1207288076899,4.120728807689886,400.0,200019,3927,3619,4.61
ADPSO_T50,50,1,20,27,20793,500000,300.0000010983228,1.0983227980432275e-06,300.0,500016,9806,9666,26.8
ADPSO_T50,50,2,10,13,10879,200000,404.09433405022975,4.094334050229747,400.0,200049,3929,3549,7.68
ADPSO_T50,50,1,20,29,20795,500000,300.00000140826364,1.408263642588281e-06,300.0,500021,9806,9671,21.58
ADPSO_T50,50,2,10,12,10878,200000,404.10403284767506,4.104032847675057,400.0,200027,3930,3477,9.96
ADPSO_T50,50,2,10,5,10871,200000,404.12312548240203,4.123125482402031,400.0,200033,3928,3583,14.78
ADPSO_T50,50,2,10,10,10876,200000,408.91610193352534,8.91610193352534,400.0,200046,3923,3846,11.65
ADPSO_T50,50,2,10,6,10872,200000,404.1352948411355,4.135294841135476,400.0,200039,3927,3639,14.69
ADPSO_T50,50,2,10,17,10883,200000,404.1067737265406,4.1067737265406095,400.0,200034,3928,3584,4.58
ADPSO_T50,50,2,10,18,10884,200000,408.91610192998974,8.916101929989736,400.0,200000,3922,3850,4.47
ADPSO_T50,50,2,10,11,10877,200000,404.094869651782,4.094869651782005,400.0,200003,3928,3553,12.9
ADPSO_T50,50,2,10,19,10885,200000,408.9161019310246,8.916101931024627,400.0,200050,3923,3850,4.54
ADPSO_T50,50,2,10,22,10888,200000,408.91610193175813,8.916101931758135,400.0,200000,3922,3850,5.93
ADPSO_T50,50,2,10,16,10882,200000,408.91610193263017,8.91610193263017,400.0,200000,3922,3850,9.24
ADPSO_T50,50,2,10,28,10894,200000,404.10947264953063,4.10947264953063,400.0,200002,3927,3602,4.73
ADPSO_T50,50,2,10,27,10893,200000,404.1162748336261,4.1162748336261075,400.0,200016,3931,3416,4.82
ADPSO_T50,50,2,10,21,10887,200000,404.1009412604365,4.100941260436514,400.0,200004,3931,3404,8.5
ADPSO_T50,50,2,10,20,10886,200000,408.91610193078515,8.916101930785146,400.0,200037,3923,3837,9.48
ADPSO_T25,25,12,20,20,21886,500000,2944.8285985194666,244.8285985194666,2700.0,500012,9619,19012,302.99
ADPSO_T50,50,2,10,23,10889,200000,404.10022736758503,4.100227367585035,400.0,200038,3931,3438,8.73
ADPSO_T25,25,12,20,21,21887,500000,2939.746376707305,239.746376707305,2700.0,500032,9619,19032,273.19
ADPSO_T50,50,2,10,15,10881,200000,404.10492755524916,4.104927555249162,400.0,200047,3931,3447,14.46
ADPSO_T50,50,2,10,26,10892,200000,404.09182491517817,4.091824915178165,400.0,200036,3928,3586,11.56
ADPSO_T50,50,2,10,25,10891,200000,404.1593380304981,4.159338030498077,400.0,200049,3927,3649,12.91
ADPSO_T50,50,2,20,0,20866,500000,449.08447948851995,49.084479488519946,400.0,500006,9806,9656,11.67
ADPSO_T50,50,2,10,24,10890,200000,404.11953189319917,4.1195318931991665,400.0,200036,3928,3586,14.54
ADPSO_T50,50,2,10,29,10895,200000,404.08909034916866,4.089090349168657,400.0,200025,3929,3525,14.37
ADPSO_T50,50,2,20,3,20869,500000,444.89546936129284,44.89546936129284,400.0,500001,9805,9701,11.55
ADPSO_T50,50,2,20,7,20873,500000,401.63708548888843,1.637085488888431,400.0,500047,9834,8297,11.28
ADPSO_T50,50,2,20,9,20875,500000,400.0117534149325,0.011753414932513806,400.0,500037,9815,9237,11.27
ADPSO_T50,50,2,20,2,20868,500000,449.08447944318783,49.08447944318783,400.0,500001,9806,9651,14.73
ADPSO_T50,50,2,20,16,20882,500000,449.0844795140771,49.08447951407709,400.0,500009,9806,9659,10.98
ADPSO_T50,50,2,20,4,20870,500000,401.6841660052261,1.684166005226075,400.0,500039,9832,8389,22.93
ADPSO_T50,50,2,20,6,20872,500000,449.08447931178955,49.08447931178955,400.0,500041,9808,9591,22.57
ADPSO_T50,50,2,20,17,20883,500000,449.0844794869688,49.0844794869688,400.0,500006,9806,9656,10.82
ADPSO_T50,50,2,20,8,20874,500000,449.08447933660534,49.08447933660534,400.0,500002,9806,9652,22.15
ADPSO_T50,50,2,20,12,20878,500000,400.11351559794724,0.11351559794724153,400.0,500011,9826,8661,18.23
ADPSO_T50,50,2,20,13,20879,500000,449.08447932858974,49.08447932858974,400.0,500011,9806,9661,18.89
ADPSO_T50,50,2,20,15,20881,500000,444.8954693816693,44.89546938166927,400.0,500036,9806,9686,19.02
ADPSO_T50,50,2,20,1,20867,500000,403.30114635187476,3.3011463518747632,400.0,500032,9817,9132,30.1
ADPSO_T50,50,2,20,18,20884,500000,449.08447940477373,49.08447940477373,400.0,500005,9806,9655,16.32
ADPSO_T50,50,2,20,10,20876,500000,449.0844793998459,49.08447939984592,400.0,500035,9808,9585,28.85
ADPSO_T50,50,2,20,19,20885,500000,449.08447947560774,49.084479475607736,400.0,500027,9807,9627,17.91
ADPSO_T50,50,2,20,20,20886,500000,449.0844793146741,49.08447931467413,400.0,500039,9806,9689,11.76
ADPSO_T25,25,12,20,24,21890,500000,2966.4080261173176,266.4080261173176,2700.0,500033,9621,18933,191.28
ADPSO_T50,50,2,20,5,20871,500000,449.08447947089974,49.08447947089974,400.0,500043,9807,9643,34.39
ADPSO_T50,50,2,20,11,20877,500000,449.08447933533125,49.08447933533125,400.0,500003,9806,9653,29.22
ADPSO_T50,50,2,20,23,20889,500000,449.0844796069935,49.08447960699351,400.0,500006,9806,9656,12.08
ADPSO_T50,50,2,20,24,20890,500000,449.0844795368162,49.08447953681622,400.0,500004,9806,9654,12.0
ADPSO_T50,50,2,20,25,20891,500000,400.53053652366384,0.5305365236638409,400.0,500025,9841,7925,12.01
ADPSO_T50,50,2,20,14,20880,500000,449.08447953406665,49.084479534066645,400.0,500000,9806,9650,29.37
ADPSO_T50,50,2,20,22,20888,500000,449.08447955013173,49.08447955013173,400.0,500011,9806,9661,21.99
ADPSO_T50,50,3,10,0,10966,200000,600.0000000000125,1.2505552149377763e-11,600.0,200038,3922,3888,14.67
ADPSO_T50,50,3,10,2,10968,200000,600.0000000000069,6.934897101018578e-12,600.0,200039,3922,3889,12.45
ADPSO_T50,50,3,10,7,10973,200000,600.0000000000073,7.275957614183426e-12,600.0,200032,3922,3882,10.15
ADPSO_T50,50,3,10,5,10971,200000,600.0000000000063,6.252776074688882e-12,600.0,200037,3922,3887,11.54
ADPSO_T50,50,2,20,21,20887,500000,400.10288985477126,0.10288985477126289,400.0,500029,9818,9079,27.04
ADPSO_T50,50,2,20,26,20892,500000,449.0844795246899,49.084479524689925,400.0,500002,9806,9652,23.37
ADPSO_T50,50,3,10,6,10972,200000,600.0000000000063,6.252776074688882e-12,600.0,200040,3922,3890,14.19
ADPSO_T25,25,12,20,23,21889,500000,2941.4897807791262,241.48978077912625,2700.0,500008,9621,18908,239.97
ADPSO_T25,25,12,20,28,21894,500000,2966.9148665236044,266.91486652360436,2700.0,500004,9621,18904,171.23
ADPSO_T50,50,3,10,3,10969,200000,600.0000000000077,7.73070496506989e-12,600.0,200030,3922,3880,18.23
ADPSO_T50,50,3,10,1,10967,200000,600.000000000014,1.3983481039758772e-11,600.0,200040,3922,3890,20.9
ADPSO_T50,50,3,10,4,10970,200000,600.0000000000133,1.3301360013429075e-11,600.0,200033,3922,3883,19.97
ADPSO_T50,50,2,20,29,20895,500000,444.8954693937219,44.895469393721896,400.0,500043,9807,9643,25.66
ADPSO_T50,50,3,10,14,10980,200000,600.0000000000135,1.3528733688872308e-11,600.0,200044,3922,3894,8.56
ADPSO_T50,50,3,10,11,10977,200000,600.0000000000084,8.412825991399586e-12,600.0,200034,3922,3884,9.91
ADPSO_T50,50,2,20,27,20893,500000,444.895469349552,44.895469349552,400.0,500004,9806,9654,27.84
ADPSO_T50,50,3,10,13,10979,200000,600.0000000000127,1.2732925824820995e-11,600.0,200039,3922,3889,11.18
ADPSO_T50,50,3,10,15,10981,200000,600.0000000000139,1.3869794202037156e-11,600.0,200029,3922,3879,8.71
ADPSO_T25,25,12,20,25,21891,500000,2944.3204530979206,244.32045309792056,2700.0,500016,9619,19016,193.24
ADPSO_T50,50,3,10,8,10974,200000,600.000000000009,8.981260180007666e-12,600.0,200037,3922,3887,22.87
ADPSO_T50,50,2,20,28,20894,500000,449.0844795242004,49.08447952420039,400.0,500022,9807,9622,31.02
ADPSO_T50,50,3,10,18,10984,200000,600.0000000000075,7.503331289626658e-12,600.0,200038,3922,3888,10.67
ADPSO_T50,50,3,10,24,10990,200000,600.0000000000086,8.640199666842818e-12,600.0,200043,3922,3893,8.59
ADPSO_T50,50,3,10,21,10987,200000,600.0000000000068,6.821210263296962e-12,600.0,200044,3922,3894,11.2
ADPSO_T50,50,3,10,25,10991,200000,600.0000000000147,1.4665602066088468e-11,600.0,200036,3922,3886,8.58
ADPSO_T50,50,3,10,9,10975,200000,600.0000000000088,8.753886504564434e-12,600.0,200046,3922,3896,27.15
ADPSO_T50,50,3,10,27,10993,200000,600.0000000000153,1.5347723092418164e-11,600.0,200024,3922,3874,8.96
ADPSO_T50,50,3,10,10,10976,200000,600.0000000000064,6.366462912410498e-12,600.0,200039,3922,3889,22.4
ADPSO_T50,50,3,10,22,10988,200000,600.0000000000135,1.3528733688872308e-11,600.0,200030,3922,3880,14.5
ADPSO_T50,50,3,10,23,10989,200000,600.0000000000081,8.071765478234738e-12,600.0,200043,3922,3893,14.36
ADPSO_T50,50,3,10,12,10978,200000,600.0000000000143,1.432454155292362e-11,600.0,200032,3922,3882,28.47
ADPSO_T50,50,3,10,19,10985,200000,600.0000000000065,6.480149750132114e-12,600.0,200032,3922,3882,24.46
ADPSO_T50,50,3,10,16,10982,200000,600.0000000000122,1.2164491636212915e-11,600.0,200039,3922,3889,26.12
ADPSO_T50,50,3,10,17,10983,200000,600.0000000000036,3.637978807091713e-12,600.0,200036,3922,3886,26.61
ADPSO_T50,50,3,10,29,10995,200000,600.000000000011,1.1027623258996755e-11,600.0,200032,3922,3882,18.41
ADPSO_T50,50,3,10,20,10986,200000,600.0000000000103,1.0345502232667059e-11,600.0,200030,3922,3880,26.75
ADPSO_T50,50,3,10,26,10992,200000,600.0000000000135,1.3528733688872308e-11,600.0,200026,3922,3876,24.09
ADPSO_T50,50,3,10,28,10994,200000,600.000000000011,1.1027623258996755e-11,600.0,200017,3922,3867,27.48
ADPSO_T25,25,12,20,22,21888,500000,2940.8766956625213,240.87669566252134,2700.0,500002,9618,19052,299.38
ADPSO_T50,50,3,20,5,20971,500000,600.0000000000621,6.207301339600235e-11,600.0,500000,9804,9750,24.57
ADPSO_T50,50,3,20,2,20968,500000,600.000000000033,3.296918293926865e-11,600.0,500047,9805,9747,30.37
ADPSO_T50,50,3,20,7,20973,500000,600.0000000000553,5.525180313270539e-11,600.0,500000,9804,9750,29.67
ADPSO_T50,50,3,20,3,20969,500000,600.0000000000423,4.229150363244116e-11,600.0,500000,9804,9750,38.79
ADPSO_T50,50,3,20,9,20975,500000,600.0000000000467,4.672529030358419e-11,600.0,500000,9804,9750,33.68
ADPSO_T50,50,3,20,14,20980,500000,600.0000000000343,3.433342499192804e-11,600.0,500000,9804,9750,27.23
ADPSO_T50,50,3,20,13,20979,500000,600.0000000000662,6.616573955398053e-11,600.0,500000,9804,9750,32.92
ADPSO_T50,50,3,20,0,20966,500000,600.0000000000533,5.331912689143792e-11,600.0,500000,9804,9750,49.02
ADPSO_T50,50,3,20,1,20967,500000,600.0000000000447,4.46789272245951e-11,600.0,500000,9804,9750,51.63
ADPSO_T50,50,3,20,4,20970,500000,600.0000000000533,5.331912689143792e-11,600.0,500048,9805,9748,52.2
ADPSO_T50,50,3,20,10,20976,500000,600.0000000000476,4.7634785005357116e-11,600.0,500050,9805,9750,49.74
ADPSO_T50,50,3,20,8,20974,500000,600.0000000000404,4.035882739117369e-11,600.0,500000,9804,9750,54.76
ADPSO_T50,50,3,20,12,20978,500000,600.0000000000332,3.319655661471188e-11,600.0,500000,9804,9750,49.06
ADPSO_T50,50,3,20,17,20983,500000,600.0000000000553,5.525180313270539e-11,600.0,500000,9804,9750,47.53
ADPSO_T50,50,3,20,16,20982,500000,600.0000000000543,5.434230843093246e-11,600.0,500000,9804,9750,50.8
ADPSO_T50,50,3,20,26,20992,500000,600.0000000000437,4.3655745685100555e-11,600.0,500000,9804,9750,21.55
ADPSO_T50,50,3,20,25,20991,500000,600.0000000000504,5.03632691106759e-11,600.0,500041,9805,9741,26.43
ADPSO_T50,50,3,20,20,20986,500000,600.0000000000449,4.490630090003833e-11,600.0,500000,9804,9750,42.85
ADPSO_T50,50,3,20,22,20988,500000,600.0000000000451,4.5133674575481564e-11,600.0,500000,9804,9750,36.45
ADPSO_T50,50,3,20,6,20972,500000,600.0000000000455,4.547473508864641e-11,600.0,500000,9804,9750,68.0
ADPSO_T25,25,12,20,27,21893,500000,2946.2869944178437,246.28699441784374,2700.0,500013,9619,19013,262.96
ADPSO_T50,50,3,20,15,20981,500000,600.0000000000493,4.934008757118136e-11,600.0,500000,9804,9750,58.7
ADPSO_T50,50,3,20,21,20987,500000,600.0000000000252,2.523847797419876e-11,600.0,500049,9805,9749,46.21
ADPSO_T50,50,3,20,23,20989,500000,600.0000000000488,4.8771653382573277e-11,600.0,500000,9804,9750,35.79
ADPSO_T25,25,12,20,29,21895,500000,2972.158544004104,272.158544004104,2700.0,500026,9619,19026,248.07
ADPSO_T50,50,3,20,18,20984,500000,600.0000000000716,7.16227077646181e-11,600.0,500046,9805,9746,55.06
ADPSO_T50,50,3,20,24,20990,500000,600.0000000000628,6.275513442233205e-11,600.0,500000,9804,9750,37.75
ADPSO_T50,50,3,20,11,20977,500000,600.0000000000445,4.445155354915187e-11,600.0,500000,9804,9750,66.71
ADPSO_T50,50,4,10,3,11069,200000,824.0,24.0,800.0,200012,3922,3862,13.21
ADPSO_T50,50,3,20,19,20985,500000,600.0000000000534,5.3432813729159534e-11,600.0,500000,9804,9750,53.9
ADPSO_T50,50,4,10,5,11071,200000,826.0000030937296,26.00000309372956,800.0,200009,3922,3859,13.07
ADPSO_T50,50,4,10,0,11066,200000,816.000000004566,16.000000004566004,800.0,200014,3922,3864,25.02
ADPSO_T50,50,4,10,8,11074,200000,818.0000007152601,18.000000715260057,800.0,200017,3922,3867,12.79
ADPSO_T50,50,4,10,14,11080,200000,816.0000000013553,16.00000000135526,800.0,200019,3922,3869,12.42
ADPSO_T50,50,4,10,2,11068,200000,826.0,26.0,800.0,200013,3922,3863,29.79
ADPSO_T50,50,4,10,18,11084,200000,816.0000000014845,16.000000001484523,800.0,200006,3922,3856,12.53
ADPSO_T50,50,3,20,27,20993,500000,600.0000000000485,4.8544279707130045e-11,600.0,500000,9804,9750,46.1
ADPSO_T50,50,4,10,17,11083,200000,816.0000000389609,16.000000038960934,800.0,200008,3922,3858,13.78
ADPSO_T50,50,4,10,10,11076,200000,816.0000000142821,16.000000014282136,800.0,200002,3922,3852,22.8
ADPSO_T50,50,4,10,22,11088,200000,814.0000000114236,14.000000011423595,800.0,200023,3922,3873,12.56
ADPSO_T50,50,4,10,1,11067,200000,822.0000000003992,22.000000000399154,800.0,200012,3922,3862,36.53
ADPSO_T50,50,3,20,29,20995,500000,600.0000000000517,5.1727511163335294e-11,600.0,500000,9804,9750,44.26
ADPSO_T50,50,4,10,6,11072,200000,830.0000000070837,30.000000007083713,800.0,200020,3922,3870,31.84
ADPSO_T50,50,4,10,4,11070,200000,814.0000000804981,14.000000080498125,800.0,200026,3922,3876,32.6
ADPSO_T50,50,4,10,15,11081,200000,824.000000914294,24.00000091429399,800.0,200005,3922,3855,25.31
ADPSO_T50,50,4,10,25,11091,200000,826.0000000096386,26.000000009638597,800.0,200020,3922,3870,12.59
ADPSO_T50,50,4,10,20,11086,200000,826.0000000047824,26.00000000478235,800.0,200011,3922,3861,23.42
ADPSO_T50,50,4,10,27,11093,200000,822.000000034128,22.000000034127993,800.0,200006,3922,3856,12.49
ADPSO_T50,50,4,10,7,11073,200000,822.0000000006594,22.000000000659384,800.0,200007,3922,3857,36.74
ADPSO_T50,50,4,10,13,11079,200000,830.0000000000039,30.000000000003865,800.0,200007,3922,3857,30.63
ADPSO_T50,50,4,10,16,11082,200000,814.000000066452,14.000000066452003,800.0,200027,3922,3877,29.42
ADPSO_T50,50,4,10,19,11085,200000,812.0000000100572,12.000000010057192,800.0,200006,3922,3856,29.59
ADPSO_T50,50,4,10,29,11095,200000,816.0000000025678,16.000000002567845,800.0,200006,3922,3856,13.61
ADPSO_T50,50,4,10,9,11075,200000,816.0011791031558,16.001179103155778,800.0,200018,3922,3868,39.31
ADPSO_T50,50,4,10,26,11092,200000,820.000000005913,20.000000005912966,800.0,200015,3922,3865,18.69
ADPSO_T50,50,4,10,12,11078,200000,824.0000000000008,24.000000000000796,800.0,200021,3922,3871,36.7
ADPSO_T50,50,4,10,11,11077,200000,826.0000000134846,26.000000013484623,800.0,200004,3922,3854,38.91
ADPSO_T50,50,4,10,21,11087,200000,824.0000000000781,24.000000000078103,800.0,200027,3922,3877,30.55
ADPSO_T50,50,4,10,24,11090,200000,816.000000071521,16.000000071520958,800.0,200003,3922,3853,22.73
ADPSO_T50,50,3,20,28,20994,500000,600.0000000000355,3.54702933691442e-11,600.0,500000,9804,9750,67.65
ADPSO_T50,50,4,10,23,11089,200000,820.9498053000951,20.949805300095136,800.0,200016,3922,3866,28.32
ADPSO_T50,50,4,10,28,11094,200000,820.0000000381074,20.000000038107373,800.0,200019,3922,3869,30.34
ADPSO_T50,50,4,20,10,21076,500000,850.0000000023159,50.000000002315915,800.0,500021,9805,9721,36.13
ADPSO_T50,50,4,20,6,21072,500000,846.0000000990909,46.000000099090926,800.0,500006,9805,9706,40.73
ADPSO_T50,50,4,20,9,21075,500000,870.0000000039857,70.00000000398575,800.0,500000,9805,9700,42.49
ADPSO_T50,50,4,20,19,21085,500000,890.0000000702191,90.00000007021913,800.0,500015,9805,9715,35.32
ADPSO_T50,50,4,20,12,21078,500000,898.0000000060163,98.00000000601631,800.0,500000,9805,9700,48.95
ADPSO_T50,50,4,20,5,21071,500000,864.0000012905945,64.00000129059447,800.0,500016,9805,9716,55.99
ADPSO_T50,50,4,20,16,21082,500000,878.0000002917759,78.0000002917759,800.0,500017,9805,9717,54.67
ADPSO_T50,50,4,20,14,21080,500000,906.000000017369,106.00000001736896,800.0,500042,9806,9692,56.27
ADPSO_T50,50,4,20,3,21069,500000,896.0000000026719,96.00000000267187,800.0,500023,9805,9723,69.44
ADPSO_T50,50,4,20,7,21073,500000,898.0000000162777,98.00000001627768,800.0,500013,9805,9713,67.65
ADPSO_T50,50,4,20,13,21079,500000,852.0000001251065,52.00000012510645,800.0,500024,9805,9724,66.16
ADPSO_T50,50,4,20,11,21077,500000,922.0000000620146,122.00000006201458,800.0,500038,9805,9738,67.58
ADPSO_T50,50,4,20,22,21088,500000,872.0000002106211,72.00000021062112,800.0,500019,9805,9719,33.33
ADPSO_T50,50,4,20,2,21068,500000,868.0000000793727,68.00000007937274,800.0,500022,9805,9722,78.11
ADPSO_T50,50,4,20,0,21066,500000,916.0000000076723,116.00000000767227,800.0,500014,9805,9714,81.72
ADPSO_T50,50,4,20,1,21067,500000,898.5000000024611,98.50000000246109,800.0,500027,9805,9727,83.01
ADPSO_T50,50,5,10,2,11168,200000,900.0000000005297,5.296669769450091e-10,900.0,200005,3922,3855,6.4
ADPSO_T50,50,5,10,3,11169,200000,900.0000000002091,2.0907009457005188e-10,900.0,200007,3922,3857,6.45
ADPSO_T50,50,4,20,18,21084,500000,886.0000000391165,86.00000003911646,800.0,500011,9805,9711,69.79
ADPSO_T50,50,5,10,4,11170,200000,900.000000000614,6.140226105344482e-10,900.0,200002,3922,3852,6.48
ADPSO_T50,50,4,20,24,21090,500000,926.0000000759734,126.00000007597339,800.0,500021,9805,9721,34.77
ADPSO_T50,50,4,20,25,21091,500000,904.0000000046437,104.00000000464365,800.0,500011,9805,9711,33.0
ADPSO_T50,50,5,10,0,11166,200000,900.0000000008647,8.647020877106115e-10,900.0,200049,3923,3849,17.08
ADPSO_T50,50,5,10,6,11172,200000,900.000000000731,7.310063665499911e-10,900.0,200006,3922,3856,8.67
ADPSO_T50,50,5,10,8,11174,200000,900.0000000004123,4.1234216041630134e-10,900.0,200003,3922,3853,6.19
ADPSO_T50,50,4,20,4,21070,500000,902.0000001026065,102.00000010260646,800.0,500020,9805,9720,85.38
ADPSO_T50,50,5,10,9,11175,200000,900.0000000002221,2.2214408090803772e-10,900.0,200001,3922,3851,6.2
ADPSO_T50,50,5,10,5,11171,200000,900.0895282509657,0.0895282509657136,900.0,200000,3922,3850,11.85
ADPSO_T50,50,5,10,1,11167,200000,900.0000000005253,5.253468771115877e-10,900.0,200001,3922,3851,16.72
ADPSO_T50,50,5,10,7,11173,200000,900.000000000947,9.470113582210615e-10,900.0,200000,3922,3850,11.87
ADPSO_T50,50,5,10,16,11182,200000,900.0000000006779,6.779146133339964e-10,900.0,200008,3922,3858,6.19
ADPSO_T50,50,5,10,18,11184,200000,900.0000000003207,3.207105692126788e-10,900.0,200000,3922,3850,6.23
ADPSO_T50,50,4,20,20,21086,500000,868.0000000348491,68.00000003484911,800.0,500023,9805,9723,78.12
ADPSO_T50,50,5,10,13,11179,200000,900.0000000007844,7.844391802791506e-10,900.0,200049,3923,3849,12.63
ADPSO_T50,50,4,20,15,21081,500000,916.0000000110479,116.00000001104786,800.0,500026,9805,9726,86.8
ADPSO_T50,50,4,20,28,21094,500000,884.000000011333,84.00000001133299,800.0,500001,9805,9701,32.06
ADPSO_T50,50,5,10,12,11178,200000,900.0000000004642,4.6418335841735825e-10,900.0,200000,3922,3850,16.32
ADPSO_T50,50,5,10,11,11177,200000,900.0000000004288,4.2882675188593566e-10,900.0,200000,3922,3850,16.59
ADPSO_T50,50,5,10,22,11188,200000,900.0000000001479,1.4790657587582245e-10,900.0,200000,3922,3850,6.52
ADPSO_T50,50,5,10,15,11181,200000,900.0000000003869,3.8687630876665935e-10,900.0,200001,3922,3851,14.61
ADPSO_T50,50,5,10,21,11187,200000,900.0000000006276,6.275513442233205e-10,900.0,200002,3922,3852,9.02
ADPSO_T50,50,4,20,8,21074,500000,872.000000108646,72.00000010864596,800.0,500015,9805,9715,95.83
ADPSO_T50,50,5,10,14,11180,200000,900.0000000005917,5.917399903410114e-10,900.0,200002,3922,3852,16.06
ADPSO_T50,50,5,10,10,11176,200000,900.0000000004112,4.112052920390852e-10,900.0,200049,3923,3849,18.82
ADPSO_T50,50,5,10,19,11185,200000,900.0000000003561,3.560671757441014e-10,900.0,200001,3922,3851,13.14
ADPSO_T50,50,5,10,27,11193,200000,900.0000000005996,5.995843821438029e-10,900.0,200000,3922,3850,6.98
ADPSO_T50,50,5,10,17,11183,200000,900.0000000003146,3.1457147997571155e-10,900.0,200000,3922,3850,16.75
ADPSO_T50,50,5,10,23,11189,200000,900.000000000263,2.629576556500979e-10,900.0,200001,3922,3851,10.8
ADPSO_T50,50,4,20,26,21092,500000,872.000000105331,72.00000010533097,800.0,500022,9805,9722,48.21
ADPSO_T50,50,4,20,17,21083,500000,916.0000000555376,116.00000005553761,800.0,500017,9805,9717,94.08
ADPSO_T50,50,4,20,21,21087,500000,890.0000000727085,90.00000007270853,800.0,500033,9806,9683,85.71
ADPSO_T50,50,5,10,20,11186,200000,900.0000000003031,3.0308910936582834e-10,900.0,200002,3922,3852,21.22
ADPSO_T50,50,5,10,25,11191,200000,900.0000000003822,3.822151484200731e-10,900.0,200000,3922,3850,13.26
ADPSO_T50,50,5,10,24,11190,200000,900.0000000006432,6.432401278289035e-10,900.0,200001,3922,3851,16.15
ADPSO_T50,50,4,20,23,21089,500000,912.0000000893727,112.00000008937275,800.0,500025,9806,9675,69.11
ADPSO_T50,50,5,10,26,11192,200000,900.0000000004576,4.575895218295045e-10,900.0,200001,3922,3851,17.43
ADPSO_T50,50,5,10,28,11194,200000,900.0000000006627,6.626805770792998e-10,900.0,200000,3922,3850,16.75
ADPSO_T50,50,5,10,29,11195,200000,900.0000000004469,4.469029590836726e-10,900.0,200001,3922,3851,21.54
ADPSO_T50,50,5,20,5,21171,500000,900.6333805277559,0.6333805277558895,900.0,500003,9805,9703,20.16
ADPSO_T50,50,5,20,12,21178,500000,900.1790565067588,0.1790565067587977,900.0,500008,9806,9658,15.89
ADPSO_T50,50,5,20,6,21172,500000,900.9981763050534,0.9981763050534482,900.0,500023,9806,9673,25.1
ADPSO_T50,50,4,20,27,21093,500000,862.0000001926669,62.0000001926669,800.0,500001,9805,9701,68.76
ADPSO_T50,50,5,20,0,21166,500000,900.0000000051534,5.153424353920855e-09,900.0,500000,9805,9700,31.32
ADPSO_T50,50,4,20,29,21095,500000,900.0000000651303,100.00000006513028,800.0,500018,9805,9718,66.04
ADPSO_T50,50,5,20,13,21179,500000,900.7229087761424,0.7229087761423898,900.0,500005,9805,9705,23.1
ADPSO_T50,50,5,20,16,21182,500000,900.2685847533124,0.2685847533124388,900.0,500015,9805,9715,20.06
ADPSO_T50,50,5,20,10,21176,500000,900.0000000049948,4.9948312152992e-09,900.0,500050,9806,9700,30.66
ADPSO_T50,50,5,20,7,21173,500000,900.2685847552054,0.26858475520543834,900.0,500015,9805,9715,31.71
ADPSO_T50,50,5,20,11,21177,500000,900.6333805262085,0.6333805262084979,900.0,500033,9806,9683,30.81
ADPSO_T50,50,5,20,2,21168,500000,901.4458175426028,1.4458175426027537,900.0,500002,9806,9652,39.14
ADPSO_T50,50,5,20,14,21180,500000,900.7229087716374,0.7229087716374352,900.0,500000,9805,9700,30.15
ADPSO_T50,50,5,20,3,21169,500000,900.0895282547909,0.08952825479093462,900.0,500004,9805,9704,39.69
ADPSO_T50,50,5,20,21,21187,500000,900.1790565082539,0.1790565082538933,900.0,500031,9806,9681,17.83
ADPSO_T50,50,5,20,15,21181,500000,900.1790565042947,0.17905650429474917,900.0,500005,9805,9705,30.89
ADPSO_T50,50,5,20,18,21184,500000,901.2667610507343,1.266761050734317,900.0,500003,9805,9703,27.21
ADPSO_T50,50,5,20,9,21175,500000,900.0000000053591,5.359083843359258e-09,900.0,500000,9805,9700,38.72
ADPSO_T50,50,5,20,1,21167,500000,900.0895282556306,0.08952825563062561,900.0,500018,9805,9718,43.6
ADPSO_T50,50,5,20,8,21174,500000,901.2422963485661,1.2422963485661285,900.0,500003,9807,9603,39.94
ADPSO_T50,50,5,20,4,21170,500000,901.3629720787885,1.3629720787885162,900.0,500047,9806,9697,45.42
ADPSO_T50,50,5,20,27,21193,500000,900.5438522724309,0.5438522724308541,900.0,500000,9805,9700,15.65
ADPSO_T50,50,5,20,20,21186,500000,900.358113008316,0.3581130083159678,900.0,500040,9806,9690,28.84
ADPSO_T50,50,6,10,0,11266,200000,5623.260324700609,3823.260324700609,1800.0,200012,3926,3662,14.58
ADPSO_T50,50,6,10,4,11270,200000,25746.691848862087,23946.691848862087,1800.0,200053,3929,3553,8.39
ADPSO_T50,50,5,20,26,21192,500000,900.8124370262528,0.8124370262528373,900.0,500026,9805,9726,18.65
ADPSO_T50,50,5,20,17,21183,500000,900.0895282545547,0.08952825455469338,900.0,500003,9805,9703,38.45
ADPSO_T50,50,6,10,11,11277,200000,2891.986600260711,1091.986600260711,1800.0,200013,3927,3613,8.43
ADPSO_T50,50,6,10,12,11278,200000,6956.00931460873,5156.00931460873,1800.0,200044,3926,3694,8.42
ADPSO_T50,50,6,10,13,11279,200000,33671.690795811446,31871.690795811446,1800.0,200027,3927,3627,8.42
ADPSO_T50,50,6,10,7,11273,200000,20213.693126828486,18413.693126828486,1800.0,200048,3926,3698,16.39
ADPSO_T50,50,6,10,2,11268,200000,6007.634086005462,4207.634086005462,1800.0,200035,3928,3585,20.47
ADPSO_T50,50,6,10,6,11272,200000,14750.846983906764,12950.846983906764,1800.0,200030,3926,3680,18.32
ADPSO_T50,50,5,20,22,21188,500000,900.45432402965,0.4543240296500244,900.0,500018,9806,9668,35.97
ADPSO_T50,50,6,10,5,11271,200000,15606.10749141852,13806.10749141852,1800.0,200020,3927,3620,20.56
ADPSO_T50,50,5,20,19,21185,500000,900.0895282574393,0.08952825743926951,900.0,500035,9806,9685,43.59
ADPSO_T50,50,6,10,1,11267,200000,6982.3321504867545,5182.3321504867545,1800.0,200040,3929,3540,24.67
ADPSO_T50,50,6,10,17,11283,200000,2167.8602402469855,367.86024024698554,1800.0,200041,3926,3691,8.45
ADPSO_T50,50,6,10,14,11280,200000,4277.282823607598,2477.2828236075984,1800.0,200038,3927,3638,14.84
ADPSO_T50,50,6,10,18,11284,200000,15979.540779542505,14179.540779542505,1800.0,200048,3928,3598,8.43
ADPSO_T50,50,6,10,9,11275,200000,13254.708031335751,11454.708031335751,1800.0,200012,3925,3712,23.5
ADPSO_T50,50,6,10,8,11274,200000,5651.1458421780135,3851.1458421780135,1800.0,200021,3927,3621,24.1
ADPSO_T50,50,6,10,21,11287,200000,14146.592946636467,12346.592946636467,1800.0,200008,3927,3608,8.38
ADPSO_T50,50,6,10,3,11269,200000,12484.897662578085,10684.897662578085,1800.0,200004,3927,3604,28.85
ADPSO_T50,50,6,10,16,11282,200000,9701.596965425419,7901.596965425419,1800.0,200027,3929,3527,17.02
ADPSO_T50,50,5,20,24,21190,500000,900.9981763001716,0.9981763001716217,900.0,500020,9805,9720,39.09
ADPSO_T50,50,6,10,10,11276,200000,12395.176899239303,10595.176899239303,1800.0,200043,3926,3693,24.72
ADPSO_T50,50,6,10,15,11281,200000,29126.70425285375,27326.70425285375,1800.0,200026,3926,3676,20.43
ADPSO_T50,50,5,20,29,21195,500000,900.0000000083372,8.337224244314712e-09,900.0,500039,9806,9689,36.0
ADPSO_T50,50,6,10,24,11290,200000,11993.802793655714,10193.802793655714,1800.0,200016,3927,3616,9.2
ADPSO_T50,50,6,10,20,11286,200000,14313.541462392928,12513.541462392928,1800.0,200050,3927,3650,14.25
ADPSO_T50,50,6,10,19,11285,200000,4261.14972728123,2461.1497272812303,1800.0,200043,3926,3693,15.18
ADPSO_T50,50,5,20,28,21194,500000,900.5438522752816,0.5438522752815516,900.0,500017,9805,9717,41.71
ADPSO_T50,50,5,20,23,21189,500000,900.0895282532724,0.08952825327241953,900.0,500017,9805,9717,49.8
ADPSO_T50,50,6,10,25,11291,200000,16506.81747750762,14706.817477507619,1800.0,200016,3925,3716,14.54
ADPSO_T50,50,6,10,27,11293,200000,15608.558219225544,13808.558219225544,1800.0,200000,3924,3750,15.73
ADPSO_T50,50,6,10,29,11295,200000,11430.926967199528,9630.926967199528,1800.0,200014,3927,3614,14.03
ADPSO_T50,50,5,20,25,21191,500000,900.5438522747977,0.5438522747977004,900.0,500013,9805,9713,48.9
ADPSO_T50,50,6,10,22,11288,200000,3896.069381376157,2096.069381376157,1800.0,200017,3926,3667,21.54
ADPSO_T50,50,6,10,23,11289,200000,16983.191761779548,15183.191761779548,1800.0,200039,3928,3589,25.14
ADPSO_T50,50,6,10,28,11294,200000,21587.647494907436,19787.647494907436,1800.0,200032,3926,3682,23.99
ADPSO_T50,50,6,10,26,11292,200000,10190.074936150075,8390.074936150075,1800.0,200001,3926,3651,25.61
ADPSO_T50,50,6,20,4,21270,500000,82757.18096677514,80957.18096677514,1800.0,500014,9808,9564,22.66
ADPSO_T50,50,6,20,10,21276,500000,45181.60250392773,43381.60250392773,1800.0,500043,9807,9643,21.45
ADPSO_T50,50,6,20,9,21275,500000,95479.93420182551,93679.93420182551,1800.0,500014,9808,9564,24.1
ADPSO_T50,50,6,20,8,21274,500000,73364.39160124704,71564.39160124704,1800.0,500035,9807,9635,29.54
ADPSO_T50,50,6,20,16,21282,500000,54988.05075156925,53188.05075156925,1800.0,500010,9808,9560,21.67
ADPSO_T50,50,6,20,3,21269,500000,98975.40218273399,97175.40218273399,1800.0,500013,9808,9563,39.71
ADPSO_T50,50,6,20,2,21268,500000,71405.43454684631,69605.43454684631,1800.0,500003,9807,9603,42.1
ADPSO_T50,50,6,20,22,21288,500000,77677.19015522675,75877.19015522675,1800.0,500031,9807,9631,22.07
ADPSO_T50,50,6,20,7,21273,500000,89084.1352835618,87284.1352835618,1800.0,500039,9809,9539,46.75
ADPSO_T50,50,6,20,15,21281,500000,66143.27156730025,64343.27156730025,1800.0,500002,9808,9552,41.69
ADPSO_T50,50,6,20,11,21277,500000,78684.4665075284,76884.4665075284,1800.0,500035,9811,9435,49.37
ADPSO_T50,50,6,20,23,21289,500000,92663.44611127686,90863.44611127686,1800.0,500010,9808,9560,29.7
ADPSO_T50,50,6,20,1,21267,500000,85881.1117700939,84081.1117700939,1800.0,500005,9808,9555,60.06
ADPSO_T50,50,6,20,0,21266,500000,83262.03054290562,81462.03054290562,1800.0,500003,9808,9553,61.99
ADPSO_T50,50,6,20,18,21284,500000,86109.21730056031,84309.21730056031,1800.0,500044,9808,9594,47.33
ADPSO_T50,50,6,20,13,21279,500000,73017.11683059137,71217.11683059137,1800.0,500016,9808,9566,53.95
ADPSO_T50,50,6,20,5,21271,500000,94720.0389947327,92920.0389947327,1800.0,500025,9809,9525,61.04
ADPSO_T50,50,6,20,6,21272,500000,81431.19715641823,79631.19715641823,1800.0,500034,9809,9534,60.1
ADPSO_T50,50,6,20,20,21286,500000,76873.81049762615,75073.81049762615,1800.0,500049,9808,9599,43.06
ADPSO_T50,50,6,20,27,21293,500000,72435.03536952726,70635.03536952726,1800.0,500002,9809,9502,23.92
ADPSO_T50,50,6,20,26,21292,500000,66126.03981435954,64326.03981435954,1800.0,500045,9809,9545,30.57
ADPSO_T50,50,6,20,12,21278,500000,88124.79870550826,86324.79870550826,1800.0,500022,9808,9572,57.72
ADPSO_T50,50,6,20,25,21291,500000,90054.7810193781,88254.7810193781,1800.0,500049,9808,9599,34.72
ADPSO_T50,50,6,20,21,21287,500000,124687.94609728848,122887.94609728848,1800.0,500004,9806,9654,50.49
ADPSO_T50,50,6,20,17,21283,500000,93986.71439325449,92186.71439325449,1800.0,500039,9809,9539,59.77
ADPSO_T50,50,6,20,14,21280,500000,60472.01977990353,58672.01977990353,1800.0,500022,9808,9572,63.19
ADPSO_T50,50,6,20,19,21285,500000,66537.93125138416,64737.93125138416,1800.0,500018,9808,9568,55.3
ADPSO_T50,50,6,20,24,21290,500000,51474.458208004886,49674.458208004886,1800.0,500047,9808,9597,54.32
ADPSO_T50,50,6,20,28,21294,500000,92952.77431602323,91152.77431602323,1800.0,500049,9810,9499,43.74
ADPSO_T50,50,6,20,29,21295,500000,76507.31896186077,74707.31896186077,1800.0,500045,9809,9545,55.43
ADPSO_T50,50,7,10,1,11367,200000,2020.322021916792,20.322021916791982,2000.0,200037,3923,3837,147.04
ADPSO_T50,50,7,10,4,11370,200000,2021.059382017156,21.05938201715594,2000.0,200041,3923,3841,163.02
ADPSO_T50,50,7,10,9,11375,200000,2020.546293548984,20.546293548984067,2000.0,200042,3923,3842,188.64
ADPSO_T50,50,7,10,11,11377,200000,2021.0991236086954,21.099123608695436,2000.0,200020,3923,3820,197.77
ADPSO_T50,50,7,10,2,11368,200000,2021.3791273659558,21.37912736595581,2000.0,200033,3923,3833,213.25
ADPSO_T50,50,7,10,13,11379,200000,2020.4206517235216,20.420651723521587,2000.0,200029,3923,3829,226.4
ADPSO_T50,50,7,10,15,11381,200000,2021.0306501829036,21.030650182903628,2000.0,200041,3923,3841,221.39
ADPSO_T50,50,7,10,10,11376,200000,2022.4094621241209,22.409462124120864,2000.0,200043,3923,3843,230.76
ADPSO_T50,50,7,10,14,11380,200000,2020.0082264854914,20.008226485491377,2000.0,200037,3923,3837,233.22
ADPSO_T50,50,7,10,16,11382,200000,2021.5022814657045,21.502281465704527,2000.0,200037,3923,3837,234.76
ADPSO_T50,50,7,10,5,11371,200000,2020.6414710797653,20.641471079765324,2000.0,200047,3923,3847,250.63
ADPSO_T50,50,7,10,8,11374,200000,2020.0165756807864,20.016575680786445,2000.0,200047,3923,3847,249.23
ADPSO_T50,50,7,10,20,11386,200000,2022.3918038924396,22.39180389243961,2000.0,200030,3923,3830,229.62
ADPSO_T50,50,7,10,7,11373,200000,2021.0614265607005,21.06142656070051,2000.0,200031,3923,3831,255.45
ADPSO_T50,50,7,10,21,11387,200000,2022.0154852666499,22.015485266649875,2000.0,200046,3923,3846,217.04
ADPSO_T50,50,7,10,18,11384,200000,2021.4983513703066,21.498351370306636,2000.0,200037,3923,3837,244.5
ADPSO_T50,50,7,10,0,11366,200000,2020.5080513629089,20.508051362908873,2000.0,200036,3923,3836,275.09
ADPSO_T50,50,7,10,6,11372,200000,2021.0471691984978,21.04716919849784,2000.0,200035,3923,3835,264.3
ADPSO_T50,50,7,10,3,11369,200000,2022.0106029933945,22.010602993394514,2000.0,200031,3923,3831,273.72
ADPSO_T50,50,7,10,12,11378,200000,2021.0106797106198,21.010679710619797,2000.0,200023,3923,3823,278.4
ADPSO_T50,50,7,10,17,11383,200000,2020.93133012099,20.93133012098997,2000.0,200038,3923,3838,288.82
ADPSO_T50,50,7,10,19,11385,200000,2020.5160172800279,20.51601728002788,2000.0,200037,3923,3837,305.49
ADPSO_T50,50,7,10,26,11392,200000,2021.505243068225,21.5052430682249,2000.0,200037,3923,3837,163.0
ADPSO_T50,50,7,10,22,11388,200000,2020.0503665314698,20.050366531469763,2000.0,200036,3923,3836,243.53
ADPSO_T50,50,7,10,24,11390,200000,2020.687812316641,20.68781231664093,2000.0,200039,3923,3839,244.54
ADPSO_T50,50,7,10,23,11389,200000,2021.916260954515,21.91626095451511,2000.0,200021,3923,3821,280.38
ADPSO_T50,50,7,10,25,11391,200000,2021.0377770441119,21.037777044111863,2000.0,200039,3923,3839,240.72
ADPSO_T50,50,7,10,29,11395,200000,2020.0494664632522,20.0494664632522,2000.0,200025,3923,3825,242.08
ADPSO_T50,50,7,10,28,11394,200000,2020.0361680719755,20.036168071975453,2000.0,200021,3923,3821,252.42
ADPSO_T50,50,7,10,27,11393,200000,2014.2752368048543,14.27523680485433,2000.0,200035,3923,3835,262.99
ADPSO_T50,50,7,20,4,21370,500000,2028.2794737865356,28.27947378653562,2000.0,500020,9807,9620,976.77
ADPSO_T50,50,7,20,0,21366,500000,2024.8034792404826,24.803479240482602,2000.0,500011,9808,9561,1014.47
ADPSO_T50,50,7,20,2,21368,500000,2038.9819552347944,38.98195523479444,2000.0,500027,9808,9577,1031.39
ADPSO_T50,50,7,20,15,21381,500000,2029.4890177437287,29.48901774372871,2000.0,500016,9808,9566,910.51
ADPSO_T50,50,7,20,10,21376,500000,2025.1150033306994,25.115003330699437,2000.0,500015,9807,9615,1046.11
ADPSO_T50,50,7,20,5,21371,500000,2039.0434935887195,39.04349358871946,2000.0,500029,9810,9479,1060.4
ADPSO_T50,50,7,20,9,21375,500000,2029.1419538093278,29.141953809327788,2000.0,500028,9809,9528,1054.2
ADPSO_T50,50,7,20,11,21377,500000,2023.0280025328634,23.02800253286341,2000.0,500001,9807,9601,1044.62
ADPSO_T50,50,7,20,7,21373,500000,2033.183844216259,33.183844216259104,2000.0,500021,9808,9571,1087.4
ADPSO_T50,50,7,20,6,21372,500000,2033.4083775536988,33.408377553698756,2000.0,500004,9810,9454,1109.09
ADPSO_T50,50,7,20,3,21369,500000,2028.1573569299724,28.157356929972366,2000.0,500011,9808,9561,1124.78
ADPSO_T50,50,7,20,16,21382,500000,2025.8041225879554,25.804122587955362,2000.0,500041,9809,9541,942.41
ADPSO_T50,50,7,20,14,21380,500000,2027.0561773850525,27.05617738505248,2000.0,500048,9808,9598,1024.03
ADPSO_T50,50,7,20,1,21367,500000,2026.9447347932655,26.944734793265525,2000.0,500014,9808,9564,1157.69
ADPSO_T50,50,7,20,17,21383,500000,2028.4589445609008,28.458944560900818,2000.0,500015,9809,9515,972.56
ADPSO_T50,50,7,20,12,21378,500000,2034.2266863805366,34.22668638053665,2000.0,500026,9810,9476,1119.33
ADPSO_T50,50,7,20,8,21374,500000,2027.8727492643493,27.872749264349295,2000.0,500033,9807,9633,1161.04
ADPSO_T50,50,7,20,21,21387,500000,2023.1955401631546,23.195540163154647,2000.0,500036,9809,9536,952.59
ADPSO_T50,50,7,20,13,21379,500000,2023.154145785288,23.154145785287938,2000.0,500043,9808,9593,1128.66
ADPSO_T50,50,7,20,18,21384,500000,2026.9368343160465,26.936834316046543,2000.0,500022,9808,9572,1085.59
ADPSO_T50,50,7,20,19,21385,500000,2033.253520596525,33.25352059652505,2000.0,500029,9809,9529,1105.7
ADPSO_T50,50,7,20,20,21386,500000,2026.7256657211444,26.725665721144424,2000.0,500023,9808,9573,1116.39
ADPSO_T50,50,8,10,0,11466,200000,2220.9618033725887,20.961803372588747,2200.0,200039,3923,3839,317.82
ADPSO_T50,50,8,10,1,11467,200000,2220.279726656842,20.27972665684183,2200.0,200026,3923,3826,329.59
ADPSO_T50,50,8,10,5,11471,200000,2220.6708763846573,20.670876384657277,2200.0,200011,3923,3811,302.0
ADPSO_T50,50,8,10,6,11472,200000,2221.6516926899335,21.651692689933498,2200.0,200017,3923,3817,291.8
ADPSO_T50,50,8,10,3,11469,200000,2220.691137059037,20.69113705903692,2200.0,200036,3923,3836,333.7
ADPSO_T50,50,8,10,2,11468,200000,2220.860799342838,20.860799342838163,2200.0,200035,3923,3835,338.49
ADPSO_T50,50,8,10,10,11476,200000,2220.722838344446,20.72283834444579,2200.0,200047,3923,3847,282.25
ADPSO_T50,50,8,10,4,11470,200000,2221.5834519600585,21.583451960058483,2200.0,200028,3923,3828,350.32
ADPSO_T50,50,8,10,8,11474,200000,2220.6389530724855,20.638953072485492,2200.0,200025,3923,3825,345.51
ADPSO_T50,50,8,10,7,11473,200000,2220.459770924287,20.459770924287113,2200.0,200030,3923,3830,374.05
ADPSO_T50,50,8,10,9,11475,200000,2222.882380798171,22.882380798171198,2200.0,200046,3923,3846,363.2
ADPSO_T50,50,8,10,12,11478,200000,2221.0027347435826,21.00273474358255,2200.0,200039,3923,3839,310.71
ADPSO_T50,50,8,10,13,11479,200000,2222.206927219573,22.206927219573117,2200.0,200028,3923,3828,304.08
ADPSO_T50,50,8,10,11,11477,200000,2221.794100337627,21.794100337626787,2200.0,200035,3923,3835,388.76
ADPSO_T50,50,8,10,15,11481,200000,2221.5780335872755,21.578033587275513,2200.0,200040,3923,3840,308.8
ADPSO_T50,50,8,10,22,11488,200000,2209.6746612484576,9.674661248457596,2200.0,200031,3923,3831,269.54
ADPSO_T50,50,8,10,18,11484,200000,2220.71170172889,20.711701728890148,2200.0,200032,3923,3832,332.82
ADPSO_T50,50,8,10,19,11485,200000,2220.469888574537,20.46988857453698,2200.0,200028,3923,3828,347.95
ADPSO_T50,50,8,10,14,11480,200000,2202.23098236478,2.230982364780175,2200.0,200009,3923,3809,407.23
ADPSO_T50,50,8,10,16,11482,200000,2220.461781906555,20.46178190655519,2200.0,200018,3923,3818,365.24
ADPSO_T50,50,8,10,17,11483,200000,2200.5631577654813,0.5631577654812645,2200.0,200011,3923,3811,368.1
ADPSO_T50,50,8,10,20,11486,200000,2220.6237364474637,20.62373644746367,2200.0,200033,3923,3833,346.43
ADPSO_T50,50,8,10,21,11487,200000,2220.4053093762336,20.405309376233618,2200.0,200034,3923,3834,352.69
ADPSO_T50,50,8,10,23,11489,200000,2220.7901698060373,20.790169806037284,2200.0,200036,3923,3836,330.45
ADPSO_T50,50,8,10,24,11490,200000,2222.1127986327674,22.112798632767408,2200.0,200027,3923,3827,372.54
ADPSO_T50,50,8,10,25,11491,200000,2220.494266319016,20.49426631901588,2200.0,200032,3923,3832,321.56
ADPSO_T50,50,8,10,27,11493,200000,2220.8480267492314,20.848026749231394,2200.0,200034,3923,3834,337.74
ADPSO_T50,50,8,10,26,11492,200000,2220.8980510856923,20.89805108569226,2200.0,200035,3923,3835,362.08
ADPSO_T50,50,8,10,28,11494,200000,2220.6243316454356,20.624331645435632,2200.0,200043,3923,3843,279.74
ADPSO_T50,50,7,20,28,21394,500000,2025.6310874261828,25.63108742618283,2000.0,500022,9809,9522,975.12
ADPSO_T50,50,7,20,22,21388,500000,2024.9157153122121,24.915715312212114,2000.0,500002,9808,9552,1070.03
ADPSO_T50,50,7,20,27,21393,500000,2033.6369095989496,33.636909598949615,2000.0,500040,9810,9490,1041.87
ADPSO_T50,50,7,20,29,21395,500000,2030.1880582853541,30.188058285354145,2000.0,500037,9808,9587,1058.15
ADPSO_T50,50,7,20,23,21389,500000,2025.347948313686,25.347948313685947,2000.0,500015,9808,9565,1141.71
ADPSO_T50,50,7,20,26,21392,500000,2035.0266795496032,35.02667954960316,2000.0,500028,9810,9478,1088.48
ADPSO_T50,50,8,10,29,11495,200000,2201.3418679489505,1.3418679489504939,2200.0,200034,3923,3834,366.09
ADPSO_T50,50,7,20,25,21391,500000,2028.6614735105632,28.661473510563155,2000.0,500039,9807,9639,1136.64
ADPSO_T50,50,7,20,24,21390,500000,2024.4434387201698,24.443438720169752,2000.0,500005,9808,9555,1170.42
ADPSO_T50,50,8,20,0,21466,500000,2226.602700452103,26.60270045210291,2200.0,500015,9810,9465,1477.74
ADPSO_T50,50,8,20,2,21468,500000,2231.6368021729795,31.636802172979515,2200.0,500049,9811,9449,1474.41
ADPSO_T50,50,8,20,7,21473,500000,2228.198861134474,28.1988611344741,2200.0,500007,9808,9557,1450.6
ADPSO_T50,50,8,20,6,21472,500000,2236.6464188120926,36.646418812092634,2200.0,500021,9811,9421,1560.34
ADPSO_T50,50,8,20,1,21467,500000,2230.6278073189983,30.627807318998293,2200.0,500010,9809,9510,1601.98
ADPSO_T50,50,8,20,4,21470,500000,2227.8559143160455,27.855914316045528,2200.0,500011,9809,9511,1597.22
ADPSO_T50,50,8,20,3,21469,500000,2229.3648478865357,29.3648478865357,2200.0,500002,9810,9452,1613.76
ADPSO_T50,50,8,20,8,21474,500000,2231.026992066661,31.026992066661023,2200.0,500016,9809,9516,1503.62
ADPSO_T50,50,8,20,5,21471,500000,2234.3239514715947,34.32395147159468,2200.0,500028,9810,9478,1607.09
ADPSO_T50,50,8,20,14,21480,500000,2249.783213569102,49.78321356910192,2200.0,500016,9810,9466,1408.93
ADPSO_T50,50,8,20,10,21476,500000,2227.9811493558086,27.98114935580861,2200.0,500032,9811,9432,1457.43
ADPSO_T50,50,9,10,0,11566,200000,2659.0943448706585,359.09434487065846,2300.0,200011,3924,3761,34.39
ADPSO_T50,50,9,10,2,11568,200000,2659.0943448412136,359.09434484121357,2300.0,200020,3924,3770,53.45
ADPSO_T50,50,9,10,1,11567,200000,2659.0943448938215,359.09434489382147,2300.0,200010,3924,3760,57.36
ADPSO_T50,50,9,10,3,11569,200000,2659.0943449674196,359.0943449674196,2300.0,200030,3926,3680,55.09
ADPSO_T50,50,8,20,16,21482,500000,2228.891802112239,28.89180211223902,2200.0,500006,9809,9506,1396.88
ADPSO_T50,50,8,20,9,21475,500000,2224.842719681292,24.842719681291783,2200.0,500018,9808,9568,1586.76
ADPSO_T50,50,8,20,11,21477,500000,2226.957036435437,26.957036435437203,2200.0,500023,9809,9523,1539.64
ADPSO_T50,50,9,10,5,11571,200000,2659.0943448289427,359.09434482894267,2300.0,200002,3925,3702,55.49
ADPSO_T50,50,9,10,7,11573,200000,2300.000485816428,0.00048581642795397784,2300.0,200022,3923,3822,44.28
ADPSO_T50,50,9,10,4,11570,200000,2659.094344804862,359.094344804862,2300.0,200013,3923,3813,64.76
ADPSO_T50,50,9,10,6,11572,200000,2659.094344939548,359.09434493954814,2300.0,200034,3925,3734,55.66
ADPSO_T50,50,9,10,8,11574,200000,2659.0943448453954,359.0943448453954,2300.0,200006,3925,3706,52.19
ADPSO_T50,50,9,10,12,11578,200000,2659.094344862132,359.09434486213195,2300.0,200050,3925,3750,47.83
ADPSO_T50,50,8,20,13,21479,500000,2239.1997762567435,39.19977625674346,2200.0,500006,9809,9506,1583.49
ADPSO_T50,50,8,20,12,21478,500000,2231.932721866967,31.932721866966858,2200.0,500021,9812,9371,1597.32
ADPSO_T50,50,9,10,9,11575,200000,2659.094344890079,359.0943448900789,2300.0,200003,3925,3703,79.16
ADPSO_T50,50,9,10,10,11576,200000,2300.000346869367,0.00034686936714933836,2300.0,200040,3923,3840,67.57
ADPSO_T50,50,9,10,11,11577,200000,2659.0943448541807,359.0943448541807,2300.0,200033,3925,3733,70.56
ADPSO_T50,50,9,10,13,11579,200000,2659.0943449606193,359.0943449606193,2300.0,200017,3925,3717,61.14
ADPSO_T50,50,9,10,17,11583,200000,2659.094344833738,359.094344833738,2300.0,200009,3925,3709,29.73
ADPSO_T50,50,9,10,14,11580,200000,2659.0943448800854,359.0943448800854,2300.0,200044,3926,3694,65.96
ADPSO_T50,50,9,10,15,11581,200000,2659.0943448750836,359.0943448750836,2300.0,200048,3925,3748,58.93
ADPSO_T50,50,9,10,20,11586,200000,2659.094344826061,359.09434482606093,2300.0,200022,3924,3772,40.36
ADPSO_T50,50,9,10,16,11582,200000,2659.094344872389,359.0943448723888,2300.0,200047,3926,3697,59.66
ADPSO_T50,50,9,10,21,11587,200000,2659.0943448422217,359.09434484222174,2300.0,200013,3925,3713,41.09
ADPSO_T50,50,9,10,19,11585,200000,2659.094344883618,359.09434488361785,2300.0,200047,3926,3697,60.48
ADPSO_T50,50,9,10,22,11588,200000,2659.0943448527214,359.0943448527214,2300.0,200022,3925,3722,47.72
ADPSO_T50,50,8,20,15,21481,500000,2234.090618397326,34.090618397326125,2200.0,500045,9809,9545,1605.98
ADPSO_T50,50,9,10,18,11584,200000,2659.094344898391,359.0943448983908,2300.0,200027,3925,3727,81.51
ADPSO_T50,50,8,20,19,21485,500000,2236.1785624580366,36.178562458036595,2200.0,500003,9809,9503,1561.71
ADPSO_T50,50,9,10,23,11589,200000,2659.0943448798516,359.09434487985163,2300.0,200043,3924,3793,63.7
ADPSO_T50,50,9,10,25,11591,200000,2659.0943449043766,359.0943449043766,2300.0,200041,3925,3741,55.95
ADPSO_T50,50,8,20,20,21486,500000,2236.272741827158,36.272741827157915,2200.0,500041,9809,9541,1564.01
ADPSO_T50,50,9,10,24,11590,200000,2659.094344950632,359.09434495063215,2300.0,200046,3926,3696,59.09
ADPSO_T50,50,9,10,26,11592,200000,2659.0943448613334,359.0943448613334,2300.0,200007,3925,3707,67.34
ADPSO_T50,50,8,20,21,21487,500000,2246.9542557373065,46.95425573730654,2200.0,500031,9814,9281,1559.12
ADPSO_T50,50,8,20,17,21483,500000,2237.37575140159,37.37575140159015,2200.0,500014,9810,9464,1616.13
ADPSO_T50,50,9,10,29,11595,200000,2659.0943448643375,359.0943448643375,2300.0,200036,3924,3786,54.6
ADPSO_T50,50,9,10,27,11593,200000,2659.094344901027,359.09434490102694,2300.0,200016,3924,3766,76.1
ADPSO_T50,50,8,20,18,21484,500000,2229.492539010533,29.492539010533164,2200.0,500023,9809,9523,1616.29
ADPSO_T50,50,9,10,28,11594,200000,2659.094344877687,359.09434487768704,2300.0,200044,3926,3694,81.72
ADPSO_T50,50,9,20,3,21569,500000,2635.6387704943418,335.63877049434177,2300.0,500042,9808,9592,82.46
ADPSO_T50,50,9,20,5,21571,500000,2635.638770360301,335.6387703603009,2300.0,500038,9806,9688,94.36
ADPSO_T50,50,9,20,9,21575,500000,2635.6387704474687,335.6387704474687,2300.0,500002,9806,9652,80.8
ADPSO_T50,50,9,20,8,21574,500000,2635.6387705149054,335.63877051490545,2300.0,500018,9808,9568,85.73
ADPSO_T50,50,9,20,2,21568,500000,2635.638771114098,335.63877111409784,2300.0,500034,9808,9584,143.48
ADPSO_T50,50,9,20,4,21570,500000,2635.6387704462345,335.6387704462345,2300.0,500045,9808,9595,126.15
ADPSO_T50,50,9,20,1,21567,500000,2635.6387705939096,335.6387705939096,2300.0,500046,9808,9596,160.1
ADPSO_T50,50,9,20,0,21566,500000,2635.6387704698664,335.63877046986636,2300.0,500023,9807,9623,162.54
ADPSO_T50,50,9,20,6,21572,500000,2635.6387705124066,335.6387705124066,2300.0,500006,9806,9656,145.94
ADPSO_T50,50,9,20,7,21573,500000,2635.638770444915,335.6387704449148,2300.0,500025,9807,9625,139.42
ADPSO_T50,50,9,20,13,21579,500000,2635.6387703619575,335.63877036195754,2300.0,500015,9807,9615,114.36
ADPSO_T50,50,9,20,12,21578,500000,2635.638770487743,335.63877048774293,2300.0,500021,9807,9621,135.06
ADPSO_T50,50,9,20,11,21577,500000,2635.6387705165475,335.63877051654754,2300.0,500033,9808,9583,162.51
ADPSO_T50,50,9,20,10,21576,500000,2635.6387705635343,335.6387705635343,2300.0,500031,9807,9631,179.22
ADPSO_T50,50,9,20,15,21581,500000,2635.6387704445588,335.63877044455876,2300.0,500006,9807,9606,105.47
ADPSO_T50,50,9,20,16,21582,500000,2635.6387706909472,335.63877069094724,2300.0,500011,9806,9661,102.98
ADPSO_T50,50,9,20,14,21580,500000,2635.6387704668286,335.63877046682865,2300.0,500014,9807,9614,158.08
ADPSO_T50,50,9,20,21,21587,500000,2635.6387704793087,335.63877047930873,2300.0,500041,9807,9641,123.45
ADPSO_T50,50,9,20,19,21585,500000,2635.6387704411036,335.6387704411036,2300.0,500011,9808,9561,136.05
ADPSO_T50,50,9,20,17,21583,500000,2635.638770486771,335.63877048677114,2300.0,500040,9807,9640,167.54
ADPSO_T50,50,9,20,23,21589,500000,2635.6387704830126,335.63877048301265,2300.0,500041,9807,9641,121.5
ADPSO_T50,50,10,10,0,11666,200000,2622.06273252109,222.06273252108986,2400.0,200048,3923,3848,44.04
ADPSO_T50,50,9,20,22,21588,500000,2635.6387712006454,335.63877120064535,2300.0,500021,9808,9571,132.72
ADPSO_T50,50,9,20,18,21584,500000,2635.6387704357558,335.63877043575576,2300.0,500003,9807,9603,168.24
ADPSO_T50,50,10,10,4,11670,200000,2622.1516506815665,222.15165068156648,2400.0,200039,3923,3839,30.62
ADPSO_T50,50,10,10,3,11669,200000,2620.8726497760135,220.87264977601353,2400.0,200047,3923,3847,31.23
ADPSO_T50,50,9,20,28,21594,500000,2635.638770354112,335.6387703541118,2300.0,500011,9806,9661,107.95
ADPSO_T50,50,9,20,20,21586,500000,2635.638770500538,335.63877050053816,2300.0,500018,9807,9618,176.3
ADPSO_T50,50,10,10,6,11672,200000,2620.8726497708303,220.87264977083032,2400.0,200042,3923,3842,33.92
ADPSO_T50,50,10,10,5,11671,200000,2734.8686234126308,334.86862341263077,2400.0,200045,3923,3845,43.15
ADPSO_T50,50,10,10,2,11668,200000,2620.8726497900598,220.87264979005977,2400.0,200046,3923,3846,57.54
ADPSO_T50,50,10,10,1,11667,200000,2622.174400113763,222.1744001137631,2400.0,200049,3923,3849,62.32
ADPSO_T50,50,9,20,24,21590,500000,2635.638771487221,335.6387714872212,2300.0,500026,9807,9626,173.64
ADPSO_T50,50,9,20,25,21591,500000,2635.638770349417,335.638770349417,2300.0,500038,9807,9638,168.08
ADPSO_T50,50,9,20,27,21593,500000,2635.638770647777,335.63877064777716,2300.0,500019,9807,9619,134.68
ADPSO_T50,50,9,20,29,21595,500000,2635.6387705939583,335.63877059395827,2300.0,500030,9807,9630,133.63
ADPSO_T50,50,10,10,7,11673,200000,2620.872649771092,220.8726497710918,2400.0,200039,3923,3839,54.26
ADPSO_T50,50,10,10,9,11675,200000,2620.8726497651237,220.8726497651237,2400.0,200047,3923,3847,37.88
ADPSO_T50,50,10,10,11,11677,200000,2620.872649811857,220.87264981185717,2400.0,200049,3923,3849,41.09
ADPSO_T50,50,9,20,26,21592,500000,2635.638770511666,335.6387705116658,2300.0,500048,9807,9648,168.62
ADPSO_T50,50,10,10,10,11676,200000,2623.0003926321947,223.0003926321947,2400.0,200000,3922,3850,50.82
ADPSO_T50,50,10,10,16,11682,200000,2621.1220573126657,221.12205731266567,2400.0,200041,3923,3841,32.26
ADPSO_T50,50,10,10,8,11674,200000,2621.1220573298115,221.12205732981147,2400.0,200000,3922,3850,57.68
ADPSO_T50,50,10,10,15,11681,200000,2622.4646217427926,222.4646217427926,2400.0,200042,3923,3842,46.41
ADPSO_T50,50,10,10,12,11678,200000,2620.872649773678,220.87264977367795,2400.0,200048,3923,3848,60.26
ADPSO_T50,50,10,10,14,11680,200000,2720.4934298698945,320.4934298698945,2400.0,200024,3923,3824,57.54
ADPSO_T50,50,10,10,21,11687,200000,2620.8726497846046,220.87264978460462,2400.0,200044,3923,3844,42.84
ADPSO_T50,50,10,10,13,11679,200000,2623.2271399584433,223.22713995844333,2400.0,200050,3923,3850,66.8
ADPSO_T50,50,10,10,19,11685,200000,2620.872649785256,220.87264978525582,2400.0,200040,3923,3840,48.44
ADPSO_T50,50,10,10,25,11691,200000,2621.1220573110386,221.1220573110386,2400.0,200040,3923,3840,24.88
ADPSO_T50,50,10,10,18,11684,200000,2622.1033894863212,222.10338948632125,2400.0,200028,3923,3828,51.55
ADPSO_T50,50,10,10,20,11686,200000,2621.12205732321,221.1220573232099,2400.0,200000,3922,3850,53.31
ADPSO_T50,50,10,10,17,11683,200000,2622.1977974046545,222.19779740465447,2400.0,200038,3923,3838,75.06
ADPSO_T50,50,10,10,22,11688,200000,2622.151650679741,222.15165067974112,2400.0,200047,3923,3847,57.66
ADPSO_T50,50,10,10,23,11689,200000,2621.233186699607,221.2331866996069,2400.0,200045,3923,3845,59.03
ADPSO_T50,50,10,10,24,11690,200000,2620.872649785193,220.87264978519306,2400.0,200049,3923,3849,54.11
ADPSO_T50,50,10,10,26,11692,200000,2731.1003845964915,331.1003845964915,2400.0,200048,3923,3848,58.55
ADPSO_T50,50,10,10,29,11695,200000,2621.1220573191385,221.12205731913855,2400.0,200042,3923,3842,44.51
ADPSO_T50,50,10,10,28,11694,200000,2620.8726497941852,220.87264979418524,2400.0,200045,3923,3845,48.94
ADPSO_T50,50,10,10,27,11693,200000,2622.151650684951,222.15165068495116,2400.0,200049,3923,3849,71.75
ADPSO_T50,50,10,20,4,21670,500000,2930.894965681323,530.8949656813229,2400.0,500043,9809,9543,81.41
ADPSO_T50,50,10,20,3,21669,500000,2920.7318820688183,520.7318820688183,2400.0,500008,9806,9658,111.02
ADPSO_T50,50,10,20,6,21672,500000,2932.560615649628,532.5606156496278,2400.0,500044,9807,9644,106.07
ADPSO_T50,50,10,20,5,21671,500000,2800.7545484288526,400.75454842885256,2400.0,500018,9806,9668,118.46
ADPSO_T50,50,10,20,0,21666,500000,2914.694365700402,514.6943657004022,2400.0,500034,9806,9684,137.11
ADPSO_T50,50,10,20,1,21667,500000,4390.534411250175,1990.5344112501753,2400.0,500013,9807,9613,141.31
ADPSO_T50,50,10,20,2,21668,500000,2802.71473679513,402.7147367951302,2400.0,500049,9807,9649,156.94
ADPSO_T50,50,10,20,9,21675,500000,2799.3477972300684,399.3477972300684,2400.0,500014,9806,9664,129.25
ADPSO_T50,50,10,20,7,21673,500000,2933.794441958732,533.794441958732,2400.0,500031,9806,9681,145.95
ADPSO_T50,50,10,20,13,21679,500000,2797.1024300989197,397.10243009891974,2400.0,500027,9809,9527,119.62
ADPSO_T50,50,10,20,8,21674,500000,2798.029048369396,398.02904836939615,2400.0,500035,9806,9685,160.07
ADPSO_T50,50,10,20,12,21678,500000,2797.7727230235287,397.77272302352867,2400.0,500022,9806,9672,154.23
ADPSO_T50,50,10,20,14,21680,500000,2935.596428799144,535.5964287991442,2400.0,500039,9807,9639,110.99
ADPSO_T50,50,10,20,11,21677,500000,2950.502912162426,550.5029121624261,2400.0,500044,9806,9694,161.59
ADPSO_T50,50,10,20,10,21676,500000,2803.010658746689,403.01065874668893,2400.0,500004,9806,9654,166.58
ADPSO_T50,50,10,20,17,21683,500000,2805.5569339668627,405.55693396686274,2400.0,500043,9806,9693,117.65
ADPSO_T50,50,10,20,16,21682,500000,2896.9485417021547,496.94854170215467,2400.0,500001,9805,9701,124.25
ADPSO_T50,50,10,20,22,21688,500000,2801.56191812165,401.5619181216498,2400.0,500037,9806,9687,82.65
ADPSO_T50,50,10,20,15,21681,500000,2806.3222210014183,406.32222100141826,2400.0,500006,9806,9656,149.77
ADPSO_T50,50,10,20,20,21686,500000,2800.732206684839,400.7322066848392,2400.0,500021,9807,9621,110.53
ADPSO_T50,50,10,20,18,21684,500000,2963.4819926750038,563.4819926750038,2400.0,500012,9808,9562,141.2
ADPSO_T50,50,10,20,19,21685,500000,2937.306166824164,537.3061668241639,2400.0,500036,9806,9686,148.33
ADPSO_T50,50,10,20,26,21692,500000,2798.4766524386987,398.4766524386987,2400.0,500017,9806,9667,99.79
ADPSO_T50,50,10,20,23,21689,500000,2804.147388753326,404.14738875332614,2400.0,500048,9806,9698,127.34
ADPSO_T50,50,10,20,21,21687,500000,2801.463489904987,401.463489904987,2400.0,500024,9806,9674,153.2
ADPSO_T50,50,10,20,25,21691,500000,4195.89434256877,1795.8943425687703,2400.0,500009,9807,9609,126.54
ADPSO_T50,50,11,10,1,11767,200000,2600.000270936523,0.0002709365230657568,2600.0,200049,3923,3849,71.64
ADPSO_T50,50,10,20,27,21693,500000,2981.5977614139942,581.5977614139942,2400.0,500036,9809,9536,130.91
ADPSO_T50,50,10,20,24,21690,500000,2942.455022124184,542.4550221241839,2400.0,500047,9806,9697,156.67
ADPSO_T50,50,10,20,28,21694,500000,2799.0899145836415,399.08991458364153,2400.0,500038,9806,9688,144.15
ADPSO_T50,50,11,10,0,11766,200000,2600.000273858414,0.0002738584139478917,2600.0,200042,3923,3842,103.19
ADPSO_T50,50,11,10,2,11768,200000,2622.42559625309,22.425596253090134,2600.0,200000,3922,3850,96.27
ADPSO_T50,50,11,10,5,11771,200000,2600.0002194350755,0.0002194350754507468,2600.0,200002,3924,3752,69.09
ADPSO_T50,50,11,10,4,11770,200000,2621.8939220346397,21.893922034639672,2600.0,200005,3923,3805,93.1
ADPSO_T50,50,11,10,3,11769,200000,2600.000155750435,0.00015575043516946607,2600.0,200000,3922,3850,106.22
ADPSO_T50,50,10,20,29,21695,500000,2802.020136761809,402.0201367618092,2400.0,500006,9805,9706,129.75
ADPSO_T50,50,11,10,8,11774,200000,2623.4308474822847,23.430847482284662,2600.0,200001,3923,3801,68.79
ADPSO_T50,50,11,10,9,11775,200000,2600.000171779885,0.00017177988502226071,2600.0,200004,3923,3804,76.02
ADPSO_T50,50,11,10,11,11777,200000,2600.0001589602502,0.00015896025024630944,2600.0,200047,3923,3847,67.74
ADPSO_T50,50,11,10,7,11773,200000,2600.0002062364138,0.00020623641376005253,2600.0,200044,3923,3844,97.51
ADPSO_T50,50,11,10,6,11772,200000,2600.000162852242,0.00016285224182865932,2600.0,200042,3923,3842,108.66
ADPSO_T50,50,11,10,12,11778,200000,2600.0002128400615,0.00021284006152200163,2600.0,200025,3923,3825,70.81
ADPSO_T50,50,11,10,10,11776,200000,2622.425596252585,22.42559625258491,2600.0,200000,3922,3850,92.76
ADPSO_T50,50,11,10,19,11785,200000,2600.0002210791235,0.00022107912354840664,2600.0,200004,3924,3754,60.36
ADPSO_T50,50,11,10,18,11784,200000,2600.0002874758607,0.0002874758606594696,2600.0,200006,3923,3806,68.46
ADPSO_T50,50,11,10,15,11781,200000,2600.000178419387,0.0001784193868843431,2600.0,200045,3924,3795,87.35
ADPSO_T50,50,11,10,16,11782,200000,2600.000309038441,0.00030903844117347035,2600.0,200023,3924,3773,89.41
ADPSO_T50,50,11,10,14,11780,200000,2600.0002316570676,0.00023165706761574256,2600.0,200008,3923,3808,95.69
ADPSO_T50,50,11,10,13,11779,200000,2600.0002332050644,0.0002332050644326955,2600.0,200046,3924,3796,108.59
ADPSO_T50,50,11,10,17,11783,200000,2600.0001411652606,0.0001411652606293501,2600.0,200016,3923,3816,91.61
ADPSO_T50,50,11,10,22,11788,200000,2600.0002072089537,0.00020720895372505765,2600.0,200040,3923,3840,73.82
ADPSO_T50,50,11,10,21,11787,200000,2600.0002236813075,0.00022368130748873227,2600.0,200001,3923,3801,93.34
ADPSO_T50,50,11,10,23,11789,200000,2600.0002630597505,0.00026305975052309805,2600.0,200037,3924,3787,93.13
ADPSO_T50,50,11,10,24,11790,200000,2600.000252985207,0.00025298520722571993,2600.0,200037,3924,3787,89.35
ADPSO_T50,50,11,10,20,11786,200000,2600.000254964725,0.0002549647251726128,2600.0,200044,3923,3844,111.03
ADPSO_T50,50,11,10,26,11792,200000,2600.0002041572457,0.00020415724566191784,2600.0,200050,3923,3850,88.42
ADPSO_T50,50,11,10,29,11795,200000,2600.0002230782143,0.00022307821427602903,2600.0,200031,3923,3831,68.42
ADPSO_T50,50,11,10,25,11791,200000,2600.000209660887,0.00020966088686691364,2600.0,200037,3924,3787,110.76
ADPSO_T50,50,11,10,28,11794,200000,2600.0003237247997,0.0003237247997276427,2600.0,200000,3922,3850,86.77
ADPSO_T50,50,11,10,27,11793,200000,2600.000214596326,0.00021459632580445032,2600.0,200040,3923,3840,96.88
ADPSO_T50,50,8,20,23,21489,500000,2234.0144185118374,34.01441851183745,2200.0,500038,9809,9538,1433.84
ADPSO_T50,50,11,20,9,21775,500000,2600.0003203997426,0.00032039974257713766,2600.0,500030,9807,9630,141.58
ADPSO_T50,50,11,20,5,21771,500000,2600.00031337142,0.0003133714199066162,2600.0,500040,9808,9590,174.66
ADPSO_T50,50,11,20,1,21767,500000,2600.0003719792103,0.0003719792102856445,2600.0,500002,9806,9652,216.45
ADPSO_T50,50,11,20,7,21773,500000,2600.000336613194,0.0003366131941220374,2600.0,500038,9807,9638,177.26
ADPSO_T50,50,11,20,2,21768,500000,2600.000272378038,0.00027237803806201555,2600.0,500033,9806,9683,218.04
ADPSO_T50,50,11,20,0,21766,500000,2600.000259684506,0.00025968450609070715,2600.0,500023,9808,9573,229.94
ADPSO_T50,50,11,20,3,21769,500000,2600.0003925527717,0.0003925527717001387,2600.0,500018,9809,9518,215.79
ADPSO_T50,50,11,20,12,21778,500000,2600.0002439233613,0.00024392336126766168,2600.0,500016,9812,9366,152.57
ADPSO_T50,50,11,20,6,21772,500000,2617.366449584253,17.366449584253132,2600.0,500040,9808,9590,197.54
ADPSO_T50,50,11,20,4,21770,500000,2615.3410129388453,15.341012938845324,2600.0,500023,9811,9423,247.45
ADPSO_T50,50,11,20,8,21774,500000,2615.3410129525473,15.341012952547317,2600.0,500000,9806,9650,230.26
ADPSO_T50,50,11,20,10,21776,500000,2615.3410129454937,15.34101294549373,2600.0,500020,9807,9620,216.51
ADPSO_T50,50,8,20,29,21495,500000,2232.3967961350563,32.39679613505632,2200.0,500015,9810,9465,1426.71
ADPSO_T50,50,8,20,22,21488,500000,2222.669198475032,22.669198475031862,2200.0,500035,9810,9485,1602.82
ADPSO_T50,50,11,20,11,21777,500000,2600.0002650463716,0.0002650463716236118,2600.0,500041,9809,9541,227.79
ADPSO_T50,50,11,20,13,21779,500000,2600.0002968498184,0.00029684981836908264,2600.0,500018,9807,9618,237.41
ADPSO_T50,50,8,20,25,21491,500000,2232.5003315697663,32.50033156976633,2200.0,500018,9811,9418,1497.98
ADPSO_T50,50,8,20,28,21494,500000,2225.7270435911964,25.727043591196434,2200.0,500042,9810,9492,1491.55
ADPSO_T50,50,8,20,24,21490,500000,2231.8627461353594,31.86274613535943,2200.0,500030,9809,9530,1611.24
ADPSO_T50,50,11,20,14,21780,500000,2600.0002492194803,0.00024921948033806984,2600.0,500004,9807,9604,233.92
ADPSO_T50,50,11,20,15,21781,500000,2600.0003378599436,0.0003378599435563956,2600.0,500045,9807,9645,193.23
ADPSO_T50,50,11,20,21,21787,500000,2615.3410129371177,15.341012937117739,2600.0,500040,9807,9640,174.02
ADPSO_T50,50,11,20,20,21786,500000,2600.0002802874073,0.00028028740734953317,2600.0,500042,9808,9592,184.01
ADPSO_T50,50,11,20,18,21784,500000,2600.000278935349,0.0002789353488878987,2600.0,500037,9808,9587,195.37
ADPSO_T50,50,8,20,26,21492,500000,2226.9065382432714,26.90653824327137,2200.0,500025,9810,9475,1583.76
ADPSO_T50,50,11,20,19,21785,500000,2600.000282116784,0.000282116784092068,2600.0,500045,9807,9645,198.19
ADPSO_T50,50,11,20,23,21789,500000,2600.0002945082283,0.0002945082283076772,2600.0,500000,9806,9650,181.28
ADPSO_T50,50,12,10,0,11866,200000,2869.1323668284094,169.13236682840943,2700.0,200000,3922,3850,103.94
ADPSO_T50,50,11,20,17,21783,500000,2600.000300026125,0.0003000261249326286,2600.0,500004,9807,9604,218.48
ADPSO_T50,50,11,20,27,21793,500000,2600.000227362559,0.00022736255914423964,2600.0,500013,9807,9613,150.97
ADPSO_T50,50,12,10,2,11868,200000,2865.954933994315,165.95493399431507,2700.0,200048,3923,3848,89.26
ADPSO_T50,50,11,20,16,21782,500000,2615.341012933993,15.34101293399317,2600.0,500030,9806,9680,224.37
ADPSO_T50,50,12,10,1,11867,200000,2865.942676355232,165.94267635523192,2700.0,200011,3923,3811,114.65
ADPSO_T50,50,11,20,22,21788,500000,2600.0002782641545,0.00027826415453091613,2600.0,500004,9807,9604,210.87
ADPSO_T50,50,12,10,3,11869,200000,2867.4800189399666,167.4800189399666,2700.0,200000,3922,3850,101.41
ADPSO_T50,50,8,20,27,21493,500000,2231.7587349306746,31.758734930674564,2200.0,500029,9810,9479,1624.98
ADPSO_T50,50,12,10,10,11876,200000,2865.955409753548,165.95540975354788,2700.0,200034,3923,3834,57.3
ADPSO_T50,50,12,10,4,11870,200000,2863.8181208724964,163.81812087249637,2700.0,200028,3923,3828,100.06
ADPSO_T50,50,12,10,6,11872,200000,2865.9104273100756,165.91042731007565,2700.0,200010,3923,3810,83.17
ADPSO_T50,50,11,20,25,21791,500000,2600.000251369435,0.00025136943486359087,2600.0,500048,9808,9598,215.07
ADPSO_T50,50,12,10,5,11871,200000,2868.6003782194375,168.60037821943752,2700.0,200044,3923,3844,104.57
ADPSO_T50,50,12,10,11,11877,200000,2865.9506820969405,165.95068209694045,2700.0,200048,3923,3848,81.0
ADPSO_T50,50,11,20,24,21790,500000,2615.341012940533,15.341012940532892,2600.0,500045,9806,9695,233.62
ADPSO_T50,50,11,20,26,21792,500000,2600.000334350633,0.0003343506327837531,2600.0,500020,9811,9420,230.65
ADPSO_T50,50,12,10,8,11874,200000,2865.946697881951,165.94669788195097,2700.0,200042,3923,3842,97.83
ADPSO_T50,50,12,10,7,11873,200000,2865.9428363155453,165.94283631554526,2700.0,200045,3923,3845,101.5
ADPSO_T50,50,12,10,12,11878,200000,2865.0955922846456,165.0955922846456,2700.0,200030,3923,3830,90.41
ADPSO_T50,50,11,20,29,21795,500000,2600.000246795489,0.0002467954891471891,2600.0,500007,9812,9357,211.2
ADPSO_T50,50,12,10,18,11884,200000,2864.4857839026786,164.48578390267858,2700.0,200001,3924,3751,74.95
ADPSO_T50,50,11,20,28,21794,500000,2600.0002694633413,0.00026946334128297167,2600.0,500024,9807,9624,223.1
ADPSO_T50,50,12,10,15,11881,200000,2865.941070409466,165.9410704094662,2700.0,200000,3922,3850,84.62
ADPSO_T50,50,12,10,9,11875,200000,2865.941970813827,165.94197081382708,2700.0,200030,3923,3830,105.12
ADPSO_T50,50,12,10,16,11882,200000,2865.944375541963,165.94437554196293,2700.0,200045,3923,3845,87.09
ADPSO_T50,50,12,10,21,11887,200000,2865.8947763775577,165.89477637755772,2700.0,200049,3923,3849,56.29
ADPSO_T50,50,12,10,13,11879,200000,2865.9215394782796,165.92153947827956,2700.0,200046,3923,3846,111.12
ADPSO_T50,50,12,10,19,11885,200000,2865.9032851010843,165.9032851010843,2700.0,200028,3923,3828,86.23
ADPSO_T50,50,12,10,17,11883,200000,2865.9419867003344,165.94198670033438,2700.0,200033,3923,3833,109.81
ADPSO_T50,50,12,10,20,11886,200000,2865.9062828889073,165.9062828889073,2700.0,200000,3922,3850,84.42
ADPSO_T50,50,12,10,23,11889,200000,2865.949909236336,165.94990923633623,2700.0,200000,3922,3850,73.03
ADPSO_T50,50,12,10,22,11888,200000,2865.957039710549,165.957039710549,2700.0,200036,3923,3836,73.83
ADPSO_T50,50,12,10,14,11880,200000,2865.929982437839,165.92998243783904,2700.0,200028,3923,3828,125.51
ADPSO_T50,50,12,10,24,11890,200000,2864.5103351897374,164.51033518973736,2700.0,200015,3923,3815,91.69
ADPSO_T50,50,12,10,26,11892,200000,2865.9298650590817,165.92986505908175,2700.0,200050,3923,3850,78.77
ADPSO_T50,50,12,10,25,11891,200000,2865.9433022335625,165.94330223356246,2700.0,200005,3923,3805,100.98
ADPSO_T50,50,12,10,28,11894,200000,2866.4229009470246,166.42290094702457,2700.0,200000,3922,3850,109.99
ADPSO_T50,50,12,10,27,11893,200000,2865.9258158890616,165.9258158890616,2700.0,200048,3923,3848,133.79
ADPSO_T50,50,12,10,29,11895,200000,2865.944855334415,165.94485533441502,2700.0,200044,3923,3844,132.89
ADPSO_T50,50,12,20,3,21869,500000,2939.0931884377696,239.09318843776964,2700.0,500038,9806,9688,203.99
ADPSO_T50,50,12,20,1,21867,500000,2947.1241868354764,247.1241868354764,2700.0,500049,9806,9699,218.8
ADPSO_T50,50,12,20,12,21878,500000,2942.7694568467437,242.76945684674365,2700.0,500043,9807,9643,190.58
ADPSO_T50,50,12,20,10,21876,500000,2976.786634854176,276.7866348541761,2700.0,500047,9806,9697,200.01
ADPSO_T50,50,12,20,4,21870,500000,2938.2850342758493,238.28503427584928,2700.0,500028,9806,9678,227.97
ADPSO_T50,50,12,20,17,21883,500000,2944.866777952598,244.8667779525981,2700.0,500023,9806,9673,171.41
ADPSO_T50,50,12,20,9,21875,500000,2944.8667778549034,244.86677785490338,2700.0,500033,9807,9633,209.3
ADPSO_T50,50,12,20,15,21881,500000,2946.562580311406,246.56258031140578,2700.0,500003,9806,9653,199.02
ADPSO_T50,50,12,20,0,21866,500000,2946.1077813624056,246.1077813624056,2700.0,500039,9806,9689,250.79
ADPSO_T50,50,12,20,5,21871,500000,2947.7387718995615,247.73877189956147,2700.0,500000,9805,9700,246.5
ADPSO_T200,200,1,10,0,10766,200000,300.0,0.0,300.0,200000,3980,950,8.8
ADPSO_T50,50,12,20,11,21877,500000,2947.8559738963786,247.8559738963786,2700.0,500038,9806,9688,221.12
ADPSO_T200,200,1,10,1,10767,200000,300.0,0.0,300.0,200000,3980,950,5.09
ADPSO_T200,200,1,10,3,10769,200000,300.0,0.0,300.0,200000,3980,950,3.24
ADPSO_T50,50,12,20,6,21872,500000,2944.675983124678,244.67598312467817,2700.0,500002,9806,9652,253.2
ADPSO_T200,200,1,10,2,10768,200000,300.0,0.0,300.0,200000,3980,950,7.32
ADPSO_T200,200,1,10,4,10770,200000,300.0,0.0,300.0,200000,3980,950,6.46
ADPSO_T50,50,12,20,8,21874,500000,2938.694228353682,238.69422835368186,2700.0,500049,9806,9699,247.85
ADPSO_T200,200,1,10,5,10771,200000,300.0,0.0,300.0,200000,3980,950,9.25
ADPSO_T200,200,1,10,6,10772,200000,300.0,0.0,300.0,200000,3980,950,9.39
ADPSO_T200,200,1,10,8,10774,200000,300.0,0.0,300.0,200000,3980,950,7.7
ADPSO_T50,50,12,20,2,21868,500000,2941.466767655653,241.4667676556528,2700.0,500018,9806,9668,273.91
ADPSO_T200,200,1,10,7,10773,200000,300.0,0.0,300.0,200000,3980,950,10.94
ADPSO_T200,200,1,10,9,10775,200000,300.0,0.0,300.0,200000,3980,950,9.62
ADPSO_T200,200,1,10,13,10779,200000,300.0,0.0,300.0,200000,3980,950,3.22
ADPSO_T200,200,1,10,11,10777,200000,300.0,0.0,300.0,200000,3980,950,5.59
ADPSO_T200,200,1,10,10,10776,200000,300.0,0.0,300.0,200000,3980,950,11.36
ADPSO_T200,200,1,10,16,10782,200000,300.0,0.0,300.0,200000,3980,950,7.15
ADPSO_T200,200,1,10,12,10778,200000,300.0,0.0,300.0,200000,3980,950,11.34
ADPSO_T200,200,1,10,14,10780,200000,300.0,0.0,300.0,200000,3980,950,11.3
ADPSO_T200,200,1,10,15,10781,200000,300.0,0.0,300.0,200000,3980,950,11.29
ADPSO_T200,200,1,10,17,10783,200000,300.0,0.0,300.0,200000,3980,950,9.75
ADPSO_T50,50,12,20,14,21880,500000,2939.3227603010228,239.32276030102275,2700.0,500000,9805,9700,246.44
ADPSO_T200,200,1,10,20,10786,200000,300.0,0.0,300.0,200000,3980,950,5.57
ADPSO_T200,200,1,10,18,10784,200000,300.0,0.0,300.0,200000,3980,950,9.36
ADPSO_T200,200,1,10,25,10791,200000,300.0,0.0,300.0,200000,3980,950,3.67
ADPSO_T200,200,1,10,19,10785,200000,300.0,0.0,300.0,200000,3980,950,10.24
ADPSO_T200,200,1,10,23,10789,200000,300.0,0.0,300.0,200000,3980,950,5.79
ADPSO_T200,200,1,10,22,10788,200000,300.0,0.0,300.0,200000,3980,950,6.93
ADPSO_T200,200,1,10,26,10792,200000,300.0,0.0,300.0,200000,3980,950,3.64
ADPSO_T200,200,1,10,21,10787,200000,300.0,0.0,300.0,200000,3980,950,9.58
ADPSO_T200,200,1,10,24,10790,200000,300.0,0.0,300.0,200000,3980,950,8.54
ADPSO_T200,200,1,10,27,10793,200000,300.0,0.0,300.0,200000,3980,950,6.22
ADPSO_T200,200,1,10,29,10795,200000,300.0,0.0,300.0,200000,3980,950,6.41
ADPSO_T50,50,12,20,16,21882,500000,2946.3970478537017,246.39704785370168,2700.0,500046,9806,9696,237.1
ADPSO_T200,200,1,10,28,10794,200000,300.0,0.0,300.0,200000,3980,950,8.05
ADPSO_T50,50,12,20,13,21879,500000,2948.4064256521583,248.4064256521583,2700.0,500045,9806,9695,259.04
ADPSO_T200,200,1,20,2,20768,500000,300.0,0.0,300.0,500000,9950,2450,9.04
ADPSO_T200,200,1,20,1,20767,500000,300.0,0.0,300.0,500049,9951,2449,13.75
ADPSO_T200,200,1,20,6,20772,500000,300.0,0.0,300.0,500000,9950,2450,8.5
ADPSO_T50,50,12,20,7,21873,500000,2945.177731306577,245.1777313065768,2700.0,500050,9807,9650,299.41
ADPSO_T200,200,1,20,8,20774,500000,300.0,0.0,300.0,500048,9951,2448,8.5
ADPSO_T200,200,1,20,3,20769,500000,300.0,0.0,300.0,500000,9950,2450,13.89
ADPSO_T200,200,1,20,0,20766,500000,300.0,0.0,300.0,500000,9950,2450,19.3
ADPSO_T200,200,1,20,5,20771,500000,300.0,0.0,300.0,500000,9950,2450,16.56
ADPSO_T200,200,1,20,10,20776,500000,300.0,0.0,300.0,500000,9950,2450,8.33
ADPSO_T200,200,1,20,4,20770,500000,300.0,0.0,300.0,500000,9950,2450,17.61
ADPSO_T200,200,1,20,11,20777,500000,300.0,0.0,300.0,500000,9950,2450,8.32
ADPSO_T200,200,1,20,13,20779,500000,300.0,0.0,300.0,500000,9950,2450,8.49
ADPSO_T200,200,1,20,7,20773,500000,300.0,0.0,300.0,500000,9950,2450,18.25
ADPSO_T200,200,1,20,9,20775,500000,300.0,0.0,300.0,500000,9950,2450,14.69
ADPSO_T50,50,12,20,20,21886,500000,2943.3889882467347,243.3889882467347,2700.0,500012,9806,9662,201.95
ADPSO_T200,200,1,20,19,20785,500000,300.0,0.0,300.0,500000,9950,2450,8.34
ADPSO_T200,200,1,20,17,20783,500000,300.0,0.0,300.0,500000,9950,2450,11.4
ADPSO_T200,200,1,20,22,20788,500000,300.0,0.0,300.0,500000,9950,2450,8.26
ADPSO_T200,200,1,20,16,20782,500000,300.0,0.0,300.0,500000,9950,2450,13.41
ADPSO_T200,200,1,20,23,20789,500000,300.0,0.0,300.0,500000,9950,2450,8.35
ADPSO_T200,200,1,20,12,20778,500000,300.0,0.0,300.0,500000,9950,2450,21.77
ADPSO_T200,200,1,20,15,20781,500000,300.0,0.0,300.0,500000,9950,2450,21.66
ADPSO_T200,200,1,20,26,20792,500000,300.0,0.0,300.0,500000,9950,2450,8.28
ADPSO_T200,200,1,20,14,20780,500000,300.0,0.0,300.0,500000,9950,2450,25.21
ADPSO_T50,50,12,20,18,21884,500000,2941.242387798187,241.24238779818688,2700.0,500021,9806,9671,256.17
ADPSO_T200,200,1,20,18,20784,500000,300.0,0.0,300.0,500000,9950,2450,22.16
ADPSO_T200,200,2,10,0,10866,200000,404.0634293696774,4.063429369677408,400.0,200033,3982,883,5.9
ADPSO_T200,200,1,20,28,20794,500000,300.0,0.0,300.0,500000,9950,2450,10.03
ADPSO_T50,50,12,20,19,21885,500000,2938.3721027038846,238.3721027038846,2700.0,500018,9806,9668,237.63
ADPSO_T200,200,2,10,3,10869,200000,404.05331025439114,4.0533102543911355,400.0,200012,3982,862,5.96
ADPSO_T200,200,2,10,1,10867,200000,408.9161019277813,8.916101927781312,400.0,200000,3980,950,6.75
ADPSO_T200,200,1,20,20,20786,500000,300.0,0.0,300.0,500000,9950,2450,25.05
ADPSO_T200,200,1,20,24,20790,500000,300.0,0.0,300.0,500000,9950,2450,18.38
ADPSO_T200,200,1,20,21,20787,500000,300.0,0.0,300.0,500000,9950,2450,25.21
ADPSO_T200,200,2,10,4,10870,200000,404.3745748917632,4.374574891763189,400.0,200034,3981,934,5.91
ADPSO_T200,200,2,10,5,10871,200000,408.9161019277813,8.916101927781312,400.0,200000,3980,950,6.57
ADPSO_T200,200,1,20,29,20795,500000,300.0,0.0,300.0,500000,9950,2450,18.29
ADPSO_T200,200,2,10,10,10876,200000,408.9161019277813,8.916101927781312,400.0,200048,3981,948,6.98
ADPSO_T200,200,2,10,2,10868,200000,404.04998343953537,4.049983439535367,400.0,200020,3982,870,14.59
ADPSO_T200,200,1,20,27,20793,500000,300.0,0.0,300.0,500000,9950,2450,22.03
ADPSO_T200,200,1,20,25,20791,500000,300.0,0.0,300.0,500000,9950,2450,23.89
ADPSO_T200,200,2,10,14,10880,200000,404.10097949295863,4.100979492958629,400.0,200040,3982,890,5.91
ADPSO_T200,200,2,10,9,10875,200000,404.0563512001902,4.056351200190193,400.0,200031,3982,881,10.14
ADPSO_T200,200,2,10,15,10881,200000,404.0609274318517,4.060927431851724,400.0,200037,3983,837,4.17
ADPSO_T200,200,2,10,11,10877,200000,404.04252472336753,4.042524723367535,400.0,200028,3982,878,9.77
ADPSO_T200,200,2,10,13,10879,200000,404.0556274160987,4.055627416098673,400.0,200027,3982,877,8.97
ADPSO_T200,200,2,10,8,10874,200000,404.07110990759486,4.07110990759486,400.0,200041,3982,891,11.02
ADPSO_T200,200,2,10,6,10872,200000,404.09915670615743,4.09915670615743,400.0,200044,3982,894,13.81
ADPSO_T200,200,2,10,7,10873,200000,404.3745748917788,4.3745748917788205,400.0,200032,3981,932,12.79
ADPSO_T200,200,2,10,19,10885,200000,408.9161019277813,8.916101927781312,400.0,200000,3980,950,4.14
ADPSO_T200,200,2,10,16,10882,200000,408.9161019277813,8.916101927781312,400.0,200000,3980,950,5.9
ADPSO_T200,200,2,10,12,10878,200000,404.0480297719831,4.048029771983124,400.0,200010,3982,860,12.53
ADPSO_T200,200,2,10,22,10888,200000,408.9161019277813,8.916101927781312,400.0,200000,3980,950,4.22
ADPSO_T200,200,2,10,20,10886,200000,408.9161019277813,8.916101927781312,400.0,200000,3980,950,6.31
ADPSO_T200,200,2,10,17,10883,200000,404.06738550408386,4.067385504083859,400.0,200019,3982,869,8.01
ADPSO_T200,200,2,10,23,10889,200000,404.03873886852966,4.038738868529663,400.0,200045,3983,845,6.34
ADPSO_T200,200,2,10,21,10887,200000,404.075237535386,4.075237535386009,400.0,200004,3982,854,8.69
ADPSO_T200,200,2,10,18,10884,200000,408.9161019277813,8.916101927781312,400.0,200000,3980,950,10.46
ADPSO_T200,200,2,10,28,10894,200000,404.0590283828111,4.059028382811107,400.0,200037,3982,887,6.33
ADPSO_T200,200,2,10,26,10892,200000,404.0651184543892,4.065118454389221,400.0,200038,3982,888,8.58
ADPSO_T200,200,2,10,24,10890,200000,404.05193217289957,4.051932172899569,400.0,200032,3982,882,11.4
ADPSO_T200,200,2,10,27,10893,200000,404.07417846679266,4.0741784667926595,400.0,200004,3982,854,11.09
ADPSO_T200,200,2,10,29,10895,200000,404.05248580309416,4.052485803094157,400.0,200029,3982,879,10.63
ADPSO_T200,200,2,10,25,10891,200000,408.9161019277813,8.916101927781312,400.0,200000,3980,950,13.22
ADPSO_T200,200,2,20,4,20870,500000,400.5745510678598,0.5745510678597725,400.0,500045,9959,2045,10.67
ADPSO_T200,200,2,20,1,20867,500000,403.6322926747941,3.632292674794087,400.0,500045,9954,2295,17.68
ADPSO_T200,200,2,20,9,20875,500000,400.1088644684256,0.10886446842562236,400.0,500024,9957,2124,11.6
ADPSO_T200,200,2,20,5,20871,500000,449.0844789794816,49.08447897948162,400.0,500049,9951,2449,16.56
ADPSO_T200,200,2,20,13,20879,500000,449.0844789794816,49.08447897948162,400.0,500000,9950,2450,10.46
ADPSO_T200,200,2,20,2,20868,500000,449.08447897948156,49.08447897948156,400.0,500047,9951,2447,22.38
ADPSO_T200,200,2,20,6,20872,500000,449.08447897948145,49.084478979481446,400.0,500049,9951,2449,21.79
ADPSO_T200,200,2,20,3,20869,500000,444.89546931745133,44.89546931745133,400.0,500000,9950,2450,24.93
ADPSO_T200,200,2,20,8,20874,500000,449.0844789794815,49.0844789794815,400.0,500046,9951,2446,23.17
ADPSO_T200,200,2,20,0,20866,500000,449.08447897948156,49.08447897948156,400.0,500000,9950,2450,30.31
ADPSO_T200,200,2,20,15,20881,500000,444.8954693174514,44.895469317451386,400.0,500049,9951,2449,10.57
ADPSO_T200,200,2,20,7,20873,500000,400.5619693072068,0.561969307206823,400.0,500046,9961,1946,31.05
ADPSO_T50,50,12,20,21,21887,500000,2938.1692713778807,238.1692713778807,2700.0,500010,9806,9660,264.37
ADPSO_T50,50,12,20,27,21893,500000,2946.504947502151,246.50494750215103,2700.0,500044,9806,9694,160.29
ADPSO_T200,200,2,20,11,20877,500000,449.08447897948156,49.08447897948156,400.0,500021,9951,2421,29.96
ADPSO_T200,200,2,20,10,20876,500000,449.08447897948156,49.08447897948156,400.0,500005,9952,2355,30.81
ADPSO_T200,200,2,20,14,20880,500000,449.08447897948156,49.08447897948156,400.0,500033,9951,2433,21.9
ADPSO_T200,200,2,20,23,20889,500000,449.0844789794815,49.0844789794815,400.0,500035,9951,2435,10.5
ADPSO_T200,200,2,20,12,20878,500000,449.0844789794817,49.08447897948167,400.0,500003,9951,2403,30.86
ADPSO_T200,200,2,20,16,20882,500000,449.08447897948133,49.08447897948133,400.0,500047,9951,2447,20.23
ADPSO_T200,200,2,20,17,20883,500000,400.00258342685703,0.0025834268570292807,400.0,500026,9953,2326,19.7
ADPSO_T200,200,3,10,0,10966,200000,600.0,0.0,600.0,200000,3980,950,7.85
ADPSO_T200,200,2,20,26,20892,500000,449.0844789794816,49.08447897948162,400.0,500000,9950,2450,10.51
ADPSO_T200,200,2,20,18,20884,500000,428.93560626917554,28.935606269175537,400.0,500029,9951,2429,25.71
ADPSO_T200,200,2,20,22,20888,500000,449.0844789794815,49.0844789794815,400.0,500050,9951,2450,19.95
ADPSO_T200,200,2,20,19,20885,500000,449.0844789794816,49.08447897948162,400.0,500030,9951,2430,25.53
ADPSO_T200,200,2,20,25,20891,500000,400.35788771454287,0.35788771454286916,400.0,500014,9961,1914,17.77
ADPSO_T200,200,3,10,1,10967,200000,600.0,0.0,600.0,200000,3980,950,14.75
ADPSO_T200,200,2,20,24,20890,500000,449.08447897948156,49.08447897948156,400.0,500000,9950,2450,20.29
ADPSO_T200,200,2,20,20,20886,500000,449.0844789794816,49.08447897948162,400.0,500050,9951,2450,32.07
ADPSO_T200,200,3,10,2,10968,200000,600.0,0.0,600.0,200000,3980,950,18.44
ADPSO_T200,200,2,20,21,20887,500000,400.0218613515654,0.021861351565405585,400.0,500041,9957,2141,31.37
ADPSO_T200,200,2,20,27,20893,500000,444.8954693174514,44.895469317451386,400.0,500040,9951,2440,24.23
ADPSO_T200,200,3,10,3,10969,200000,600.0,0.0,600.0,200000,3980,950,20.38
ADPSO_T200,200,3,10,11,10977,200000,600.0,0.0,600.0,200000,3980,950,8.14
ADPSO_T200,200,2,20,29,20895,500000,444.8954693174514,44.895469317451386,400.0,500043,9951,2443,24.88
ADPSO_T200,200,3,10,7,10973,200000,600.0,0.0,600.0,200000,3980,950,15.68
ADPSO_T200,200,3,10,9,10975,200000,600.0,0.0,600.0,200000,3980,950,11.4
ADPSO_T200,200,3,10,5,10971,200000,600.0,0.0,600.0,200000,3980,950,18.18
ADPSO_T200,200,2,20,28,20894,500000,449.08447897948156,49.08447897948156,400.0,500049,9951,2449,27.83
ADPSO_T200,200,3,10,8,10974,200000,600.0,0.0,600.0,200000,3980,950,16.15
ADPSO_T200,200,3,10,10,10976,200000,600.0,0.0,600.0,200000,3980,950,18.13
ADPSO_T200,200,3,10,20,10986,200000,600.0,0.0,600.0,200000,3980,950,8.12
ADPSO_T200,200,3,10,15,10981,200000,600.0,0.0,600.0,200000,3980,950,10.82
ADPSO_T200,200,3,10,23,10989,200000,600.0,0.0,600.0,200000,3980,950,8.18
ADPSO_T200,200,3,10,12,10978,200000,600.0,0.0,600.0,200000,3980,950,17.41
ADPSO_T200,200,3,10,4,10970,200000,600.0,0.0,600.0,200000,3980,950,28.12
ADPSO_T50,50,12,20,26,21892,500000,2977.945718248775,277.94571824877494,2700.0,500005,9805,9705,202.91
ADPSO_T200,200,3,10,6,10972,200000,600.0,0.0,600.0,200000,3980,950,27.67
ADPSO_T200,200,3,10,16,10982,200000,600.0,0.0,600.0,200000,3980,950,13.71
ADPSO_T200,200,3,10,17,10983,200000,600.0,0.0,600.0,200000,3980,950,14.02
ADPSO_T200,200,3,10,19,10985,200000,600.0,0.0,600.0,200000,3980,950,15.86
ADPSO_T200,200,3,10,24,10990,200000,600.0,0.0,600.0,200000,3980,950,8.27
ADPSO_T200,200,3,10,14,10980,200000,600.0,0.0,600.0,200000,3980,950,22.1
ADPSO_T200,200,3,10,26,10992,200000,600.0,0.0,600.0,200000,3980,950,8.16
ADPSO_T200,200,3,10,25,10991,200000,600.0,0.0,600.0,200000,3980,950,9.65
ADPSO_T200,200,3,10,13,10979,200000,600.0,0.0,600.0,200000,3980,950,25.17
ADPSO_T200,200,3,10,22,10988,200000,600.0,0.0,600.0,200000,3980,950,18.38
ADPSO_T200,200,3,10,18,10984,200000,600.0,0.0,600.0,200000,3980,950,23.49
ADPSO_T50,50,12,20,22,21888,500000,2942.666339250587,242.66633925058704,2700.0,500049,9806,9699,240.88
ADPSO_T200,200,3,10,21,10987,200000,600.0,0.0,600.0,200000,3980,950,22.89
ADPSO_T50,50,12,20,24,21890,500000,2971.1073497865423,271.1073497865423,2700.0,500041,9806,9691,222.01
ADPSO_T200,200,3,10,27,10993,200000,600.0,0.0,600.0,200000,3980,950,18.44
ADPSO_T200,200,3,10,29,10995,200000,600.0,0.0,600.0,200000,3980,950,21.29
ADPSO_T200,200,3,10,28,10994,200000,600.0,0.0,600.0,200000,3980,950,25.08
ADPSO_T200,200,3,20,3,20969,500000,600.0,0.0,600.0,500000,9950,2450,25.94
ADPSO_T200,200,3,20,5,20971,500000,600.0,0.0,600.0,500000,9950,2450,23.61
ADPSO_T200,200,3,20,8,20974,500000,600.0,0.0,600.0,500000,9950,2450,23.43
ADPSO_T200,200,3,20,7,20973,500000,600.0,0.0,600.0,500000,9950,2450,29.43
ADPSO_T200,200,3,20,0,20966,500000,600.0,0.0,600.0,500000,9950,2450,35.92
ADPSO_T50,50,12,20,29,21895,500000,2970.106548468597,270.1065484685969,2700.0,500037,9807,9637,225.43
ADPSO_T200,200,3,20,14,20980,500000,600.0,0.0,600.0,500000,9950,2450,20.99
ADPSO_T200,200,3,20,1,20967,500000,600.0,0.0,600.0,500000,9950,2450,39.68
ADPSO_T200,200,3,20,9,20975,500000,600.0,0.0,600.0,500000,9950,2450,33.9
ADPSO_T200,200,3,20,16,20982,500000,600.0,0.0,600.0,500000,9950,2450,25.49
ADPSO_T50,50,12,20,25,21891,500000,2947.1124171389506,247.1124171389506,2700.0,500042,9807,9642,250.6
ADPSO_T200,200,3,20,10,20976,500000,600.0,0.0,600.0,500000,9950,2450,40.97
ADPSO_T200,200,3,20,2,20968,500000,600.0,0.0,600.0,500000,9950,2450,50.64
ADPSO_T200,200,3,20,11,20977,500000,600.0,0.0,600.0,500000,9950,2450,41.29
ADPSO_T200,200,3,20,4,20970,500000,600.0,0.0,600.0,500000,9950,2450,48.33
ADPSO_T200,200,3,20,12,20978,500000,600.0,0.0,600.0,500000,9950,2450,41.2
ADPSO_T200,200,3,20,6,20972,500000,600.0,0.0,600.0,500000,9950,2450,49.99
ADPSO_T200,200,3,20,13,20979,500000,600.0,0.0,600.0,500000,9950,2450,46.48
ADPSO_T200,200,3,20,18,20984,500000,600.0,0.0,600.0,500000,9950,2450,36.77
ADPSO_T200,200,3,20,15,20981,500000,600.0,0.0,600.0,500000,9950,2450,50.17
ADPSO_T200,200,3,20,25,20991,500000,600.0,0.0,600.0,500000,9950,2450,28.4
ADPSO_T50,50,12,20,28,21894,500000,2961.959817735144,261.95981773514404,2700.0,500024,9807,9624,263.47
ADPSO_T50,50,12,20,23,21889,500000,2948.8629523964596,248.8629523964596,2700.0,500041,9806,9691,287.03
ADPSO_T200,200,3,20,23,20989,500000,600.0,0.0,600.0,500000,9950,2450,34.12
ADPSO_T200,200,3,20,17,20983,500000,600.0,0.0,600.0,500000,9950,2450,47.53
ADPSO_T200,200,4,10,3,11069,200000,824.0,24.0,800.0,200000,3980,950,19.23
ADPSO_T200,200,3,20,22,20988,500000,600.0,0.0,600.0,500000,9950,2450,37.47
ADPSO_T200,200,3,20,24,20990,500000,600.0,0.0,600.0,500000,9950,2450,37.92
ADPSO_T200,200,4,10,0,11066,200000,816.0,16.0,800.0,200000,3980,950,23.7
ADPSO_T200,200,3,20,26,20992,500000,600.0,0.0,600.0,500000,9950,2450,34.36
ADPSO_T200,200,4,10,5,11071,200000,828.0,28.0,800.0,200000,3980,950,19.2
ADPSO_T200,200,4,10,4,11070,200000,816.0092939015037,16.009293901503725,800.0,200000,3980,950,23.86
ADPSO_T200,200,3,20,19,20985,500000,600.0,0.0,600.0,500000,9950,2450,51.05
ADPSO_T200,200,4,10,2,11068,200000,823.4916091209391,23.491609120939074,800.0,200000,3980,950,28.61
ADPSO_T200,200,3,20,29,20995,500000,600.0,0.0,600.0,500000,9950,2450,32.61
ADPSO_T200,200,4,10,1,11067,200000,812.0,12.0,800.0,200048,3981,948,31.1
ADPSO_T200,200,4,10,6,11072,200000,829.8783616428228,29.878361642822824,800.0,200000,3980,950,20.53
ADPSO_T200,200,4,10,10,11076,200000,818.0,18.0,800.0,200000,3980,950,14.94
ADPSO_T200,200,3,20,20,20986,500000,600.0,0.0,600.0,500000,9950,2450,54.96
ADPSO_T200,200,3,20,27,20993,500000,600.0,0.0,600.0,500000,9950,2450,38.84
ADPSO_T200,200,4,10,16,11082,200000,832.0,32.0,800.0,200000,3980,950,12.71
ADPSO_T200,200,4,10,7,11073,200000,822.0,22.0,800.0,200000,3980,950,22.71
ADPSO_T200,200,4,10,17,11083,200000,820.0,20.0,800.0,200000,3980,950,19.63
ADPSO_T200,200,4,10,14,11080,200000,818.0,18.0,800.0,200000,3980,950,23.4
ADPSO_T200,200,4,10,25,11091,200000,814.0,14.0,800.0,200000,3980,950,12.53
ADPSO_T200,200,4,10,20,11086,200000,820.0,20.0,800.0,200000,3980,950,18.04
ADPSO_T200,200,4,10,19,11085,200000,812.0,12.0,800.0,200000,3980,950,20.09
ADPSO_T200,200,3,20,21,20987,500000,600.0,0.0,600.0,500000,9950,2450,64.05
ADPSO_T200,200,4,10,8,11074,200000,824.0,24.0,800.0,200000,3980,950,33.63
ADPSO_T200,200,4,10,27,11093,200000,824.0,24.0,800.0,200000,3980,950,17.17
ADPSO_T200,200,4,10,9,11075,200000,820.0,20.0,800.0,200000,3980,950,34.53
ADPSO_T200,200,4,10,11,11077,200000,822.0,22.0,800.0,200000,3980,950,34.34
ADPSO_T200,200,4,10,12,11078,200000,826.0,26.0,800.0,200000,3980,950,32.96
ADPSO_T200,200,4,10,13,11079,200000,830.0,30.0,800.0,200000,3980,950,33.03
ADPSO_T200,200,3,20,28,20994,500000,600.0,0.0,600.0,500000,9950,2450,61.53
ADPSO_T200,200,4,10,22,11088,200000,818.0,18.0,800.0,200000,3980,950,26.4
ADPSO_T200,200,4,10,15,11081,200000,816.0,16.0,800.0,200000,3980,950,35.65
ADPSO_T200,200,4,10,18,11084,200000,820.0,20.0,800.0,200000,3980,950,33.67
ADPSO_T200,200,4,10,24,11090,200000,810.0,10.0,800.0,200000,3980,950,28.96
ADPSO_T200,200,4,10,28,11094,200000,814.0,14.0,800.0,200000,3980,950,26.68
ADPSO_T200,200,4,10,23,11089,200000,820.0,20.0,800.0,200000,3980,950,30.78
ADPSO_T200,200,4,10,21,11087,200000,820.0,20.0,800.0,200000,3980,950,36.64
ADPSO_T200,200,4,10,26,11092,200000,826.0,26.0,800.0,200049,3981,949,34.2
ADPSO_T200,200,4,10,29,11095,200000,812.0,12.0,800.0,200000,3980,950,37.04
ADPSO_T200,200,4,20,3,21069,500000,868.0,68.0,800.0,500046,9951,2446,40.88
ADPSO_T200,200,4,20,14,21080,500000,870.0,70.0,800.0,500045,9951,2445,31.88
ADPSO_T200,200,4,20,7,21073,500000,864.0,64.0,800.0,500046,9951,2446,43.92
ADPSO_T200,200,4,20,1,21067,500000,866.0,66.0,800.0,500047,9951,2447,59.99
ADPSO_T200,200,4,20,0,21066,500000,872.0,72.0,800.0,500032,9951,2432,62.94
ADPSO_T200,200,4,20,16,21082,500000,882.0,82.0,800.0,500043,9951,2443,48.12
ADPSO_T200,200,4,20,2,21068,500000,868.0,68.0,800.0,500038,9951,2438,65.03
ADPSO_T200,200,4,20,18,21084,500000,864.0,64.0,800.0,500027,9951,2427,49.57
ADPSO_T200,200,4,20,4,21070,500000,874.0,74.0,800.0,500000,9950,2450,68.56
ADPSO_T200,200,5,10,0,11166,200000,900.0000000000001,1.1368683772161603e-13,900.0,200000,3980,950,6.41
ADPSO_T200,200,4,20,9,21075,500000,896.0,96.0,800.0,500000,9950,2450,73.41
ADPSO_T200,200,4,20,21,21087,500000,890.0,90.0,800.0,500042,9951,2442,51.31
ADPSO_T200,200,4,20,13,21079,500000,884.0,84.0,800.0,500042,9951,2442,70.44
ADPSO_T200,200,5,10,1,11167,200000,900.0000000000001,1.1368683772161603e-13,900.0,200000,3980,950,6.14
ADPSO_T200,200,4,20,5,21071,500000,880.0,80.0,800.0,500044,9951,2444,82.18
ADPSO_T200,200,4,20,17,21083,500000,892.0,92.0,800.0,500039,9951,2439,68.21
ADPSO_T200,200,4,20,6,21072,500000,864.0,64.0,800.0,500045,9951,2445,81.82
ADPSO_T200,200,5,10,2,11168,200000,900.0,0.0,900.0,200000,3980,950,6.14
ADPSO_T200,200,4,20,10,21076,500000,850.0,50.0,800.0,500000,9950,2450,79.84
ADPSO_T200,200,4,20,22,21088,500000,864.0,64.0,800.0,500040,9951,2440,47.32
ADPSO_T200,200,4,20,15,21081,500000,926.0,126.0,800.0,500044,9951,2444,73.53
ADPSO_T200,200,5,10,5,11171,200000,900.0000000000001,1.1368683772161603e-13,900.0,200000,3980,950,6.11
ADPSO_T200,200,4,20,8,21074,500000,908.0,108.0,800.0,500045,9951,2445,83.56
ADPSO_T200,200,5,10,6,11172,200000,900.0000000000001,1.1368683772161603e-13,900.0,200000,3980,950,6.03
ADPSO_T200,200,4,20,11,21077,500000,864.0000000000001,64.00000000000011,800.0,500035,9951,2435,82.22
ADPSO_T200,200,4,20,12,21078,500000,906.0,106.0,800.0,500046,9951,2446,80.25
ADPSO_T200,200,4,20,23,21089,500000,882.5,82.5,800.0,500039,9951,2439,50.35
ADPSO_T200,200,4,20,19,21085,500000,874.0,74.0,800.0,500041,9951,2441,74.29
ADPSO_T200,200,5,10,13,11179,200000,900.0,0.0,900.0,200000,3980,950,6.12
ADPSO_T200,200,5,10,4,11170,200000,900.0,0.0,900.0,200000,3980,950,14.6
ADPSO_T200,200,5,10,8,11174,200000,900.0000000000001,1.1368683772161603e-13,900.0,200000,3980,950,12.32
ADPSO_T200,200,5,10,3,11169,200000,900.0000000000001,1.1368683772161603e-13,900.0,200000,3980,950,17.59
ADPSO_T200,200,5,10,9,11175,200000,900.0,0.0,900.0,200000,3980,950,13.88
ADPSO_T200,200,5,10,20,11186,200000,900.0000000000001,1.1368683772161603e-13,900.0,200000,3980,950,6.11
ADPSO_T200,200,5,10,11,11177,200000,900.0000000000001,1.1368683772161603e-13,900.0,200000,3980,950,12.95
ADPSO_T200,200,5,10,17,11183,200000,900.0,0.0,900.0,200000,3980,950,10.46
ADPSO_T200,200,5,10,10,11176,200000,900.0,0.0,900.0,200000,3980,950,14.64
ADPSO_T200,200,5,10,12,11178,200000,900.0000000000001,1.1368683772161603e-13,900.0,200000,3980,950,13.95
ADPSO_T200,200,5,10,19,11185,200000,900.0000000000001,1.1368683772161603e-13,900.0,200000,3980,950,8.62
ADPSO_T200,200,4,20,26,21092,500000,874.0,74.0,800.0,500046,9951,2446,42.65
ADPSO_T200,200,5,10,7,11173,200000,900.0000000000001,1.1368683772161603e-13,900.0,200000,3980,950,19.36
ADPSO_T200,200,4,20,20,21086,500000,866.0,66.0,800.0,500046,9951,2446,83.04
ADPSO_T200,200,5,10,14,11180,200000,900.0,0.0,900.0,200000,3980,950,15.3
ADPSO_T200,200,5,10,18,11184,200000,900.0,0.0,900.0,200000,3980,950,11.34
ADPSO_T200,200,5,10,25,11191,200000,900.0,0.0,900.0,200000,3980,950,6.12
ADPSO_T200,200,5,10,15,11181,200000,900.0000000000001,1.1368683772161603e-13,900.0,200000,3980,950,17.73
ADPSO_T200,200,5,10,16,11182,200000,900.0000000000001,1.1368683772161603e-13,900.0,200000,3980,950,17.76
ADPSO_T200,200,4,20,24,21090,500000,885.7832163897458,85.7832163897458,800.0,500041,9951,2441,61.2
ADPSO_T200,200,5,10,22,11188,200000,900.0000000000001,1.1368683772161603e-13,900.0,200000,3980,950,12.84
ADPSO_T200,200,5,10,23,11189,200000,900.0895282504165,0.08952825041649248,900.0,200000,3980,950,12.9
ADPSO_T200,200,5,10,21,11187,200000,900.0,0.0,900.0,200000,3980,950,15.92
ADPSO_T200,200,5,10,28,11194,200000,900.0,0.0,900.0,200000,3980,950,11.96
ADPSO_T200,200,5,10,26,11192,200000,900.0895282504165,0.08952825041649248,900.0,200000,3980,950,12.67
ADPSO_T200,200,5,10,24,11190,200000,900.0000000000001,1.1368683772161603e-13,900.0,200000,3980,950,13.39
ADPSO_T200,200,5,10,29,11195,200000,900.0000000000001,1.1368683772161603e-13,900.0,200000,3980,950,13.58
ADPSO_T200,200,5,10,27,11193,200000,900.0000000000001,1.1368683772161603e-13,900.0,200000,3980,950,18.84
ADPSO_T200,200,4,20,27,21093,500000,928.0,128.0,800.0,500046,9951,2446,56.27
ADPSO_T200,200,5,20,3,21169,500000,900.2685847512496,0.26858475124959114,900.0,500000,9950,2450,16.26
ADPSO_T200,200,5,20,6,21172,500000,900.5438522690076,0.5438522690076297,900.0,500044,9951,2444,15.61
ADPSO_T200,200,5,20,12,21178,500000,900.0895282504167,0.08952825041671986,900.0,500000,9950,2450,15.46
ADPSO_T200,200,4,20,28,21094,500000,900.0,100.0,800.0,500039,9951,2439,66.79
ADPSO_T200,200,5,20,0,21166,500000,900.0000000000002,2.2737367544323206e-13,900.0,500000,9950,2450,28.31
ADPSO_T200,200,5,20,1,21167,500000,900.0000000000002,2.2737367544323206e-13,900.0,500000,9950,2450,29.34
ADPSO_T200,200,5,20,8,21174,500000,900.633380519424,0.6333805194240085,900.0,500020,9951,2420,26.09
ADPSO_T200,200,5,20,9,21175,500000,901.1772327884315,1.1772327884315246,900.0,500000,9950,2450,25.8
ADPSO_T200,200,4,20,29,21095,500000,852.0,52.0,800.0,500044,9951,2444,71.25
ADPSO_T200,200,5,20,2,21168,500000,900.5438522690075,0.543852269007516,900.0,500047,9951,2447,36.36
ADPSO_T200,200,5,20,18,21184,500000,901.087704538015,1.087704538015032,900.0,500044,9951,2444,22.25
ADPSO_T200,200,5,20,21,21187,500000,900.633380519424,0.6333805194240085,900.0,500046,9951,2446,15.43
ADPSO_T200,200,4,20,25,21091,500000,892.5,92.5,800.0,500043,9951,2443,84.05
ADPSO_T200,200,5,20,4,21170,500000,900.6333805194241,0.6333805194241222,900.0,500042,9951,2442,41.66
ADPSO_T200,200,5,20,15,21181,500000,901.0877045380149,1.0877045380149184,900.0,500000,9950,2450,32.49
ADPSO_T200,200,5,20,20,21186,500000,900.9981762875987,0.9981762875986533,900.0,500000,9950,2450,24.69
ADPSO_T200,200,5,20,7,21173,500000,900.633380519424,0.6333805194240085,900.0,500000,9950,2450,40.26
ADPSO_T200,200,5,20,10,21176,500000,900.0000000043474,4.347384674474597e-09,900.0,500048,9951,2448,37.96
ADPSO_T200,200,5,20,23,21189,500000,900.5438522690077,0.5438522690077434,900.0,500000,9950,2450,17.85
ADPSO_T200,200,5,20,13,21179,500000,900.2685847512496,0.26858475124959114,900.0,500000,9950,2450,36.56
ADPSO_T200,200,5,20,11,21177,500000,900.0895282504167,0.08952825041671986,900.0,500045,9951,2445,38.94
ADPSO_T200,200,5,20,5,21171,500000,900.1790565008332,0.17905650083321234,900.0,500000,9950,2450,46.81
ADPSO_T200,200,5,20,27,21193,500000,900.0895282504168,0.08952825041683354,900.0,500000,9950,2450,15.53
ADPSO_T200,200,5,20,19,21185,500000,900.4543240185913,0.45432401859125093,900.0,500000,9950,2450,32.51
ADPSO_T200,200,6,10,6,11272,200000,6626.705416172035,4826.705416172035,1800.0,200026,3983,826,8.5
ADPSO_T200,200,6,10,7,11273,200000,20086.07244721063,18286.07244721063,1800.0,200009,3982,859,8.5
ADPSO_T200,200,5,20,17,21183,500000,900.1790565008332,0.17905650083321234,900.0,500000,9950,2450,38.04
ADPSO_T200,200,5,20,28,21194,500000,900.2685847512496,0.26858475124959114,900.0,500000,9950,2450,19.55
ADPSO_T200,200,5,20,14,21180,500000,900.633380519424,0.6333805194240085,900.0,500048,9951,2448,47.19
ADPSO_T200,200,6,10,11,11277,200000,14236.91823321268,12436.91823321268,1800.0,200036,3983,836,8.56
ADPSO_T200,200,6,10,3,11269,200000,7072.994310748132,5272.994310748132,1800.0,200000,3982,850,16.91
ADPSO_T200,200,6,10,4,11270,200000,28136.907388708652,26336.907388708652,1800.0,200037,3984,787,16.32
ADPSO_T200,200,6,10,1,11267,200000,4654.290154010787,2854.290154010787,1800.0,200009,3983,809,21.41
ADPSO_T200,200,5,20,22,21188,500000,900.0895282504167,0.08952825041671986,900.0,500000,9950,2450,33.54
ADPSO_T200,200,6,10,5,11271,200000,11964.21560248565,10164.21560248565,1800.0,200007,3984,757,18.11
ADPSO_T200,200,6,10,13,11279,200000,38540.9461240402,36740.9461240402,1800.0,200033,3982,883,8.37
ADPSO_T200,200,5,20,16,21182,500000,901.1772327884312,1.1772327884311835,900.0,500000,9950,2450,50.5
ADPSO_T200,200,6,10,15,11281,200000,27185.258971160474,25385.258971160474,1800.0,200009,3983,809,8.37
ADPSO_T200,200,6,10,2,11268,200000,3578.210857690629,1778.210857690629,1800.0,200006,3984,756,20.53
ADPSO_T200,200,5,20,24,21190,500000,900.1790565008331,0.17905650083309865,900.0,500000,9950,2450,33.66
ADPSO_T200,200,6,10,0,11266,200000,6816.213807953457,5016.213807953457,1800.0,200003,3983,803,24.89
ADPSO_T200,200,6,10,8,11274,200000,4524.042002615684,2724.0420026156844,1800.0,200025,3983,825,18.77
ADPSO_T200,200,6,10,17,11283,200000,20000.035187788053,18200.035187788053,1800.0,200029,3983,829,8.4
ADPSO_T200,200,6,10,10,11276,200000,1985.380090461947,185.38009046194702,1800.0,200048,3983,848,16.86
ADPSO_T200,200,6,10,19,11285,200000,2216.1473439870097,416.14734398700966,1800.0,200032,3983,832,8.4
ADPSO_T200,200,5,20,26,21192,500000,900.0895282504167,0.08952825041671986,900.0,500048,9951,2448,36.52
ADPSO_T200,200,6,10,9,11275,200000,6496.256250813757,4696.256250813757,1800.0,200004,3983,804,22.31
ADPSO_T200,200,6,10,24,11290,200000,10987.519906761696,9187.519906761696,1800.0,200018,3983,818,8.42
ADPSO_T200,200,6,10,12,11278,200000,7089.081073208304,5289.081073208304,1800.0,200036,3983,836,22.34
ADPSO_T200,200,6,10,18,11284,200000,3137.0379138411618,1337.0379138411618,1800.0,200019,3983,819,17.67
ADPSO_T200,200,6,10,14,11280,200000,4478.189160489095,2678.1891604890952,1800.0,200000,3983,800,22.35
ADPSO_T200,200,6,10,22,11288,200000,2598.2496393331485,798.2496393331485,1800.0,200014,3983,814,15.82
ADPSO_T200,200,5,20,25,21191,500000,900.9981762875987,0.9981762875986533,900.0,500000,9950,2450,46.83
ADPSO_T200,200,6,10,20,11286,200000,6725.727566874281,4925.727566874281,1800.0,200029,3984,779,18.35
ADPSO_T200,200,5,20,29,21195,500000,900.2685847512496,0.26858475124959114,900.0,500000,9950,2450,39.75
ADPSO_T200,200,6,10,26,11292,200000,5139.7056679324,3339.7056679323996,1800.0,200001,3983,801,17.57
ADPSO_T200,200,6,10,28,11294,200000,15575.22059826372,13775.22059826372,1800.0,200039,3983,839,18.1
ADPSO_T200,200,6,10,21,11287,200000,4780.73703566126,2980.73703566126,1800.0,200042,3984,792,20.93
ADPSO_T200,200,6,10,27,11293,200000,15583.275518185774,13783.275518185774,1800.0,200013,3981,913,19.18
ADPSO_T200,200,6,10,16,11282,200000,10294.38680261319,8494.38680261319,1800.0,200034,3984,784,25.85
ADPSO_T200,200,6,10,29,11295,200000,9205.926182195346,7405.926182195346,1800.0,200039,3984,789,20.65
ADPSO_T200,200,6,10,23,11289,200000,5100.958745601138,3300.9587456011377,1800.0,200048,3984,798,25.66
ADPSO_T200,200,6,20,2,21268,500000,54019.64755356347,52219.64755356347,1800.0,500014,9957,2114,24.35
ADPSO_T200,200,6,10,25,11291,200000,20520.688033910432,18720.688033910432,1800.0,200023,3982,873,27.45
ADPSO_T200,200,6,20,1,21267,500000,66815.66650009973,65015.66650009973,1800.0,500042,9958,2092,24.95
ADPSO_T200,200,6,20,6,21272,500000,67326.73658475828,65526.736584758284,1800.0,500000,9957,2100,21.68
ADPSO_T200,200,6,20,5,21271,500000,73217.95976991036,71417.95976991036,1800.0,500013,9958,2063,26.46
ADPSO_T200,200,6,20,11,21277,500000,64101.96627701527,62301.96627701527,1800.0,500019,9955,2219,25.62
ADPSO_T200,200,6,20,7,21273,500000,68985.76664472026,67185.76664472026,1800.0,500006,9955,2206,36.98
ADPSO_T200,200,6,20,4,21270,500000,67622.57123650437,65822.57123650437,1800.0,500020,9958,2070,43.22
ADPSO_T200,200,6,20,23,21289,500000,83620.34624904094,81820.34624904094,1800.0,500015,9956,2165,21.2
ADPSO_T200,200,6,20,12,21278,500000,58043.74071682917,56243.74071682917,1800.0,500013,9955,2213,33.56
ADPSO_T200,200,6,20,8,21274,500000,65189.44705991917,63389.44705991917,1800.0,500006,9955,2206,38.05
ADPSO_T200,200,6,20,3,21269,500000,83371.87426228118,81571.87426228118,1800.0,500030,9957,2130,46.13
ADPSO_T200,200,6,20,10,21276,500000,34865.46178234023,33065.46178234023,1800.0,500026,9958,2076,38.93
ADPSO_T200,200,6,20,18,21284,500000,75619.02101545002,73819.02101545002,1800.0,500031,9957,2131,37.24
ADPSO_T200,200,6,20,13,21279,500000,59383.044527914826,57583.044527914826,1800.0,500034,9957,2134,41.22
ADPSO_T200,200,6,20,15,21281,500000,54154.29630613677,52354.29630613677,1800.0,500015,9958,2065,40.35
ADPSO_T200,200,6,20,9,21275,500000,78393.94195892042,76593.94195892042,1800.0,500011,9957,2111,45.16
ADPSO_T200,200,6,20,17,21283,500000,78099.27652421044,76299.27652421044,1800.0,500023,9956,2173,42.37
ADPSO_T200,200,6,20,0,21266,500000,76727.51957327245,74927.51957327245,1800.0,500031,9956,2181,60.68
ADPSO_T200,200,6,20,26,21292,500000,51604.166517016274,49804.166517016274,1800.0,500018,9955,2218,24.9
ADPSO_T200,200,6,20,19,21285,500000,57585.477205240895,55785.477205240895,1800.0,500036,9957,2136,43.64
ADPSO_T200,200,6,20,16,21282,500000,55541.2667447907,53741.2667447907,1800.0,500048,9958,2098,47.1
ADPSO_T200,200,6,20,24,21290,500000,44745.4973416306,42945.4973416306,1800.0,500046,9957,2146,38.91
ADPSO_T200,200,6,20,14,21280,500000,42498.94062390847,40698.94062390847,1800.0,500044,9956,2194,51.56
ADPSO_T200,200,6,20,22,21288,500000,58057.88092834701,56257.88092834701,1800.0,500042,9955,2242,48.33
ADPSO_T200,200,6,20,21,21287,500000,118772.48476488251,116972.48476488251,1800.0,500042,9954,2292,49.23
ADPSO_T200,200,6,20,20,21286,500000,70023.6558100755,68223.6558100755,1800.0,500043,9956,2193,55.16
ADPSO_T200,200,6,20,25,21291,500000,84684.15992438694,82884.15992438694,1800.0,500034,9957,2134,47.61
ADPSO_T200,200,6,20,29,21295,500000,76646.78628826608,74846.78628826608,1800.0,500039,9959,2039,32.68
ADPSO_T200,200,6,20,28,21294,500000,83585.80092582491,81785.80092582491,1800.0,500047,9957,2147,45.95
ADPSO_T200,200,6,20,27,21293,500000,50628.72531881169,48828.72531881169,1800.0,500016,9957,2116,52.58
ADPSO_T200,200,7,10,0,11366,200000,2022.0153703544302,22.01537035443016,2000.0,200046,3981,946,181.19
ADPSO_T200,200,7,10,12,11378,200000,2021.5176771509841,21.517677150984127,2000.0,200046,3981,946,175.11
ADPSO_T200,200,7,10,11,11377,200000,2021.9899460229742,21.98994602297421,2000.0,200049,3981,949,206.99
ADPSO_T200,200,7,10,9,11375,200000,2021.0202072561376,21.02020725613761,2000.0,200000,3980,950,212.02
ADPSO_T200,200,7,10,3,11369,200000,2020.3598711303252,20.359871130325246,2000.0,200000,3980,950,224.16
ADPSO_T200,200,7,10,19,11385,200000,2021.997520633329,21.99752063332903,2000.0,200000,3980,950,198.92
ADPSO_T200,200,7,10,2,11368,200000,2021.0085549226403,21.008554922640315,2000.0,200043,3981,943,229.9
ADPSO_T200,200,7,10,6,11372,200000,2002.491870287355,2.4918702873549137,2000.0,200045,3981,945,227.23
ADPSO_T200,200,7,10,8,11374,200000,2020.5006751907777,20.500675190777656,2000.0,200042,3981,942,231.61
ADPSO_T200,200,7,10,4,11370,200000,2020.9972848643865,20.99728486438653,2000.0,200050,3981,950,241.88
ADPSO_T200,200,7,10,16,11382,200000,2016.8841939681456,16.88419396814561,2000.0,200000,3980,950,228.83
ADPSO_T200,200,7,10,1,11367,200000,2020.4999570388768,20.4999570388768,2000.0,200048,3981,948,254.84
ADPSO_T200,200,7,10,15,11381,200000,2020.000400309844,20.000400309844053,2000.0,200000,3980,950,238.18
ADPSO_T200,200,7,10,10,11376,200000,2022.489917082947,22.48991708294693,2000.0,200000,3980,950,249.38
ADPSO_T200,200,7,10,7,11373,200000,2021.4949573283604,21.494957328360442,2000.0,200049,3981,949,258.46
ADPSO_T200,200,7,10,17,11383,200000,2020.5868494653105,20.58684946531048,2000.0,200000,3980,950,240.18
ADPSO_T200,200,7,10,5,11371,200000,2020.0313547919181,20.031354791918147,2000.0,200049,3981,949,277.39
ADPSO_T200,200,7,10,20,11386,200000,2022.3999596153499,22.39995961534987,2000.0,200044,3981,944,256.93
ADPSO_T200,200,7,10,14,11380,200000,2020.500686240506,20.500686240505956,2000.0,200045,3981,945,284.66
ADPSO_T200,200,7,10,18,11384,200000,2020.6432962052354,20.6432962052354,2000.0,200043,3981,943,273.28
ADPSO_T200,200,7,10,13,11379,200000,2021.4129195909684,21.412919590968386,2000.0,200049,3981,949,298.19
ADPSO_T200,200,7,10,21,11387,200000,2021.503511764953,21.50351176495292,2000.0,200047,3981,947,280.9
ADPSO_T200,200,7,10,26,11392,200000,2020.0346342717573,20.03463427175734,2000.0,200000,3980,950,179.02
ADPSO_T200,200,7,10,25,11391,200000,2001.0048519084148,1.004851908414821,2000.0,200045,3981,945,192.16
ADPSO_T200,200,7,10,22,11388,200000,2020.5000041316716,20.50000413167163,2000.0,200000,3980,950,268.95
ADPSO_T200,200,7,10,23,11389,200000,2022.0532911380349,22.053291138034865,2000.0,200046,3981,946,264.02
ADPSO_T200,200,7,10,24,11390,200000,2020.8785029676728,20.87850296767283,2000.0,200000,3980,950,262.9
ADPSO_T200,200,7,10,29,11395,200000,2020.9593522258974,20.95935222589742,2000.0,200050,3981,950,256.36
ADPSO_T200,200,7,10,28,11394,200000,2021.6887265016906,21.688726501690553,2000.0,200000,3980,950,263.04
ADPSO_T200,200,7,10,27,11393,200000,2020.9588494942545,20.958849494254537,2000.0,200047,3981,947,307.27
ADPSO_T200,200,7,20,2,21368,500000,2029.234796278972,29.234796278972,2000.0,500040,9952,2390,1013.0
ADPSO_T200,200,7,20,9,21375,500000,2029.5486828943613,29.548682894361264,2000.0,500000,9951,2400,969.18
ADPSO_T200,200,7,20,6,21372,500000,2032.7434373025092,32.743437302509165,2000.0,500043,9952,2393,1024.92
ADPSO_T200,200,7,20,4,21370,500000,2025.7277230173572,25.72772301735722,2000.0,500035,9952,2385,1031.55
ADPSO_T200,200,7,20,13,21379,500000,2028.5040359223235,28.50403592232351,2000.0,500032,9952,2382,967.11
ADPSO_T200,200,7,20,1,21367,500000,2026.5023817771832,26.502381777183246,2000.0,500043,9952,2393,1069.0
ADPSO_T200,200,7,20,11,21377,500000,2025.313787523796,25.31378752379601,2000.0,500046,9953,2346,1039.5
ADPSO_T200,200,7,20,3,21369,500000,2034.799380189196,34.79938018919597,2000.0,500026,9952,2376,1099.52
ADPSO_T200,200,7,20,7,21373,500000,2022.863247243221,22.86324724322094,2000.0,500043,9952,2393,1089.31
ADPSO_T200,200,7,20,0,21366,500000,2027.7274300796978,27.727430079697797,2000.0,500022,9952,2372,1138.4
ADPSO_T200,200,7,20,12,21378,500000,2026.692324885927,26.692324885927064,2000.0,500030,9952,2380,1080.13
ADPSO_T200,200,7,20,10,21376,500000,2027.4111338772411,27.411133877241127,2000.0,500015,9952,2365,1108.91
ADPSO_T200,200,7,20,14,21380,500000,2026.3238609134505,26.323860913450517,2000.0,500017,9952,2367,1050.28
ADPSO_T200,200,7,20,8,21374,500000,2024.573092157316,24.57309215731607,2000.0,500020,9952,2370,1191.48
ADPSO_T200,200,7,20,17,21383,500000,2024.517955423885,24.51795542388504,2000.0,500037,9952,2387,1040.65
ADPSO_T200,200,7,20,5,21371,500000,2031.7715892155622,31.771589215562244,2000.0,500008,9951,2408,1238.04
ADPSO_T200,200,7,20,16,21382,500000,2039.5492602306988,39.54926023069879,2000.0,500009,9952,2359,1078.31
ADPSO_T200,200,7,20,18,21384,500000,2022.0168548870986,22.01685488709859,2000.0,500020,9952,2370,1046.72
ADPSO_T200,200,7,20,15,21381,500000,2023.1875708557507,23.187570855750664,2000.0,500014,9952,2364,1140.47
ADPSO_T200,200,7,20,21,21387,500000,2027.4676859688204,27.467685968820433,2000.0,500032,9952,2382,1056.35
ADPSO_T200,200,7,20,19,21385,500000,2091.4935325807937,91.49353258079373,2000.0,500005,9951,2405,1173.96
ADPSO_T200,200,7,20,20,21386,500000,2024.4414653739211,24.44146537392112,2000.0,500031,9952,2381,1209.79
ADPSO_T200,200,8,10,3,11469,200000,2222.459553314956,22.459553314955883,2200.0,200000,3980,950,307.03
ADPSO_T200,200,8,10,2,11468,200000,2222.801456324688,22.801456324687933,2200.0,200049,3981,949,326.87
ADPSO_T200,200,8,10,1,11467,200000,2220.263934115724,20.26393411572417,2200.0,200047,3981,947,356.33
ADPSO_T200,200,8,10,0,11466,200000,2220.4334451299246,20.43344512992462,2200.0,200000,3980,950,380.0
ADPSO_T200,200,8,10,4,11470,200000,2220.7759245750153,20.775924575015324,2200.0,200000,3980,950,344.83
ADPSO_T200,200,8,10,7,11473,200000,2220.1941156923576,20.194115692357627,2200.0,200050,3981,950,322.84
ADPSO_T200,200,8,10,9,11475,200000,2222.035338280497,22.035338280496944,2200.0,200000,3980,950,295.45
ADPSO_T200,200,8,10,8,11474,200000,2220.4358055556327,20.43580555563267,2200.0,200046,3981,946,321.7
ADPSO_T200,200,8,10,5,11471,200000,2221.814025491863,21.81402549186305,2200.0,200049,3981,949,385.44
ADPSO_T200,200,8,10,6,11472,200000,2220.504145833329,20.50414583332895,2200.0,200000,3980,950,368.66
ADPSO_T200,200,8,10,10,11476,200000,2221.110479313879,21.11047931387884,2200.0,200042,3981,942,327.86
ADPSO_T200,200,8,10,11,11477,200000,2220.7872737934485,20.78727379344855,2200.0,200000,3980,950,345.77
ADPSO_T200,200,8,10,15,11481,200000,2221.6867956539604,21.686795653960417,2200.0,200000,3980,950,278.93
ADPSO_T200,200,8,10,12,11478,200000,2220.8611369980017,20.86113699800171,2200.0,200000,3980,950,343.83
ADPSO_T200,200,8,10,16,11482,200000,2221.450939614424,21.450939614423987,2200.0,200000,3980,950,328.63
ADPSO_T200,200,8,10,13,11479,200000,2221.456229802275,21.456229802275175,2200.0,200048,3981,948,380.99
ADPSO_T200,200,8,10,20,11486,200000,2221.6037249627498,21.603724962749766,2200.0,200000,3980,950,279.12
ADPSO_T200,200,8,10,14,11480,200000,2221.0812540447946,21.081254044794605,2200.0,200000,3980,950,388.47
ADPSO_T200,200,8,10,17,11483,200000,2201.682289479113,1.6822894791130238,2200.0,200049,3981,949,393.49
ADPSO_T200,200,8,10,19,11485,200000,2220.9733542178415,20.97335421784146,2200.0,200043,3981,943,354.09
ADPSO_T200,200,8,10,18,11484,200000,2221.9801947256246,21.980194725624642,2200.0,200000,3980,950,382.4
ADPSO_T200,200,8,10,21,11487,200000,2221.0560802835894,21.05608028358938,2200.0,200000,3980,950,359.55
ADPSO_T200,200,8,10,23,11489,200000,2220.2950455771415,20.295045577141536,2200.0,200000,3980,950,350.82
ADPSO_T200,200,8,10,22,11488,200000,2202.4648693227837,2.46486932278367,2200.0,200048,3981,948,379.04
ADPSO_T200,200,7,20,23,21389,500000,2023.7638938208308,23.763893820830845,2000.0,500050,9952,2400,975.05
ADPSO_T200,200,8,10,24,11490,200000,2221.639127541897,21.63912754189687,2200.0,200000,3980,950,386.63
ADPSO_T200,200,7,20,25,21391,500000,2040.1558496019766,40.15584960197657,2000.0,500010,9951,2410,994.98
ADPSO_T200,200,7,20,26,21392,500000,2025.1998811522599,25.199881152259877,2000.0,500042,9953,2342,1008.07
ADPSO_T200,200,8,10,25,11491,200000,2206.0257181941865,6.025718194186538,2200.0,200045,3981,945,372.69
ADPSO_T200,200,8,10,27,11493,200000,2216.6124386888655,16.612438688865495,2200.0,200043,3981,943,318.8
ADPSO_T200,200,8,10,29,11495,200000,2200.1711636879845,0.1711636879845173,2200.0,200042,3981,942,249.29
ADPSO_T200,200,7,20,22,21388,500000,2036.2484055582481,36.24840555824812,2000.0,500037,9952,2387,1068.12
ADPSO_T200,200,8,10,26,11492,200000,2220.2904143460833,20.290414346083253,2200.0,200000,3980,950,379.13
ADPSO_T200,200,7,20,24,21390,500000,2023.5075657129814,23.50756571298143,2000.0,500039,9952,2389,1094.01
ADPSO_T200,200,7,20,29,21395,500000,2027.9809638013003,27.980963801300277,2000.0,500035,9952,2385,1054.88
ADPSO_T200,200,7,20,28,21394,500000,2023.6828808634093,23.68288086340931,2000.0,500041,9952,2391,1120.17
ADPSO_T200,200,7,20,27,21393,500000,2023.9325889684642,23.932588968464188,2000.0,500044,9953,2344,1157.58
ADPSO_T200,200,8,10,28,11494,200000,2221.3963178745967,21.39631787459666,2200.0,200000,3980,950,449.01
ADPSO_T200,200,8,20,0,21466,500000,2244.9260875251675,44.92608752516753,2200.0,500005,9952,2355,1415.25
ADPSO_T200,200,8,20,1,21467,500000,2225.2093063165503,25.209306316550283,2200.0,500010,9952,2360,1456.82
ADPSO_T200,200,8,20,5,21471,500000,2222.3948351673703,22.394835167370275,2200.0,500018,9952,2368,1462.93
ADPSO_T200,200,8,20,10,21476,500000,2224.3333196290555,24.333319629055495,2200.0,500019,9952,2369,1403.77
ADPSO_T200,200,8,20,12,21478,500000,2234.0149794698596,34.014979469859554,2200.0,500042,9953,2342,1382.01
ADPSO_T200,200,8,20,4,21470,500000,2228.2641029106735,28.2641029106735,2200.0,500049,9953,2349,1545.06
ADPSO_T200,200,8,20,2,21468,500000,2227.167548679683,27.167548679683023,2200.0,500049,9953,2349,1632.72
ADPSO_T200,200,8,20,3,21469,500000,2257.9024275854836,57.902427585483565,2200.0,500022,9952,2372,1617.98
ADPSO_T200,200,8,20,7,21473,500000,2226.40981153545,26.40981153544999,2200.0,500019,9952,2369,1578.38
ADPSO_T200,200,8,20,8,21474,500000,2233.4664029044525,33.46640290445248,2200.0,500029,9952,2379,1573.4
ADPSO_T200,200,8,20,6,21472,500000,2250.792870539321,50.79287053932103,2200.0,500035,9953,2335,1617.94
ADPSO_T200,200,8,20,9,21475,500000,2226.8037636081644,26.803763608164445,2200.0,500015,9952,2365,1573.95
ADPSO_T200,200,9,10,1,11567,200000,2659.0943447803597,359.09434478035973,2300.0,200044,3981,944,37.9
ADPSO_T200,200,9,10,0,11566,200000,2659.09434478036,359.0943447803602,2300.0,200045,3981,945,44.88
ADPSO_T200,200,9,10,2,11568,200000,2659.09434478036,359.0943447803602,2300.0,200037,3981,937,68.17
ADPSO_T200,200,9,10,5,11571,200000,2659.09434478036,359.0943447803602,2300.0,200018,3981,918,38.68
ADPSO_T200,200,8,20,17,21483,500000,2234.935808424584,34.93580842458414,2200.0,500031,9953,2331,1516.54
ADPSO_T200,200,9,10,3,11569,200000,2659.09434478036,359.0943447803602,2300.0,200001,3981,901,67.79
ADPSO_T200,200,9,10,4,11570,200000,2659.09434478036,359.0943447803602,2300.0,200030,3981,930,69.42
ADPSO_T200,200,9,10,6,11572,200000,2659.09434478036,359.0943447803602,2300.0,200043,3981,943,34.96
ADPSO_T200,200,8,20,20,21486,500000,2230.364553557653,30.364553557652926,2200.0,500012,9953,2312,1463.21
ADPSO_T200,200,8,20,14,21480,500000,2267.6773356128238,67.67733561282375,2200.0,500007,9953,2307,1606.74
ADPSO_T200,200,9,10,8,11574,200000,2659.09434478036,359.0943447803602,2300.0,200005,3981,905,57.09
ADPSO_T200,200,8,20,15,21481,500000,2225.374288137134,25.374288137134045,2200.0,500029,9952,2379,1628.72
ADPSO_T200,200,8,20,19,21485,500000,2230.34445777713,30.344457777130174,2200.0,500044,9953,2344,1503.36
ADPSO_T200,200,9,10,7,11573,200000,2300.000000000041,4.092726157978177e-11,2300.0,200000,3980,950,65.96
ADPSO_T200,200,8,20,13,21479,500000,2226.219462310045,26.219462310044946,2200.0,500043,9953,2343,1639.55
ADPSO_T200,200,9,10,13,11579,200000,2659.0943447803597,359.09434478035973,2300.0,200028,3981,928,31.43
ADPSO_T200,200,8,20,11,21477,500000,2229.269004560357,29.26900456035719,2200.0,500021,9952,2371,1673.38
ADPSO_T200,200,9,10,9,11575,200000,2659.0943447803597,359.09434478035973,2300.0,200008,3981,908,65.53
ADPSO_T200,200,9,10,12,11578,200000,2659.09434478036,359.0943447803602,2300.0,200041,3981,941,48.76
ADPSO_T200,200,9,10,11,11577,200000,2659.09434478036,359.0943447803602,2300.0,200028,3981,928,55.75
ADPSO_T200,200,9,10,10,11576,200000,2300.0000000000236,2.3646862246096134e-11,2300.0,200000,3980,950,66.88
ADPSO_T200,200,9,10,19,11585,200000,2659.09434478036,359.0943447803602,2300.0,200000,3980,950,25.93
ADPSO_T200,200,9,10,16,11582,200000,2659.09434478036,359.0943447803602,2300.0,200009,3981,909,32.24
ADPSO_T200,200,8,20,16,21482,500000,2236.010415476724,36.01041547672412,2200.0,500003,9952,2353,1619.45
ADPSO_T200,200,9,10,14,11580,200000,2659.09434478036,359.0943447803602,2300.0,200004,3981,904,43.65
ADPSO_T200,200,9,10,20,11586,200000,2659.09434478036,359.0943447803602,2300.0,200024,3981,924,28.93
ADPSO_T200,200,9,10,18,11584,200000,2659.0943447803597,359.09434478035973,2300.0,200026,3981,926,42.88
ADPSO_T200,200,9,10,15,11581,200000,2659.09434478036,359.0943447803602,2300.0,200022,3981,922,46.54
ADPSO_T200,200,8,20,21,21487,500000,2245.724629348918,45.724629348917915,2200.0,500022,9953,2322,1502.49
ADPSO_T200,200,9,10,27,11593,200000,2659.09434478036,359.0943447803602,2300.0,200044,3981,944,30.12
ADPSO_T200,200,9,10,23,11589,200000,2659.09434478036,359.0943447803602,2300.0,200000,3980,950,40.18
ADPSO_T200,200,9,10,17,11583,200000,2659.09434478036,359.0943447803602,2300.0,200027,3981,927,69.2
ADPSO_T200,200,9,10,21,11587,200000,2659.0943447803606,359.09434478036064,2300.0,200021,3981,921,59.62
ADPSO_T200,200,9,10,22,11588,200000,2659.09434478036,359.0943447803602,2300.0,200020,3981,920,54.61
ADPSO_T200,200,8,20,18,21484,500000,2224.1624880914965,24.16248809149647,2200.0,500007,9952,2357,1632.19
ADPSO_T200,200,9,10,25,11591,200000,2659.09434478036,359.0943447803602,2300.0,200047,3981,947,45.0
ADPSO_T200,200,9,10,26,11592,200000,2659.09434478036,359.0943447803602,2300.0,200009,3981,909,46.33
ADPSO_T200,200,9,10,24,11590,200000,2659.0943447803597,359.09434478035973,2300.0,200016,3981,916,67.43
ADPSO_T200,200,9,10,28,11594,200000,2659.09434478036,359.0943447803602,2300.0,200025,3981,925,57.37
ADPSO_T200,200,9,10,29,11595,200000,2659.09434478036,359.0943447803602,2300.0,200038,3981,938,59.8
ADPSO_T200,200,9,20,1,21567,500000,2635.6387702715774,335.6387702715774,2300.0,500000,9951,2400,107.35
ADPSO_T200,200,9,20,4,21570,500000,2635.6387702715774,335.6387702715774,2300.0,500004,9951,2404,97.79
ADPSO_T200,200,9,20,3,21569,500000,2635.6387702715774,335.6387702715774,2300.0,500002,9951,2402,104.43
ADPSO_T200,200,9,20,10,21576,500000,2635.638770271578,335.63877027157787,2300.0,500014,9951,2414,100.85
ADPSO_T200,200,9,20,6,21572,500000,2635.638770271578,335.63877027157787,2300.0,500046,9951,2446,116.2
ADPSO_T200,200,9,20,5,21571,500000,2635.6387702715765,335.6387702715765,2300.0,500032,9951,2432,117.97
ADPSO_T200,200,9,20,0,21566,500000,2635.638770271577,335.63877027157696,2300.0,500025,9951,2425,144.68
ADPSO_T200,200,9,20,11,21577,500000,2635.638770271578,335.63877027157787,2300.0,500002,9951,2402,103.18
ADPSO_T200,200,9,20,2,21568,500000,2635.6387702715774,335.6387702715774,2300.0,500000,9951,2400,148.99
ADPSO_T200,200,9,20,7,21573,500000,2635.6387702715774,335.6387702715774,2300.0,500028,9951,2428,134.12
ADPSO_T200,200,9,20,8,21574,500000,2635.6387702715856,335.6387702715856,2300.0,500000,9951,2400,134.13
ADPSO_T200,200,9,20,9,21575,500000,2635.63877027165,335.6387702716502,2300.0,500026,9951,2426,148.45
ADPSO_T200,200,9,20,13,21579,500000,2635.638770271577,335.63877027157696,2300.0,500013,9951,2413,148.92
ADPSO_T200,200,9,20,12,21578,500000,2635.6387702715774,335.6387702715774,2300.0,500028,9951,2428,176.33
ADPSO_T200,200,9,20,14,21580,500000,2635.638770271579,335.6387702715788,2300.0,500047,9951,2447,126.02
ADPSO_T200,200,9,20,15,21581,500000,2635.6387702715792,335.63877027157923,2300.0,500001,9951,2401,139.54
ADPSO_T200,200,9,20,22,21588,500000,2635.6388243558704,335.6388243558704,2300.0,500006,9951,2406,103.47
ADPSO_T200,200,9,20,20,21586,500000,2635.638770271581,335.63877027158105,2300.0,500000,9951,2400,117.94
ADPSO_T200,200,9,20,25,21591,500000,2635.6681792174113,335.6681792174113,2300.0,500006,9951,2406,107.88
ADPSO_T200,200,9,20,19,21585,500000,2635.6387702715783,335.6387702715783,2300.0,500002,9951,2402,145.62
ADPSO_T200,200,9,20,21,21587,500000,2635.6387702715783,335.6387702715783,2300.0,500001,9951,2401,144.06
ADPSO_T200,200,9,20,18,21584,500000,2635.6387702715774,335.6387702715774,2300.0,500018,9951,2418,153.63
ADPSO_T200,200,9,20,23,21589,500000,2635.638770271578,335.63877027157787,2300.0,500045,9951,2445,136.44
ADPSO_T200,200,9,20,16,21582,500000,2635.6387702715783,335.6387702715783,2300.0,500009,9951,2409,176.25
ADPSO_T200,200,9,20,17,21583,500000,2635.638770271589,335.6387702715888,2300.0,500013,9951,2413,177.64
ADPSO_T200,200,9,20,24,21590,500000,2635.638770271577,335.63877027157696,2300.0,500041,9951,2441,155.52
ADPSO_T200,200,10,10,0,11666,200000,2622.063074387312,222.0630743873121,2400.0,200000,3980,950,62.38
ADPSO_T200,200,10,10,1,11667,200000,2621.1220572825237,221.12205728252366,2400.0,200000,3980,950,61.47
ADPSO_T200,200,9,20,28,21594,500000,2635.638770271578,335.63877027157787,2300.0,500023,9951,2423,96.32
ADPSO_T200,200,10,10,4,11670,200000,2622.1744000774943,222.17440007749428,2400.0,200000,3980,950,33.93
ADPSO_T200,200,10,10,3,11669,200000,2620.8726497489797,220.8726497489797,2400.0,200000,3980,950,44.44
ADPSO_T200,200,10,10,2,11668,200000,2620.8726497489797,220.8726497489797,2400.0,200000,3980,950,53.03
ADPSO_T200,200,10,10,5,11671,200000,2729.7921257917087,329.7921257917087,2400.0,200000,3980,950,44.21
ADPSO_T200,200,10,10,9,11675,200000,2620.8726497489793,220.87264974897926,2400.0,200000,3980,950,24.81
ADPSO_T200,200,10,10,6,11672,200000,2622.1099702502506,222.10997025025063,2400.0,200000,3980,950,50.61
ADPSO_T200,200,10,10,10,11676,200000,2622.1033638434146,222.10336384341463,2400.0,200000,3980,950,34.47
ADPSO_T200,200,10,10,12,11678,200000,2622.0625839248564,222.06258392485643,2400.0,200000,3980,950,29.19
ADPSO_T200,200,10,10,7,11673,200000,2621.1220572825237,221.12205728252366,2400.0,200000,3980,950,59.26
ADPSO_T200,200,10,10,14,11680,200000,2717.866218374501,317.86621837450093,2400.0,200000,3980,950,36.96
ADPSO_T200,200,9,20,26,21592,500000,2635.6387702715774,335.6387702715774,2300.0,500048,9951,2448,175.62
ADPSO_T200,200,10,10,8,11674,200000,2619.4027940274805,219.40279402748047,2400.0,200000,3980,950,68.68
ADPSO_T200,200,10,10,18,11684,200000,2622.103371163614,222.10337116361416,2400.0,200000,3980,950,30.39
ADPSO_T200,200,10,10,16,11682,200000,2623.340321576748,223.340321576748,2400.0,200000,3980,950,44.3
ADPSO_T200,200,10,10,11,11677,200000,2622.197776068206,222.19777606820617,2400.0,200000,3980,950,63.39
ADPSO_T200,200,10,10,19,11685,200000,2621.4575836843264,221.45758368432644,2400.0,200000,3980,950,32.17
ADPSO_T200,200,10,10,13,11679,200000,2620.8726497489793,220.87264974897926,2400.0,200000,3980,950,57.56
ADPSO_T200,200,9,20,27,21593,500000,2635.6387702716397,335.6387702716397,2300.0,500027,9951,2427,169.91
ADPSO_T200,200,10,10,17,11683,200000,2621.1220572825237,221.12205728252366,2400.0,200000,3980,950,52.79
ADPSO_T200,200,10,10,15,11681,200000,2621.1220572825237,221.12205728252366,2400.0,200000,3980,950,65.75
ADPSO_T200,200,10,10,25,11691,200000,2620.8726497489797,220.8726497489797,2400.0,200000,3980,950,30.08
ADPSO_T200,200,9,20,29,21595,500000,2635.667056383223,335.6670563832231,2300.0,500006,9951,2406,154.61
ADPSO_T200,200,10,10,29,11695,200000,2620.8726497489797,220.8726497489797,2400.0,200000,3980,950,26.17
ADPSO_T200,200,10,10,22,11688,200000,2620.8726497489797,220.8726497489797,2400.0,200000,3980,950,46.67
ADPSO_T200,200,10,10,20,11686,200000,2620.8726497489797,220.8726497489797,2400.0,200000,3980,950,61.64
ADPSO_T200,200,10,10,26,11692,200000,2728.112867112498,328.11286711249795,2400.0,200000,3980,950,36.44
ADPSO_T200,200,10,10,21,11687,200000,2622.4738766144164,222.47387661441644,2400.0,200000,3980,950,63.81
ADPSO_T200,200,10,10,27,11693,200000,2622.103392970956,222.10339297095607,2400.0,200000,3980,950,39.54
ADPSO_T200,200,10,10,28,11694,200000,2622.103638494062,222.10363849406212,2400.0,200000,3980,950,42.13
ADPSO_T200,200,10,10,24,11690,200000,2620.8726497489793,220.87264974897926,2400.0,200000,3980,950,66.24
ADPSO_T200,200,10,10,23,11689,200000,2621.235598973514,221.2355989735138,2400.0,200000,3980,950,73.19
ADPSO_T200,200,10,20,1,21667,500000,4861.75362463533,2461.75362463533,2400.0,500008,9951,2408,116.53
ADPSO_T200,200,10,20,0,21666,500000,2902.4070928808833,502.4070928808833,2400.0,500023,9951,2423,127.18
ADPSO_T200,200,10,20,7,21673,500000,2928.213301091969,528.2133010919688,2400.0,500046,9951,2446,114.23
ADPSO_T200,200,10,20,3,21669,500000,2942.3702984721185,542.3702984721185,2400.0,500046,9951,2446,124.76
ADPSO_T200,200,10,20,6,21672,500000,2951.584307580667,551.584307580667,2400.0,500036,9951,2436,121.24
ADPSO_T200,200,10,20,9,21675,500000,2804.3526684074163,404.35266840741633,2400.0,500045,9951,2445,117.4
ADPSO_T200,200,10,20,4,21670,500000,4101.782946289143,1701.7829462891432,2400.0,500041,9952,2391,137.5
ADPSO_T200,200,10,20,2,21668,500000,2800.940759017825,400.9407590178248,2400.0,500020,9951,2420,146.07
ADPSO_T200,200,10,20,8,21674,500000,2800.6995065964243,400.69950659642427,2400.0,500049,9951,2449,137.29
ADPSO_T200,200,10,20,10,21676,500000,2800.0140017651743,400.01400176517427,2400.0,500029,9951,2429,136.24
ADPSO_T200,200,10,20,11,21677,500000,2947.6427716196854,547.6427716196854,2400.0,500029,9951,2429,135.54
ADPSO_T200,200,10,20,5,21671,500000,2801.402767394926,401.40276739492583,2400.0,500045,9951,2445,157.46
ADPSO_T200,200,10,20,12,21678,500000,2799.605872300649,399.605872300649,2400.0,500000,9950,2450,126.87
ADPSO_T200,200,10,20,13,21679,500000,2803.911629753591,403.9116297535911,2400.0,500029,9952,2379,148.73
ADPSO_T200,200,10,20,14,21680,500000,2912.9114494327914,512.9114494327914,2400.0,500012,9951,2412,114.12
ADPSO_T200,200,10,20,15,21681,500000,2905.0780209396607,505.07802093966075,2400.0,500032,9952,2382,109.26
ADPSO_T200,200,10,20,22,21688,500000,2801.699750039209,401.699750039209,2400.0,500045,9951,2445,89.12
ADPSO_T200,200,10,20,16,21682,500000,2940.2380228949764,540.2380228949764,2400.0,500045,9951,2445,117.28
ADPSO_T200,200,10,20,17,21683,500000,2803.297923373259,403.297923373259,2400.0,500046,9951,2446,120.84
ADPSO_T200,200,10,20,18,21684,500000,3040.8755864734444,640.8755864734444,2400.0,500036,9951,2436,124.33
ADPSO_T200,200,10,20,21,21687,500000,2805.6430564428383,405.6430564428383,2400.0,500041,9951,2441,113.64
ADPSO_T200,200,10,20,23,21689,500000,2805.328881633681,405.3288816336808,2400.0,500045,9951,2445,118.31
ADPSO_T200,200,10,20,19,21685,500000,2930.7150484927815,530.7150484927815,2400.0,500041,9951,2441,144.53
ADPSO_T200,200,10,20,26,21692,500000,2800.633351977441,400.6333519774412,2400.0,500044,9951,2444,118.26
ADPSO_T200,200,10,20,25,21691,500000,3001.403656226177,601.4036562261772,2400.0,500031,9951,2431,121.04
ADPSO_T200,200,10,20,24,21690,500000,2803.727353268283,403.72735326828297,2400.0,500041,9951,2441,138.0
ADPSO_T200,200,11,10,0,11766,200000,2600.0000000000077,7.73070496506989e-12,2600.0,200000,3980,950,66.31
ADPSO_T200,200,10,20,20,21686,500000,2826.1458201196197,426.14582011961966,2400.0,500034,9951,2434,167.6
ADPSO_T200,200,10,20,27,21693,500000,3983.364948674538,1583.364948674538,2400.0,500043,9952,2393,119.11
ADPSO_T200,200,11,10,1,11767,200000,2600.000000000015,1.5006662579253316e-11,2600.0,200000,3980,950,71.58
ADPSO_T200,200,11,10,4,11770,200000,2622.425596245957,22.425596245956967,2600.0,200000,3980,950,75.02
ADPSO_T200,200,11,10,3,11769,200000,2600.0000000000173,1.7280399333685637e-11,2600.0,200000,3980,950,78.86
ADPSO_T200,200,11,10,5,11771,200000,2600.000000000018,1.8189894035458565e-11,2600.0,200049,3981,949,68.11
ADPSO_T200,200,11,10,2,11768,200000,2600.000000000017,1.6825651982799172e-11,2600.0,200000,3980,950,116.23
ADPSO_T200,200,11,10,10,11776,200000,2600.0000000000164,1.6370904631912708e-11,2600.0,200000,3980,950,61.12
ADPSO_T200,200,10,20,29,21695,500000,2802.1683071296184,402.16830712961837,2400.0,500047,9951,2447,145.69
ADPSO_T200,200,11,10,6,11772,200000,2600.0000000000186,1.864464138634503e-11,2600.0,200000,3980,950,93.63
ADPSO_T200,200,10,20,28,21694,500000,2806.9859674540357,406.98596745403574,2400.0,500049,9951,2449,152.15
ADPSO_T200,200,11,10,8,11774,200000,2600.0000000000105,1.0459189070388675e-11,2600.0,200000,3980,950,88.1
ADPSO_T200,200,11,10,9,11775,200000,2600.000000000014,1.4097167877480388e-11,2600.0,200000,3980,950,85.4
ADPSO_T200,200,11,10,11,11777,200000,2600.0000000000136,1.3642420526593924e-11,2600.0,200000,3980,950,75.01
ADPSO_T200,200,11,10,12,11778,200000,2600.000000000013,1.318767317570746e-11,2600.0,200000,3980,950,75.48
ADPSO_T200,200,11,10,7,11773,200000,2600.0000000000136,1.3642420526593924e-11,2600.0,200000,3980,950,104.07
ADPSO_T200,200,11,10,16,11782,200000,2623.430847476241,23.43084747624107,2600.0,200000,3980,950,56.71
ADPSO_T200,200,11,10,13,11779,200000,2600.000000000013,1.318767317570746e-11,2600.0,200000,3980,950,89.76
ADPSO_T200,200,11,10,15,11781,200000,2600.00000000002,2.000888343900442e-11,2600.0,200000,3980,950,87.9
ADPSO_T200,200,11,10,14,11780,200000,2600.000000000015,1.5006662579253316e-11,2600.0,200000,3980,950,95.97
ADPSO_T200,200,11,10,19,11785,200000,2623.116203023754,23.116203023754224,2600.0,200000,3980,950,63.08
ADPSO_T200,200,11,10,18,11784,200000,2600.000000000013,1.318767317570746e-11,2600.0,200000,3980,950,68.06
ADPSO_T200,200,11,10,20,11786,200000,2600.000000000017,1.6825651982799172e-11,2600.0,200000,3980,950,82.96
ADPSO_T200,200,11,10,25,11791,200000,2600.000000000014,1.4097167877480388e-11,2600.0,200000,3980,950,67.76
ADPSO_T200,200,11,10,21,11787,200000,2600.000000000012,1.1823431123048067e-11,2600.0,200000,3980,950,90.12
ADPSO_T200,200,11,10,17,11783,200000,2600.000000000012,1.1823431123048067e-11,2600.0,200000,3980,950,105.3
ADPSO_T200,200,11,10,28,11794,200000,2600.0000000000136,1.3642420526593924e-11,2600.0,200000,3980,950,70.73
ADPSO_T200,200,11,10,22,11788,200000,2600.0000000000186,1.864464138634503e-11,2600.0,200000,3980,950,107.92
ADPSO_T200,200,11,10,23,11789,200000,2600.0000000000146,1.4551915228366852e-11,2600.0,200000,3980,950,103.45
ADPSO_T200,200,11,10,24,11790,200000,2622.425596245957,22.425596245956967,2600.0,200000,3980,950,100.39
ADPSO_T200,200,11,10,27,11793,200000,2600.000000000022,2.1827872842550278e-11,2600.0,200000,3980,950,89.89
ADPSO_T200,200,11,10,26,11792,200000,2600.0000000000173,1.7280399333685637e-11,2600.0,200000,3980,950,103.51
ADPSO_T200,200,11,10,29,11795,200000,2600.000000000018,1.8189894035458565e-11,2600.0,200000,3980,950,93.16
ADPSO_T200,200,11,20,1,21767,500000,2600.0000000000337,3.3651303965598345e-11,2600.0,500041,9951,2441,138.91
ADPSO_T200,200,11,20,3,21769,500000,2617.054999215926,17.054999215925818,2600.0,500000,9951,2400,170.05
ADPSO_T200,200,11,20,6,21772,500000,2600.000000000043,4.320099833421409e-11,2600.0,500000,9951,2400,170.54
ADPSO_T200,200,8,20,22,21488,500000,2248.970565574419,48.9705655744192,2200.0,500015,9952,2365,1550.32
ADPSO_T200,200,8,20,26,21492,500000,2233.242321861167,33.242321861167056,2200.0,500005,9952,2355,1381.16
ADPSO_T200,200,11,20,2,21768,500000,2600.000000000041,4.092726157978177e-11,2600.0,500043,9951,2443,224.63
ADPSO_T200,200,11,20,4,21770,500000,2600.0000000000346,3.456079866737127e-11,2600.0,500000,9952,2350,204.92
ADPSO_T200,200,11,20,0,21766,500000,2600.000000000035,3.501554601825774e-11,2600.0,500037,9952,2387,233.87
ADPSO_T200,200,11,20,10,21776,500000,2615.3410129083886,15.34101290838862,2600.0,500001,9951,2401,185.19
ADPSO_T200,200,11,20,12,21778,500000,2600.0000000000373,3.728928277269006e-11,2600.0,500000,9953,2300,198.3
ADPSO_T200,200,11,20,5,21771,500000,2600.000000000034,3.410605131648481e-11,2600.0,500001,9951,2401,232.0
ADPSO_T200,200,11,20,7,21773,500000,2600.000000000042,4.18367562815547e-11,2600.0,500000,9951,2400,221.86
ADPSO_T200,200,11,20,13,21779,500000,2600.000000000039,3.9108272176235914e-11,2600.0,500006,9951,2406,183.18
ADPSO_T200,200,11,20,9,21775,500000,2600.0000000000277,2.773958840407431e-11,2600.0,500001,9951,2401,216.77
ADPSO_T200,200,11,20,8,21774,500000,2615.3410129083886,15.34101290838862,2600.0,500003,9951,2403,222.41
ADPSO_T200,200,11,20,11,21777,500000,2600.0000000000373,3.728928277269006e-11,2600.0,500000,9951,2400,224.32
ADPSO_T200,200,8,20,23,21489,500000,2244.4416341404994,44.441634140499445,2200.0,500003,9952,2353,1575.92
ADPSO_T200,200,11,20,14,21780,500000,2600.000000000047,4.6838977141305804e-11,2600.0,500003,9951,2403,186.96
ADPSO_T200,200,8,20,28,21494,500000,2227.9029847919774,27.90298479197736,2200.0,500034,9953,2334,1422.2
ADPSO_T200,200,12,10,0,11866,200000,2866.518821684586,166.51882168458587,2700.0,200000,3980,950,69.31
ADPSO_T200,200,11,20,18,21784,500000,2600.0000000000423,4.229150363244116e-11,2600.0,500049,9952,2399,155.14
ADPSO_T200,200,11,20,15,21781,500000,2600.0000000000396,3.956301952712238e-11,2600.0,500000,9950,2450,196.64
ADPSO_T200,200,12,10,2,11868,200000,2865.961295197369,165.96129519736905,2700.0,200000,3980,950,93.48
ADPSO_T200,200,11,20,22,21788,500000,2600.0000000000373,3.728928277269006e-11,2600.0,500003,9951,2403,196.63
ADPSO_T200,200,11,20,20,21786,500000,2600.000000000036,3.5925040720030665e-11,2600.0,500000,9951,2400,206.3
ADPSO_T200,200,11,20,25,21791,500000,2600.000000000035,3.501554601825774e-11,2600.0,500039,9952,2389,173.71
ADPSO_T200,200,8,20,25,21491,500000,2238.1056525777035,38.105652577703495,2200.0,500027,9953,2327,1598.33
ADPSO_T200,200,11,20,16,21782,500000,2600.000000000036,3.5925040720030665e-11,2600.0,500044,9951,2444,232.25
ADPSO_T200,200,12,10,1,11867,200000,2865.9330330120656,165.9330330120656,2700.0,200000,3980,950,116.77
ADPSO_T200,200,12,10,4,11870,200000,2865.1360975425737,165.13609754257368,2700.0,200000,3980,950,64.51
ADPSO_T200,200,11,20,23,21789,500000,2600.000000000037,3.6834535421803594e-11,2600.0,500000,9950,2450,186.32
ADPSO_T200,200,8,20,29,21495,500000,2228.5079341811875,28.507934181187466,2200.0,500010,9952,2360,1499.71
ADPSO_T200,200,11,20,19,21785,500000,2600.000000000029,2.9103830456733704e-11,2600.0,500042,9951,2442,217.46
ADPSO_T200,200,11,20,21,21787,500000,2615.3410129083886,15.34101290838862,2600.0,500012,9951,2412,220.69
ADPSO_T200,200,11,20,17,21783,500000,2600.0000000000396,3.956301952712238e-11,2600.0,500000,9951,2400,232.03
ADPSO_T200,200,11,20,24,21790,500000,2615.3410129083886,15.34101290838862,2600.0,500000,9950,2450,190.66
ADPSO_T200,200,12,10,3,11869,200000,2867.4872581634754,167.48725816347542,2700.0,200000,3980,950,97.5
ADPSO_T200,200,12,10,5,11871,200000,2868.600619959672,168.6006199596718,2700.0,200000,3980,950,77.81
ADPSO_T200,200,11,20,28,21794,500000,2600.000000000041,4.092726157978177e-11,2600.0,500038,9951,2438,208.57
ADPSO_T200,200,11,20,26,21792,500000,2600.0000000000405,4.0472514228895307e-11,2600.0,500051,9953,2351,216.17
ADPSO_T200,200,11,20,27,21793,500000,2600.000000000043,4.320099833421409e-11,2600.0,500000,9951,2400,237.83
ADPSO_T200,200,12,10,14,11880,200000,2865.949972254176,165.94997225417592,2700.0,200000,3980,950,64.21
ADPSO_T200,200,12,10,10,11876,200000,2865.921811218287,165.92181121828708,2700.0,200000,3980,950,73.28
ADPSO_T200,200,12,10,7,11873,200000,2865.9217494388304,165.92174943883037,2700.0,200000,3980,950,87.04
ADPSO_T200,200,11,20,29,21795,500000,2600.0000000000496,4.956746124662459e-11,2600.0,500014,9953,2314,246.39
ADPSO_T200,200,12,10,16,11882,200000,2865.943985956755,165.9439859567551,2700.0,200000,3980,950,83.59
ADPSO_T200,200,12,10,17,11883,200000,2866.565217343731,166.5652173437311,2700.0,200000,3980,950,79.58
ADPSO_T200,200,8,20,27,21493,500000,2225.3127545840507,25.312754584050708,2200.0,500024,9952,2374,1654.85
ADPSO_T200,200,12,10,11,11877,200000,2865.960703291411,165.96070329141094,2700.0,200000,3980,950,90.61
ADPSO_T200,200,12,10,8,11874,200000,2864.5253136054803,164.52531360548028,2700.0,200000,3980,950,102.1
ADPSO_T200,200,12,10,6,11872,200000,2865.951183551709,165.95118355170916,2700.0,200000,3980,950,110.09
ADPSO_T200,200,12,10,12,11878,200000,2865.9450898049054,165.94508980490536,2700.0,200000,3980,950,98.29
ADPSO_T200,200,12,10,20,11886,200000,2865.9452044895884,165.94520448958838,2700.0,200000,3980,950,88.66
ADPSO_T200,200,12,10,23,11889,200000,2866.4229006818714,166.4229006818714,2700.0,200000,3980,950,66.8
ADPSO_T200,200,12,10,21,11887,200000,2866.4229021221417,166.42290212214175,2700.0,200000,3980,950,84.07
ADPSO_T200,200,12,10,15,11881,200000,2865.954648554123,165.9546485541232,2700.0,200000,3980,950,109.22
ADPSO_T200,200,12,10,9,11875,200000,2866.5652186380125,166.56521863801254,2700.0,200000,3980,950,117.12
ADPSO_T200,200,12,10,22,11888,200000,2865.959550205262,165.95955020526208,2700.0,200000,3980,950,87.51
ADPSO_T200,200,12,10,18,11884,200000,2864.4821079052167,164.4821079052167,2700.0,200000,3980,950,114.79
ADPSO_T200,200,12,10,13,11879,200000,2865.9515181754346,165.95151817543456,2700.0,200000,3980,950,123.92
ADPSO_T200,200,8,20,24,21490,500000,2234.694541470666,34.69454147066608,2200.0,500038,9953,2338,1759.37
ADPSO_T200,200,12,10,19,11885,200000,2865.9450168035714,165.94501680357143,2700.0,200000,3980,950,127.91
ADPSO_T200,200,12,10,24,11890,200000,2864.502764803689,164.50276480368893,2700.0,200000,3980,950,92.79
ADPSO_T200,200,12,10,26,11892,200000,2866.5652171490287,166.56521714902874,2700.0,200000,3980,950,95.76
ADPSO_T200,200,12,10,29,11895,200000,2865.94627436282,165.94627436282008,2700.0,200000,3980,950,86.91
ADPSO_T200,200,12,10,28,11894,200000,2866.422900567188,166.4229005671882,2700.0,200000,3980,950,98.6
ADPSO_T200,200,12,10,25,11891,200000,2866.3951301234565,166.3951301234565,2700.0,200000,3980,950,117.51
ADPSO_T200,200,12,10,27,11893,200000,2865.947961851829,165.94796185182895,2700.0,200000,3980,950,110.37
ADPSO_T200,200,12,20,1,21867,500000,2948.510980756476,248.51098075647587,2700.0,500000,9950,2450,193.04
ADPSO_T200,200,12,20,0,21866,500000,2946.107791007956,246.10779100795617,2700.0,500000,9950,2450,196.43
ADPSO_T200,200,12,20,2,21868,500000,2943.452914835588,243.45291483558822,2700.0,500000,9950,2450,197.56
ADPSO_T200,200,12,20,4,21870,500000,2939.0931884216507,239.09318842165067,2700.0,500000,9950,2450,207.85
ADPSO_T200,200,12,20,9,21875,500000,2946.9909726793057,246.99097267930574,2700.0,500000,9950,2450,196.98
ADPSO_T200,200,12,20,8,21874,500000,2938.4584889053986,238.45848890539855,2700.0,500000,9950,2450,201.34
ADPSO_T200,200,12,20,3,21869,500000,2939.776787618076,239.776787618076,2700.0,500000,9950,2450,215.73
ADPSO_T200,200,12,20,12,21878,500000,2942.773201523161,242.77320152316088,2700.0,500024,9951,2424,189.64
ADPSO_T200,200,12,20,6,21872,500000,2943.8067026952285,243.80670269522852,2700.0,500000,9950,2450,218.96
ADSCA_T25,25,1,10,0,10766,200000,300.0,0.0,300.0,200001,3871,6401,12.48
ADPSO_T200,200,12,20,14,21880,500000,2939.0931884216507,239.09318842165067,2700.0,500000,9950,2450,205.03
ADPSO_T200,200,12,20,5,21871,500000,2946.7232822239757,246.72328222397573,2700.0,500000,9950,2450,243.18
ADSCA_T25,25,1,10,1,10767,200000,300.00000000000006,5.684341886080802e-14,300.0,200003,3871,6403,10.7
ADSCA_T25,25,1,10,2,10768,200000,300.00000000000006,5.684341886080802e-14,300.0,200022,3881,5922,3.53
ADSCA_T25,25,1,10,3,10769,200000,300.0,0.0,300.0,200039,3874,6289,3.54
ADSCA_T25,25,1,10,5,10771,200000,300.0,0.0,300.0,200021,3885,5721,3.53
ADSCA_T25,25,1,10,6,10772,200000,300.0,0.0,300.0,200029,3874,6279,3.55
ADSCA_T25,25,1,10,7,10773,200000,300.00000000000006,5.684341886080802e-14,300.0,200032,3879,6032,3.53
ADSCA_T25,25,1,10,8,10774,200000,300.0,0.0,300.0,200047,3880,5997,3.51
ADSCA_T25,25,1,10,4,10770,200000,300.00000000000006,5.684341886080802e-14,300.0,200007,3878,6057,10.26
ADPSO_T200,200,12,20,10,21876,500000,2976.786651312341,276.78665131234084,2700.0,500000,9950,2450,241.16
ADPSO_T200,200,12,20,18,21884,500000,2942.8457382717506,242.84573827175063,2700.0,500000,9950,2450,182.32
ADSCA_T25,25,1,10,10,10776,200000,300.00000000000006,5.684341886080802e-14,300.0,200031,3878,6081,3.55
ADSCA_T25,25,1,10,9,10775,200000,300.00000000000006,5.684341886080802e-14,300.0,200002,3877,6102,6.51
ADSCA_T25,25,1,10,13,10779,200000,300.0,0.0,300.0,200017,3868,6567,3.55
ADSCA_T25,25,1,10,14,10780,200000,300.0,0.0,300.0,200027,3887,5627,3.55
ADPSO_T200,200,12,20,16,21882,500000,2946.1476759199522,246.14767591995223,2700.0,500000,9950,2450,205.27
ADSCA_T25,25,1,10,11,10777,200000,300.00000000000006,5.684341886080802e-14,300.0,200006,3893,5306,8.5
ADSCA_T25,25,1,10,16,10782,200000,300.00000000000006,5.684341886080802e-14,300.0,200045,3887,5645,3.53
ADSCA_T25,25,1,10,17,10783,200000,300.0,0.0,300.0,200039,3898,5089,3.52
ADSCA_T25,25,1,10,20,10786,200000,300.0,0.0,300.0,200023,3878,6073,3.53
ADSCA_T25,25,1,10,21,10787,200000,300.0,0.0,300.0,200021,3884,5771,3.56
ADSCA_T25,25,1,10,12,10778,200000,300.00000000000006,5.684341886080802e-14,300.0,200011,3878,6061,12.38
ADPSO_T200,200,12,20,13,21879,500000,2947.7155887928325,247.71558879283248,2700.0,500000,9950,2450,244.4
ADSCA_T25,25,1,10,23,10789,200000,300.0,0.0,300.0,200008,3881,5908,3.53
ADSCA_T25,25,1,10,15,10781,200000,300.00000000000006,5.684341886080802e-14,300.0,200023,3877,6123,12.46
ADSCA_T25,25,1,10,24,10790,200000,300.0,0.0,300.0,200024,3884,5774,4.08
ADSCA_T25,25,1,10,19,10785,200000,300.0,0.0,300.0,200024,3867,6624,9.47
ADSCA_T25,25,1,10,22,10788,200000,300.0,0.0,300.0,200024,3890,5474,5.94
ADSCA_T25,25,1,10,18,10784,200000,300.00000000000006,5.684341886080802e-14,300.0,200046,3874,6296,12.38
ADSCA_T25,25,1,10,28,10794,200000,300.0,0.0,300.0,200004,3882,5854,3.53
ADSCA_T25,25,1,10,25,10791,200000,300.00000000000006,5.684341886080802e-14,300.0,200008,3881,5908,6.97
ADSCA_T25,25,1,10,26,10792,200000,300.0,0.0,300.0,200044,3871,6444,6.84
ADSCA_T25,25,1,10,27,10793,200000,300.00000000000006,5.684341886080802e-14,300.0,200046,3873,6346,9.29
ADSCA_T25,25,1,10,29,10795,200000,300.00000000000006,5.684341886080802e-14,300.0,200053,3870,6503,11.09
ADPSO_T200,200,12,20,7,21873,500000,2962.1290879447965,262.12908794479654,2700.0,500039,9951,2439,280.2
ADSCA_T25,25,1,20,0,20766,500000,300.00000000000006,5.684341886080802e-14,300.0,500043,9666,16693,17.82
ADPSO_T200,200,12,20,15,21881,500000,2943.307332562428,243.3073325624282,2700.0,500000,9950,2450,252.6
ADPSO_T200,200,12,20,19,21885,500000,2938.070083976889,238.07008397688878,2700.0,500000,9950,2450,210.06
ADSCA_T25,25,1,20,2,20768,500000,300.00000000000006,5.684341886080802e-14,300.0,500004,9660,16954,18.53
ADPSO_T200,200,12,20,11,21877,500000,2944.9101549126026,244.9101549126026,2700.0,500000,9950,2450,271.45
ADSCA_T25,25,1,20,1,20767,500000,300.0000000000001,1.1368683772161603e-13,300.0,500006,9665,16706,21.37
ADSCA_T25,25,1,20,4,20770,500000,300.00000000000006,5.684341886080802e-14,300.0,500045,9662,16895,19.09
ADSCA_T25,25,1,20,10,20776,500000,300.00000000000006,5.684341886080802e-14,300.0,500040,9656,17190,9.03
ADSCA_T25,25,1,20,3,20769,500000,300.0000000000001,1.1368683772161603e-13,300.0,500026,9654,17276,25.27
ADPSO_T200,200,12,20,21,21887,500000,2940.681956795186,240.68195679518612,2700.0,500000,9950,2450,212.61
ADSCA_T25,25,1,20,7,20773,500000,300.00000000000006,5.684341886080802e-14,300.0,500014,9658,17064,16.98
ADSCA_T25,25,1,20,5,20771,500000,300.00000000000006,5.684341886080802e-14,300.0,500024,9656,17174,25.7
ADSCA_T25,25,1,20,8,20774,500000,300.00000000000006,5.684341886080802e-14,300.0,500016,9659,17016,15.94
ADSCA_T25,25,1,20,6,20772,500000,300.00000000000006,5.684341886080802e-14,300.0,500049,9664,16799,24.81
ADSCA_T25,25,1,20,15,20781,500000,300.00000000000006,5.684341886080802e-14,300.0,500003,9664,16753,9.04
ADSCA_T25,25,1,20,19,20785,500000,300.00000000000006,5.684341886080802e-14,300.0,500021,9653,17321,9.36
ADSCA_T25,25,1,20,9,20775,500000,300.00000000000006,5.684341886080802e-14,300.0,500031,9658,17081,24.59
ADSCA_T25,25,1,20,20,20786,500000,300.00000000000006,5.684341886080802e-14,300.0,500003,9660,16953,9.58
ADSCA_T25,25,1,20,18,20784,500000,300.00000000000006,5.684341886080802e-14,300.0,500002,9663,16802,12.7
ADSCA_T25,25,1,20,13,20779,500000,300.00000000000006,5.684341886080802e-14,300.0,500024,9658,17074,22.05
ADSCA_T25,25,1,20,11,20777,500000,300.0000000000001,1.1368683772161603e-13,300.0,500005,9673,16305,25.42
ADSCA_T25,25,1,20,12,20778,500000,300.00000000000006,5.684341886080802e-14,300.0,500015,9654,17265,23.75
ADSCA_T25,25,1,20,14,20780,500000,300.0,0.0,300.0,500027,9660,16977,26.16
ADSCA_T25,25,1,20,23,20789,500000,300.00000000000006,5.684341886080802e-14,300.0,500029,9655,17229,9.21
ADSCA_T25,25,1,20,16,20782,500000,300.00000000000006,5.684341886080802e-14,300.0,500052,9661,16952,23.39
ADSCA_T25,25,1,20,25,20791,500000,300.00000000000006,5.684341886080802e-14,300.0,500031,9656,17181,9.19
ADSCA_T25,25,1,20,22,20788,500000,300.00000000000006,5.684341886080802e-14,300.0,500047,9663,16847,16.34
ADSCA_T25,25,1,20,17,20783,500000,300.00000000000006,5.684341886080802e-14,300.0,500002,9664,16752,25.5
ADSCA_T25,25,2,10,1,10867,200000,405.19483632304855,5.194836323048548,400.0,200016,3901,4916,4.45
ADSCA_T25,25,2,10,3,10869,200000,400.6013705802148,0.6013705802147911,400.0,200038,3947,2638,4.4
ADSCA_T25,25,1,20,26,20792,500000,300.00000000000006,5.684341886080802e-14,300.0,500029,9661,16929,14.15
ADPSO_T200,200,12,20,17,21883,500000,2944.8667760278745,244.8667760278745,2700.0,500000,9950,2450,265.02
ADSCA_T25,25,2,10,7,10873,200000,404.0100366309804,4.01003663098038,400.0,200007,3891,5407,4.44
ADSCA_T25,25,1,20,21,20787,500000,300.00000000000006,5.684341886080802e-14,300.0,500022,9666,16672,26.01
ADPSO_T200,200,12,20,20,21886,500000,2943.1071433358243,243.10714333582428,2700.0,500037,9951,2437,252.07
ADSCA_T25,25,1,20,27,20793,500000,300.00000000000006,5.684341886080802e-14,300.0,500030,9659,17030,17.68
ADSCA_T25,25,2,10,5,10871,200000,478.4536440534883,78.45364405348829,400.0,200051,3933,3351,8.72
ADSCA_T25,25,2,10,2,10868,200000,483.5187218841438,83.51872188414382,400.0,200017,3933,3317,11.89
ADSCA_T25,25,2,10,0,10866,200000,400.0965472622031,0.09654726220310295,400.0,200004,3863,6804,14.46
ADSCA_T25,25,2,10,4,10870,200000,400.185553740801,0.18555374080102638,400.0,200045,3863,6845,11.12
ADSCA_T25,25,2,10,10,10876,200000,400.0056656840549,0.005665684054918074,400.0,200025,3855,7225,4.47
ADSCA_T25,25,1,20,24,20790,500000,300.00000000000006,5.684341886080802e-14,300.0,500003,9659,17003,24.13
ADSCA_T25,25,2,10,8,10874,200000,468.95107829302117,68.95107829302117,400.0,200009,3904,4759,9.53
ADSCA_T25,25,2,10,9,10875,200000,400.33616779696854,0.3361677969685388,400.0,200039,3894,5289,7.88
ADSCA_T25,25,1,20,28,20794,500000,300.00000000000006,5.684341886080802e-14,300.0,500028,9663,16828,20.95
ADSCA_T25,25,2,10,6,10872,200000,408.91610192778137,8.91610192778137,400.0,200011,3865,6711,11.26
ADSCA_T25,25,2,10,18,10884,200000,408.91610192778137,8.91610192778137,400.0,200040,3857,7140,4.49
ADSCA_T25,25,2,10,11,10877,200000,400.28300212632905,0.28300212632905186,400.0,200003,3861,6903,9.54
ADSCA_T25,25,2,10,14,10880,200000,400.05451065293244,0.05451065293243573,400.0,200012,3855,7212,8.62
ADSCA_T25,25,2,10,13,10879,200000,472.4546958007801,72.45469580078009,400.0,200034,3905,4734,11.2
ADSCA_T25,25,2,10,20,10886,200000,408.91610192778137,8.91610192778137,400.0,200015,3875,6215,7.25
ADSCA_T25,25,2,10,12,10878,200000,404.4578572517249,4.4578572517248745,400.0,200003,3888,5553,12.51
ADSCA_T25,25,1,20,29,20795,500000,300.00000000000006,5.684341886080802e-14,300.0,500013,9665,16713,28.56
ADSCA_T25,25,2,10,26,10892,200000,400.323847082068,0.3238470820680277,400.0,200042,3895,5242,5.08
ADSCA_T25,25,2,10,16,10882,200000,408.91610192778137,8.91610192778137,400.0,200048,3869,6548,13.58
ADSCA_T25,25,2,10,22,10888,200000,404.6786414979784,4.67864149797839,400.0,200035,3918,4085,11.15
ADSCA_T25,25,2,10,15,10881,200000,400.26189724423637,0.2618972442363656,400.0,200017,3874,6267,14.56
ADSCA_T25,25,2,10,21,10887,200000,400.3086042471355,0.3086042471355199,400.0,200003,3883,5803,12.19
ADSCA_T25,25,2,10,17,10883,200000,400.3596119257014,0.3596119257014152,400.0,200028,3902,4878,14.29
ADSCA_T25,25,2,10,19,10885,200000,408.91610192778137,8.91610192778137,400.0,200017,3858,7067,12.86
ADSCA_T25,25,2,10,24,10890,200000,465.83628798123084,65.83628798123084,400.0,200011,3890,5461,9.71
ADSCA_T25,25,2,10,23,10889,200000,408.91610192778137,8.91610192778137,400.0,200019,3864,6769,12.67
ADSCA_T25,25,2,10,28,10894,200000,404.2233650762611,4.223365076261075,400.0,200015,3873,6315,9.34
ADSCA_T25,25,2,10,25,10891,200000,400.2910441990063,0.29104419900630774,400.0,200039,3879,6039,12.72
ADSCA_T25,25,2,10,27,10893,200000,404.3370106902902,4.337010690290185,400.0,200033,3882,5883,10.09
ADSCA_T25,25,2,10,29,10895,200000,405.66148378985275,5.661483789852753,400.0,200013,3895,5213,11.89
ADSCA_T25,25,2,20,11,20877,500000,467.2886908995846,67.2886908995846,400.0,500015,9775,11215,11.57
ADSCA_T25,25,2,20,5,20871,500000,449.0844978555357,49.08449785553569,400.0,500028,9693,15328,18.83
ADPSO_T200,200,12,20,24,21890,500000,2971.114459209398,271.11445920939786,2700.0,500046,9951,2446,184.06
ADPSO_T200,200,12,20,23,21889,500000,2948.862952618049,248.8629526180489,2700.0,500032,9951,2432,186.14
ADSCA_T25,25,2,20,13,20879,500000,466.9410436936448,66.94104369364481,400.0,500024,9716,14174,11.42
ADSCA_T25,25,2,20,1,20867,500000,449.0848686932227,49.08486869322269,400.0,500002,9744,12752,21.28
ADSCA_T25,25,2,20,9,20875,500000,449.08451531664593,49.084515316645934,400.0,500011,9718,14061,20.5
ADSCA_T25,25,2,20,2,20868,500000,449.0844854991395,49.084485499139475,400.0,500039,9680,15989,24.04
ADSCA_T25,25,2,20,10,20876,500000,406.48232691103874,6.48232691103874,400.0,500029,9808,9579,19.29
ADSCA_T25,25,2,20,0,20866,500000,449.0845184063792,49.084518406379175,400.0,500026,9701,14926,27.83
ADSCA_T25,25,2,20,12,20878,500000,449.08469773081947,49.08469773081947,400.0,500047,9740,12997,18.92
ADSCA_T25,25,2,20,7,20873,500000,468.26969693063637,68.26969693063637,400.0,500022,9680,15972,25.73
ADSCA_T25,25,2,20,4,20870,500000,449.0845023122788,49.0845023122788,400.0,500026,9695,15226,30.57
ADSCA_T25,25,2,20,15,20881,500000,449.0846117290149,49.08461172901491,400.0,500025,9729,13525,11.25
ADSCA_T25,25,2,20,6,20872,500000,444.89546942784415,44.89546942784415,400.0,500000,9753,12300,31.41
ADSCA_T25,25,2,20,8,20874,500000,449.08455825647343,49.08455825647343,400.0,500002,9711,14402,31.81
ADSCA_T25,25,2,20,3,20869,500000,469.9313171856138,69.9313171856138,400.0,500027,9715,14227,35.2
ADSCA_T25,25,2,20,14,20880,500000,474.4150655051299,74.41506550512992,400.0,500021,9697,15121,18.8
ADSCA_T25,25,2,20,20,20886,500000,413.07767504711495,13.077675047114951,400.0,500037,9828,8587,15.23
ADSCA_T25,25,2,20,18,20884,500000,470.46480124508656,70.46480124508656,400.0,500029,9730,13479,18.03
ADSCA_T25,25,2,20,21,20887,500000,449.0845450337616,49.08454503376157,400.0,500005,9714,14255,18.39
ADSCA_T25,25,2,20,25,20891,500000,449.09060073330625,49.090600733306246,400.0,500016,9792,10366,14.74
ADSCA_T25,25,2,20,27,20893,500000,446.38619744217755,46.38619744217755,400.0,500034,9839,8034,11.22
ADSCA_T25,25,3,10,1,10967,200000,600.0000000000001,1.1368683772161603e-13,600.0,200002,3848,7552,8.2
ADSCA_T25,25,2,20,24,20890,500000,449.08465120620025,49.08465120620025,400.0,500043,9730,13493,19.33
ADSCA_T25,25,2,20,17,20883,500000,449.0883243751531,49.08832437515309,400.0,500003,9800,9953,25.91
ADSCA_T25,25,2,20,22,20888,500000,449.084503327814,49.08450332781399,400.0,500008,9694,15258,23.55
ADSCA_T25,25,2,20,29,20895,500000,449.0845188324063,49.084518832406275,400.0,500029,9702,14879,16.61
ADSCA_T25,25,3,10,4,10970,200000,600.0,0.0,600.0,200049,3848,7599,9.06
ADSCA_T25,25,3,10,7,10973,200000,600.0000000000001,1.1368683772161603e-13,600.0,200017,3849,7517,8.25
ADSCA_T25,25,2,20,19,20885,500000,466.5617489621857,66.56174896218567,400.0,500029,9731,13429,34.07
ADSCA_T25,25,2,20,16,20882,500000,467.7601810237742,67.76018102377418,400.0,500010,9790,10460,36.13
ADSCA_T25,25,3,10,5,10971,200000,600.0,0.0,600.0,200048,3851,7448,15.94
ADSCA_T25,25,3,10,0,10966,200000,600.0,0.0,600.0,200002,3849,7502,22.81
ADSCA_T25,25,3,10,11,10977,200000,600.0,0.0,600.0,200022,3849,7522,8.31
ADSCA_T25,25,3,10,2,10968,200000,600.0,0.0,600.0,200011,3849,7511,21.12
ADSCA_T25,25,2,20,28,20894,500000,449.0844923177486,49.084492317748584,400.0,500006,9693,15306,26.63
ADSCA_T25,25,2,20,26,20892,500000,449.08467843848473,49.08467843848473,400.0,500048,9723,13848,28.38
ADSCA_T25,25,3,10,12,10978,200000,600.0,0.0,600.0,200001,3848,7551,8.29
ADSCA_T25,25,2,20,23,20889,500000,404.0302719466955,4.030271946695507,400.0,500021,9682,15871,34.85
ADSCA_T25,25,3,10,13,10979,200000,600.0,0.0,600.0,200002,3848,7552,8.52
ADSCA_T25,25,3,10,3,10969,200000,600.0,0.0,600.0,200000,3848,7550,24.69
ADPSO_T200,200,12,20,28,21894,500000,2972.573272723578,272.57327272357816,2700.0,500000,9950,2450,205.77
ADSCA_T25,25,3,10,6,10972,200000,600.0,0.0,600.0,200045,3849,7545,23.8
ADSCA_T25,25,3,10,20,10986,200000,600.0000000000001,1.1368683772161603e-13,600.0,200043,3850,7493,8.55
ADSCA_T25,25,3,10,22,10988,200000,600.0,0.0,600.0,200034,3849,7534,8.57
ADSCA_T25,25,3,10,8,10974,200000,600.0,0.0,600.0,200037,3848,7587,23.8
ADSCA_T25,25,3,10,18,10984,200000,600.0,0.0,600.0,200045,3850,7495,10.5
ADSCA_T25,25,3,10,15,10981,200000,600.0,0.0,600.0,200010,3849,7510,14.65
ADSCA_T25,25,3,10,9,10975,200000,600.0,0.0,600.0,200001,3848,7551,26.04
ADSCA_T25,25,3,10,24,10990,200000,600.0,0.0,600.0,200003,3848,7553,14.24
ADSCA_T25,25,3,10,14,10980,200000,600.0,0.0,600.0,200023,3849,7523,20.91
ADSCA_T25,25,3,10,28,10994,200000,600.0,0.0,600.0,200031,3849,7531,8.27
ADSCA_T25,25,3,10,29,10995,200000,600.0,0.0,600.0,200000,3849,7500,8.19
ADSCA_T25,25,3,10,19,10985,200000,600.0,0.0,600.0,200000,3848,7550,17.45
ADSCA_T25,25,3,10,16,10982,200000,600.0,0.0,600.0,200000,3849,7500,18.25
ADSCA_T25,25,3,10,10,10976,200000,600.0,0.0,600.0,200043,3850,7493,28.64
ADSCA_T25,25,3,10,17,10983,200000,600.0,0.0,600.0,200029,3851,7429,22.67
ADSCA_T25,25,3,10,23,10989,200000,600.0,0.0,600.0,200046,3851,7446,23.72
ADSCA_T25,25,3,10,21,10987,200000,600.0,0.0,600.0,200032,3850,7482,24.73
ADPSO_T200,200,12,20,22,21888,500000,2943.2516879207187,243.25168792071872,2700.0,500000,9950,2450,254.75
ADSCA_T25,25,3,10,25,10991,200000,600.0,0.0,600.0,200000,3848,7550,23.02
ADSCA_T25,25,3,10,26,10992,200000,600.0,0.0,600.0,200048,3849,7548,22.86
ADSCA_T25,25,3,10,27,10993,200000,600.0,0.0,600.0,200001,3848,7551,22.59
ADSCA_T25,25,3,20,1,20967,500000,600.0000000000001,1.1368683772161603e-13,600.0,500016,9622,18866,37.0
ADPSO_T200,200,12,20,27,21893,500000,2943.358372712283,243.3583727122832,2700.0,500044,9951,2444,249.66
ADSCA_T25,25,3,20,3,20969,500000,600.0000000000001,1.1368683772161603e-13,600.0,500045,9624,18795,37.4
ADSCA_T25,25,3,20,7,20973,500000,600.0000000000001,1.1368683772161603e-13,600.0,500038,9625,18738,34.73
ADPSO_T200,200,12,20,25,21891,500000,2943.452910539811,243.452910539811,2700.0,500000,9950,2450,257.41
ADSCA_T25,25,3,20,6,20972,500000,600.0000000000001,1.1368683772161603e-13,600.0,500051,9625,18751,37.61
ADSCA_T25,25,3,20,5,20971,500000,600.0000000000001,1.1368683772161603e-13,600.0,500009,9624,18759,38.74
ADSCA_T25,25,3,20,2,20968,500000,600.0000000000001,1.1368683772161603e-13,600.0,500029,9626,18679,47.16
ADSCA_T25,25,3,20,9,20975,500000,600.0000000000001,1.1368683772161603e-13,600.0,500018,9624,18768,42.11
ADPSO_T200,200,12,20,26,21892,500000,2979.3050247546616,279.30502475466164,2700.0,500000,9950,2450,261.7
ADSCA_T25,25,3,20,10,20976,500000,600.0000000000001,1.1368683772161603e-13,600.0,500006,9623,18806,42.3
ADSCA_T25,25,3,20,0,20966,500000,600.0000000000001,1.1368683772161603e-13,600.0,500015,9624,18765,56.68
ADSCA_T25,25,3,20,12,20978,500000,600.0000000000001,1.1368683772161603e-13,600.0,500016,9623,18816,43.32
ADSCA_T25,25,3,20,11,20977,500000,600.0000000000001,1.1368683772161603e-13,600.0,500012,9624,18762,46.24
ADPSO_T200,200,12,20,29,21895,500000,2972.5552021766152,272.55520217661524,2700.0,500000,9950,2450,266.11
ADSCA_T25,25,3,20,8,20974,500000,600.0000000000001,1.1368683772161603e-13,600.0,500052,9625,18752,54.43
ADSCA_T25,25,3,20,4,20970,500000,600.0000000000001,1.1368683772161603e-13,600.0,500041,9624,18791,57.04
ADSCA_T25,25,3,20,24,20990,500000,600.0000000000001,1.1368683772161603e-13,600.0,500003,9625,18703,22.39
ADSCA_T25,25,3,20,13,20979,500000,600.0000000000001,1.1368683772161603e-13,600.0,500007,9626,18657,52.81
ADSCA_T25,25,4,10,1,11067,200000,842.0,42.0,800.0,200042,3847,7642,13.14
ADSCA_T25,25,4,10,0,11066,200000,882.0,82.0,800.0,200014,3847,7614,15.05
ADSCA_T25,25,3,20,14,20980,500000,600.0000000000001,1.1368683772161603e-13,600.0,500003,9624,18753,55.96
ADSCA_T25,25,4,10,2,11068,200000,858.0,58.0,800.0,200042,3848,7592,12.64
ADSCA_T25,25,3,20,15,20981,500000,600.0000000000001,1.1368683772161603e-13,600.0,500003,9625,18703,56.88
ADSCA_T25,25,3,20,22,20988,500000,600.0000000000001,1.1368683772161603e-13,600.0,500024,9624,18774,32.51
ADSCA_T25,25,3,20,17,20983,500000,600.0000000000001,1.1368683772161603e-13,600.0,500010,9625,18710,55.24
ADSCA_T25,25,3,20,16,20982,500000,600.0000000000001,1.1368683772161603e-13,600.0,500037,9623,18837,58.28
ADSCA_T25,25,3,20,21,20987,500000,600.0000000000001,1.1368683772161603e-13,600.0,500010,9624,18760,35.54
ADSCA_T25,25,3,20,28,20994,500000,600.0000000000001,1.1368683772161603e-13,600.0,500010,9622,18860,31.51
ADSCA_T25,25,4,10,5,11071,200000,842.0,42.0,800.0,200043,3849,7543,18.57
ADSCA_T25,25,4,10,12,11078,200000,858.0,58.0,800.0,200043,3849,7543,12.69
ADSCA_T25,25,3,20,25,20991,500000,600.0000000000001,1.1368683772161603e-13,600.0,500037,9623,18837,41.05
ADSCA_T25,25,3,20,20,20986,500000,600.0000000000001,1.1368683772161603e-13,600.0,500009,9625,18709,49.78
ADSCA_T25,25,3,20,18,20984,500000,600.0000000000001,1.1368683772161603e-13,600.0,500045,9622,18895,53.67
ADSCA_T25,25,4,10,6,11072,200000,870.0,70.0,800.0,200045,3848,7595,24.8
ADSCA_T25,25,4,10,3,11069,200000,884.5,84.5,800.0,200006,3847,7606,31.55
ADSCA_T25,25,4,10,13,11079,200000,838.0,38.0,800.0,200048,3849,7548,19.14
ADSCA_T25,25,4,10,7,11073,200000,846.0,46.0,800.0,200001,3847,7601,24.49
ADSCA_T25,25,3,20,26,20992,500000,600.0000000000001,1.1368683772161603e-13,600.0,500034,9626,18684,46.35
ADSCA_T25,25,4,10,11,11077,200000,848.0,48.0,800.0,200016,3847,7616,23.51
ADSCA_T25,25,3,20,27,20993,500000,600.0000000000001,1.1368683772161603e-13,600.0,500034,9626,18684,47.67
ADSCA_T25,25,3,20,19,20985,500000,600.0000000000001,1.1368683772161603e-13,600.0,500026,9624,18776,61.03
ADSCA_T25,25,4,10,14,11080,200000,854.0,54.0,800.0,200024,3847,7624,22.93
ADSCA_T25,25,4,10,18,11084,200000,838.0,38.0,800.0,200000,3848,7550,12.63
ADSCA_T25,25,4,10,17,11083,200000,834.0,34.0,800.0,200040,3849,7540,17.55
ADSCA_T25,25,4,10,8,11074,200000,840.0,40.0,800.0,200011,3849,7511,30.93
ADSCA_T25,25,4,10,10,11076,200000,846.0,46.0,800.0,200041,3848,7591,31.29
ADSCA_T25,25,4,10,4,11070,200000,842.0,42.0,800.0,200003,3849,7503,42.16
ADSCA_T25,25,4,10,23,11089,200000,882.0,82.0,800.0,200004,3847,7604,12.89
ADSCA_T25,25,3,20,23,20989,500000,600.0000000000001,1.1368683772161603e-13,600.0,500037,9625,18737,62.98
ADSCA_T25,25,4,10,16,11082,200000,856.0,56.0,800.0,200049,3848,7599,27.4
ADSCA_T25,25,3,20,29,20995,500000,600.0000000000001,1.1368683772161603e-13,600.0,500008,9623,18808,53.35
ADSCA_T25,25,4,10,15,11081,200000,860.5,60.5,800.0,200046,3848,7596,32.5
ADSCA_T25,25,4,10,9,11075,200000,832.0,32.0,800.0,200050,3849,7550,37.52
ADSCA_T25,25,4,10,25,11091,200000,892.0,92.0,800.0,200045,3848,7595,20.58
ADSCA_T25,25,4,10,21,11087,200000,846.0,46.0,800.0,200034,3850,7484,25.71
ADSCA_T25,25,4,10,28,11094,200000,830.0,30.0,800.0,200009,3847,7609,19.39
ADSCA_T25,25,4,10,22,11088,200000,856.0,56.0,800.0,200042,3848,7592,26.27
ADSCA_T25,25,4,10,29,11095,200000,830.0,30.0,800.0,200011,3847,7611,24.11
ADSCA_T25,25,4,10,24,11090,200000,922.5,122.5,800.0,200034,3847,7634,30.32
ADSCA_T25,25,4,10,20,11086,200000,834.0,34.0,800.0,200042,3849,7542,35.57
ADSCA_T25,25,4,10,19,11085,200000,894.0,94.0,800.0,200050,3849,7550,36.16
ADSCA_T25,25,4,10,27,11093,200000,916.0,116.0,800.0,200031,3847,7631,30.66
ADSCA_T25,25,4,10,26,11092,200000,862.0,62.0,800.0,200031,3847,7631,36.21
ADSCA_T25,25,4,20,2,21068,500000,1047.0,247.0,800.0,500047,9621,18947,45.39
ADSCA_T25,25,4,20,8,21074,500000,987.0,187.0,800.0,500031,9620,18981,46.64
ADSCA_T25,25,4,20,11,21077,500000,1041.0,241.0,800.0,500022,9618,19072,46.11
ADSCA_T25,25,4,20,0,21066,500000,1068.5,268.5,800.0,500046,9619,19046,59.49
ADSCA_T25,25,4,20,3,21069,500000,1036.5,236.5,800.0,500016,9618,19066,60.04
ADSCA_T25,25,4,20,9,21075,500000,970.0,170.0,800.0,500004,9627,18604,58.92
ADSCA_T25,25,4,20,14,21080,500000,1077.5,277.5,800.0,500023,9618,19073,55.32
ADSCA_T25,25,4,20,6,21072,500000,1038.5,238.5,800.0,500029,9620,18979,67.78
ADSCA_T25,25,4,20,15,21081,500000,1018.0,218.0,800.0,500008,9619,19008,56.4
ADSCA_T25,25,4,20,1,21067,500000,932.0,132.0,800.0,500038,9626,18688,76.56
ADSCA_T25,25,4,20,10,21076,500000,1069.0,269.0,800.0,500031,9620,18981,67.69
ADSCA_T25,25,4,20,12,21078,500000,1014.5,214.5,800.0,500012,9619,19012,61.56
ADSCA_T25,25,4,20,13,21079,500000,994.0,194.0,800.0,500048,9618,19098,63.35
ADSCA_T25,25,4,20,4,21070,500000,1104.5,304.5,800.0,500046,9618,19096,77.57
ADSCA_T25,25,5,10,4,11170,200000,900.4543240185918,0.45432401859181937,900.0,200032,3853,7332,6.7
ADSCA_T25,25,4,20,16,21082,500000,918.0,118.0,800.0,500010,9620,18960,62.48
ADSCA_T25,25,4,20,18,21084,500000,996.0,196.0,800.0,500033,9621,18933,61.23
ADSCA_T25,25,4,20,17,21083,500000,1003.0,203.0,800.0,500007,9618,19057,64.7
ADSCA_T25,25,5,10,0,11166,200000,900.1790565008332,0.17905650083321234,900.0,200018,3851,7418,14.41
ADSCA_T25,25,5,10,1,11167,200000,900.0895282504168,0.08952825041683354,900.0,200039,3850,7489,13.39
ADSCA_T25,25,5,10,7,11173,200000,900.0895282504167,0.08952825041671986,900.0,200008,3852,7358,6.53
ADSCA_T25,25,5,10,2,11168,200000,900.9086480371823,0.9086480371822745,900.0,200047,3853,7347,15.73
ADSCA_T25,25,4,20,7,21073,500000,984.5,184.5,800.0,500016,9619,19016,85.72
ADSCA_T25,25,4,20,5,21071,500000,1032.0,232.0,800.0,500026,9619,19026,88.27
ADSCA_T25,25,5,10,6,11172,200000,900.0895282504166,0.08952825041660617,900.0,200000,3849,7500,8.16
ADSCA_T25,25,5,10,9,11175,200000,900.1790565008332,0.17905650083321234,900.0,200034,3851,7434,6.54
ADSCA_T25,25,5,10,3,11169,200000,900.0000000000003,3.410605131648481e-13,900.0,200047,3850,7497,18.73
ADSCA_T25,25,5,10,5,11171,200000,900.7229087698407,0.7229087698407284,900.0,200028,3850,7478,15.11
ADSCA_T25,25,5,10,12,11178,200000,900.9981762875984,0.9981762875984259,900.0,200004,3849,7504,6.49
ADSCA_T25,25,5,10,13,11179,200000,900.812437020257,0.8124370202569935,900.0,200017,3849,7517,6.51
ADSCA_T25,25,5,10,8,11174,200000,900.9981762875996,0.9981762875995628,900.0,200011,3851,7411,12.45
ADSCA_T25,25,4,20,19,21085,500000,1012.5,212.5,800.0,500013,9618,19063,75.8
ADSCA_T25,25,5,10,11,11177,200000,900.4543240185914,0.4543240185913646,900.0,200040,3850,7490,12.77
ADSCA_T25,25,5,10,19,11185,200000,900.5438522690079,0.5438522690078571,900.0,200023,3853,7323,6.5
ADSCA_T25,25,5,10,10,11176,200000,900.5438522690079,0.5438522690078571,900.0,200044,3851,7444,16.51
ADSCA_T25,25,4,20,21,21087,500000,1045.0,245.0,800.0,500025,9622,18875,74.38
ADSCA_T25,25,5,10,15,11181,200000,900.2685847512496,0.26858475124959114,900.0,200027,3850,7477,13.12
ADSCA_T25,25,4,20,20,21086,500000,1039.0,239.0,800.0,500018,9620,18968,79.4
ADSCA_T25,25,5,10,16,11182,200000,900.0000000000003,3.410605131648481e-13,900.0,200020,3850,7470,13.66
ADSCA_T25,25,5,10,14,11180,200000,900.5438522690077,0.5438522690077434,900.0,200044,3851,7444,16.56
ADSCA_T25,25,5,10,25,11191,200000,900.6333805194243,0.6333805194243496,900.0,200005,3850,7455,6.54
ADSCA_T25,25,5,10,22,11188,200000,900.6333805194242,0.6333805194242359,900.0,200018,3849,7518,10.26
ADSCA_T25,25,5,10,20,11186,200000,900.2685847512495,0.26858475124947745,900.0,200030,3849,7530,11.51
ADSCA_T25,25,5,10,17,11183,200000,900.1790565008332,0.17905650083321234,900.0,200032,3851,7432,16.34
ADSCA_T25,25,5,10,21,11187,200000,900.0895282504168,0.08952825041683354,900.0,200040,3851,7440,14.14
ADSCA_T25,25,4,20,24,21090,500000,1024.0,224.0,800.0,500014,9617,19114,57.66
ADSCA_T25,25,5,10,18,11184,200000,900.5438522690076,0.5438522690076297,900.0,200018,3854,7268,17.61
ADSCA_T25,25,5,10,24,11190,200000,901.087704538024,1.0877045380240133,900.0,200039,3852,7389,11.89
ADSCA_T25,25,5,10,27,11193,200000,900.2685847512495,0.26858475124947745,900.0,200047,3850,7497,9.51
ADSCA_T25,25,4,20,22,21088,500000,990.0,190.0,800.0,500038,9621,18938,68.61
ADSCA_T25,25,5,10,26,11192,200000,900.6333805194241,0.6333805194241222,900.0,200006,3850,7456,12.56
ADSCA_T25,25,5,10,23,11189,200000,900.1790565008333,0.17905650083332603,900.0,200041,3852,7391,22.3
ADSCA_T25,25,5,10,28,11194,200000,900.9086480371831,0.9086480371830703,900.0,200035,3851,7435,17.78
ADSCA_T25,25,5,10,29,11195,200000,900.0895282504167,0.08952825041671986,900.0,200007,3851,7407,19.22
ADSCA_T25,25,5,20,4,21170,500000,902.4439938272808,2.443993827280792,900.0,500012,9622,18862,17.93
ADSCA_T25,25,4,20,27,21093,500000,1018.0,218.0,800.0,500017,9621,18917,61.78
ADSCA_T25,25,5,20,8,21174,500000,901.5353457900977,1.5353457900977219,900.0,500006,9627,18606,16.68
ADSCA_T25,25,5,20,9,21175,500000,901.72108505744,1.72108505743995,900.0,500007,9624,18757,16.74
ADSCA_T25,25,4,20,25,21091,500000,1011.0,211.0,800.0,500051,9623,18851,72.08
ADSCA_T25,25,5,20,1,21167,500000,902.7192613450754,2.719261345075438,900.0,500014,9626,18664,24.54
ADSCA_T25,25,4,20,26,21092,500000,998.0,198.0,800.0,500002,9618,19052,73.43
ADSCA_T25,25,5,20,5,21171,500000,904.8118037860443,4.8118037860442655,900.0,500039,9626,18689,29.72
ADSCA_T25,25,5,20,3,21169,500000,903.8797145571052,3.879714557105217,900.0,500012,9628,18562,33.79
ADSCA_T25,25,5,20,11,21177,500000,902.0858808256219,2.085880825621871,900.0,500019,9628,18569,26.58
ADSCA_T25,25,4,20,23,21089,500000,966.0,166.0,800.0,500000,9616,19150,89.92
ADSCA_T25,25,5,20,0,21166,500000,903.2631136140641,3.263113614064082,900.0,500008,9625,18708,37.78
ADSCA_T25,25,5,20,19,21185,500000,901.6315568070249,1.6315568070249356,900.0,500045,9629,18545,16.49
ADSCA_T25,25,5,20,12,21178,500000,904.9933206765547,4.993320676554731,900.0,500046,9631,18446,34.09
ADSCA_T25,25,5,20,22,21188,500000,906.235617010246,6.23561701024596,900.0,500008,9626,18658,16.55
ADSCA_T25,25,5,20,14,21180,500000,900.8124370202576,0.8124370202575619,900.0,500047,9626,18697,29.9
ADSCA_T25,25,4,20,29,21095,500000,994.5,194.5,800.0,500018,9621,18918,81.35
ADSCA_T25,25,4,20,28,21094,500000,946.5,146.5,800.0,500002,9618,19052,82.64
ADSCA_T25,25,5,20,2,21168,500000,902.2649373264475,2.264937326447466,900.0,500001,9625,18701,45.76
ADSCA_T25,25,5,20,7,21173,500000,901.9001415582724,1.9001415582723666,900.0,500027,9625,18727,43.92
ADSCA_T25,25,5,20,15,21181,500000,902.0858808256295,2.085880825629488,900.0,500002,9626,18652,31.46
ADSCA_T25,25,5,20,10,21176,500000,902.175409076033,2.17540907603302,900.0,500029,9625,18729,44.5
ADSCA_T25,25,5,20,24,21190,500000,904.9908602843534,4.990860284353403,900.0,500011,9628,18561,17.95
ADSCA_T25,25,5,20,16,21182,500000,902.5402048442378,2.540204844237792,900.0,500005,9624,18755,32.92
ADSCA_T25,25,5,20,18,21184,500000,902.8154723645451,2.815472364545144,900.0,500022,9629,18522,31.9
ADSCA_T25,25,5,20,17,21183,500000,902.264937326448,2.2649373264480346,900.0,500037,9625,18737,33.14
ADSCA_T25,25,5,20,13,21179,500000,901.7210850574465,1.721085057446544,900.0,500045,9632,18395,39.09
ADSCA_T25,25,5,20,27,21193,500000,902.9945288629569,2.9945288629569404,900.0,500033,9624,18783,18.39
ADSCA_T25,25,5,20,25,21191,500000,901.7210850574396,1.721085057439609,900.0,500051,9629,18551,20.55
ADSCA_T25,25,5,20,6,21172,500000,903.0840359572987,3.084035957298738,900.0,500010,9623,18810,50.84
ADSCA_T25,25,5,20,20,21186,500000,903.8069658831294,3.806965883129351,900.0,500018,9624,18768,34.17
ADSCA_T25,25,5,20,23,21189,500000,902.2649373264508,2.264937326450763,900.0,500042,9630,18492,26.47
ADSCA_T25,25,6,10,7,11273,200000,2618.6867490682534,818.6867490682534,1800.0,200024,3908,4574,8.8
ADSCA_T25,25,6,10,0,11266,200000,19908.85697772525,18108.85697772525,1800.0,200048,3916,4198,17.04
ADSCA_T25,25,6,10,11,11277,200000,4892.759365616787,3092.7593656167874,1800.0,200038,3913,4338,8.72
ADSCA_T25,25,5,20,28,21194,500000,900.7229087698414,0.7229087698414105,900.0,500046,9628,18596,25.21
ADSCA_T25,25,6,10,16,11282,200000,21890.160306067384,20090.160306067384,1800.0,200009,3919,4009,8.59
ADSCA_T25,25,6,10,17,11283,200000,5138.388204738348,3338.3882047383477,1800.0,200030,3901,4930,8.63
ADSCA_T25,25,6,10,18,11284,200000,2614.0232321997228,814.0232321997228,1800.0,200001,3901,4901,8.69
ADSCA_T25,25,6,10,2,11268,200000,14382.052833503187,12582.052833503187,1800.0,200037,3916,4187,23.26
ADSCA_T25,25,6,10,6,11272,200000,9485.888819296308,7685.888819296308,1800.0,200009,3915,4209,20.24
ADSCA_T25,25,5,20,29,21195,500000,901.6315568070238,1.6315568070237987,900.0,500018,9627,18618,26.2
ADSCA_T25,25,5,20,21,21187,500000,902.1754090760314,2.1754090760314284,900.0,500012,9626,18662,44.84
ADSCA_T25,25,6,10,5,11271,200000,6908.362747908165,5108.362747908165,1800.0,200039,3913,4339,21.22
ADSCA_T25,25,6,10,1,11267,200000,6138.758060909248,4338.758060909248,1800.0,200020,3926,3670,25.35
ADSCA_T25,25,6,10,9,11275,200000,12043.817012746076,10243.817012746076,1800.0,200048,3924,3798,18.06
ADSCA_T25,25,6,10,8,11274,200000,5287.219063221761,3487.2190632217607,1800.0,200027,3919,4027,19.41
ADSCA_T25,25,6,10,3,11269,200000,6563.185697462655,4763.185697462655,1800.0,200001,3907,4601,26.2
ADSCA_T25,25,6,10,21,11287,200000,26140.47070135343,24340.47070135343,1800.0,200013,3914,4263,8.6
ADSCA_T25,25,6,10,15,11281,200000,15368.133386293408,13568.133386293408,1800.0,200047,3925,3747,17.38
ADSCA_T25,25,5,20,26,21192,500000,903.0840571132817,3.0840571132816876,900.0,500011,9624,18761,36.75
ADSCA_T25,25,6,10,4,11270,200000,7392.112011091853,5592.112011091853,1800.0,200019,3920,3969,26.95
ADSCA_T25,25,6,10,22,11288,200000,6858.955337229374,5058.955337229374,1800.0,200016,3918,4066,8.55
ADSCA_T25,25,6,10,14,11280,200000,7843.540729871687,6043.540729871687,1800.0,200040,3921,3940,18.84
ADSCA_T25,25,6,10,19,11285,200000,7399.996863638465,5599.996863638465,1800.0,200005,3917,4105,12.87
ADSCA_T25,25,6,10,10,11276,200000,7325.232766827456,5525.232766827456,1800.0,200030,3920,3980,21.94
ADSCA_T25,25,6,10,24,11290,200000,19052.42285498805,17252.42285498805,1800.0,200038,3906,4688,9.18
ADSCA_T25,25,6,10,12,11278,200000,15717.876454541078,13917.876454541078,1800.0,200013,3917,4113,23.89
ADSCA_T25,25,6,10,20,11286,200000,10606.368967070814,8806.368967070814,1800.0,200024,3924,3774,20.45
ADSCA_T25,25,6,10,26,11292,200000,17716.14691819522,15916.14691819522,1800.0,200021,3921,3921,14.77
ADSCA_T25,25,6,10,13,11279,200000,8425.523706741837,6625.523706741837,1800.0,200019,3910,4469,30.2
ADSCA_T25,25,6,10,28,11294,200000,10072.289474440739,8272.289474440739,1800.0,200045,3913,4345,18.38
ADSCA_T25,25,6,10,27,11293,200000,7346.511988099751,5546.511988099751,1800.0,200016,3913,4316,21.47
ADSCA_T25,25,6,10,25,11291,200000,7789.831552421316,5989.831552421316,1800.0,200007,3915,4207,22.66
ADSCA_T25,25,6,10,23,11289,200000,9301.484801683691,7501.484801683691,1800.0,200027,3915,4227,25.94
ADSCA_T25,25,6,10,29,11295,200000,35078.85380472275,33278.85380472275,1800.0,200029,3921,3929,24.19
ADSCA_T25,25,6,20,10,21276,500000,32661.276839970087,30861.276839970087,1800.0,500029,9686,15679,21.82
ADSCA_T25,25,6,20,9,21275,500000,29516.012411581916,27716.012411581916,1800.0,500040,9654,17290,29.71
ADSCA_T25,25,6,20,8,21274,500000,37402.631024520335,35602.631024520335,1800.0,500034,9675,16234,31.15
ADSCA_T25,25,6,20,5,21271,500000,39447.52056728864,37647.52056728864,1800.0,500052,9688,15602,36.01
ADSCA_T25,25,6,20,2,21268,500000,56423.494231209064,54623.494231209064,1800.0,500050,9675,16250,37.13
ADSCA_T25,25,6,20,0,21266,500000,67509.8992906953,65709.8992906953,1800.0,500028,9677,16128,44.62
ADSCA_T25,25,6,20,11,21277,500000,34842.90674196568,33042.90674196568,1800.0,500017,9680,15967,40.0
ADSCA_T25,25,6,20,3,21269,500000,34208.1483700832,32408.148370083203,1800.0,500004,9677,16104,48.91
ADSCA_T25,25,6,20,1,21267,500000,33770.48145620257,31970.48145620257,1800.0,500042,9665,16742,51.9
ADSCA_T25,25,6,20,4,21270,500000,49727.37696335856,47927.37696335856,1800.0,500041,9668,16591,52.28
ADSCA_T25,25,6,20,18,21284,500000,13625.423317027846,11825.423317027846,1800.0,500020,9679,16020,33.74
ADSCA_T25,25,6,20,6,21272,500000,30793.01350802635,28993.01350802635,1800.0,500038,9663,16838,51.94
ADSCA_T25,25,6,20,7,21273,500000,20708.32649950695,18908.32649950695,1800.0,500030,9665,16730,52.03
ADSCA_T25,25,6,20,16,21282,500000,45462.98086735683,43662.98086735683,1800.0,500043,9674,16293,43.42
ADSCA_T25,25,6,20,15,21281,500000,28371.923421980224,26571.923421980224,1800.0,500037,9679,16037,48.96
ADSCA_T25,25,6,20,21,21287,500000,50199.29520622059,48399.29520622059,1800.0,500041,9668,16591,38.8
ADSCA_T25,25,6,20,14,21280,500000,32920.56895645919,31120.56895645919,1800.0,500017,9686,15667,52.06
ADSCA_T25,25,6,20,13,21279,500000,48299.79000519778,46499.79000519778,1800.0,500027,9676,16177,60.56
ADSCA_T25,25,6,20,19,21285,500000,27763.996591428986,25963.996591428986,1800.0,500025,9668,16575,47.33
ADSCA_T25,25,6,20,27,21293,500000,39267.39502813159,37467.39502813159,1800.0,500033,9669,16533,24.29
ADSCA_T25,25,6,20,28,21294,500000,48216.04053291595,46416.04053291595,1800.0,500019,9686,15669,25.92
ADSCA_T25,25,6,20,25,21291,500000,49681.53833202572,47881.53833202572,1800.0,500045,9687,15645,34.21
ADSCA_T25,25,6,20,20,21286,500000,37824.17131056536,36024.17131056536,1800.0,500009,9686,15659,49.99
ADSCA_T25,25,6,20,12,21278,500000,44497.82422858073,42697.82422858073,1800.0,500030,9685,15730,66.09
ADSCA_T25,25,6,20,17,21283,500000,60042.38978536651,58242.38978536651,1800.0,500031,9691,15431,56.68
ADSCA_T25,25,6,20,24,21290,500000,28795.850746221902,26995.850746221902,1800.0,500006,9683,15806,48.47
ADSCA_T25,25,6,20,22,21288,500000,54903.01288836075,53103.01288836075,1800.0,500050,9678,16100,63.75
ADSCA_T25,25,6,20,26,21292,500000,42206.07236672501,40406.07236672501,1800.0,500051,9680,16001,52.62
ADSCA_T25,25,6,20,29,21295,500000,52482.88111648045,50682.88111648045,1800.0,500020,9688,15570,43.47
ADSCA_T25,25,6,20,23,21289,500000,42605.30215082566,40805.30215082566,1800.0,500026,9682,15876,60.64
ADSCA_T25,25,7,10,18,11384,200000,2025.3047931080255,25.30479310802548,2000.0,200038,3869,6538,151.85
ADSCA_T25,25,7,10,0,11366,200000,2022.7642645773315,22.76426457733146,2000.0,200039,3872,6389,193.54
ADSCA_T25,25,7,10,3,11369,200000,2022.2847366337426,22.28473663374257,2000.0,200001,3874,6251,204.4
ADSCA_T25,25,7,10,7,11373,200000,2028.5744558377971,28.57445583779713,2000.0,200007,3860,6957,222.58
ADSCA_T25,25,7,10,14,11380,200000,2025.3201367906763,25.320136790676315,2000.0,200030,3863,6830,213.12
ADSCA_T25,25,7,10,13,11379,200000,2022.4556192370335,22.45561923703349,2000.0,200009,3852,7359,215.69
ADSCA_T25,25,7,10,8,11374,200000,2021.0289011185137,21.02890111851366,2000.0,200008,3861,6908,230.14
ADSCA_T25,25,7,10,6,11372,200000,2021.1181621372034,21.1181621372034,2000.0,200043,3858,7093,239.24
ADSCA_T25,25,7,10,5,11371,200000,2027.0847305460143,27.08473054601427,2000.0,200007,3863,6807,248.85
ADSCA_T25,25,7,10,1,11367,200000,2021.058873412357,21.05887341235689,2000.0,200049,3858,7099,258.97
ADSCA_T25,25,7,10,2,11368,200000,2021.0625064772269,21.06250647722686,2000.0,200008,3859,7008,261.89
ADSCA_T25,25,7,10,12,11378,200000,2023.2914839574332,23.29148395743323,2000.0,200047,3874,6297,249.21
ADSCA_T25,25,7,10,15,11381,200000,2022.5203342124898,22.520334212489843,2000.0,200026,3858,7076,248.26
ADSCA_T25,25,7,10,16,11382,200000,2022.0986685926985,22.09866859269846,2000.0,200009,3873,6309,248.29
ADSCA_T25,25,7,10,10,11376,200000,2022.5277059957496,22.527705995749557,2000.0,200043,3863,6843,255.22
ADSCA_T25,25,7,10,17,11383,200000,2028.7336854292655,28.733685429265506,2000.0,200017,3871,6417,252.86
ADSCA_T25,25,7,10,9,11375,200000,2022.132642343896,22.132642343895895,2000.0,200048,3866,6698,270.81
ADSCA_T25,25,7,10,4,11370,200000,2022.533549584508,22.53354958450791,2000.0,200013,3864,6763,285.34
ADSCA_T25,25,7,10,20,11386,200000,2022.5750177320747,22.575017732074684,2000.0,200018,3858,7068,250.3
ADSCA_T25,25,7,10,11,11377,200000,2022.6799744624975,22.679974462497512,2000.0,200002,3859,7002,277.08
ADSCA_T25,25,7,10,19,11385,200000,2022.250658838811,22.250658838810978,2000.0,200004,3879,6004,262.27
ADSCA_T25,25,7,10,21,11387,200000,2127.682755547564,127.68275554756383,2000.0,200006,3861,6906,291.8
ADSCA_T25,25,7,10,23,11389,200000,2022.5638875920415,22.56388759204151,2000.0,200030,3858,7080,205.27
ADSCA_T25,25,7,10,22,11388,200000,2021.474406917647,21.474406917647002,2000.0,200009,3863,6809,233.81
ADSCA_T25,25,7,10,27,11393,200000,2021.0142958897395,21.014295889739515,2000.0,200020,3863,6820,200.32
ADSCA_T25,25,7,10,25,11391,200000,2022.2785896507062,22.27858965070618,2000.0,200046,3855,7246,223.25
ADSCA_T25,25,7,10,24,11390,200000,2022.4415336707978,22.441533670797753,2000.0,200015,3866,6665,266.52
ADSCA_T25,25,7,10,26,11392,200000,2022.5121666516065,22.51216665160655,2000.0,200013,3856,7163,247.7
ADSCA_T25,25,7,10,28,11394,200000,2022.548494040499,22.54849404049901,2000.0,200023,3862,6873,249.81
ADSCA_T25,25,7,10,29,11395,200000,2028.5034183283346,28.503418328334647,2000.0,200043,3863,6843,245.02
ADSCA_T25,25,7,20,6,21372,500000,2163.5969465831213,163.59694658312128,2000.0,500019,9723,13819,1026.47
ADSCA_T25,25,7,20,3,21369,500000,2145.536025747066,145.5360257470661,2000.0,500034,9712,14384,1039.6
ADSCA_T25,25,7,20,4,21370,500000,2170.815267534153,170.815267534153,2000.0,500029,9686,15679,1039.88
ADSCA_T25,25,7,20,7,21373,500000,2275.687406300725,275.6874063007249,2000.0,500000,9740,12950,1039.33
ADSCA_T25,25,7,20,2,21368,500000,2111.274551582179,111.2745515821789,2000.0,500000,9683,15800,1058.69
ADSCA_T25,25,7,20,11,21377,500000,2217.093317673468,217.09331767346794,2000.0,500031,9726,13681,1046.24
ADSCA_T25,25,7,20,10,21376,500000,2227.986477486793,227.98647748679286,2000.0,500018,9738,13068,1061.47
ADSCA_T25,25,7,20,8,21374,500000,2236.3311056123866,236.33110561238664,2000.0,500047,9733,13347,1069.74
ADSCA_T25,25,7,20,12,21378,500000,2528.3057981844913,528.3057981844913,2000.0,500037,9786,10687,1064.07
ADSCA_T25,25,7,20,0,21366,500000,2213.918856473481,213.9188564734809,2000.0,500006,9785,10706,1118.14
ADSCA_T25,25,7,20,5,21371,500000,2118.043887023991,118.04388702399092,2000.0,500013,9674,16263,1196.48
ADSCA_T25,25,7,20,1,21367,500000,2163.055541744809,163.05554174480903,2000.0,500016,9701,14916,1213.95
ADSCA_T25,25,7,20,17,21383,500000,2221.3361926007665,221.33619260076648,2000.0,500001,9754,12251,1026.83
ADSCA_T25,25,7,20,13,21379,500000,2508.1500078249624,508.15000782496236,2000.0,500009,9764,11759,1157.8
ADSCA_T25,25,7,20,9,21375,500000,2126.260330928549,126.26033092854914,2000.0,500006,9765,11706,1210.21
ADSCA_T25,25,7,20,15,21381,500000,2149.1256753563193,149.12567535631933,2000.0,500011,9728,13561,1076.22
ADSCA_T25,25,7,20,18,21384,500000,2546.159117418926,546.1591174189261,2000.0,500043,9732,13393,1028.54
ADSCA_T25,25,7,20,16,21382,500000,2132.8416090610635,132.84160906106354,2000.0,500010,9695,15210,1066.36
ADSCA_T25,25,7,20,14,21380,500000,2427.3510958459583,427.3510958459583,2000.0,500031,9776,11181,1129.27
ADSCA_T25,25,7,20,19,21385,500000,2107.1981614069123,107.19816140691228,2000.0,500003,9724,13753,1069.62
ADSCA_T25,25,7,20,21,21387,500000,2135.562141470843,135.56214147084302,2000.0,500031,9709,14531,1059.6
ADSCA_T25,25,7,20,20,21386,500000,2108.098623807611,108.09862380761115,2000.0,500011,9683,15811,1118.15
ADSCA_T25,25,8,10,0,11466,200000,2287.7576559072727,87.75765590727269,2200.0,200017,3877,6117,349.04
ADSCA_T25,25,8,10,1,11467,200000,2239.0329833538003,39.03298335380032,2200.0,200049,3857,7149,367.2
ADSCA_T25,25,8,10,8,11474,200000,2509.8978446205533,309.8978446205533,2200.0,200021,3897,5121,299.6
ADSCA_T25,25,8,10,6,11472,200000,2488.9590570640867,288.95905706408666,2200.0,200022,3885,5722,316.05
ADSCA_T25,25,8,10,5,11471,200000,2330.6003271310105,130.60032713101054,2200.0,200048,3865,6748,328.53
ADSCA_T25,25,8,10,10,11476,200000,2399.770581931212,199.77058193121184,2200.0,200002,3877,6102,292.83
ADSCA_T25,25,8,10,7,11473,200000,2238.237159872438,38.23715987243804,2200.0,200010,3854,7260,331.48
ADSCA_T25,25,8,10,2,11468,200000,2518.403708734637,318.4037087346369,2200.0,200050,3877,6150,383.33
ADSCA_T25,25,8,10,3,11469,200000,2250.972302890578,50.972302890577794,2200.0,200021,3862,6871,387.31
ADSCA_T25,25,8,10,4,11470,200000,2222.233409708772,22.233409708771887,2200.0,200026,3853,7326,392.61
ADSCA_T25,25,8,10,9,11475,200000,2578.55671802093,378.55671802093,2200.0,200007,3902,4857,377.0
ADSCA_T25,25,8,10,11,11477,200000,2235.62496050323,35.624960503229886,2200.0,200004,3859,7004,337.91
ADSCA_T25,25,8,10,12,11478,200000,2295.806444348641,95.80644434864098,2200.0,200028,3863,6828,360.98
ADSCA_T25,25,8,10,13,11479,200000,2473.4809091448783,273.4809091448783,2200.0,200014,3887,5614,314.59
ADSCA_T25,25,8,10,14,11480,200000,2235.8360521124832,35.83605211248323,2200.0,200015,3858,7065,349.01
ADSCA_T25,25,8,10,15,11481,200000,2236.1181807112184,36.11818071121843,2200.0,200025,3867,6625,351.6
ADSCA_T25,25,8,10,18,11484,200000,2589.728873757477,389.7288737574768,2200.0,200013,3901,4913,320.36
ADSCA_T25,25,8,10,19,11485,200000,2425.0075427153015,225.0075427153015,2200.0,200019,3886,5669,330.86
ADSCA_T25,25,8,10,17,11483,200000,2341.058259971387,141.0582599713871,2200.0,200034,3870,6484,354.61
ADSCA_T25,25,8,10,22,11488,200000,2468.3851198777716,268.38511987777156,2200.0,200007,3890,5457,310.32
ADSCA_T25,25,8,10,25,11491,200000,2229.1665530617256,29.166553061725608,2200.0,200034,3853,7334,286.54
ADSCA_T25,25,8,10,20,11486,200000,2370.079254176766,170.07925417676597,2200.0,200049,3899,5049,349.32
ADSCA_T25,25,8,10,16,11482,200000,2319.2636288792737,119.26362887927371,2200.0,200044,3859,7044,380.07
ADSCA_T25,25,8,10,21,11487,200000,2226.560442799325,26.560442799324846,2200.0,200048,3861,6948,350.22
ADSCA_T25,25,8,10,27,11493,200000,2459.49030093543,259.4903009354298,2200.0,200019,3889,5519,304.87
ADSCA_T25,25,8,10,23,11489,200000,2341.298251426993,141.29825142699292,2200.0,200043,3884,5793,369.27
ADSCA_T25,25,8,10,24,11490,200000,2417.906553535242,217.90655353524198,2200.0,200028,3889,5528,367.19
ADSCA_T25,25,7,20,27,21393,500000,2192.9048254600857,192.9048254600857,2000.0,500009,9752,12359,928.77
ADSCA_T25,25,8,10,26,11492,200000,2312.5385333823783,112.53853338237832,2200.0,200000,3864,6750,384.37
ADSCA_T25,25,7,20,24,21390,500000,2421.2628428203243,421.2628428203243,2000.0,500038,9791,10438,1013.33
ADSCA_T25,25,7,20,26,21392,500000,2363.0156442092107,363.0156442092107,2000.0,500022,9764,11772,1034.78
ADSCA_T25,25,7,20,22,21388,500000,2130.8380077867587,130.83800778675868,2000.0,500042,9738,13092,1083.68
ADSCA_T25,25,7,20,25,21391,500000,2348.171541556585,348.171541556585,2000.0,500035,9753,12335,1065.15
ADSCA_T25,25,8,10,28,11494,200000,2352.526210623573,152.5262106235732,2200.0,200007,3862,6857,330.97
ADSCA_T25,25,7,20,23,21389,500000,2171.4665829280784,171.46658292807842,2000.0,500048,9731,13448,1103.19
ADSCA_T25,25,8,10,29,11495,200000,2289.69556996025,89.69556996024994,2200.0,200011,3864,6761,351.47
ADSCA_T25,25,7,20,28,21394,500000,2090.1887685552033,90.1887685552033,2000.0,500027,9681,15927,1090.78
ADSCA_T25,25,7,20,29,21395,500000,2078.8165847315886,78.81658473158859,2000.0,500039,9698,15089,1091.46
ADSCA_T25,25,8,20,2,21468,500000,2483.671086358876,283.671086358876,2200.0,500028,9709,14528,1420.61
ADSCA_T25,25,8,20,1,21467,500000,2386.7932883884596,186.7932883884596,2200.0,500036,9704,14786,1484.11
ADSCA_T25,25,8,20,7,21473,500000,2440.3906883374116,240.39068833741158,2200.0,500036,9675,16236,1518.32
ADSCA_T25,25,8,20,0,21466,500000,2310.110169428101,110.11016942810102,2200.0,500003,9652,17353,1596.29
ADSCA_T25,25,8,20,5,21471,500000,2535.8690228452374,335.8690228452374,2200.0,500007,9695,15207,1571.95
ADSCA_T25,25,8,20,4,21470,500000,2513.3441664589,313.34416645889996,2200.0,500026,9716,14176,1579.23
ADSCA_T25,25,8,20,6,21472,500000,2369.875448920985,169.87544892098504,2200.0,500034,9648,17584,1582.25
ADSCA_T25,25,8,20,10,21476,500000,2318.2641856812684,118.26418568126837,2200.0,500035,9645,17735,1518.91
ADSCA_T25,25,8,20,9,21475,500000,2525.790880237213,325.79088023721306,2200.0,500044,9692,15394,1531.82
ADSCA_T25,25,8,20,11,21477,500000,2537.5149065905102,337.51490659051024,2200.0,500023,9695,15223,1511.76
ADSCA_T25,25,8,20,8,21474,500000,3266.8810653955657,1066.8810653955657,2200.0,500004,9748,12554,1552.68
ADSCA_T25,25,8,20,12,21478,500000,2433.153215968095,233.15321596809508,2200.0,500043,9694,15293,1487.04
ADSCA_T25,25,8,20,3,21469,500000,2485.2601336280995,285.26013362809954,2200.0,500048,9680,15998,1626.88
ADSCA_T25,25,9,10,1,11567,200000,2659.09597069004,359.09597069003985,2300.0,200016,3887,5616,26.42
ADSCA_T25,25,9,10,3,11569,200000,2668.959661062652,368.9596610626518,2300.0,200053,3900,5003,26.25
ADSCA_T25,25,9,10,0,11566,200000,2669.2459188402377,369.24591884023766,2300.0,200031,3906,4681,39.26
ADSCA_T25,25,9,10,2,11568,200000,2745.6054735939715,445.6054735939715,2300.0,200019,3858,7069,46.4
ADSCA_T25,25,9,10,5,11571,200000,2667.3216820515536,367.3216820515536,2300.0,200044,3889,5544,32.41
ADSCA_T25,25,9,10,4,11570,200000,2300.0000000000005,4.547473508864641e-13,2300.0,200033,3862,6883,48.22
ADSCA_T25,25,8,20,18,21484,500000,2937.257909769274,737.2579097692742,2200.0,500016,9764,11766,1441.71
ADSCA_T25,25,9,10,7,11573,200000,2300.0000000000005,4.547473508864641e-13,2300.0,200032,3862,6882,51.5
ADSCA_T25,25,9,10,8,11574,200000,2668.374385805647,368.37438580564685,2300.0,200012,3898,5062,41.13
ADSCA_T25,25,9,10,6,11572,200000,2300.0000000000005,4.547473508864641e-13,2300.0,200010,3860,6960,65.12
ADSCA_T25,25,9,10,10,11576,200000,2659.0943782247905,359.0943782247905,2300.0,200000,3869,6500,43.58
ADSCA_T25,25,8,20,17,21483,500000,2343.9839498108518,143.98394981085175,2200.0,500006,9679,16006,1500.26
ADSCA_T25,25,9,10,11,11577,200000,2668.0167078168743,368.01670781687426,2300.0,200040,3914,4290,48.6
ADSCA_T25,25,9,10,13,11579,200000,2300.0000000000005,4.547473508864641e-13,2300.0,200050,3866,6700,33.87
ADSCA_T25,25,8,20,16,21482,500000,2565.5332362104723,365.5332362104723,2200.0,500003,9756,12153,1521.23
ADSCA_T25,25,9,10,9,11575,200000,2745.6054735939724,445.6054735939724,2300.0,200035,3874,6285,70.35
ADSCA_T25,25,8,20,15,21481,500000,2398.077113627155,198.0771136271551,2200.0,500014,9658,17064,1536.93
ADSCA_T25,25,8,20,19,21485,500000,2254.05245121242,54.05245121241978,2200.0,500030,9627,18630,1485.53
ADSCA_T25,25,9,10,12,11578,200000,2727.8893046397316,427.88930463973156,2300.0,200016,3920,3966,63.71
ADSCA_T25,25,9,10,14,11580,200000,2659.0943577741646,359.09435777416456,2300.0,200037,3873,6337,59.66
ADSCA_T25,25,9,10,16,11582,200000,2667.8851370258494,367.8851370258494,2300.0,200023,3891,5423,56.96
ADSCA_T25,25,9,10,19,11585,200000,2667.0910954786737,367.09109547867365,2300.0,200042,3894,5292,44.26
ADSCA_T25,25,9,10,18,11584,200000,2300.0000000000005,4.547473508864641e-13,2300.0,200005,3865,6705,52.99
ADSCA_T25,25,9,10,15,11581,200000,2669.0364098495793,369.0364098495793,2300.0,200040,3907,4640,66.16
ADSCA_T25,25,9,10,17,11583,200000,2300.0000000000005,4.547473508864641e-13,2300.0,200034,3866,6684,58.43
ADSCA_T25,25,8,20,14,21480,500000,2514.1586384386683,314.1586384386683,2200.0,500004,9720,13954,1602.79
ADSCA_T25,25,8,20,13,21479,500000,2524.937272534475,324.93727253447514,2200.0,500003,9710,14453,1641.18
ADSCA_T25,25,9,10,20,11586,200000,2300.0000000000005,4.547473508864641e-13,2300.0,200042,3863,6842,64.67
ADSCA_T25,25,9,10,21,11587,200000,2659.1030203456853,359.1030203456853,2300.0,200038,3899,5038,60.17
ADSCA_T25,25,9,10,22,11588,200000,2668.219134326714,368.2191343267141,2300.0,200042,3896,5192,56.26
ADSCA_T25,25,9,10,23,11589,200000,2667.308935397058,367.3089353970581,2300.0,200025,3892,5375,54.92
ADSCA_T25,25,9,10,24,11590,200000,2659.09434680607,359.09434680607,2300.0,200005,3882,5855,58.26
ADSCA_T25,25,9,10,29,11595,200000,2300.000000000001,9.094947017729282e-13,2300.0,200033,3862,6883,41.34
ADSCA_T25,25,9,10,26,11592,200000,2667.0844832932053,367.08448329320527,2300.0,200009,3892,5359,54.8
ADSCA_T25,25,9,10,27,11593,200000,2659.0957881401337,359.09578814013366,2300.0,200021,3880,5971,55.21
ADSCA_T25,25,9,10,25,11591,200000,2745.605473593972,445.60547359397196,2300.0,200003,3868,6553,65.82
ADSCA_T25,25,9,10,28,11594,200000,2745.605473593973,445.6054735939729,2300.0,200037,3882,5887,61.84
ADSCA_T25,25,8,20,20,21486,500000,2410.643027885696,210.64302788569603,2200.0,500028,9707,14628,1591.29
ADSCA_T25,25,9,20,0,21566,500000,2636.8408544011268,336.84085440112676,2300.0,500035,9743,12835,117.59
ADSCA_T25,25,9,20,3,21569,500000,2637.2982238950485,337.2982238950485,2300.0,500005,9726,13655,107.62
ADSCA_T25,25,8,20,21,21487,500000,2357.9992943689986,157.99929436899856,2200.0,500019,9654,17269,1676.24
ADSCA_T25,25,9,20,2,21568,500000,2636.6419539694716,336.6419539694716,2300.0,500034,9702,14884,153.1
ADSCA_T25,25,9,20,1,21567,500000,2637.13840683782,337.1384068378202,2300.0,500029,9748,12579,165.07
ADSCA_T25,25,9,20,6,21572,500000,2636.521963671924,336.5219636719239,2300.0,500004,9731,13404,135.01
ADSCA_T25,25,9,20,5,21571,500000,2636.2397350579986,336.2397350579986,2300.0,500019,9700,14969,147.15
ADSCA_T25,25,9,20,4,21570,500000,2636.725467218251,336.7254672182512,2300.0,500011,9725,13711,153.2
ADSCA_T25,25,9,20,7,21573,500000,2637.113115042996,337.113115042996,2300.0,500042,9746,12692,137.77
ADSCA_T25,25,9,20,11,21577,500000,2637.3879893229773,337.3879893229773,2300.0,500049,9758,12099,132.66
ADSCA_T25,25,9,20,10,21576,500000,2637.0138536735576,337.0138536735576,2300.0,500006,9721,13906,140.8
ADSCA_T25,25,9,20,9,21575,500000,2636.919194022637,336.91919402263693,2300.0,500002,9741,12902,154.65
ADSCA_T25,25,9,20,12,21578,500000,2636.611442665392,336.61144266539213,2300.0,500009,9705,14709,145.21
ADSCA_T25,25,9,20,8,21574,500000,2636.036342619082,336.036342619082,2300.0,500005,9680,15955,175.25
ADSCA_T25,25,9,20,14,21580,500000,2636.593026438556,336.5930264385561,2300.0,500039,9721,13939,106.94
ADSCA_T25,25,9,20,21,21587,500000,2300.000000000001,9.094947017729282e-13,2300.0,500028,9677,16128,90.83
ADSCA_T25,25,9,20,13,21579,500000,2636.768732197678,336.7687321976782,2300.0,500028,9738,13078,153.71
ADSCA_T25,25,9,20,16,21582,500000,2636.5887248854456,336.5887248854456,2300.0,500035,9702,14885,113.28
ADSCA_T25,25,9,20,19,21585,500000,2636.889071246089,336.88907124608886,2300.0,500022,9731,13422,109.55
ADSCA_T25,25,9,20,15,21581,500000,2636.7340758540477,336.73407585404766,2300.0,500047,9692,15397,144.05
ADSCA_T25,25,9,20,22,21588,500000,2636.2310624181982,336.23106241819823,2300.0,500026,9686,15676,131.36
ADSCA_T25,25,9,20,17,21583,500000,2636.0854554082807,336.0854554082807,2300.0,500009,9713,14309,154.36
ADSCA_T25,25,9,20,25,21591,500000,2637.5658805291614,337.5658805291614,2300.0,500040,9739,13040,118.69
ADSCA_T25,25,10,10,1,11667,200000,2632.2227280324637,232.2227280324637,2400.0,200019,3854,7269,57.31
ADSCA_T25,25,9,20,18,21584,500000,2636.541736893372,336.5417368933722,2300.0,500039,9695,15239,169.89
ADSCA_T25,25,10,10,0,11666,200000,2634.7189261896724,234.7189261896724,2400.0,200032,3857,7132,63.87
ADSCA_T25,25,9,20,23,21589,500000,2636.5710717340894,336.5710717340894,2300.0,500009,9721,13909,154.43
ADSCA_T25,25,9,20,20,21586,500000,2636.3039733682826,336.30397336828264,2300.0,500034,9689,15534,178.89
ADSCA_T25,25,10,10,4,11670,200000,2783.589086313818,383.5890863138179,2400.0,200037,3852,7387,35.17
ADSCA_T25,25,10,10,2,11668,200000,2768.779878183897,368.7798781838969,2400.0,200047,3852,7397,55.61
ADSCA_T25,25,9,20,24,21590,500000,2637.3225606148762,337.32256061487624,2300.0,500043,9753,12343,157.3
ADSCA_T25,25,9,20,27,21593,500000,2637.0537614335008,337.05376143350077,2300.0,500006,9738,13056,131.11
ADSCA_T25,25,9,20,26,21592,500000,2637.5202729145667,337.5202729145667,2300.0,500007,9735,13207,144.03
ADSCA_T25,25,10,10,3,11669,200000,2632.6890283564517,232.68902835645167,2400.0,200030,3861,6930,47.49
ADSCA_T25,25,9,20,28,21594,500000,2636.6607293611073,336.6607293611073,2300.0,500020,9716,14170,107.76
ADSCA_T25,25,10,10,9,11675,200000,2626.217041956919,226.21704195691882,2400.0,200031,3858,7081,32.36
ADSCA_T25,25,10,10,7,11673,200000,2629.2227205686195,229.22272056861948,2400.0,200039,3860,6989,45.12
ADSCA_T25,25,9,20,29,21595,500000,2637.478944401544,337.47894440154414,2300.0,500032,9726,13682,122.76
ADSCA_T25,25,10,10,12,11678,200000,2637.8938944617585,237.89389446175846,2400.0,200010,3858,7060,33.33
ADSCA_T25,25,10,10,6,11672,200000,2632.439027526225,232.4390275262249,2400.0,200026,3857,7126,60.42
ADSCA_T25,25,10,10,14,11680,200000,2758.594670631775,358.594670631775,2400.0,200038,3854,7288,40.54
ADSCA_T25,25,10,10,11,11677,200000,3474.547929132267,1074.5479291322672,2400.0,200049,3859,7049,50.81
ADSCA_T25,25,10,10,5,11671,200000,2756.8548282314073,356.8548282314073,2400.0,200008,3851,7408,71.1
ADSCA_T25,25,10,10,8,11674,200000,2627.563287062794,227.5632870627942,2400.0,200036,3859,7036,69.52
ADSCA_T25,25,10,10,10,11676,200000,2630.2119668430246,230.21196684302458,2400.0,200018,3856,7168,57.36
ADSCA_T25,25,10,10,15,11681,200000,2866.6900778374984,466.6900778374984,2400.0,200033,3859,7033,50.96
ADSCA_T25,25,10,10,21,11687,200000,2744.036781514344,344.03678151434406,2400.0,200007,3852,7357,25.53
ADSCA_T25,25,10,10,13,11679,200000,2624.1234259867015,224.12342598670148,2400.0,200011,3859,7011,62.76
ADSCA_T25,25,10,10,16,11682,200000,2622.063008494833,222.06300849483296,2400.0,200038,3861,6938,58.35
ADSCA_T25,25,10,10,18,11684,200000,2746.305149642815,346.3051496428152,2400.0,200033,3853,7333,52.59
ADSCA_T25,25,10,10,26,11692,200000,2740.679579803872,340.679579803872,2400.0,200015,3853,7315,28.76
ADSCA_T25,25,10,10,17,11683,200000,2799.0771286731765,399.0771286731765,2400.0,200043,3854,7293,65.84
ADSCA_T25,25,10,10,19,11685,200000,2636.816362930606,236.81636293060592,2400.0,200050,3855,7250,63.62
ADSCA_T25,25,10,10,23,11689,200000,2625.387454742492,225.38745474249208,2400.0,200012,3858,7062,47.05
ADSCA_T25,25,10,10,22,11688,200000,2627.038585136636,227.0385851366359,2400.0,200042,3867,6642,55.16
ADSCA_T25,25,10,10,27,11693,200000,2766.016736682373,366.016736682373,2400.0,200031,3853,7331,54.93
ADSCA_T25,25,10,10,24,11690,200000,2648.451611282418,248.45161128241807,2400.0,200020,3852,7370,60.24
ADSCA_T25,25,10,10,20,11686,200000,2639.5194199637317,239.5194199637317,2400.0,200030,3854,7280,77.19
ADSCA_T25,25,10,10,29,11695,200000,2627.262199199607,227.26219919960704,2400.0,200023,3871,6423,51.5
ADSCA_T25,25,10,10,28,11694,200000,2620.1270786752048,220.12707867520476,2400.0,200034,3862,6884,58.49
ADSCA_T25,25,10,10,25,11691,200000,2626.1539833008537,226.15398330085372,2400.0,200001,3854,7251,71.27
ADSCA_T25,25,10,20,3,21669,500000,2840.4367340600807,440.43673406008065,2400.0,500006,9636,18156,94.98
ADSCA_T25,25,10,20,7,21673,500000,5768.75495150401,3368.75495150401,2400.0,500046,9630,18496,93.35
ADSCA_T25,25,10,20,1,21667,500000,5046.91309601104,2646.9130960110397,2400.0,500001,9647,17601,130.64
ADSCA_T25,25,10,20,10,21676,500000,5479.331708789972,3079.3317087899723,2400.0,500002,9627,18602,89.86
ADSCA_T25,25,10,20,8,21674,500000,2826.3579220577394,426.3579220577394,2400.0,500022,9642,17872,93.71
ADSCA_T25,25,10,20,2,21668,500000,4436.618498816563,2036.6184988165633,2400.0,500047,9641,17947,128.83
ADSCA_T25,25,10,20,5,21671,500000,5480.668029287968,3080.6680292879682,2400.0,500008,9627,18608,118.44
ADSCA_T25,25,10,20,4,21670,500000,5679.69426593539,3279.69426593539,2400.0,500027,9630,18477,126.88
ADSCA_T25,25,10,20,9,21675,500000,4026.717303591274,1626.7173035912738,2400.0,500005,9630,18455,104.8
ADSCA_T25,25,10,20,0,21666,500000,5353.446513478408,2953.4465134784077,2400.0,500039,9629,18539,162.94
ADSCA_T25,25,10,20,6,21672,500000,2813.6001960237486,413.6001960237486,2400.0,500005,9650,17455,142.67
ADSCA_T25,25,10,20,11,21677,500000,4350.7227317042,1950.7227317041998,2400.0,500020,9635,18220,124.61
ADSCA_T25,25,10,20,12,21678,500000,2821.9383297996533,421.9383297996533,2400.0,500001,9638,18051,123.34
ADSCA_T25,25,10,20,13,21679,500000,5003.04403019928,2603.0440301992803,2400.0,500019,9630,18469,150.54
ADSCA_T25,25,10,20,16,21682,500000,3113.855800042005,713.8558000420048,2400.0,500026,9650,17476,93.91
ADSCA_T25,25,10,20,14,21680,500000,4895.919859101701,2495.919859101701,2400.0,500048,9632,18398,124.93
ADSCA_T25,25,10,20,22,21688,500000,2835.1160823800815,435.1160823800815,2400.0,500031,9638,18081,103.46
ADSCA_T25,25,10,20,20,21686,500000,4922.989814069762,2522.9898140697624,2400.0,500019,9630,18469,112.97
ADSCA_T25,25,10,20,18,21684,500000,5510.065996547316,3110.065996547316,2400.0,500024,9638,18074,118.29
ADSCA_T25,25,10,20,17,21683,500000,5745.641595218749,3345.641595218749,2400.0,500040,9642,17890,136.09
ADSCA_T25,25,10,20,15,21681,500000,4727.844997247994,2327.844997247994,2400.0,500015,9630,18465,155.22
ADSCA_T25,25,10,20,21,21687,500000,5020.724673874303,2620.7246738743033,2400.0,500019,9628,18569,137.63
ADSCA_T25,25,10,20,26,21692,500000,4216.605291948072,1816.6052919480717,2400.0,500047,9637,18147,118.45
ADSCA_T25,25,10,20,25,21691,500000,4402.212165004837,2002.2121650048366,2400.0,500021,9630,18471,127.65
ADSCA_T25,25,10,20,19,21685,500000,4966.317809021375,2566.317809021375,2400.0,500024,9635,18224,163.78
ADSCA_T25,25,10,20,23,21689,500000,2820.7760078077354,420.77600780773537,2400.0,500034,9641,17934,146.83
ADSCA_T25,25,11,10,0,11766,200000,2600.0000000000005,4.547473508864641e-13,2600.0,200053,3858,7103,74.19
ADSCA_T25,25,10,20,24,21690,500000,5081.4011503156,2681.4011503156,2400.0,500014,9633,18314,158.83
ADSCA_T25,25,11,10,2,11768,200000,2600.0000000000005,4.547473508864641e-13,2600.0,200024,3853,7324,81.3
ADSCA_T25,25,11,10,1,11767,200000,2600.0000000000005,4.547473508864641e-13,2600.0,200041,3870,6491,84.48
ADSCA_T25,25,11,10,6,11772,200000,2600.0000000000005,4.547473508864641e-13,2600.0,200037,3864,6787,58.64
ADSCA_T25,25,11,10,4,11770,200000,3477.2946040012134,877.2946040012134,2600.0,200015,3851,7415,74.74
ADSCA_T25,25,10,20,27,21693,500000,4899.218052215557,2499.218052215557,2400.0,500033,9628,18583,148.94
ADSCA_T25,25,11,10,3,11769,200000,2622.859248295285,22.859248295284942,2600.0,200039,3859,7039,89.22
ADSCA_T25,25,11,10,5,11771,200000,2600.0000000000005,4.547473508864641e-13,2600.0,200000,3857,7100,81.35
ADSCA_T25,25,10,20,28,21694,500000,4789.981319835586,2389.981319835586,2400.0,500032,9635,18232,146.99
ADSCA_T25,25,11,10,9,11775,200000,2623.680009878332,23.68000987833193,2600.0,200030,3854,7280,67.9
ADSCA_T25,25,11,10,7,11773,200000,2600.000000000001,9.094947017729282e-13,2600.0,200001,3858,7051,82.24
ADSCA_T25,25,11,10,8,11774,200000,2600.0000000000005,4.547473508864641e-13,2600.0,200002,3856,7152,79.21
ADSCA_T25,25,10,20,29,21695,500000,4919.974288947949,2519.9742889479494,2400.0,500050,9650,17500,154.09
ADSCA_T25,25,11,10,13,11779,200000,2600.0000000000005,4.547473508864641e-13,2600.0,200037,3858,7087,72.39
ADSCA_T25,25,11,10,10,11776,200000,2600.0000000000005,4.547473508864641e-13,2600.0,200021,3861,6921,94.12
ADSCA_T25,25,11,10,12,11778,200000,2600.0000000000005,4.547473508864641e-13,2600.0,200008,3858,7058,86.21
ADSCA_T25,25,11,10,18,11784,200000,2600.0000000000005,4.547473508864641e-13,2600.0,200026,3854,7276,68.61
ADSCA_T25,25,11,10,11,11777,200000,2600.0000000000005,4.547473508864641e-13,2600.0,200009,3854,7259,107.19
ADSCA_T25,25,11,10,14,11780,200000,2600.0000000000005,4.547473508864641e-13,2600.0,200030,3856,7180,83.56
ADSCA_T25,25,11,10,19,11785,200000,2600.0000000000005,4.547473508864641e-13,2600.0,200023,3859,7023,64.72
ADSCA_T25,25,11,10,17,11783,200000,2600.0000000000005,4.547473508864641e-13,2600.0,200050,3859,7050,79.38
ADSCA_T25,25,11,10,22,11788,200000,2600.000000000001,9.094947017729282e-13,2600.0,200039,3860,6989,57.4
ADSCA_T25,25,11,10,16,11782,200000,2600.0000000000005,4.547473508864641e-13,2600.0,200043,3859,7043,92.3
ADSCA_T25,25,11,10,15,11781,200000,2600.0000000000005,4.547473508864641e-13,2600.0,200004,3858,7054,105.37
ADSCA_T25,25,11,10,21,11787,200000,2617.394645425255,17.39464542525502,2600.0,200030,3860,6980,83.42
ADSCA_T25,25,11,10,20,11786,200000,2621.479681870397,21.479681870397144,2600.0,200001,3859,7001,95.66
ADSCA_T25,25,11,10,23,11789,200000,2600.0000000000005,4.547473508864641e-13,2600.0,200002,3859,7002,86.28
ADSCA_T25,25,11,10,24,11790,200000,2600.0000000000005,4.547473508864641e-13,2600.0,200040,3864,6790,72.4
ADSCA_T25,25,11,10,28,11794,200000,2600.0000000000005,4.547473508864641e-13,2600.0,200039,3863,6839,57.46
ADSCA_T25,25,11,10,27,11793,200000,2622.9744489377126,22.974448937712623,2600.0,200013,3851,7413,65.79
ADSCA_T25,25,11,10,29,11795,200000,2600.0000000000005,4.547473508864641e-13,2600.0,200026,3858,7076,67.61
ADSCA_T25,25,11,10,25,11791,200000,2600.0000000000005,4.547473508864641e-13,2600.0,200009,3856,7159,100.73
ADSCA_T25,25,11,10,26,11792,200000,2600.0000000000005,4.547473508864641e-13,2600.0,200042,3855,7242,104.4
ADSCA_T25,25,11,20,3,21769,500000,2600.0000000000014,1.3642420526593924e-12,2600.0,500007,9661,16907,186.75
ADSCA_T25,25,11,20,4,21770,500000,2600.000000000001,9.094947017729282e-13,2600.0,500028,9648,17578,193.34
ADSCA_T25,25,11,20,2,21768,500000,2600.000000000001,9.094947017729282e-13,2600.0,500034,9673,16334,218.37
ADSCA_T25,25,11,20,7,21773,500000,2600.000000000001,9.094947017729282e-13,2600.0,500029,9658,17079,183.34
ADSCA_T25,25,11,20,10,21776,500000,2600.0000000000014,1.3642420526593924e-12,2600.0,500024,9685,15724,167.09
ADSCA_T25,25,11,20,5,21771,500000,2600.0000000000014,1.3642420526593924e-12,2600.0,500022,9663,16822,203.05
ADSCA_T25,25,11,20,6,21772,500000,2600.000000000001,9.094947017729282e-13,2600.0,500048,9677,16148,198.22
ADSCA_T25,25,11,20,8,21774,500000,2600.0000000000014,1.3642420526593924e-12,2600.0,500002,9641,17902,191.4
ADSCA_T25,25,11,20,11,21777,500000,2600.000000000001,9.094947017729282e-13,2600.0,500022,9646,17672,179.73
ADSCA_T25,25,11,20,0,21766,500000,2600.000000000001,9.094947017729282e-13,2600.0,500031,9658,17081,251.76
ADSCA_T25,25,8,20,23,21489,500000,2419.867984011054,219.86798401105398,2200.0,500002,9689,15502,1445.01
ADSCA_T25,25,11,20,1,21767,500000,2600.000000000001,9.094947017729282e-13,2600.0,500015,9663,16815,254.89
ADSCA_T25,25,11,20,12,21778,500000,2600.000000000001,9.094947017729282e-13,2600.0,500007,9664,16757,192.18
ADSCA_T25,25,11,20,9,21775,500000,2600.000000000001,9.094947017729282e-13,2600.0,500002,9651,17402,247.65
ADSCA_T25,25,11,20,13,21779,500000,2600.000000000001,9.094947017729282e-13,2600.0,500031,9661,16931,250.29
ADSCA_T25,25,11,20,17,21783,500000,2600.000000000001,9.094947017729282e-13,2600.0,500033,9682,15883,153.38
ADSCA_T25,25,11,20,20,21786,500000,2600.0000000000014,1.3642420526593924e-12,2600.0,500026,9642,17876,157.41
ADSCA_T25,25,8,20,22,21488,500000,2396.0655986682086,196.06559866820862,2200.0,500022,9679,16022,1632.92
ADSCA_T25,25,11,20,21,21787,500000,2600.0000000000014,1.3642420526593924e-12,2600.0,500022,9677,16122,167.59
ADSCA_T25,25,11,20,18,21784,500000,2600.000000000001,9.094947017729282e-13,2600.0,500031,9660,16981,191.32
ADSCA_T25,25,11,20,26,21792,500000,2600.000000000002,1.8189894035458565e-12,2600.0,500009,9696,15159,147.9
ADSCA_T25,25,11,20,14,21780,500000,2600.000000000001,9.094947017729282e-13,2600.0,500032,9648,17582,238.75
ADSCA_T25,25,11,20,15,21781,500000,2600.0000000000014,1.3642420526593924e-12,2600.0,500018,9656,17168,227.25
ADSCA_T25,25,11,20,27,21793,500000,2600.000000000001,9.094947017729282e-13,2600.0,500005,9643,17805,151.3
ADSCA_T25,25,8,20,25,21491,500000,2419.566910113437,219.5669101134372,2200.0,500041,9720,13991,1543.12
ADSCA_T25,25,11,20,16,21782,500000,2600.0000000000014,1.3642420526593924e-12,2600.0,500004,9664,16754,241.3
ADSCA_T25,25,8,20,24,21490,500000,2448.2028154037916,248.20281540379165,2200.0,500018,9674,16268,1568.75
ADSCA_T25,25,11,20,22,21788,500000,2600.000000000001,9.094947017729282e-13,2600.0,500034,9658,17084,225.28
ADSCA_T25,25,11,20,23,21789,500000,2600.000000000001,9.094947017729282e-13,2600.0,500014,9662,16864,220.21
ADSCA_T25,25,8,20,29,21495,500000,2625.4928736957136,425.49287369571357,2200.0,500039,9717,14139,1532.09
ADSCA_T25,25,8,20,27,21493,500000,2343.1925014152407,143.1925014152407,2200.0,500020,9649,17520,1545.14
ADSCA_T25,25,12,10,0,11866,200000,2872.2033190547763,172.20331905477633,2700.0,200033,3851,7433,85.54
ADSCA_T25,25,12,10,1,11867,200000,2866.460357190422,166.4603571904222,2700.0,200046,3853,7346,85.73
ADSCA_T25,25,12,10,2,11868,200000,2906.1307519114207,206.1307519114207,2700.0,200016,3859,7016,85.0
ADSCA_T25,25,11,20,19,21785,500000,2600.000000000001,9.094947017729282e-13,2600.0,500015,9642,17865,260.35
ADSCA_T25,25,8,20,28,21494,500000,2299.8058405560364,99.8058405560364,2200.0,500004,9646,17654,1554.31
ADSCA_T25,25,11,20,25,21791,500000,2600.0000000000014,1.3642420526593924e-12,2600.0,500044,9655,17244,238.96
ADSCA_T25,25,11,20,24,21790,500000,2600.000000000001,9.094947017729282e-13,2600.0,500009,9649,17509,247.99
ADSCA_T25,25,8,20,26,21492,500000,2441.1341757135588,241.13417571355876,2200.0,500011,9705,14711,1589.34
ADSCA_T25,25,12,10,3,11869,200000,3021.883989227422,321.8839892274218,2700.0,200024,3871,6424,102.6
ADSCA_T25,25,12,10,4,11870,200000,2866.609564532682,166.60956453268182,2700.0,200047,3854,7297,98.83
ADSCA_T25,25,12,10,12,11878,200000,2892.4701550344084,192.47015503440844,2700.0,200047,3855,7247,66.43
ADSCA_T25,25,12,10,10,11876,200000,2917.0776482327105,217.07764823271054,2700.0,200016,3851,7416,78.25
ADSCA_T25,25,12,10,16,11882,200000,2879.563633832247,179.56363383224698,2700.0,200007,3855,7207,58.11
ADSCA_T25,25,12,10,7,11873,200000,2920.2210835341907,220.2210835341907,2700.0,200025,3855,7225,89.0
ADSCA_T25,25,12,10,13,11879,200000,2892.003132189439,192.00313218943893,2700.0,200004,3866,6654,69.01
ADSCA_T25,25,12,10,20,11886,200000,2866.584054618367,166.5840546183672,2700.0,200025,3852,7375,47.52
ADSCA_T25,25,11,20,28,21794,500000,2600.0000000000014,1.3642420526593924e-12,2600.0,500029,9655,17229,204.39
ADSCA_T25,25,12,10,6,11872,200000,2911.7885782850162,211.78857828501623,2700.0,200049,3850,7499,105.02
ADSCA_T25,25,12,10,5,11871,200000,2879.9590378894854,179.95903788948544,2700.0,200032,3850,7482,113.74
ADSCA_T25,25,11,20,29,21795,500000,2600.000000000001,9.094947017729282e-13,2600.0,500022,9656,17172,178.48
ADSCA_T25,25,12,10,8,11874,200000,2878.722891649995,178.72289164999484,2700.0,200032,3870,6482,110.38
ADSCA_T25,25,12,10,17,11883,200000,2952.861284879523,252.86128487952283,2700.0,200012,3855,7212,77.92
ADSCA_T25,25,12,10,9,11875,200000,2986.4999981181727,286.4999981181727,2700.0,200043,3856,7193,108.02
ADSCA_T25,25,12,10,11,11877,200000,3046.5718850705166,346.5718850705166,2700.0,200018,3858,7068,101.89
ADSCA_T25,25,12,10,15,11881,200000,2871.869546575092,171.86954657509204,2700.0,200039,3853,7339,99.89
ADSCA_T25,25,12,10,14,11880,200000,2874.3562611101456,174.35626111014562,2700.0,200019,3853,7319,110.28
ADSCA_T25,25,12,10,18,11884,200000,2887.6748136402725,187.67481364027253,2700.0,200029,3851,7429,99.75
ADSCA_T25,25,12,10,23,11889,200000,2940.3351054941645,240.3351054941645,2700.0,200047,3851,7447,77.28
ADSCA_T25,25,12,10,21,11887,200000,3117.801428459357,417.8014284593569,2700.0,200016,3851,7416,93.36
ADSCA_T25,25,12,10,19,11885,200000,2881.9728541096833,181.97285410968334,2700.0,200008,3863,6808,111.22
ADSCA_T25,25,12,10,22,11888,200000,2876.3032672942973,176.30326729429726,2700.0,200003,3850,7453,97.56
ADSCA_T25,25,12,10,24,11890,200000,2866.6874636833977,166.6874636833977,2700.0,200051,3861,6951,95.3
ADSCA_T25,25,12,10,26,11892,200000,2907.83706286392,207.83706286391998,2700.0,200031,3864,6781,83.2
ADSCA_T25,25,12,10,25,11891,200000,2952.1319607069136,252.13196070691356,2700.0,200017,3855,7217,92.33
ADSCA_T25,25,12,10,29,11895,200000,3057.5722085841453,357.5722085841453,2700.0,200040,3852,7390,99.43
ADSCA_T25,25,12,10,28,11894,200000,2872.4492906037112,172.44929060371123,2700.0,200031,3854,7281,105.93
ADSCA_T25,25,12,10,27,11893,200000,2899.7358314958105,199.73583149581054,2700.0,200001,3849,7501,110.02
ADSCA_T25,25,12,20,2,21868,500000,3106.6908676885196,406.6908676885196,2700.0,500004,9642,17854,184.22
ADSCA_T25,25,12,20,3,21869,500000,3081.489589188794,381.48958918879407,2700.0,500005,9634,18255,204.74
ADSCA_T25,25,12,20,13,21879,500000,3036.1076363584834,336.10763635848343,2700.0,500025,9633,18325,165.13
ADSCA_T25,25,12,20,6,21872,500000,3234.7006320383857,534.7006320383857,2700.0,500036,9630,18486,208.59
ADSCA_T25,25,12,20,15,21881,500000,3319.9211504191044,619.9211504191044,2700.0,500019,9624,18769,163.15
ADSCA_T25,25,12,20,1,21867,500000,3221.1396576652487,521.1396576652487,2700.0,500035,9637,18135,254.11
ADSCA_T25,25,12,20,0,21866,500000,3085.622461372609,385.622461372609,2700.0,500034,9638,18084,259.12
ADSCA_T25,25,12,20,17,21883,500000,3106.8509353450186,406.85093534501857,2700.0,500032,9632,18382,181.03
ADSCA_T25,25,12,20,4,21870,500000,3124.624231856524,424.62423185652415,2700.0,500032,9632,18382,252.33
ADSCA_T25,25,12,20,5,21871,500000,3258.3289917244656,558.3289917244656,2700.0,500029,9629,18529,246.15
ADSCA_T50,50,1,10,1,10767,200000,300.0000000000001,1.1368683772161603e-13,300.0,200004,3934,3254,3.54
ADSCA_T50,50,1,10,0,10766,200000,300.0,0.0,300.0,200045,3937,3145,10.6
ADSCA_T50,50,1,10,2,10768,200000,300.00000000000006,5.684341886080802e-14,300.0,200021,3944,2771,3.51
ADSCA_T25,25,12,20,10,21876,500000,3081.1107742952086,381.11077429520856,2700.0,500019,9636,18169,234.32
ADSCA_T25,25,12,20,18,21884,500000,3008.47538050438,308.47538050438015,2700.0,500016,9629,18516,189.39
ADSCA_T25,25,12,20,12,21878,500000,2991.1377794221526,291.13777942215256,2700.0,500028,9634,18278,224.88
ADSCA_T50,50,1,10,4,10770,200000,300.00000000000006,5.684341886080802e-14,300.0,200013,3941,2913,3.49
ADSCA_T50,50,1,10,6,10772,200000,300.00000000000006,5.684341886080802e-14,300.0,200017,3940,2967,3.48
ADSCA_T50,50,1,10,3,10769,200000,300.0,0.0,300.0,200047,3946,2697,8.42
ADSCA_T50,50,1,10,8,10774,200000,300.00000000000006,5.684341886080802e-14,300.0,200010,3941,2910,3.52
ADSCA_T50,50,1,10,5,10771,200000,300.00000000000006,5.684341886080802e-14,300.0,200001,3949,2501,6.98
ADSCA_T50,50,1,10,9,10775,200000,300.00000000000006,5.684341886080802e-14,300.0,200009,3944,2759,3.47
ADSCA_T50,50,1,10,10,10776,200000,300.00000000000006,5.684341886080802e-14,300.0,200050,3943,2850,4.84
ADSCA_T50,50,1,10,12,10778,200000,300.00000000000006,5.684341886080802e-14,300.0,200000,3944,2750,3.43
ADSCA_T50,50,1,10,13,10779,200000,300.00000000000006,5.684341886080802e-14,300.0,200024,3941,2924,3.44
ADSCA_T50,50,1,10,7,10773,200000,300.00000000000006,5.684341886080802e-14,300.0,200024,3946,2674,9.99
ADSCA_T50,50,1,10,11,10777,200000,300.00000000000006,5.684341886080802e-14,300.0,200047,3958,2097,6.46
ADSCA_T50,50,1,10,14,10780,200000,300.0,0.0,300.0,200026,3946,2676,3.49
ADSCA_T25,25,12,20,7,21873,500000,3125.2267605345573,425.22676053455734,2700.0,500026,9626,18676,263.78
ADSCA_T50,50,1,10,16,10782,200000,300.00000000000006,5.684341886080802e-14,300.0,200009,3958,2059,3.42
ADSCA_T50,50,1,10,15,10781,200000,300.0,0.0,300.0,200032,3943,2832,5.89
ADSCA_T50,50,1,10,19,10785,200000,300.00000000000006,5.684341886080802e-14,300.0,200011,3935,3211,3.53
ADSCA_T25,25,12,20,16,21882,500000,3285.731024920038,585.7310249200382,2700.0,500031,9629,18531,221.14
ADSCA_T50,50,1,10,17,10783,200000,300.0,0.0,300.0,200009,3952,2359,7.93
ADSCA_T50,50,1,10,20,10786,200000,300.00000000000006,5.684341886080802e-14,300.0,200031,3941,2931,6.61
ADSCA_T50,50,1,10,23,10789,200000,300.00000000000006,5.684341886080802e-14,300.0,200037,3950,2487,3.49
ADSCA_T50,50,1,10,24,10790,200000,300.00000000000006,5.684341886080802e-14,300.0,200042,3946,2692,3.46
ADSCA_T50,50,1,10,18,10784,200000,300.00000000000006,5.684341886080802e-14,300.0,200039,3941,2939,10.9
ADSCA_T50,50,1,10,21,10787,200000,300.00000000000006,5.684341886080802e-14,300.0,200021,3947,2621,8.93
ADSCA_T50,50,1,10,27,10793,200000,300.00000000000006,5.684341886080802e-14,300.0,200028,3943,2828,3.52
ADSCA_T50,50,1,10,22,10788,200000,300.00000000000006,5.684341886080802e-14,300.0,200035,3946,2685,9.01
ADSCA_T50,50,1,10,25,10791,200000,300.00000000000006,5.684341886080802e-14,300.0,200029,3945,2729,8.46
ADSCA_T50,50,1,10,28,10794,200000,300.00000000000006,5.684341886080802e-14,300.0,200021,3949,2521,7.38
ADSCA_T50,50,1,10,29,10795,200000,300.0,0.0,300.0,200008,3934,3258,6.7
ADSCA_T25,25,12,20,11,21877,500000,3125.5103401977294,425.5103401977294,2700.0,500050,9630,18500,259.8
ADSCA_T50,50,1,10,26,10792,200000,300.00000000000006,5.684341886080802e-14,300.0,200006,3944,2756,12.32
ADSCA_T50,50,1,20,1,20767,500000,300.0000000000001,1.1368683772161603e-13,300.0,500005,9829,8505,9.02
ADSCA_T25,25,12,20,9,21875,500000,3091.466568292675,391.4665682926752,2700.0,500034,9644,17784,278.47
ADSCA_T25,25,12,20,8,21874,500000,3188.774983048848,488.77498304884784,2700.0,500044,9632,18394,284.38
ADSCA_T50,50,1,20,3,20769,500000,300.00000000000006,5.684341886080802e-14,300.0,500031,9836,8181,8.86
ADSCA_T50,50,1,20,2,20768,500000,300.00000000000017,1.7053025658242404e-13,300.0,500035,9832,8385,14.99
ADSCA_T50,50,1,20,0,20766,500000,300.0000000000001,1.1368683772161603e-13,300.0,500040,9841,7940,17.47
ADSCA_T25,25,12,20,21,21887,500000,3108.938643567705,408.9386435677052,2700.0,500041,9635,18241,210.8
ADSCA_T50,50,1,20,8,20774,500000,300.0000000000001,1.1368683772161603e-13,300.0,500032,9833,8332,14.38
ADSCA_T50,50,1,20,14,20780,500000,300.00000000000006,5.684341886080802e-14,300.0,500002,9829,8502,8.95
ADSCA_T50,50,1,20,5,20771,500000,300.0000000000001,1.1368683772161603e-13,300.0,500033,9833,8333,22.28
ADSCA_T50,50,1,20,7,20773,500000,300.0000000000001,1.1368683772161603e-13,300.0,500047,9831,8447,19.89
ADSCA_T50,50,1,20,10,20776,500000,300.0000000000001,1.1368683772161603e-13,300.0,500037,9834,8287,17.65
ADSCA_T50,50,1,20,6,20772,500000,300.00000000000006,5.684341886080802e-14,300.0,500032,9838,8082,23.41
ADSCA_T50,50,1,20,4,20770,500000,300.00000000000006,5.684341886080802e-14,300.0,500015,9833,8315,25.96
ADSCA_T25,25,12,20,14,21880,500000,3032.170540473552,332.17054047355214,2700.0,500012,9632,18362,270.61
ADSCA_T50,50,1,20,11,20777,500000,300.00000000000006,5.684341886080802e-14,300.0,500047,9832,8397,21.02
ADSCA_T50,50,1,20,16,20782,500000,300.0000000000001,1.1368683772161603e-13,300.0,500047,9834,8297,10.24
ADSCA_T50,50,1,20,15,20781,500000,300.0000000000001,1.1368683772161603e-13,300.0,500027,9835,8227,15.53
ADSCA_T50,50,1,20,9,20775,500000,300.0000000000001,1.1368683772161603e-13,300.0,500036,9833,8336,28.01
ADSCA_T25,25,12,20,20,21886,500000,3368.4192772821616,668.4192772821616,2700.0,500041,9641,17941,236.27
ADSCA_T50,50,1,20,12,20778,500000,300.0000000000001,1.1368683772161603e-13,300.0,500045,9835,8245,25.4
ADSCA_T50,50,1,20,13,20779,500000,300.0000000000001,1.1368683772161603e-13,300.0,500019,9835,8219,25.41
ADSCA_T50,50,1,20,17,20783,500000,300.0000000000001,1.1368683772161603e-13,300.0,500013,9831,8413,16.84
ADSCA_T50,50,1,20,19,20785,500000,300.0000000000001,1.1368683772161603e-13,300.0,500039,9828,8589,17.46
ADSCA_T50,50,1,20,24,20790,500000,300.00000000000006,5.684341886080802e-14,300.0,500047,9838,8097,9.33
ADSCA_T50,50,2,10,0,10866,200000,400.1873666621217,0.18736666212168984,400.0,200002,3933,3302,4.54
ADSCA_T50,50,1,20,21,20787,500000,300.0000000000001,1.1368683772161603e-13,300.0,500027,9843,7827,19.17
ADSCA_T50,50,2,10,2,10868,200000,488.8965488119682,88.89654881196822,400.0,200012,3959,2012,4.34
ADSCA_T50,50,2,10,3,10869,200000,406.94662227268486,6.946622272684863,400.0,200005,3976,1155,4.34
ADSCA_T50,50,1,20,18,20784,500000,300.0000000000001,1.1368683772161603e-13,300.0,500039,9834,8289,25.8
ADSCA_T50,50,1,20,22,20788,500000,300.0000000000001,1.1368683772161603e-13,300.0,500015,9829,8515,24.12
ADSCA_T50,50,2,10,5,10871,200000,483.87079575252784,83.87079575252784,400.0,200029,3958,2079,4.35
ADSCA_T50,50,2,10,1,10867,200000,404.8535693587001,4.853569358700099,400.0,200016,3944,2766,9.89
ADSCA_T50,50,1,20,27,20793,500000,300.00000000000006,5.684341886080802e-14,300.0,500002,9831,8402,16.65
ADSCA_T50,50,1,20,26,20792,500000,300.0000000000001,1.1368683772161603e-13,300.0,500039,9833,8339,17.37
ADSCA_T50,50,1,20,25,20791,500000,300.00000000000006,5.684341886080802e-14,300.0,500000,9830,8450,17.72
ADSCA_T50,50,2,10,9,10875,200000,440.3312094156434,40.3312094156434,400.0,200001,3966,1651,4.56
ADSCA_T50,50,1,20,20,20786,500000,300.00000000000006,5.684341886080802e-14,300.0,500030,9838,8080,30.59
ADSCA_T50,50,2,10,7,10873,200000,404.04689878903935,4.046898789039346,400.0,200001,3941,2901,6.62
ADSCA_T50,50,1,20,23,20789,500000,300.00000000000006,5.684341886080802e-14,300.0,500029,9828,8579,26.95
ADSCA_T50,50,2,10,12,10878,200000,405.3549531791727,5.354953179172696,400.0,200013,3956,2163,4.5
ADSCA_T50,50,1,20,29,20795,500000,300.0000000000001,1.1368683772161603e-13,300.0,500003,9834,8253,19.48
ADSCA_T50,50,2,10,4,10870,200000,400.21419142796543,0.21419142796543156,400.0,200004,3929,3504,12.52
ADSCA_T50,50,2,10,6,10872,200000,408.9161019277814,8.916101927781426,400.0,200021,3931,3421,9.15
ADSCA_T50,50,2,10,18,10884,200000,408.9161019277814,8.916101927781426,400.0,200035,3929,3535,4.37
ADSCA_T50,50,2,10,14,10880,200000,400.1138776848066,0.11387768480659588,400.0,200026,3929,3526,5.19
ADSCA_T50,50,2,10,16,10882,200000,408.91610192778745,8.916101927787452,400.0,200023,3946,2673,5.78
ADSCA_T50,50,2,10,13,10879,200000,471.5187251640491,71.5187251640491,400.0,200000,3946,2650,10.37
ADSCA_T50,50,2,10,20,10886,200000,439.3326985775918,39.33269857759183,400.0,200025,3972,1375,5.53
ADSCA_T50,50,2,10,8,10874,200000,466.38755006105913,66.38755006105913,400.0,200034,3957,2134,12.41
ADSCA_T50,50,2,10,11,10877,200000,400.346258501422,0.3462585014220281,400.0,200022,3930,3472,11.57
ADSCA_T50,50,1,20,28,20794,500000,300.00000000000006,5.684341886080802e-14,300.0,500026,9832,8376,27.15
ADSCA_T50,50,2,10,22,10888,200000,408.546590395224,8.546590395223973,400.0,200013,3973,1313,4.27
ADSCA_T50,50,2,10,10,10876,200000,400.0013938818226,0.001393881822593812,400.0,200036,3927,3636,15.35
ADSCA_T50,50,2,10,24,10890,200000,406.7577483154086,6.757748315408605,400.0,200045,3948,2595,5.1
ADSCA_T50,50,2,10,26,10892,200000,408.9161019277814,8.916101927781426,400.0,200024,3932,3374,5.79
ADSCA_T50,50,2,10,21,10887,200000,400.3936893737478,0.39368937374780444,400.0,200007,3946,2657,10.58
ADSCA_T50,50,2,10,15,10881,200000,408.4873059443243,8.487305944324305,400.0,200008,3969,1508,13.43
ADSCA_T50,50,2,10,19,10885,200000,408.91610192778137,8.91610192778137,400.0,200032,3929,3532,12.69
ADSCA_T50,50,2,10,17,10883,200000,408.9161019277988,8.91610192779882,400.0,200010,3941,2910,15.5
ADSCA_T50,50,2,10,23,10889,200000,408.9161019277815,8.916101927781483,400.0,200025,3929,3525,11.93
ADSCA_T50,50,2,10,25,10891,200000,400.36199496680564,0.36199496680563925,400.0,200001,3937,3101,10.8
ADSCA_T50,50,2,10,28,10894,200000,404.32643971474374,4.326439714743742,400.0,200046,3937,3146,11.32
ADSCA_T50,50,2,10,27,10893,200000,404.7189707467574,4.718970746757407,400.0,200000,3942,2850,12.97
ADSCA_T50,50,2,10,29,10895,200000,405.8672767638775,5.8672767638774985,400.0,200021,3941,2921,12.14
ADSCA_T50,50,2,20,2,20868,500000,449.0876598870001,49.087659887000086,400.0,500023,9868,6573,11.15
ADSCA_T50,50,2,20,8,20874,500000,473.2551195676063,73.2551195676063,400.0,500002,9849,7502,11.14
ADSCA_T50,50,2,20,0,20866,500000,449.0850442788768,49.08504427887681,400.0,500006,9854,7256,21.14
ADSCA_T50,50,2,20,3,20869,500000,455.1427846116676,55.142784611667594,400.0,500027,9891,5427,19.24
ADSCA_T50,50,2,20,1,20867,500000,449.08544210626945,49.085442106269454,400.0,500005,9861,6905,21.77
ADSCA_T25,25,12,20,25,21891,500000,3180.254466837671,480.25446683767086,2700.0,500038,9625,18738,162.04
ADSCA_T25,25,12,20,23,21889,500000,3130.385881315225,430.3858813152251,2700.0,500005,9629,18505,185.81
ADSCA_T50,50,2,20,4,20870,500000,449.08507535325583,49.08507535325583,400.0,500042,9851,7442,22.23
ADSCA_T25,25,12,20,19,21885,500000,3340.25354412082,640.2535441208202,2700.0,500017,9632,18367,298.64
ADSCA_T50,50,2,20,5,20871,500000,449.0877610346559,49.0877610346559,400.0,500026,9874,6276,24.86
ADSCA_T50,50,2,20,6,20872,500000,444.8954693495588,44.89546934955882,400.0,500031,9871,6431,25.26
ADSCA_T50,50,2,20,13,20879,500000,468.15643117118907,68.15643117118907,400.0,500038,9852,7388,17.39
ADSCA_T50,50,2,20,11,20877,500000,432.28452451372624,32.28452451372624,400.0,500021,9903,4821,24.71
ADSCA_T50,50,2,20,19,20885,500000,449.08454291898175,49.084542918981754,400.0,500036,9852,7386,11.24
ADSCA_T50,50,2,20,18,20884,500000,449.0861789971537,49.086178997153695,400.0,500047,9858,7097,13.29
ADSCA_T50,50,2,20,12,20878,500000,449.0913653065577,49.09136530655769,400.0,500008,9885,5708,26.68
ADSCA_T50,50,2,20,9,20875,500000,474.52249883674125,74.52249883674125,400.0,500022,9847,7622,31.99
ADSCA_T50,50,2,20,16,20882,500000,466.9107681403361,66.91076814033607,400.0,500001,9886,5651,18.28
ADSCA_T50,50,2,20,14,20880,500000,466.8968833644672,66.89688336446721,400.0,500035,9838,8085,22.91
ADSCA_T25,25,12,20,22,21888,500000,3298.3993774619075,598.3993774619075,2700.0,500006,9631,18406,226.24
ADSCA_T50,50,2,20,7,20873,500000,467.7436924737734,67.74369247377342,400.0,500010,9838,8060,35.96
ADSCA_T50,50,2,20,10,20876,500000,466.8692805750639,66.8692805750639,400.0,500038,9843,7838,36.62
ADSCA_T50,50,2,20,27,20893,500000,454.93238035269655,54.932380352696555,400.0,500033,9914,4283,11.06
ADSCA_T50,50,3,10,0,10966,200000,600.0,0.0,600.0,200002,3923,3802,8.17
ADSCA_T50,50,2,20,23,20889,500000,404.0314940655429,4.0314940655429155,400.0,500003,9856,7153,19.72
ADSCA_T50,50,2,20,15,20881,500000,449.10201665137873,49.10201665137873,400.0,500043,9889,5543,29.03
ADSCA_T50,50,2,20,17,20883,500000,449.65969210009746,49.65969210009746,400.0,500036,9929,3536,26.95
ADSCA_T50,50,2,20,21,20887,500000,449.0952062753072,49.09520627530719,400.0,500024,9887,5624,26.03
ADSCA_T50,50,3,10,2,10968,200000,600.0000000000001,1.1368683772161603e-13,600.0,200011,3923,3811,12.51
ADSCA_T50,50,3,10,1,10967,200000,600.0000000000001,1.1368683772161603e-13,600.0,200046,3923,3846,13.7
ADSCA_T50,50,2,20,24,20890,500000,449.08892561230346,49.088925612303456,400.0,500001,9878,6051,26.08
ADSCA_T50,50,2,20,26,20892,500000,449.1143142819943,49.114314281994325,400.0,500003,9892,5353,22.32
ADSCA_T50,50,2,20,20,20886,500000,466.0995314208092,66.09953142080923,400.0,500011,9884,5761,33.74
ADSCA_T50,50,3,10,3,10969,200000,600.0000000000001,1.1368683772161603e-13,600.0,200000,3922,3850,18.56
ADSCA_T50,50,2,20,28,20894,500000,449.08632043924604,49.08632043924604,400.0,500036,9861,6936,23.45
ADSCA_T50,50,2,20,22,20888,500000,449.09420112100344,49.09420112100344,400.0,500041,9882,5891,33.55
ADSCA_T50,50,3,10,11,10977,200000,600.0,0.0,600.0,200026,3923,3826,8.51
ADSCA_T50,50,3,10,4,10970,200000,600.0,0.0,600.0,200000,3922,3850,18.09
ADSCA_T50,50,3,10,8,10974,200000,600.0,0.0,600.0,200000,3922,3850,16.8
ADSCA_T50,50,3,10,12,10978,200000,600.0,0.0,600.0,200000,3922,3850,12.33
ADSCA_T50,50,3,10,5,10971,200000,600.0000000000001,1.1368683772161603e-13,600.0,200043,3924,3793,20.47
ADSCA_T50,50,3,10,17,10983,200000,600.0000000000001,1.1368683772161603e-13,600.0,200049,3924,3799,8.52
ADSCA_T50,50,3,10,7,10973,200000,600.0,0.0,600.0,200043,3923,3843,20.11
ADSCA_T50,50,3,10,18,10984,200000,600.0000000000001,1.1368683772161603e-13,600.0,200000,3923,3800,8.85
ADSCA_T50,50,2,20,25,20891,500000,449.0907178171524,49.09071781715238,400.0,500007,9880,5957,36.73
ADSCA_T50,50,2,20,29,20895,500000,449.0862228986944,49.086222898694416,400.0,500033,9869,6533,32.67
ADSCA_T50,50,3,10,10,10976,200000,600.0,0.0,600.0,200047,3924,3797,20.26
ADSCA_T50,50,3,10,6,10972,200000,600.0000000000001,1.1368683772161603e-13,600.0,200041,3923,3841,25.28
ADSCA_T50,50,3,10,13,10979,200000,600.0000000000001,1.1368683772161603e-13,600.0,200000,3922,3850,18.76
ADSCA_T50,50,3,10,14,10980,200000,600.0,0.0,600.0,200050,3923,3850,17.26
ADSCA_T50,50,3,10,15,10981,200000,600.0000000000001,1.1368683772161603e-13,600.0,200006,3923,3806,16.72
ADSCA_T50,50,3,10,9,10975,200000,600.0000000000001,1.1368683772161603e-13,600.0,200040,3923,3840,26.66
ADSCA_T50,50,3,10,24,10990,200000,600.0,0.0,600.0,200000,3922,3850,8.32
ADSCA_T50,50,3,10,20,10986,200000,600.0,0.0,600.0,200000,3923,3800,17.01
ADSCA_T50,50,3,10,16,10982,200000,600.0000000000001,1.1368683772161603e-13,600.0,200000,3923,3800,20.8
ADSCA_T50,50,3,10,26,10992,200000,600.0,0.0,600.0,200047,3923,3847,11.01
ADSCA_T50,50,3,10,21,10987,200000,600.0,0.0,600.0,200005,3923,3805,20.25
ADSCA_T50,50,3,10,29,10995,200000,600.0000000000001,1.1368683772161603e-13,600.0,200000,3922,3850,15.03
ADSCA_T25,25,12,20,29,21895,500000,3445.4246409146917,745.4246409146917,2700.0,500007,9632,18357,197.7
ADSCA_T50,50,3,10,25,10991,200000,600.0000000000001,1.1368683772161603e-13,600.0,200049,3923,3849,19.62
ADSCA_T50,50,3,10,23,10989,200000,600.0000000000001,1.1368683772161603e-13,600.0,200000,3923,3800,20.88
ADSCA_T50,50,3,10,19,10985,200000,600.0000000000001,1.1368683772161603e-13,600.0,200000,3922,3850,28.7
ADSCA_T50,50,3,10,22,10988,200000,600.0000000000001,1.1368683772161603e-13,600.0,200000,3922,3850,24.49
ADSCA_T50,50,3,10,27,10993,200000,600.0000000000001,1.1368683772161603e-13,600.0,200000,3922,3850,22.86
ADSCA_T50,50,3,20,2,20968,500000,600.0000000000001,1.1368683772161603e-13,600.0,500031,9809,9531,21.2
ADSCA_T50,50,3,10,28,10994,200000,600.0,0.0,600.0,200036,3923,3836,26.45
ADSCA_T50,50,3,20,5,20971,500000,600.0000000000001,1.1368683772161603e-13,600.0,500049,9809,9549,26.54
ADSCA_T50,50,3,20,8,20974,500000,600.0000000000001,1.1368683772161603e-13,600.0,500016,9808,9566,25.16
ADSCA_T50,50,3,20,10,20976,500000,600.0000000000001,1.1368683772161603e-13,600.0,500035,9808,9585,21.26
ADSCA_T50,50,3,20,1,20967,500000,600.0000000000001,1.1368683772161603e-13,600.0,500049,9808,9599,34.13
ADSCA_T25,25,12,20,26,21892,500000,3169.75709490926,469.7570949092601,2700.0,500041,9633,18341,246.68
ADSCA_T50,50,3,20,0,20966,500000,600.0000000000001,1.1368683772161603e-13,600.0,500001,9808,9551,38.88
ADSCA_T50,50,3,20,7,20973,500000,600.0000000000001,1.1368683772161603e-13,600.0,500046,9810,9496,37.39
ADSCA_T50,50,3,20,13,20979,500000,600.0000000000001,1.1368683772161603e-13,600.0,500001,9809,9501,30.04
ADSCA_T50,50,3,20,3,20969,500000,600.0000000000001,1.1368683772161603e-13,600.0,500015,9808,9565,45.25
ADSCA_T50,50,3,20,17,20983,500000,600.0000000000001,1.1368683772161603e-13,600.0,500048,9810,9498,28.26
ADSCA_T25,25,12,20,28,21894,500000,3104.6991845773673,404.6991845773673,2700.0,500031,9631,18431,238.15
ADSCA_T50,50,3,20,6,20972,500000,600.0000000000001,1.1368683772161603e-13,600.0,500015,9809,9515,46.47
ADSCA_T50,50,3,20,4,20970,500000,600.0000000000001,1.1368683772161603e-13,600.0,500050,9809,9550,53.47
ADSCA_T50,50,3,20,23,20989,500000,600.0000000000001,1.1368683772161603e-13,600.0,500047,9809,9547,20.9
ADSCA_T50,50,3,20,11,20977,500000,600.0000000000001,1.1368683772161603e-13,600.0,500017,9808,9567,42.38
ADSCA_T50,50,3,20,9,20975,500000,600.0000000000001,1.1368683772161603e-13,600.0,500049,9809,9549,45.06
ADSCA_T25,25,12,20,24,21890,500000,2989.0056469331776,289.00564693317756,2700.0,500041,9625,18741,283.89
ADSCA_T50,50,3,20,26,20992,500000,600.0000000000001,1.1368683772161603e-13,600.0,500050,9810,9500,21.21
ADSCA_T50,50,3,20,18,20984,500000,600.0000000000001,1.1368683772161603e-13,600.0,500001,9807,9601,44.72
ADSCA_T50,50,3,20,16,20982,500000,600.0000000000001,1.1368683772161603e-13,600.0,500049,9808,9599,48.59
ADSCA_T50,50,3,20,15,20981,500000,600.0000000000001,1.1368683772161603e-13,600.0,500025,9809,9525,53.95
ADSCA_T50,50,3,20,28,20994,500000,600.0000000000001,1.1368683772161603e-13,600.0,500048,9809,9548,20.76
ADSCA_T50,50,3,20,14,20980,500000,600.0000000000001,1.1368683772161603e-13,600.0,500033,9808,9583,55.95
ADSCA_T50,50,4,10,4,11070,200000,842.0,42.0,800.0,200036,3924,3786,16.47
ADSCA_T50,50,3,20,12,20978,500000,600.0000000000001,1.1368683772161603e-13,600.0,500047,9808,9597,61.44
ADSCA_T50,50,4,10,6,11072,200000,872.0,72.0,800.0,200000,3922,3850,12.26
ADSCA_T50,50,4,10,1,11067,200000,842.0,42.0,800.0,200000,3921,3900,23.46
ADSCA_T50,50,4,10,2,11068,200000,858.0,58.0,800.0,200050,3923,3850,24.54
ADSCA_T50,50,4,10,7,11073,200000,846.0,46.0,800.0,200003,3922,3853,12.3
ADSCA_T50,50,4,10,3,11069,200000,884.5,84.5,800.0,200000,3922,3850,26.3
ADSCA_T50,50,3,20,27,20993,500000,600.0000000000001,1.1368683772161603e-13,600.0,500003,9808,9553,38.72
ADSCA_T50,50,4,10,0,11066,200000,882.0,82.0,800.0,200007,3922,3857,33.48
ADSCA_T50,50,3,20,22,20988,500000,600.0000000000001,1.1368683772161603e-13,600.0,500029,9809,9529,52.77
ADSCA_T50,50,3,20,19,20985,500000,600.0000000000001,1.1368683772161603e-13,600.0,500003,9808,9553,58.77
ADSCA_T25,25,12,20,27,21893,500000,3052.457292664914,352.4572926649139,2700.0,500028,9629,18528,281.66
ADSCA_T50,50,4,10,14,11080,200000,852.0,52.0,800.0,200021,3924,3771,12.36
ADSCA_T50,50,3,20,25,20991,500000,600.0000000000001,1.1368683772161603e-13,600.0,500043,9809,9543,47.95
ADSCA_T50,50,4,10,8,11074,200000,862.0,62.0,800.0,200032,3923,3832,23.59
ADSCA_T50,50,4,10,17,11083,200000,834.0,34.0,800.0,200015,3923,3815,12.51
ADSCA_T50,50,4,10,5,11071,200000,842.0,42.0,800.0,200042,3923,3842,37.58
ADSCA_T50,50,3,20,20,20986,500000,600.0000000000001,1.1368683772161603e-13,600.0,500023,9810,9473,63.78
ADSCA_T50,50,3,20,21,20987,500000,600.0000000000001,1.1368683772161603e-13,600.0,500009,9809,9509,64.02
ADSCA_T50,50,4,10,11,11077,200000,848.0,48.0,800.0,200001,3922,3851,25.62
ADSCA_T50,50,3,20,24,20990,500000,600.0000000000001,1.1368683772161603e-13,600.0,500001,9809,9501,60.7
ADSCA_T50,50,4,10,9,11075,200000,832.0,32.0,800.0,200029,3923,3829,28.24
ADSCA_T50,50,4,10,10,11076,200000,846.0,46.0,800.0,200046,3923,3846,30.09
ADSCA_T50,50,4,10,12,11078,200000,858.0,58.0,800.0,200000,3923,3800,28.53
ADSCA_T50,50,4,10,24,11090,200000,922.5,122.5,800.0,200047,3922,3897,12.38
ADSCA_T50,50,4,10,19,11085,200000,894.0,94.0,800.0,200047,3923,3847,19.18
ADSCA_T50,50,4,10,27,11093,200000,916.0,116.0,800.0,200026,3922,3876,12.29
ADSCA_T50,50,4,10,28,11094,200000,830.0,30.0,800.0,200007,3922,3857,13.36
ADSCA_T50,50,4,10,16,11082,200000,856.0,56.0,800.0,200000,3922,3850,29.56
ADSCA_T50,50,4,10,15,11081,200000,860.5,60.5,800.0,200019,3923,3819,31.17
ADSCA_T50,50,4,10,23,11089,200000,852.0,52.0,800.0,200031,3922,3881,20.09
ADSCA_T50,50,3,20,29,20995,500000,600.0000000000001,1.1368683772161603e-13,600.0,500028,9808,9578,59.08
ADSCA_T50,50,4,10,13,11079,200000,838.0,38.0,800.0,200029,3923,3829,38.93
ADSCA_T50,50,4,10,26,11092,200000,862.0,62.0,800.0,200022,3922,3872,22.66
ADSCA_T50,50,4,10,29,11095,200000,830.0,30.0,800.0,200000,3922,3850,21.62
ADSCA_T50,50,4,10,21,11087,200000,846.0,46.0,800.0,200048,3924,3798,30.96
ADSCA_T50,50,4,10,20,11086,200000,828.0,28.0,800.0,200029,3923,3829,32.95
ADSCA_T50,50,4,10,18,11084,200000,852.0,52.0,800.0,200044,3923,3844,36.38
ADSCA_T50,50,4,10,25,11091,200000,844.0,44.0,800.0,200007,3922,3857,33.18
ADSCA_T50,50,4,10,22,11088,200000,856.0,56.0,800.0,200000,3922,3850,37.53
ADSCA_T50,50,4,20,0,21066,500000,1068.5,268.5,800.0,500046,9806,9696,41.57
ADSCA_T50,50,4,20,18,21084,500000,982.0,182.0,800.0,500040,9809,9540,31.78
ADSCA_T50,50,4,20,5,21071,500000,1032.0,232.0,800.0,500000,9805,9700,57.21
ADSCA_T50,50,4,20,13,21079,500000,1073.0,273.0,800.0,500019,9805,9719,49.83
ADSCA_T50,50,4,20,6,21072,500000,1079.0,279.0,800.0,500048,9806,9698,60.42
ADSCA_T50,50,4,20,7,21073,500000,1034.5,234.5,800.0,500022,9807,9622,59.91
ADSCA_T50,50,4,20,14,21080,500000,1041.0,241.0,800.0,500000,9805,9700,50.12
ADSCA_T50,50,4,20,10,21076,500000,1028.5,228.5,800.0,500007,9808,9557,55.27
ADSCA_T50,50,4,20,15,21081,500000,995.0,195.0,800.0,500047,9807,9647,53.8
ADSCA_T50,50,4,20,20,21086,500000,958.0,158.0,800.0,500024,9806,9674,44.8
ADSCA_T50,50,4,20,4,21070,500000,1070.0,270.0,800.0,500021,9806,9671,73.12
ADSCA_T50,50,4,20,9,21075,500000,984.0,184.0,800.0,500015,9806,9665,67.44
ADSCA_T50,50,4,20,22,21088,500000,990.0,190.0,800.0,500035,9807,9635,36.52
ADSCA_T50,50,5,10,1,11167,200000,900.0895282504176,0.08952825041762935,900.0,200016,3923,3816,6.39
ADSCA_T50,50,4,20,19,21085,500000,1049.0,249.0,800.0,500045,9806,9695,61.41
ADSCA_T50,50,4,20,3,21069,500000,1081.0,281.0,800.0,500006,9806,9656,82.3
ADSCA_T50,50,5,10,4,11170,200000,900.4543240187065,0.4543240187065294,900.0,200001,3925,3701,6.69
ADSCA_T50,50,4,20,8,21074,500000,962.5,162.5,800.0,500004,9806,9654,77.2
ADSCA_T50,50,4,20,1,21067,500000,1074.0,274.0,800.0,500026,9805,9726,84.85
ADSCA_T50,50,5,10,0,11166,200000,900.000000000003,2.9558577807620168e-12,900.0,200000,3924,3750,15.86
ADSCA_T50,50,5,10,5,11171,200000,900.7229087698541,0.7229087698541434,900.0,200001,3923,3801,8.19
ADSCA_T50,50,5,10,2,11168,200000,900.9086480379772,0.9086480379771729,900.0,200002,3926,3652,12.54
ADSCA_T50,50,5,10,3,11169,200000,900.0000000000015,1.4779288903810084e-12,900.0,200000,3923,3800,14.87
ADSCA_T50,50,4,20,21,21087,500000,1035.0,235.0,800.0,500000,9805,9700,65.97
ADSCA_T50,50,4,20,12,21078,500000,1014.5,214.5,800.0,500000,9806,9650,82.21
ADSCA_T50,50,5,10,13,11179,200000,900.6333805195659,0.6333805195658897,900.0,200036,3924,3786,6.33
ADSCA_T50,50,4,20,2,21068,500000,1000.5,200.5,800.0,500000,9806,9650,94.31
ADSCA_T50,50,5,10,6,11172,200000,900.0000000000008,7.958078640513122e-13,900.0,200000,3923,3800,13.33
ADSCA_T50,50,4,20,11,21077,500000,1041.0,241.0,800.0,500000,9805,9700,85.73
ADSCA_T50,50,4,20,16,21082,500000,999.0,199.0,800.0,500045,9807,9645,80.39
ADSCA_T50,50,5,10,10,11176,200000,900.5438522690611,0.5438522690610625,900.0,200049,3924,3799,15.21
ADSCA_T50,50,5,10,8,11174,200000,900.9086480383318,0.9086480383317621,900.0,200050,3926,3700,17.14
ADSCA_T50,50,5,10,18,11184,200000,900.5438522691169,0.5438522691168828,900.0,200000,3924,3750,7.57
ADSCA_T50,50,5,10,14,11180,200000,900.5438522690358,0.5438522690358241,900.0,200049,3924,3799,10.02
ADSCA_T50,50,5,10,7,11173,200000,900.1790565008336,0.1790565008335534,900.0,200000,3924,3750,20.19
ADSCA_T50,50,5,10,11,11177,200000,900.5438522690214,0.5438522690213858,900.0,200000,3923,3800,17.19
ADSCA_T50,50,4,20,17,21083,500000,966.5,166.5,800.0,500043,9806,9693,84.67
ADSCA_T50,50,5,10,16,11182,200000,900.0000000000008,7.958078640513122e-13,900.0,200000,3923,3800,11.05
ADSCA_T50,50,4,20,27,21093,500000,1010.0,210.0,800.0,500039,9809,9539,39.13
ADSCA_T50,50,5,10,9,11175,200000,900.089528250418,0.08952825041797041,900.0,200005,3924,3755,21.45
ADSCA_T50,50,5,10,12,11178,200000,900.9981762878928,0.9981762878927611,900.0,200036,3923,3836,20.28
ADSCA_T50,50,5,10,19,11185,200000,900.543852269215,0.5438522692149945,900.0,200011,3925,3711,12.11
ADSCA_T50,50,5,10,24,11190,200000,901.0877045382113,1.0877045382112556,900.0,200046,3925,3746,6.36
ADSCA_T50,50,5,10,22,11188,200000,900.633380519425,0.6333805194250317,900.0,200001,3923,3801,9.28
ADSCA_T50,50,5,10,23,11189,200000,900.358113001666,0.35811300166596993,900.0,200008,3923,3808,8.98
ADSCA_T50,50,5,10,17,11183,200000,900.6333805194423,0.6333805194423121,900.0,200001,3923,3801,17.03
ADSCA_T50,50,5,10,15,11181,200000,900.0895282504171,0.08952825041706092,900.0,200032,3924,3782,18.36
ADSCA_T50,50,5,10,29,11195,200000,900.2685847512496,0.26858475124959114,900.0,200000,3923,3800,7.98
ADSCA_T50,50,5,10,20,11186,200000,900.2685847512496,0.26858475124959114,900.0,200018,3923,3818,16.91
ADSCA_T50,50,5,10,21,11187,200000,900.2685847512498,0.2685847512498185,900.0,200020,3923,3820,14.58
ADSCA_T50,50,5,10,27,11193,200000,900.1790565008337,0.1790565008336671,900.0,200050,3924,3800,11.56
ADSCA_T50,50,5,10,28,11194,200000,900.9981762884155,0.9981762884154932,900.0,200047,3924,3797,13.32
ADSCA_T50,50,4,20,29,21095,500000,1105.5,305.5,800.0,500049,9810,9499,53.06
ADSCA_T50,50,4,20,23,21089,500000,966.0,166.0,800.0,500049,9805,9749,67.78
ADSCA_T50,50,4,20,25,21091,500000,968.5,168.5,800.0,500001,9807,9601,59.15
ADSCA_T50,50,4,20,24,21090,500000,1024.0,224.0,800.0,500015,9805,9715,63.21
ADSCA_T50,50,5,10,26,11192,200000,900.6333805194407,0.6333805194407205,900.0,200000,3924,3750,21.03
ADSCA_T50,50,5,10,25,11191,200000,900.6333805194379,0.6333805194378783,900.0,200045,3924,3795,22.07
ADSCA_T50,50,5,20,6,21172,500000,902.9049794585037,2.9049794585037034,900.0,500008,9810,9458,16.23
ADSCA_T50,50,5,20,3,21169,500000,903.5216021034533,3.521602103453347,900.0,500035,9813,9335,21.26
ADSCA_T50,50,4,20,28,21094,500000,910.0,110.0,800.0,500022,9807,9622,67.04
ADSCA_T50,50,5,20,12,21178,500000,904.9933209359754,4.993320935975362,900.0,500035,9813,9335,20.0
ADSCA_T50,50,5,20,9,21175,500000,901.7210850574909,1.7210850574908818,900.0,500047,9809,9547,22.8
ADSCA_T50,50,5,20,1,21167,500000,902.7192613861446,2.7192613861445807,900.0,500046,9810,9496,31.65
ADSCA_T50,50,4,20,26,21092,500000,1018.5,218.5,800.0,500000,9804,9750,75.13
ADSCA_T50,50,5,20,5,21171,500000,904.9908605993776,4.990860599377584,900.0,500001,9808,9551,31.85
ADSCA_T50,50,5,20,20,21186,500000,903.7174376777225,3.7174376777225007,900.0,500005,9810,9455,16.43
ADSCA_T50,50,5,20,11,21177,500000,901.9963526229021,1.9963526229021227,900.0,500003,9811,9403,30.18
ADSCA_T50,50,5,20,8,21174,500000,901.5353457900999,1.535345790099882,900.0,500037,9810,9487,33.1
ADSCA_T50,50,5,20,19,21185,500000,901.8106133078992,1.8106133078991888,900.0,500010,9811,9410,24.85
ADSCA_T50,50,5,20,21,21187,500000,902.6297330996225,2.629733099622513,900.0,500015,9810,9465,20.72
ADSCA_T50,50,5,20,0,21166,500000,902.8087895960947,2.808789596094698,900.0,500020,9809,9520,44.63
ADSCA_T50,50,5,20,16,21182,500000,902.450676603621,2.450676603620991,900.0,500015,9809,9515,29.93
ADSCA_T50,50,5,20,23,21189,500000,903.0840571191221,3.0840571191221215,900.0,500042,9810,9492,16.5
ADSCA_T50,50,5,20,15,21181,500000,902.0858808302183,2.0858808302183434,900.0,500049,9809,9549,33.79
ADSCA_T50,50,5,20,10,21176,500000,902.0858808267482,2.0858808267481663,900.0,500015,9810,9465,40.5
ADSCA_T50,50,5,20,2,21168,500000,902.3544655772454,2.354465577245378,900.0,500049,9810,9499,48.86
ADSCA_T50,50,5,20,4,21170,500000,902.1754090769132,2.1754090769131835,900.0,500041,9810,9491,47.22
ADSCA_T50,50,5,20,27,21193,500000,902.9945288632117,2.9945288632117126,900.0,500034,9809,9534,16.2
ADSCA_T50,50,5,20,13,21179,500000,902.1754090990552,2.175409099055173,900.0,500000,9810,9450,40.01
ADSCA_T50,50,6,10,1,11267,200000,5314.986164823852,3514.986164823852,1800.0,200014,3956,2164,8.57
ADSCA_T50,50,5,20,17,21183,500000,902.0858808266493,2.085880826649259,900.0,500002,9809,9502,34.16
ADSCA_T50,50,5,20,7,21173,500000,901.9001415583537,1.9001415583536527,900.0,500000,9809,9500,46.83
ADSCA_T50,50,5,20,28,21194,500000,900.8124370202628,0.8124370202627915,900.0,500006,9809,9506,16.21
ADSCA_T50,50,6,10,5,11271,200000,9614.828337827283,7814.828337827283,1800.0,200019,3951,2419,8.52
ADSCA_T50,50,5,20,14,21180,500000,900.8124370202581,0.8124370202581304,900.0,500022,9809,9522,40.52
ADSCA_T50,50,5,20,18,21184,500000,902.9945290200303,2.9945290200303134,900.0,500008,9809,9508,37.05
ADSCA_T50,50,5,20,22,21188,500000,904.62852530223,4.628525302229946,900.0,500010,9812,9360,28.24
ADSCA_T50,50,6,10,10,11276,200000,4777.293228002091,2977.2932280020914,1800.0,200020,3944,2770,8.54
ADSCA_T50,50,6,10,12,11278,200000,15380.906470684422,13580.906470684422,1800.0,200017,3954,2267,8.54
ADSCA_T50,50,6,10,0,11266,200000,23479.38236233023,21679.38236233023,1800.0,200016,3954,2266,21.88
ADSCA_T50,50,6,10,3,11269,200000,7496.87613299169,5696.87613299169,1800.0,200003,3951,2403,17.77
ADSCA_T50,50,6,10,6,11272,200000,9561.364883653914,7761.364883653914,1800.0,200040,3954,2290,15.25
ADSCA_T50,50,6,10,7,11273,200000,3822.0426945468685,2022.0426945468685,1800.0,200041,3955,2241,16.01
ADSCA_T50,50,6,10,9,11275,200000,8864.750404053266,7064.750404053266,1800.0,200040,3954,2290,14.82
ADSCA_T50,50,6,10,16,11282,200000,24105.098229362422,22305.098229362422,1800.0,200023,3957,2123,12.15
ADSCA_T50,50,6,10,4,11270,200000,5385.67474224872,3585.6747422487197,1800.0,200010,3953,2310,21.81
ADSCA_T50,50,6,10,13,11279,200000,7086.490310195663,5286.490310195663,1800.0,200004,3949,2504,15.46
ADSCA_T50,50,5,20,24,21190,500000,904.9908605277825,4.990860527782502,900.0,500048,9811,9448,37.77
ADSCA_T50,50,6,10,15,11281,200000,7106.735499594008,5306.735499594008,1800.0,200026,3956,2176,14.54
ADSCA_T50,50,6,10,20,11286,200000,11296.207543105793,9496.207543105793,1800.0,200044,3958,2094,8.6
ADSCA_T50,50,6,10,2,11268,200000,15327.698142951813,13527.698142951813,1800.0,200005,3952,2355,26.04
ADSCA_T50,50,6,10,21,11287,200000,27887.321153103898,26087.321153103898,1800.0,200006,3954,2256,9.62
ADSCA_T50,50,6,10,8,11274,200000,3328.1087114519482,1528.1087114519482,1800.0,200017,3953,2317,21.57
ADSCA_T50,50,5,20,25,21191,500000,901.7210850576505,1.7210850576504981,900.0,500008,9809,9508,39.59
ADSCA_T50,50,6,10,18,11284,200000,2909.935472213862,1109.9354722138619,1800.0,200002,3947,2602,16.78
ADSCA_T50,50,5,20,26,21192,500000,903.0840571335166,3.0840571335165805,900.0,500000,9808,9550,37.94
ADSCA_T50,50,6,10,17,11283,200000,4547.46413643704,2747.46413643704,1800.0,200005,3945,2705,18.69
ADSCA_T50,50,6,10,26,11292,200000,6460.625441998814,4660.625441998814,1800.0,200047,3954,2297,8.63
ADSCA_T50,50,6,10,11,11277,200000,6654.505981071501,4854.505981071501,1800.0,200001,3954,2251,22.28
ADSCA_T50,50,6,10,29,11295,200000,13137.555338630886,11337.555338630886,1800.0,200031,3956,2181,8.86
ADSCA_T50,50,6,10,23,11289,200000,10517.735824761085,8717.735824761085,1800.0,200024,3955,2224,15.03
ADSCA_T50,50,6,10,25,11291,200000,8131.231220985911,6331.231220985911,1800.0,200005,3953,2305,12.48
ADSCA_T50,50,6,10,14,11280,200000,12783.484634519118,10983.484634519118,1800.0,200008,3954,2258,25.31
ADSCA_T50,50,6,10,19,11285,200000,7416.266579538392,5616.266579538392,1800.0,200051,3957,2151,24.28
ADSCA_T50,50,6,10,27,11293,200000,8038.856318811071,6238.856318811071,1800.0,200003,3955,2203,16.34
ADSCA_T50,50,6,10,22,11288,200000,12672.530229180291,10872.530229180291,1800.0,200021,3956,2171,24.88
ADSCA_T50,50,6,10,24,11290,200000,19476.033779861802,17676.033779861802,1800.0,200000,3948,2550,23.59
ADSCA_T50,50,5,20,29,21195,500000,901.9896698087196,1.9896698087195546,900.0,500007,9808,9557,49.46
ADSCA_T50,50,6,20,0,21266,500000,49886.960606094544,48086.960606094544,1800.0,500015,9826,8665,24.82
ADSCA_T50,50,6,10,28,11294,200000,14124.724949268559,12324.724949268559,1800.0,200033,3954,2283,26.85
ADSCA_T50,50,6,20,14,21280,500000,37972.882842019004,36172.882842019004,1800.0,500014,9829,8514,21.85
ADSCA_T50,50,6,20,1,21267,500000,33931.027836484325,32131.027836484325,1800.0,500003,9824,8753,31.79
ADSCA_T50,50,6,20,5,21271,500000,43411.25815640969,41611.25815640969,1800.0,500028,9831,8428,32.31
ADSCA_T50,50,6,20,4,21270,500000,52015.508026441545,50215.508026441545,1800.0,500025,9830,8475,34.53
ADSCA_T50,50,6,20,11,21277,500000,27475.79128964979,25675.79128964979,1800.0,500050,9825,8750,30.9
ADSCA_T50,50,6,20,8,21274,500000,37391.46321860503,35591.46321860503,1800.0,500006,9829,8506,40.7
ADSCA_T50,50,6,20,6,21272,500000,29919.304563382648,28119.304563382648,1800.0,500029,9826,8679,41.83
ADSCA_T50,50,6,20,13,21279,500000,20703.271089600254,18903.271089600254,1800.0,500036,9823,8836,37.08
ADSCA_T50,50,6,20,16,21282,500000,57662.99481492957,55862.99481492957,1800.0,500034,9826,8684,34.95
ADSCA_T50,50,6,20,19,21285,500000,73540.9539140611,71740.9539140611,1800.0,500006,9832,8356,41.53
ADSCA_T50,50,6,20,3,21269,500000,33943.64902129355,32143.649021293553,1800.0,500030,9828,8580,58.8
ADSCA_T50,50,6,20,2,21268,500000,54311.34411826743,52511.34411826743,1800.0,500011,9823,8811,61.28
ADSCA_T50,50,6,20,7,21273,500000,42931.68738722435,41131.68738722435,1800.0,500039,9830,8489,58.19
ADSCA_T50,50,6,20,21,21287,500000,46375.450579887576,44575.450579887576,1800.0,500043,9820,8993,38.65
ADSCA_T50,50,6,20,9,21275,500000,34458.98977109643,32658.98977109643,1800.0,500019,9824,8769,58.34
ADSCA_T50,50,6,20,17,21283,500000,67680.74959194768,65880.74959194768,1800.0,500016,9835,8216,50.59
ADSCA_T50,50,6,20,12,21278,500000,61818.34676649877,60018.34676649877,1800.0,500041,9830,8491,57.36
ADSCA_T50,50,6,20,10,21276,500000,29173.16650211144,27373.16650211144,1800.0,500036,9827,8636,61.05
ADSCA_T50,50,6,20,15,21281,500000,34199.54726201314,32399.54726201314,1800.0,500030,9827,8630,58.48
ADSCA_T50,50,6,20,22,21288,500000,51807.23887015543,50007.23887015543,1800.0,500010,9826,8660,48.11
ADSCA_T50,50,6,20,25,21291,500000,47096.54428085085,45296.54428085085,1800.0,500003,9825,8703,38.79
ADSCA_T50,50,6,20,18,21284,500000,16298.227558751172,14498.227558751172,1800.0,500034,9830,8484,57.38
ADSCA_T50,50,6,20,20,21286,500000,37416.71353547166,35616.71353547166,1800.0,500011,9825,8711,55.63
ADSCA_T50,50,6,20,28,21294,500000,45989.13565881568,44189.13565881568,1800.0,500021,9831,8421,33.86
ADSCA_T50,50,6,20,24,21290,500000,23330.91647416082,21530.91647416082,1800.0,500018,9826,8668,54.71
ADSCA_T50,50,6,20,27,21293,500000,49210.51973363965,47410.51973363965,1800.0,500005,9828,8555,51.91
ADSCA_T50,50,6,20,23,21289,500000,25485.902814914145,23685.902814914145,1800.0,500013,9827,8613,59.94
ADSCA_T50,50,6,20,26,21292,500000,43131.64004401707,41331.64004401707,1800.0,500032,9825,8732,55.02
ADSCA_T50,50,6,20,29,21295,500000,49593.3279828262,47793.3279828262,1800.0,500026,9831,8426,66.36
ADSCA_T50,50,7,10,3,11369,200000,2035.8021885893834,35.80218858938338,2000.0,200040,3935,3240,191.92
ADSCA_T50,50,7,10,2,11368,200000,2026.7539804107892,26.753980410789154,2000.0,200049,3935,3249,197.18
ADSCA_T50,50,7,10,8,11374,200000,2022.9526717418726,22.952671741872564,2000.0,200016,3935,3216,200.38
ADSCA_T50,50,7,10,7,11373,200000,2031.8183292287251,31.818329228725133,2000.0,200017,3932,3367,211.42
ADSCA_T50,50,7,10,6,11372,200000,2057.202855261562,57.202855261562036,2000.0,200020,3938,3070,212.7
ADSCA_T50,50,7,10,18,11384,200000,2023.9840246214176,23.984024621417575,2000.0,200001,3932,3351,191.18
ADSCA_T50,50,7,10,5,11371,200000,2022.856142637337,22.856142637336916,2000.0,200026,3930,3476,220.06
ADSCA_T50,50,7,10,19,11385,200000,2023.7985015197753,23.7985015197753,2000.0,200020,3939,3020,194.57
ADSCA_T50,50,7,10,13,11379,200000,2022.3075055707357,22.307505570735657,2000.0,200039,3926,3689,214.7
ADSCA_T50,50,7,10,1,11367,200000,2023.324948644253,23.324948644253027,2000.0,200001,3936,3151,245.44
ADSCA_T50,50,7,10,11,11377,200000,2030.0186891120234,30.018689112023367,2000.0,200049,3931,3449,228.83
ADSCA_T50,50,7,10,9,11375,200000,2024.0147313134003,24.01473131340026,2000.0,200013,3934,3263,236.11
ADSCA_T50,50,7,10,15,11381,200000,2028.8839693853765,28.88396938537653,2000.0,200047,3942,2897,228.09
ADSCA_T50,50,7,10,14,11380,200000,2022.1365602053418,22.136560205341766,2000.0,200003,3931,3403,230.01
ADSCA_T50,50,7,10,17,11383,200000,2030.0315938216693,30.031593821669276,2000.0,200042,3929,3542,222.57
ADSCA_T50,50,7,10,16,11382,200000,2028.5746117146293,28.574611714629327,2000.0,200026,3931,3426,231.71
ADSCA_T50,50,7,10,0,11366,200000,2042.731277125369,42.73127712536893,2000.0,200046,3938,3096,269.96
ADSCA_T50,50,7,10,10,11376,200000,2023.1178822797674,23.1178822797674,2000.0,200008,3931,3408,265.68
ADSCA_T50,50,7,10,20,11386,200000,2020.7366506056478,20.73665060564781,2000.0,200036,3927,3636,241.51
ADSCA_T50,50,7,10,21,11387,200000,2139.2921119509565,139.2921119509565,2000.0,200021,3937,3121,239.0
ADSCA_T50,50,7,10,12,11378,200000,2022.0690724541053,22.069072454105253,2000.0,200015,3934,3265,277.18
ADSCA_T50,50,7,10,4,11370,200000,2025.5510858246575,25.551085824657548,2000.0,200011,3937,3111,294.61
ADSCA_T50,50,7,10,23,11389,200000,2026.2965102961857,26.296510296185716,2000.0,200010,3932,3360,237.04
ADSCA_T50,50,7,10,22,11388,200000,2024.0709469786411,24.070946978641132,2000.0,200050,3931,3450,254.7
ADSCA_T50,50,7,10,27,11393,200000,2022.5493158643912,22.549315864391247,2000.0,200001,3926,3651,235.27
ADSCA_T50,50,7,10,29,11395,200000,2031.1069280087,31.106928008699924,2000.0,200043,3929,3543,231.43
ADSCA_T50,50,7,10,26,11392,200000,2025.2050535763105,25.205053576310547,2000.0,200025,3934,3275,245.79
ADSCA_T50,50,7,10,25,11391,200000,2025.2222811579195,25.222281157919497,2000.0,200040,3928,3590,269.25
ADSCA_T50,50,7,10,24,11390,200000,2032.7168137210858,32.71681372108583,2000.0,200001,3937,3101,281.51
ADSCA_T50,50,7,10,28,11394,200000,2026.6040224718042,26.604022471804228,2000.0,200043,3931,3443,273.09
ADSCA_T50,50,7,20,9,21375,500000,2242.873582422371,242.87358242237087,2000.0,500038,9878,6088,947.69
ADSCA_T50,50,7,20,2,21368,500000,2214.1335916303683,214.1335916303683,2000.0,500048,9859,7048,1007.04
ADSCA_T50,50,7,20,1,21367,500000,2236.3946574833108,236.39465748331077,2000.0,500011,9877,6111,1022.91
ADSCA_T50,50,7,20,3,21369,500000,2186.9854588856488,186.98545888564877,2000.0,500008,9854,7258,1043.26
ADSCA_T50,50,7,20,6,21372,500000,2180.957860965862,180.95786096586198,2000.0,500015,9850,7465,1054.13
ADSCA_T50,50,7,20,0,21366,500000,2478.1566870700617,478.1566870700617,2000.0,500033,9875,6233,1079.85
ADSCA_T50,50,7,20,11,21377,500000,2143.626817269465,143.62681726946494,2000.0,500017,9859,7017,1036.45
ADSCA_T50,50,7,20,5,21371,500000,2138.255415973281,138.25541597328083,2000.0,500016,9843,7816,1096.53
ADSCA_T50,50,7,20,12,21378,500000,2359.944915927602,359.94491592760187,2000.0,500032,9878,6082,1086.5
ADSCA_T50,50,7,20,10,21376,500000,2289.1548006279863,289.15480062798633,2000.0,500027,9861,6927,1112.06
ADSCA_T50,50,7,20,8,21374,500000,2171.276572019671,171.27657201967122,2000.0,500039,9858,7089,1131.97
ADSCA_T50,50,7,20,4,21370,500000,2278.7944954559744,278.79449545597436,2000.0,500033,9887,5633,1163.85
ADSCA_T50,50,7,20,7,21373,500000,2340.8596142019005,340.8596142019005,2000.0,500025,9864,6775,1166.07
ADSCA_T50,50,7,20,13,21379,500000,2166.8818416620816,166.88184166208157,2000.0,500042,9860,6992,1134.94
ADSCA_T50,50,7,20,14,21380,500000,2823.142458873748,823.1424588737482,2000.0,500045,9879,6045,1032.29
ADSCA_T50,50,7,20,18,21384,500000,2369.9192785260543,369.9192785260543,2000.0,500047,9864,6797,1007.91
ADSCA_T50,50,7,20,15,21381,500000,2128.0089781967094,128.00897819670945,2000.0,500025,9854,7275,1065.48
ADSCA_T50,50,7,20,19,21385,500000,2109.989033558258,109.98903355825814,2000.0,500046,9851,7446,1043.23
ADSCA_T50,50,7,20,17,21383,500000,2505.134533020514,505.134533020514,2000.0,500020,9876,6170,1085.94
ADSCA_T50,50,7,20,16,21382,500000,2289.251712293109,289.251712293109,2000.0,500006,9866,6656,1154.41
ADSCA_T50,50,7,20,21,21387,500000,2149.9967067907774,149.99670679077735,2000.0,500021,9850,7471,1156.04
ADSCA_T50,50,8,10,3,11469,200000,2268.750413457461,68.75041345746104,2200.0,200019,3926,3669,251.32
ADSCA_T50,50,8,10,2,11468,200000,2490.556623397086,290.5566233970858,2200.0,200038,3942,2888,299.97
ADSCA_T50,50,8,10,5,11471,200000,2334.0918794607474,134.09187946074735,2200.0,200024,3932,3374,265.87
ADSCA_T50,50,7,20,20,21386,500000,2142.2238056190763,142.2238056190763,2000.0,500032,9842,7882,1224.36
ADSCA_T50,50,8,10,4,11470,200000,2232.991088480874,32.99108848087417,2200.0,200001,3924,3751,308.53
ADSCA_T50,50,8,10,1,11467,200000,2246.467204503062,46.46720450306202,2200.0,200041,3930,3491,344.37
ADSCA_T50,50,8,10,0,11466,200000,2310.537728217533,110.53772821753319,2200.0,200009,3930,3459,370.25
ADSCA_T50,50,8,10,7,11473,200000,2239.9372141659046,39.93721416590461,2200.0,200021,3927,3621,303.91
ADSCA_T50,50,8,10,6,11472,200000,2509.2758616675146,309.2758616675146,2200.0,200043,3941,2943,330.24
ADSCA_T50,50,8,10,8,11474,200000,2526.7907824861422,326.79078248614223,2200.0,200042,3939,3042,372.18
ADSCA_T50,50,8,10,10,11476,200000,2421.1419002368525,221.1419002368525,2200.0,200006,3933,3306,377.17
ADSCA_T50,50,8,10,9,11475,200000,2674.6754260061502,474.67542600615025,2200.0,200036,3944,2786,397.05
ADSCA_T50,50,8,10,11,11477,200000,2232.3186165801776,32.318616580177604,2200.0,200020,3930,3470,331.27
ADSCA_T50,50,8,10,18,11484,200000,2353.82397605236,153.8239760523602,2200.0,200007,3931,3407,231.54
ADSCA_T50,50,8,10,17,11483,200000,2329.872766994937,129.87276699493714,2200.0,200009,3937,3109,256.93
ADSCA_T50,50,8,10,12,11478,200000,2324.117517413079,124.11751741307899,2200.0,200000,3928,3550,344.04
ADSCA_T50,50,8,10,13,11479,200000,2526.834370696451,326.83437069645106,2200.0,200043,3939,3043,358.08
ADSCA_T50,50,8,10,14,11480,200000,2235.8905007846934,35.89050078469336,2200.0,200028,3930,3478,355.3
ADSCA_T50,50,8,10,19,11485,200000,2495.19898023596,295.1989802359599,2200.0,200047,3934,3297,301.77
ADSCA_T50,50,8,10,16,11482,200000,2297.2740789834647,97.27407898346473,2200.0,200029,3937,3129,355.85
ADSCA_T50,50,8,10,15,11481,200000,2335.5665623532036,135.5665623532036,2200.0,200005,3930,3455,384.33
ADSCA_T50,50,8,10,20,11486,200000,2466.0797605608186,266.0797605608186,2200.0,200034,3944,2784,317.19
ADSCA_T50,50,8,10,21,11487,200000,2263.4264479916437,63.42644799164373,2200.0,200047,3934,3297,304.05
ADSCA_T50,50,7,20,24,21390,500000,2452.1609866380104,452.1609866380104,2000.0,500027,9888,5577,951.89
ADSCA_T50,50,8,10,24,11490,200000,2523.9632018760017,323.9632018760017,2200.0,200016,3932,3366,294.24
ADSCA_T50,50,8,10,23,11489,200000,2974.4749483125634,774.4749483125634,2200.0,200040,3946,2690,329.88
ADSCA_T50,50,8,10,22,11488,200000,2583.840461767771,383.8404617677711,2200.0,200038,3935,3238,393.25
ADSCA_T50,50,8,10,25,11491,200000,2227.533077402536,27.533077402536037,2200.0,200000,3925,3700,343.25
ADSCA_T50,50,8,10,26,11492,200000,2286.2510765361167,86.25107653611667,2200.0,200038,3932,3388,335.16
ADSCA_T50,50,8,10,28,11494,200000,2316.747122167813,116.7471221678129,2200.0,200030,3931,3430,301.9
ADSCA_T50,50,8,10,27,11493,200000,2563.2916745450534,363.2916745450534,2200.0,200021,3935,3221,316.66
ADSCA_T50,50,7,20,22,21388,500000,2542.7316929597846,542.7316929597846,2000.0,500002,9877,6102,1091.07
ADSCA_T50,50,7,20,27,21393,500000,2135.7117645244725,135.71176452447253,2000.0,500035,9850,7485,1020.34
ADSCA_T50,50,7,20,29,21395,500000,2198.972878586324,198.972878586324,2000.0,500041,9876,6191,1042.11
ADSCA_T50,50,7,20,28,21394,500000,2094.308894791824,94.30889479182406,2000.0,500030,9845,7730,1067.74
ADSCA_T50,50,7,20,25,21391,500000,2190.4280310410863,190.42803104108634,2000.0,500027,9852,7377,1109.8
ADSCA_T50,50,8,10,29,11495,200000,2310.705786525958,110.70578652595805,2200.0,200046,3929,3546,394.48
ADSCA_T50,50,7,20,26,21392,500000,2163.3614327066603,163.36143270666025,2000.0,500032,9856,7182,1109.37
ADSCA_T50,50,7,20,23,21389,500000,2233.3839735977253,233.38397359772534,2000.0,500003,9847,7603,1211.84
ADSCA_T50,50,8,20,1,21467,500000,2596.267515239308,396.26751523930807,2200.0,500037,9838,8087,1476.98
ADSCA_T50,50,8,20,6,21472,500000,2428.554944810849,228.55494481084907,2200.0,500035,9843,7835,1360.57
ADSCA_T50,50,8,20,3,21469,500000,2536.0583373250124,336.0583373250124,2200.0,500006,9860,6956,1525.99
ADSCA_T50,50,8,20,4,21470,500000,2587.1178718545116,387.1178718545116,2200.0,500020,9857,7120,1524.94
ADSCA_T50,50,8,20,8,21474,500000,3676.0140871339563,1476.0140871339563,2200.0,500003,9876,6153,1384.77
ADSCA_T50,50,8,20,2,21468,500000,2690.9068489752563,490.90684897525625,2200.0,500019,9849,7519,1598.86
ADSCA_T50,50,8,20,0,21466,500000,2456.0027256527405,256.00272565274054,2200.0,500005,9842,7855,1636.33
ADSCA_T50,50,8,20,5,21471,500000,2598.031563629816,398.031563629816,2200.0,500021,9861,6921,1586.21
ADSCA_T50,50,8,20,7,21473,500000,2733.490521258484,533.490521258484,2200.0,500022,9861,6922,1473.25
ADSCA_T50,50,8,20,11,21477,500000,2811.0690986180066,611.0690986180066,2200.0,500034,9848,7584,1414.45
ADSCA_T50,50,9,10,0,11566,200000,2670.8055229943634,370.8055229943634,2300.0,200032,3955,2232,62.78
ADSCA_T50,50,9,10,1,11567,200000,2659.3229767545545,359.3229767545545,2300.0,200016,3946,2666,68.84
ADSCA_T50,50,9,10,2,11568,200000,2745.605473593976,445.60547359397606,2300.0,200048,3928,3598,36.66
ADSCA_T50,50,8,20,12,21478,500000,2429.0686243654004,229.0686243654004,2200.0,500013,9837,8113,1503.47
ADSCA_T50,50,8,20,17,21483,500000,2489.2234041978422,289.2234041978422,2200.0,500028,9848,7578,1430.62
ADSCA_T50,50,9,10,3,11569,200000,2706.3710592313832,406.37105923138324,2300.0,200007,3962,1857,47.27
ADSCA_T50,50,8,20,13,21479,500000,2579.5120060440536,379.5120060440536,2200.0,500038,9842,7888,1528.62
ADSCA_T50,50,8,20,10,21476,500000,2383.267321442819,183.26732144281914,2200.0,500033,9821,8933,1547.92
ADSCA_T50,50,8,20,14,21480,500000,2685.008273353578,485.0082733535778,2200.0,500008,9835,8208,1540.84
ADSCA_T50,50,9,10,4,11570,200000,2300.000000000001,9.094947017729282e-13,2300.0,200009,3934,3259,62.65
ADSCA_T50,50,9,10,9,11575,200000,2745.6054735941434,445.6054735941434,2300.0,200039,3937,3139,29.6
ADSCA_T50,50,9,10,6,11572,200000,2300.0000000000005,4.547473508864641e-13,2300.0,200041,3933,3341,37.48
ADSCA_T50,50,9,10,8,11574,200000,2668.436721659265,368.436721659265,2300.0,200044,3939,3044,39.52
ADSCA_T50,50,9,10,5,11571,200000,2668.965047349966,368.96504734996597,2300.0,200022,3944,2772,69.02
ADSCA_T50,50,8,20,19,21485,500000,2341.034121886256,141.0341218862559,2200.0,500045,9823,8845,1463.86
ADSCA_T50,50,9,10,10,11576,200000,2659.3078154853497,359.3078154853497,2300.0,200014,3941,2914,25.73
ADSCA_T50,50,8,20,15,21481,500000,2409.824515693622,209.82451569362183,2200.0,500033,9837,8133,1555.42
ADSCA_T50,50,9,10,7,11573,200000,2300.0000000000014,1.3642420526593924e-12,2300.0,200003,3930,3453,62.3
ADSCA_T50,50,9,10,13,11579,200000,2690.0007210511158,390.00072105111576,2300.0,200008,3965,1708,32.15
ADSCA_T50,50,9,10,15,11581,200000,2669.020201269981,369.02020126998104,2300.0,200027,3944,2777,33.86
ADSCA_T50,50,8,20,9,21475,500000,2772.345105157669,572.345105157669,2200.0,500024,9848,7574,1628.6
ADSCA_T50,50,9,10,14,11580,200000,2659.0943963840095,359.09439638400954,2300.0,200017,3938,3067,40.96
ADSCA_T50,50,9,10,11,11577,200000,2803.106021293055,503.10602129305516,2300.0,200008,3969,1508,62.29
ADSCA_T50,50,9,10,18,11584,200000,2300.000000000001,9.094947017729282e-13,2300.0,200005,3933,3305,32.21
ADSCA_T50,50,9,10,16,11582,200000,2669.769105607715,369.7691056077151,2300.0,200035,3946,2685,43.3
ADSCA_T50,50,9,10,12,11578,200000,2741.5321321049687,441.5321321049687,2300.0,200018,3951,2418,65.95
ADSCA_T50,50,8,20,18,21484,500000,3019.623933519668,819.6239335196678,2200.0,500019,9876,6169,1537.78
ADSCA_T50,50,9,10,19,11585,200000,2668.8513834320074,368.8513834320074,2300.0,200011,3944,2761,44.5
ADSCA_T50,50,8,20,16,21482,500000,2991.913914703955,791.913914703955,2200.0,500047,9857,7147,1557.29
ADSCA_T50,50,9,10,17,11583,200000,2300.0000000000014,1.3642420526593924e-12,2300.0,200034,3931,3434,64.0
ADSCA_T50,50,9,10,23,11589,200000,2722.977361576098,422.9773615760978,2300.0,200028,3957,2128,34.46
ADSCA_T50,50,9,10,20,11586,200000,2300.0000000000005,4.547473508864641e-13,2300.0,200003,3932,3353,55.68
ADSCA_T50,50,9,10,22,11588,200000,2735.193723092997,435.19372309299706,2300.0,200047,3952,2397,53.85
ADSCA_T50,50,9,10,21,11587,200000,2665.7615544803557,365.7615544803557,2300.0,200002,3947,2602,56.79
ADSCA_T50,50,9,10,27,11593,200000,2659.364101194272,359.3641011942718,2300.0,200047,3942,2897,34.07
ADSCA_T50,50,9,10,25,11591,200000,2745.605473605096,445.605473605096,2300.0,200030,3941,2930,56.29
ADSCA_T50,50,9,10,26,11592,200000,2668.8978599748416,368.8978599748416,2300.0,200013,3940,2963,57.26
ADSCA_T50,50,9,10,28,11594,200000,2745.605473764248,445.605473764248,2300.0,200049,3944,2799,54.78
ADSCA_T50,50,9,10,24,11590,200000,2659.096467925546,359.0964679255462,2300.0,200018,3942,2868,73.02
ADSCA_T50,50,9,10,29,11595,200000,2300.000000000001,9.094947017729282e-13,2300.0,200008,3931,3408,57.42
ADSCA_T50,50,9,20,4,21570,500000,2639.543319980611,339.54331998061116,2300.0,500013,9863,6813,85.63
ADSCA_T50,50,9,20,5,21571,500000,2636.993508623999,336.9935086239989,2300.0,500022,9847,7622,94.05
ADSCA_T50,50,9,20,2,21568,500000,2637.39850802405,337.39850802405,2300.0,500017,9853,7317,116.49
ADSCA_T50,50,8,20,20,21486,500000,2515.918194856265,315.918194856265,2200.0,500030,9842,7880,1648.7
ADSCA_T50,50,8,20,21,21487,500000,2443.6659242843216,243.6659242843216,2200.0,500037,9823,8837,1605.43
ADSCA_T50,50,9,20,7,21573,500000,2637.9305734274676,337.9305734274676,2300.0,500042,9860,6992,92.75
ADSCA_T50,50,9,20,1,21567,500000,2638.1299044157195,338.12990441571947,2300.0,500048,9857,7148,136.79
ADSCA_T50,50,9,20,6,21572,500000,2639.016089416714,339.01608941671384,2300.0,500030,9865,6730,119.02
ADSCA_T50,50,9,20,0,21566,500000,2640.0197709616527,340.01977096165274,2300.0,500003,9872,6353,167.41
ADSCA_T50,50,9,20,10,21576,500000,2638.2899754895047,338.28997548950474,2300.0,500018,9859,7018,121.73
ADSCA_T50,50,9,20,8,21574,500000,2636.8493705182555,336.84937051825545,2300.0,500028,9844,7778,158.98
ADSCA_T50,50,9,20,13,21579,500000,2638.0749543952966,338.0749543952966,2300.0,500042,9870,6492,83.07
ADSCA_T50,50,9,20,3,21569,500000,2639.773269968403,339.77326996840293,2300.0,500007,9870,6457,193.25
ADSCA_T50,50,9,20,11,21577,500000,2642.2788025877094,342.2788025877094,2300.0,500006,9879,6006,161.84
ADSCA_T50,50,9,20,12,21578,500000,2637.6662531540305,337.6662531540305,2300.0,500015,9852,7365,114.38
ADSCA_T50,50,9,20,9,21575,500000,2639.6195575422826,339.61955754228256,2300.0,500025,9877,6125,177.65
ADSCA_T50,50,9,20,18,21584,500000,2636.4982282769056,336.4982282769056,2300.0,500013,9849,7513,100.42
ADSCA_T50,50,9,20,16,21582,500000,2637.6320891933947,337.6320891933947,2300.0,500017,9853,7317,126.75
ADSCA_T50,50,9,20,15,21581,500000,2636.7556237394565,336.7556237394565,2300.0,500007,9841,7907,143.33
ADSCA_T50,50,9,20,17,21583,500000,2638.7495901204593,338.7495901204593,2300.0,500017,9857,7117,158.62
ADSCA_T50,50,9,20,19,21585,500000,2638.947069956621,338.9470699566209,2300.0,500033,9874,6283,144.69
ADSCA_T50,50,9,20,14,21580,500000,2637.225533397044,337.2255333970438,2300.0,500043,9854,7293,170.37
ADSCA_T50,50,9,20,22,21588,500000,2636.644532116812,336.6445321168121,2300.0,500021,9844,7771,94.34
ADSCA_T50,50,9,20,21,21587,500000,2637.743393886908,337.74339388690805,2300.0,500026,9853,7326,131.23
ADSCA_T50,50,9,20,25,21591,500000,2638.4109366731354,338.41093667313544,2300.0,500014,9861,6914,98.34
ADSCA_T50,50,10,10,2,11668,200000,2768.7798781838974,368.7798781838974,2400.0,200001,3924,3751,33.29
ADSCA_T50,50,9,20,20,21586,500000,2636.1477216379544,336.1477216379544,2300.0,500013,9826,8663,153.4
ADSCA_T50,50,9,20,26,21592,500000,2638.3408343947012,338.34083439470123,2300.0,500019,9871,6419,103.09
ADSCA_T50,50,10,10,0,11666,200000,2641.0693081710183,241.0693081710183,2400.0,200050,3927,3650,61.89
ADSCA_T50,50,9,20,24,21590,500000,2638.2407165263376,338.24071652633756,2300.0,500019,9862,6869,133.71
ADSCA_T50,50,10,10,5,11671,200000,2756.8548282314077,356.85482823140774,2400.0,200045,3925,3745,43.24
ADSCA_T50,50,10,10,1,11667,200000,2625.138821640171,225.13882164017105,2400.0,200007,3926,3657,64.82
ADSCA_T50,50,10,10,6,11672,200000,2632.1041657029796,232.10416570297957,2400.0,200002,3925,3702,40.26
ADSCA_T50,50,9,20,23,21589,500000,2637.6350413813793,337.6350413813793,2300.0,500004,9872,6354,156.34
ADSCA_T50,50,10,10,3,11669,200000,2630.965250615305,230.9652506153052,2400.0,200041,3929,3541,67.55
ADSCA_T50,50,10,10,4,11670,200000,2758.4215644716783,358.42156447167827,2400.0,200004,3926,3654,67.74
ADSCA_T50,50,10,10,9,11675,200000,2635.6270250333664,235.6270250333664,2400.0,200000,3925,3700,41.2
ADSCA_T50,50,9,20,27,21593,500000,2639.3999738430925,339.39997384309254,2300.0,500029,9874,6279,150.15
ADSCA_T50,50,10,10,8,11674,200000,2626.7836041692203,226.78360416922033,2400.0,200042,3929,3542,55.92
ADSCA_T50,50,9,20,29,21595,500000,2640.691755173323,340.69175517332314,2300.0,500028,9864,6778,130.96
ADSCA_T50,50,9,20,28,21594,500000,2637.6219785996964,337.6219785996964,2300.0,500027,9854,7277,142.02
ADSCA_T50,50,10,10,7,11673,200000,2631.035178045032,231.0351780450319,2400.0,200005,3927,3605,65.7
ADSCA_T50,50,10,10,15,11681,200000,2866.6900778375025,466.6900778375025,2400.0,200010,3931,3410,32.24
ADSCA_T50,50,10,10,18,11684,200000,2746.305149642815,346.3051496428152,2400.0,200049,3927,3649,25.01
ADSCA_T50,50,10,10,11,11677,200000,3616.1144406821836,1216.1144406821836,2400.0,200001,3929,3501,53.46
ADSCA_T50,50,10,10,14,11680,200000,2758.5946706317754,358.59467063177544,2400.0,200044,3926,3694,40.95
ADSCA_T50,50,10,10,10,11676,200000,2621.1220572825246,221.12205728252457,2400.0,200047,3928,3597,68.65
ADSCA_T50,50,10,10,12,11678,200000,2622.744943872908,222.74494387290815,2400.0,200004,3929,3504,50.76
ADSCA_T50,50,10,10,13,11679,200000,2641.465019587236,241.46501958723593,2400.0,200011,3926,3661,52.41
ADSCA_T50,50,10,10,17,11683,200000,2799.0841388679382,399.08413886793824,2400.0,200000,3927,3600,54.17
ADSCA_T50,50,10,10,16,11682,200000,2627.560170633999,227.56017063399895,2400.0,200023,3932,3373,59.39
ADSCA_T50,50,10,10,26,11692,200000,2740.679579803872,340.679579803872,2400.0,200001,3926,3651,25.3
ADSCA_T50,50,10,10,19,11685,200000,2635.4883400349067,235.48834003490674,2400.0,200026,3928,3576,51.89
ADSCA_T50,50,10,10,24,11690,200000,2635.4883400349067,235.48834003490674,2400.0,200005,3926,3655,41.12
ADSCA_T50,50,10,10,20,11686,200000,2627.910028480606,227.9100284806059,2400.0,200024,3928,3574,58.02
ADSCA_T50,50,10,10,22,11688,200000,2627.308481618107,227.30848161810718,2400.0,200048,3929,3548,56.7
ADSCA_T50,50,10,10,27,11693,200000,2766.0167366823734,366.01673668237345,2400.0,200033,3927,3633,46.63
ADSCA_T50,50,10,10,25,11691,200000,2626.686375255147,226.68637525514714,2400.0,200030,3931,3430,51.33
ADSCA_T50,50,10,10,29,11695,200000,2636.4691600573196,236.46916005731964,2400.0,200050,3928,3600,46.93
ADSCA_T50,50,10,10,21,11687,200000,2744.0367815143445,344.0367815143445,2400.0,200032,3925,3732,71.56
ADSCA_T50,50,10,10,23,11689,200000,2621.423301613609,221.42330161360906,2400.0,200032,3928,3582,69.57
ADSCA_T50,50,10,10,28,11694,200000,2624.238030469305,224.23803046930516,2400.0,200031,3933,3331,68.33
ADSCA_T50,50,10,20,5,21671,500000,5480.668029287966,3080.6680292879664,2400.0,500004,9812,9354,71.95
ADSCA_T50,50,10,20,0,21666,500000,5353.4465134784095,2953.4465134784095,2400.0,500004,9812,9354,105.7
ADSCA_T50,50,10,20,8,21674,500000,2829.206276334869,429.206276334869,2400.0,500020,9819,9020,82.37
ADSCA_T50,50,10,20,1,21667,500000,5060.109342954334,2660.1093429543344,2400.0,500024,9824,8774,112.71
ADSCA_T50,50,10,20,2,21668,500000,4496.611570728867,2096.6115707288673,2400.0,500018,9819,9018,118.83
ADSCA_T50,50,10,20,4,21670,500000,5699.831907334192,3299.831907334192,2400.0,500045,9813,9345,109.4
ADSCA_T50,50,10,20,3,21669,500000,2841.8791128845874,441.87911288458736,2400.0,500024,9825,8724,121.1
ADSCA_T50,50,10,20,12,21678,500000,2821.8896252014492,421.88962520144923,2400.0,500025,9818,9075,89.41
ADSCA_T50,50,10,20,6,21672,500000,2816.7131993566677,416.7131993566677,2400.0,500007,9819,9007,110.86
ADSCA_T50,50,10,20,7,21673,500000,5768.754951504025,3368.7549515040246,2400.0,500032,9814,9282,117.34
ADSCA_T50,50,10,20,9,21675,500000,4026.7173035912747,1626.7173035912747,2400.0,500023,9813,9323,130.97
ADSCA_T50,50,10,20,10,21676,500000,5392.592868690934,2992.5928686909338,2400.0,500012,9813,9312,130.89
ADSCA_T50,50,10,20,11,21677,500000,3936.645543952977,1536.6455439529768,2400.0,500050,9830,8500,124.0
ADSCA_T50,50,10,20,13,21679,500000,5003.044030199284,2603.044030199284,2400.0,500043,9815,9243,132.8
ADSCA_T50,50,10,20,14,21680,500000,4895.919859101703,2495.919859101703,2400.0,500022,9813,9322,110.33
ADSCA_T50,50,10,20,15,21681,500000,4863.970486078142,2463.970486078142,2400.0,500011,9813,9311,129.6
ADSCA_T50,50,10,20,17,21683,500000,5487.850857609229,3087.850857609229,2400.0,500028,9817,9128,115.78
ADSCA_T50,50,10,20,19,21685,500000,4966.319457252703,2566.3194572527027,2400.0,500003,9815,9203,113.41
ADSCA_T50,50,10,20,16,21682,500000,3120.5917571499604,720.5917571499604,2400.0,500037,9818,9087,145.9
ADSCA_T50,50,10,20,18,21684,500000,5373.511976904275,2973.511976904275,2400.0,500010,9828,8560,133.7
ADSCA_T50,50,10,20,21,21687,500000,5020.724673874309,2620.724673874309,2400.0,500042,9813,9342,128.04
ADSCA_T50,50,10,20,23,21689,500000,2820.975241875032,420.9752418750322,2400.0,500001,9816,9151,126.98
ADSCA_T50,50,10,20,22,21688,500000,2824.409008272758,424.409008272758,2400.0,500049,9826,8699,137.51
ADSCA_T50,50,10,20,20,21686,500000,4922.9898140697605,2522.9898140697605,2400.0,500046,9813,9346,149.97
ADSCA_T50,50,10,20,26,21692,500000,4394.782437224412,1994.7824372244122,2400.0,500029,9815,9229,125.3
ADSCA_T50,50,10,20,25,21691,500000,4402.212165004837,2002.2121650048366,2400.0,500005,9815,9205,133.03
ADSCA_T50,50,10,20,24,21690,500000,5081.479968369276,2681.4799683692763,2400.0,500040,9819,9040,136.07
ADSCA_T50,50,11,10,0,11766,200000,2600.000000000001,9.094947017729282e-13,2600.0,200047,3929,3547,74.34
ADSCA_T50,50,10,20,29,21695,500000,4981.378765154357,2581.378765154357,2400.0,500004,9821,8904,86.07
ADSCA_T50,50,11,10,1,11767,200000,2622.440767551748,22.440767551748195,2600.0,200046,3931,3446,76.75
ADSCA_T50,50,11,10,3,11769,200000,2625.55887035041,25.55887035040996,2600.0,200003,3927,3603,63.59
ADSCA_T50,50,10,20,28,21694,500000,4849.670999599115,2449.670999599115,2400.0,500005,9812,9355,126.86
ADSCA_T50,50,10,20,27,21693,500000,4919.355710809088,2519.355710809088,2400.0,500006,9812,9356,140.51
ADSCA_T50,50,11,10,5,11771,200000,2619.139860496477,19.139860496477013,2600.0,200004,3924,3754,67.34
ADSCA_T50,50,11,10,4,11770,200000,3477.2916515078905,877.2916515078905,2600.0,200000,3923,3800,81.14
ADSCA_T50,50,11,10,2,11768,200000,2600.0000000000005,4.547473508864641e-13,2600.0,200016,3927,3616,97.09
ADSCA_T50,50,11,10,6,11772,200000,2600.0000000000005,4.547473508864641e-13,2600.0,200017,3933,3317,90.29
ADSCA_T50,50,11,10,10,11776,200000,2621.5170169930143,21.517016993014295,2600.0,200008,3929,3508,71.85
ADSCA_T50,50,11,10,9,11775,200000,2600.000000000001,9.094947017729282e-13,2600.0,200045,3931,3445,73.73
ADSCA_T50,50,11,10,12,11778,200000,2600.0000000000005,4.547473508864641e-13,2600.0,200048,3931,3448,61.4
ADSCA_T50,50,11,10,7,11773,200000,2600.0000000000005,4.547473508864641e-13,2600.0,200038,3928,3588,102.84
ADSCA_T50,50,11,10,8,11774,200000,2600.000000000001,9.094947017729282e-13,2600.0,200017,3927,3617,92.87
ADSCA_T50,50,11,10,13,11779,200000,2600.000000000001,9.094947017729282e-13,2600.0,200040,3928,3590,66.91
ADSCA_T50,50,11,10,11,11777,200000,2600.000000000001,9.094947017729282e-13,2600.0,200006,3926,3656,99.39
ADSCA_T50,50,11,10,15,11781,200000,2600.000000000001,9.094947017729282e-13,2600.0,200032,3929,3532,83.28
ADSCA_T50,50,11,10,16,11782,200000,2600.0000000000005,4.547473508864641e-13,2600.0,200014,3930,3464,90.98
ADSCA_T50,50,11,10,14,11780,200000,2600.000000000001,9.094947017729282e-13,2600.0,200023,3926,3673,95.61
ADSCA_T50,50,11,10,17,11783,200000,2600.000000000001,9.094947017729282e-13,2600.0,200026,3930,3476,81.62
ADSCA_T50,50,11,10,21,11787,200000,2600.000000000001,9.094947017729282e-13,2600.0,200014,3935,3214,51.37
ADSCA_T50,50,11,10,23,11789,200000,2600.000000000001,9.094947017729282e-13,2600.0,200008,3929,3508,54.61
ADSCA_T50,50,11,10,19,11785,200000,2600.0000000000005,4.547473508864641e-13,2600.0,200018,3928,3568,84.55
ADSCA_T50,50,11,10,26,11792,200000,2600.0000000000005,4.547473508864641e-13,2600.0,200045,3930,3495,59.48
ADSCA_T50,50,11,10,18,11784,200000,2600.000000000001,9.094947017729282e-13,2600.0,200029,3927,3629,113.61
ADSCA_T50,50,11,10,28,11794,200000,2600.000000000001,9.094947017729282e-13,2600.0,200031,3930,3481,48.02
ADSCA_T50,50,11,10,20,11786,200000,2600.000000000001,9.094947017729282e-13,2600.0,200045,3933,3345,99.02
ADSCA_T50,50,11,10,24,11790,200000,2600.000000000001,9.094947017729282e-13,2600.0,200040,3929,3540,90.77
ADSCA_T50,50,11,10,22,11788,200000,2600.000000000001,9.094947017729282e-13,2600.0,200049,3932,3399,108.14
ADSCA_T50,50,11,10,25,11791,200000,2600.0000000000005,4.547473508864641e-13,2600.0,200045,3928,3595,103.73
ADSCA_T50,50,11,10,27,11793,200000,2622.9744489377135,22.974448937713532,2600.0,200049,3925,3749,93.82
ADSCA_T50,50,11,10,29,11795,200000,2600.0000000000005,4.547473508864641e-13,2600.0,200027,3928,3577,88.99
ADSCA_T50,50,11,20,3,21769,500000,2600.0000000000014,1.3642420526593924e-12,2600.0,500037,9831,8437,180.56
ADSCA_T50,50,11,20,4,21770,500000,2600.000000000002,1.8189894035458565e-12,2600.0,500044,9833,8344,176.08
ADSCA_T50,50,11,20,1,21767,500000,2600.0000000000014,1.3642420526593924e-12,2600.0,500018,9827,8618,198.31
ADSCA_T50,50,11,20,5,21771,500000,2600.000000000002,1.8189894035458565e-12,2600.0,500043,9827,8643,196.75
ADSCA_T50,50,11,20,0,21766,500000,2600.000000000002,1.8189894035458565e-12,2600.0,500029,9841,7929,223.56
ADSCA_T50,50,11,20,7,21773,500000,2600.000000000002,1.8189894035458565e-12,2600.0,500008,9824,8758,201.1
ADSCA_T50,50,11,20,2,21768,500000,2600.0000000000014,1.3642420526593924e-12,2600.0,500009,9833,8309,241.7
ADSCA_T50,50,11,20,10,21776,500000,2600.000000000001,9.094947017729282e-13,2600.0,500036,9833,8336,184.31
ADSCA_T50,50,11,20,11,21777,500000,2600.000000000002,1.8189894035458565e-12,2600.0,500036,9828,8586,182.69
ADSCA_T50,50,11,20,8,21774,500000,2600.000000000002,1.8189894035458565e-12,2600.0,500025,9824,8775,222.73
ADSCA_T50,50,11,20,12,21778,500000,2600.0000000000014,1.3642420526593924e-12,2600.0,500049,9830,8499,197.07
ADSCA_T50,50,8,20,27,21493,500000,2384.4479494083985,184.44794940839847,2200.0,500047,9814,9297,1386.1
ADSCA_T50,50,11,20,9,21775,500000,2600.000000000002,1.8189894035458565e-12,2600.0,500040,9824,8790,239.29
ADSCA_T50,50,11,20,6,21772,500000,2600.000000000002,1.8189894035458565e-12,2600.0,500047,9834,8297,259.96
ADSCA_T50,50,11,20,13,21779,500000,2600.000000000002,1.8189894035458565e-12,2600.0,500050,9836,8200,224.23
ADSCA_T50,50,8,20,23,21489,500000,2465.017908683221,265.01790868322087,2200.0,500032,9831,8432,1531.25
ADSCA_T50,50,8,20,25,21491,500000,2610.705926091173,410.70592609117284,2200.0,500004,9839,8004,1517.13
ADSCA_T50,50,11,20,14,21780,500000,2600.000000000002,1.8189894035458565e-12,2600.0,500002,9822,8852,179.69
ADSCA_T50,50,8,20,24,21490,500000,2611.900842586806,411.900842586806,2200.0,500045,9844,7795,1562.88
ADSCA_T50,50,11,20,16,21782,500000,2600.000000000002,1.8189894035458565e-12,2600.0,500031,9840,7981,205.73
ADSCA_T50,50,11,20,22,21788,500000,2600.0000000000014,1.3642420526593924e-12,2600.0,500031,9825,8731,171.38
ADSCA_T50,50,8,20,22,21488,500000,2489.468216729779,289.4682167297792,2200.0,500038,9835,8238,1664.72
ADSCA_T50,50,11,20,18,21784,500000,2600.0000000000014,1.3642420526593924e-12,2600.0,500028,9823,8828,201.26
ADSCA_T50,50,11,20,19,21785,500000,2600.000000000001,9.094947017729282e-13,2600.0,500009,9822,8859,188.35
ADSCA_T50,50,11,20,17,21783,500000,2600.0000000000014,1.3642420526593924e-12,2600.0,500029,9830,8479,219.13
ADSCA_T50,50,11,20,15,21781,500000,2600.0000000000014,1.3642420526593924e-12,2600.0,500040,9831,8440,248.33
ADSCA_T50,50,11,20,25,21791,500000,2600.0000000000014,1.3642420526593924e-12,2600.0,500000,9817,9100,165.06
ADSCA_T50,50,11,20,21,21787,500000,2600.0000000000023,2.2737367544323206e-12,2600.0,500039,9854,7289,219.27
ADSCA_T50,50,11,20,23,21789,500000,2600.000000000002,1.8189894035458565e-12,2600.0,500000,9824,8750,197.04
ADSCA_T50,50,8,20,26,21492,500000,2550.1063907853973,350.10639078539725,2200.0,500008,9852,7358,1601.45
ADSCA_T50,50,12,10,2,11868,200000,2908.3265108541373,208.32651085413727,2700.0,200049,3926,3699,77.82
ADSCA_T50,50,12,10,1,11867,200000,2868.4147879844672,168.41478798446724,2700.0,200032,3925,3732,111.0
ADSCA_T50,50,11,20,20,21786,500000,2600.0000000000014,1.3642420526593924e-12,2600.0,500045,9840,7995,238.65
ADSCA_T50,50,12,10,6,11872,200000,2911.536559873728,211.53655987372804,2700.0,200008,3923,3808,61.22
ADSCA_T50,50,11,20,24,21790,500000,2600.000000000002,1.8189894035458565e-12,2600.0,500004,9821,8904,212.75
ADSCA_T50,50,12,10,3,11869,200000,3027.0889253947785,327.08892539477847,2700.0,200000,3932,3350,87.89
ADSCA_T50,50,12,10,0,11866,200000,2870.5353494882766,170.53534948827655,2700.0,200045,3924,3795,132.84
ADSCA_T50,50,8,20,28,21494,500000,2426.4552034237986,226.4552034237986,2200.0,500010,9817,9110,1597.94
ADSCA_T50,50,11,20,26,21792,500000,2600.000000000002,1.8189894035458565e-12,2600.0,500023,9838,8073,217.66
ADSCA_T50,50,12,10,8,11874,200000,2887.3832323543356,187.38323235433563,2700.0,200019,3931,3419,73.68
ADSCA_T50,50,8,20,29,21495,500000,2724.2999492060053,524.2999492060053,2200.0,500001,9861,6901,1602.37
ADSCA_T50,50,12,10,7,11873,200000,2916.455304094207,216.4553040942069,2700.0,200037,3931,3437,93.76
ADSCA_T50,50,11,20,27,21793,500000,2600.000000000002,1.8189894035458565e-12,2600.0,500002,9828,8552,225.66
ADSCA_T50,50,12,10,4,11870,200000,2870.0482555834833,170.0482555834833,2700.0,200001,3925,3701,101.86
ADSCA_T50,50,12,10,5,11871,200000,2923.894166972144,223.89416697214392,2700.0,200006,3929,3506,116.66
ADSCA_T50,50,12,10,12,11878,200000,2891.7702758453333,191.77027584533334,2700.0,200011,3926,3661,75.42
ADSCA_T50,50,11,20,29,21795,500000,2600.000000000002,1.8189894035458565e-12,2600.0,500048,9830,8498,215.61
ADSCA_T50,50,12,10,13,11879,200000,2897.041072393298,197.04107239329778,2700.0,200027,3926,3677,79.44
ADSCA_T50,50,12,10,10,11876,200000,2926.4711571015323,226.4711571015323,2700.0,200048,3925,3748,98.6
ADSCA_T50,50,12,10,9,11875,200000,2962.9489178220456,262.9489178220456,2700.0,200000,3927,3600,107.04
ADSCA_T50,50,11,20,28,21794,500000,2600.000000000002,1.8189894035458565e-12,2600.0,500019,9830,8469,241.16
ADSCA_T50,50,12,10,20,11886,200000,2871.8793535476793,171.87935354767933,2700.0,200037,3925,3737,71.71
ADSCA_T50,50,12,10,23,11889,200000,2944.2834876846646,244.28348768466458,2700.0,200000,3923,3800,55.11
ADSCA_T50,50,12,10,11,11877,200000,3046.571966077713,346.5719660777131,2700.0,200034,3930,3484,105.53
ADSCA_T50,50,12,10,18,11884,200000,2887.6748137070813,187.67481370708128,2700.0,200005,3924,3755,88.2
ADSCA_T50,50,12,10,17,11883,200000,2899.1523640881314,199.15236408813143,2700.0,200034,3927,3634,95.06
ADSCA_T50,50,12,10,14,11880,200000,2968.9746559490636,268.9746559490636,2700.0,200000,3924,3750,103.73
ADSCA_T50,50,12,10,19,11885,200000,2877.9553088040184,177.9553088040184,2700.0,200043,3930,3493,89.14
ADSCA_T50,50,12,10,15,11881,200000,2867.5275207675186,167.52752076751858,2700.0,200001,3925,3701,105.03
ADSCA_T50,50,12,10,21,11887,200000,3129.0969529223894,429.0969529223894,2700.0,200013,3925,3713,80.46
ADSCA_T50,50,12,10,22,11888,200000,2871.2460451786396,171.24604517863963,2700.0,200024,3923,3824,89.61
ADSCA_T50,50,12,10,26,11892,200000,2900.2326646633146,200.2326646633146,2700.0,200036,3929,3536,84.38
ADSCA_T50,50,12,10,16,11882,200000,2878.2582037048287,178.2582037048287,2700.0,200004,3925,3704,133.4
ADSCA_T50,50,12,10,28,11894,200000,2870.240563499938,170.24056349993816,2700.0,200043,3927,3643,78.81
ADSCA_T50,50,12,10,24,11890,200000,2872.3244175028594,172.32441750285943,2700.0,200012,3924,3762,98.59
ADSCA_T50,50,12,10,25,11891,200000,2957.8395705330404,257.8395705330404,2700.0,200031,3925,3731,97.73
ADSCA_T50,50,12,10,27,11893,200000,2904.866219899763,204.8662198997631,2700.0,200008,3926,3658,119.24
ADSCA_T50,50,12,10,29,11895,200000,3057.572208584146,357.5722085841462,2700.0,200049,3925,3749,108.8
ADSCA_T50,50,12,20,3,21869,500000,3040.0812016383484,340.0812016383484,2700.0,500024,9815,9224,194.16
ADSCA_T50,50,12,20,2,21868,500000,3108.5893779743797,408.58937797437966,2700.0,500016,9817,9116,216.43
ADSCA_T50,50,12,20,1,21867,500000,3221.1392505031454,521.1392505031454,2700.0,500044,9819,9044,220.21
ADSCA_T50,50,12,20,13,21879,500000,3056.3805842786555,356.38058427865553,2700.0,500034,9811,9434,180.55
ADSCA_T50,50,12,20,6,21872,500000,3275.5526552025376,575.5526552025376,2700.0,500002,9811,9402,203.57
ADSCA_T50,50,12,20,19,21885,500000,3333.654311208122,633.6543112081222,2700.0,500001,9810,9451,163.79
ADSCA_T50,50,12,20,0,21866,500000,3042.614780292581,342.61478029258114,2700.0,500014,9813,9314,238.32
ADSCA_T50,50,12,20,12,21878,500000,2999.4525791940005,299.45257919400046,2700.0,500033,9825,8733,200.54
ADSCA_T50,50,12,20,11,21877,500000,3150.8143134160564,450.8143134160564,2700.0,500008,9812,9358,222.63
ADSCA_T50,50,12,20,5,21871,500000,3258.3365224278523,558.3365224278523,2700.0,500038,9813,9338,237.79
ADSCA_T200,200,1,10,0,10766,200000,300.0000003727696,3.7276959119481035e-07,300.0,200036,3989,536,3.31
ADSCA_T200,200,1,10,1,10767,200000,300.00000023553383,2.3553383243779535e-07,300.0,200000,3987,600,4.35
ADSCA_T200,200,1,10,3,10769,200000,360.6324361770405,60.63243617704052,300.0,200047,3994,297,3.4
ADSCA_T200,200,1,10,2,10768,200000,325.3973461986361,25.397346198636114,300.0,200000,3993,300,8.14
ADSCA_T200,200,1,10,5,10771,200000,300.7411737123182,0.7411737123181865,300.0,200049,3994,299,3.31
ADSCA_T200,200,1,10,4,10770,200000,300.000087792328,8.779232797451186e-05,300.0,200017,3992,367,6.95
ADSCA_T200,200,1,10,6,10772,200000,300.0007348539399,0.0007348539398890352,300.0,200000,3991,400,3.32
ADSCA_T200,200,1,10,8,10774,200000,307.994337690837,7.994337690837028,300.0,200004,3993,304,3.31
ADSCA_T200,200,1,10,7,10773,200000,303.65915110380604,3.659151103806039,300.0,200049,3994,299,7.72
ADSCA_T200,200,1,10,9,10775,200000,300.0000043449657,4.344965702784975e-06,300.0,200050,3990,500,3.31
ADSCA_T50,50,12,20,10,21876,500000,3071.9693855358337,371.9693855358337,2700.0,500046,9820,8996,250.56
ADSCA_T200,200,1,10,11,10777,200000,300.0000671429545,6.714295449228302e-05,300.0,200038,3991,438,3.36
ADSCA_T50,50,12,20,8,21874,500000,3188.7777578317905,488.7777578317905,2700.0,500014,9812,9364,257.53
ADSCA_T200,200,1,10,10,10776,200000,301.3651125920182,1.3651125920181926,300.0,200046,3994,296,6.57
ADSCA_T200,200,1,10,13,10779,200000,300.000002501927,2.501926985587488e-06,300.0,200049,3989,549,3.32
ADSCA_T200,200,1,10,12,10778,200000,300.0000289461159,2.8946115889993962e-05,300.0,200001,3990,451,5.82
ADSCA_T50,50,12,20,4,21870,500000,3124.8440625333424,424.84406253334237,2700.0,500045,9816,9195,286.46
ADSCA_T50,50,12,20,7,21873,500000,3200.3082524384236,500.30825243842355,2700.0,500011,9815,9211,270.52
ADSCA_T200,200,1,10,14,10780,200000,300.0024336955326,0.002433695532602087,300.0,200049,3992,399,5.86
ADSCA_T200,200,1,10,16,10782,200000,553.5569982903664,253.55699829036644,300.0,200040,3994,290,3.32
ADSCA_T200,200,1,10,15,10781,200000,300.0000448563234,4.4856323427211464e-05,300.0,200034,3991,434,5.95
ADSCA_T200,200,1,10,18,10784,200000,300.00000042560043,4.256004331182339e-07,300.0,200046,3989,546,3.49
ADSCA_T200,200,1,10,21,10787,200000,483.5380129822582,183.53801298225818,300.0,200036,3994,286,3.45
ADSCA_T200,200,1,10,19,10785,200000,300.0000108611559,1.0861155885777407e-05,300.0,200026,3989,526,4.72
ADSCA_T200,200,1,10,17,10783,200000,706.4982166474805,406.4982166474805,300.0,200043,3994,293,5.32
ADSCA_T50,50,12,20,15,21881,500000,3319.9211504191044,619.9211504191044,2700.0,500004,9810,9454,237.31
ADSCA_T200,200,1,10,23,10789,200000,306.3724756988156,6.372475698815606,300.0,200041,3994,291,3.32
ADSCA_T200,200,1,10,27,10793,200000,300.000002855315,2.855315017313842e-06,300.0,200007,3990,457,4.78
ADSCA_T200,200,1,10,26,10792,200000,300.00000059642315,5.964231490906968e-07,300.0,200024,3989,524,4.93
ADSCA_T200,200,1,10,28,10794,200000,320.6121220339199,20.61212203391989,300.0,200043,3994,293,3.3
ADSCA_T200,200,1,10,20,10786,200000,300.0180404484912,0.018040448491206007,300.0,200009,3992,359,10.03
ADSCA_T200,200,1,10,22,10788,200000,450.21592112878267,150.21592112878267,300.0,200049,3994,299,9.58
ADSCA_T200,200,1,10,24,10790,200000,368.86621216617027,68.86621216617027,300.0,200043,3994,293,8.02
ADSCA_T200,200,1,10,25,10791,200000,300.00121793525994,0.0012179352599446247,300.0,200024,3992,374,8.82
ADSCA_T200,200,1,10,29,10795,200000,300.00000204784243,2.047842428964941e-06,300.0,200005,3988,555,5.95
ADSCA_T200,200,1,20,1,20767,500000,300.0000000000041,4.092726157978177e-12,300.0,500001,9964,1751,8.52
ADSCA_T200,200,1,20,7,20773,500000,300.00000000000034,3.410605131648481e-13,300.0,500000,9965,1700,8.63
ADSCA_T50,50,12,20,9,21875,500000,3072.2901858198766,372.29018581987657,2700.0,500009,9825,8709,287.71
ADSCA_T50,50,12,20,14,21880,500000,3108.4401259653146,408.44012596531456,2700.0,500032,9816,9182,271.14
ADSCA_T200,200,1,20,6,20772,500000,300.00000000000045,4.547473508864641e-13,300.0,500001,9964,1751,15.71
ADSCA_T200,200,1,20,4,20770,500000,300.00000000000244,2.4442670110147446e-12,300.0,500024,9965,1724,20.02
ADSCA_T200,200,1,20,2,20768,500000,300.00000000005036,5.03632691106759e-11,300.0,500042,9965,1742,22.06
ADSCA_T200,200,1,20,3,20769,500000,300.0000000000002,2.2737367544323206e-13,300.0,500049,9963,1849,23.87
ADSCA_T200,200,1,20,0,20766,500000,300.00000000003996,3.9960923459148034e-11,300.0,500048,9967,1648,27.51
ADSCA_T200,200,1,20,5,20771,500000,300.0000000000447,4.46789272245951e-11,300.0,500049,9966,1699,24.27
ADSCA_T200,200,1,20,8,20774,500000,300.0000000000032,3.183231456205249e-12,300.0,500049,9965,1749,10.68
ADSCA_T50,50,12,20,18,21884,500000,3001.2461745278792,301.24617452787925,2700.0,500010,9814,9260,259.35
ADSCA_T50,50,12,20,16,21882,500000,3285.731458900701,585.731458900701,2700.0,500040,9813,9340,262.63
ADSCA_T50,50,12,20,17,21883,500000,3106.837561299889,406.8375612998889,2700.0,500045,9816,9195,264.25
ADSCA_T200,200,1,20,18,20784,500000,300.00000000025324,2.532374310248997e-10,300.0,500038,9969,1538,8.54
ADSCA_T200,200,1,20,9,20775,500000,300.00000000006895,6.895106707816012e-11,300.0,500009,9965,1709,21.67
ADSCA_T200,200,1,20,16,20782,500000,300.00000000000045,4.547473508864641e-13,300.0,500001,9963,1801,14.48
ADSCA_T200,200,1,20,17,20783,500000,300.00000000160753,1.6075318853836507e-09,300.0,500015,9970,1465,15.31
ADSCA_T200,200,1,20,14,20780,500000,300.0000000000029,2.8990143619012088e-12,300.0,500000,9962,1850,19.09
ADSCA_T200,200,1,20,13,20779,500000,300.0000000000027,2.6716406864579767e-12,300.0,500000,9963,1800,21.75
ADSCA_T200,200,1,20,11,20777,500000,300.00000000167273,1.6727312868169975e-09,300.0,500000,9967,1600,22.74
ADSCA_T200,200,1,20,10,20776,500000,300.00000000000466,4.661160346586257e-12,300.0,500002,9963,1802,24.01
ADSCA_T200,200,1,20,12,20778,500000,300.0000000061958,6.195818968990352e-09,300.0,500047,9970,1497,22.2
ADSCA_T200,200,1,20,21,20787,500000,300.00000000002797,2.7966962079517543e-11,300.0,500046,9966,1696,8.85
ADSCA_T200,200,1,20,15,20781,500000,300.00000000000773,7.73070496506989e-12,300.0,500002,9964,1752,19.64
ADSCA_T200,200,1,20,19,20785,500000,300.000000000006,6.0254023992456496e-12,300.0,500043,9966,1693,21.68
ADSCA_T200,200,1,20,24,20790,500000,300.0000000107981,1.0798089533636812e-08,300.0,500038,9971,1438,8.54
ADSCA_T200,200,2,10,1,10867,200000,405.3706002448356,5.3706002448356,400.0,200000,3986,650,8.34
ADSCA_T200,200,2,10,3,10869,200000,467.5592981469792,67.55929814697919,400.0,200019,3988,569,4.37
ADSCA_T50,50,12,20,21,21887,500000,3045.7635223167536,345.76352231675355,2700.0,500027,9827,8627,259.28
ADSCA_T200,200,1,20,20,20786,500000,300.00000000005264,5.263700586510822e-11,300.0,500014,9968,1564,26.43
ADSCA_T200,200,2,10,4,10870,200000,400.40305441681846,0.4030544168184633,400.0,200003,3984,753,4.53
ADSCA_T200,200,1,20,23,20789,500000,300.0000000017855,1.7855086298368406e-09,300.0,500042,9970,1492,17.75
ADSCA_T200,200,1,20,26,20792,500000,300.0000000000131,1.3073986337985843e-11,300.0,500013,9964,1763,16.14
ADSCA_T200,200,2,10,5,10871,200000,487.4877578646293,87.48775786462932,400.0,200038,3987,638,4.47
ADSCA_T200,200,2,10,0,10866,200000,400.2583748627473,0.2583748627473028,400.0,200000,3985,700,14.56
ADSCA_T200,200,1,20,28,20794,500000,300.00000000000176,1.7621459846850485e-12,300.0,500023,9963,1823,17.67
ADSCA_T200,200,2,10,2,10868,200000,494.97836700306044,94.97836700306044,400.0,200016,3987,616,12.62
ADSCA_T200,200,2,10,6,10872,200000,408.9161703449904,8.916170344990405,400.0,200000,3986,650,5.34
ADSCA_T200,200,1,20,22,20788,500000,300.0000000000025,2.5011104298755527e-12,300.0,500048,9963,1848,24.74
ADSCA_T200,200,2,10,10,10876,200000,400.002697378551,0.0026973785509767367,400.0,200049,3982,899,4.31
ADSCA_T200,200,1,20,25,20791,500000,300.0000000000058,5.7980287238024175e-12,300.0,500000,9963,1800,20.78
ADSCA_T200,200,2,10,11,10877,200000,400.3481496908177,0.3481496908177064,400.0,200000,3985,700,4.27
ADSCA_T200,200,2,10,13,10879,200000,473.90612579002766,73.90612579002766,400.0,200000,3985,700,4.34
ADSCA_T200,200,2,10,7,10873,200000,426.17403822554536,26.17403822554536,400.0,200000,3990,450,7.75
ADSCA_T200,200,2,10,9,10875,200000,458.07487580861954,58.07487580861954,400.0,200034,3987,634,7.46
ADSCA_T200,200,2,10,15,10881,200000,466.986514643858,66.98651464385802,400.0,200015,3984,765,4.24
ADSCA_T200,200,2,10,17,10883,200000,408.9161524638969,8.916152463896879,400.0,200000,3984,750,4.24
ADSCA_T200,200,2,10,19,10885,200000,408.9161019542603,8.916101954260284,400.0,200000,3982,850,4.21
ADSCA_T200,200,1,20,27,20793,500000,300.0000000000002,2.2737367544323206e-13,300.0,500000,9960,1950,25.51
ADSCA_T50,50,12,20,20,21886,500000,3367.042447109622,667.0424471096221,2700.0,500042,9820,8992,276.77
ADSCA_T200,200,1,20,29,20795,500000,300.00000000020805,2.0804691303055733e-10,300.0,500000,9968,1550,26.07
ADSCA_T200,200,2,10,20,10886,200000,436.97644548427945,36.97644548427945,400.0,200033,3991,433,4.29
ADSCA_T200,200,2,10,12,10878,200000,404.3864760133079,4.386476013307913,400.0,200009,3984,759,10.51
ADSCA_T200,200,2,10,21,10887,200000,400.5677002249737,0.5677002249736915,400.0,200044,3988,594,5.17
ADSCA_T200,200,2,10,23,10889,200000,408.91610242429624,8.916102424296241,400.0,200027,3983,827,4.21
ADSCA_T200,200,2,10,8,10874,200000,470.10533654535425,70.10533654535425,400.0,200006,3985,706,12.9
ADSCA_T200,200,2,10,24,10890,200000,465.9916230750471,65.99162307504707,400.0,200002,3984,752,4.23
ADSCA_T200,200,2,10,16,10882,200000,465.05458171261716,65.05458171261716,400.0,200028,3988,578,8.62
ADSCA_T200,200,2,10,27,10893,200000,407.02625505889705,7.02625505889705,400.0,200008,3985,708,4.22
ADSCA_T200,200,2,10,29,10895,200000,406.93538966704466,6.93538966704466,400.0,200000,3983,800,5.89
ADSCA_T200,200,2,10,18,10884,200000,408.9161871331394,8.916187133139374,400.0,200000,3984,750,12.02
ADSCA_T200,200,2,10,22,10888,200000,407.44896416945164,7.448964169451642,400.0,200000,3985,700,9.61
ADSCA_T200,200,2,10,14,10880,200000,400.1747803737018,0.17478037370182165,400.0,200000,3982,850,14.72
ADSCA_T50,50,12,20,22,21888,500000,3345.742686116691,645.742686116691,2700.0,500048,9823,8848,182.48
ADSCA_T200,200,2,10,26,10892,200000,400.65174898664736,0.6517489866473625,400.0,200029,3989,529,10.23
ADSCA_T200,200,2,20,2,20868,500000,449.15505905104214,49.155059051042144,400.0,500018,9971,1418,10.97
ADSCA_T200,200,2,10,25,10891,200000,402.0815747025689,2.0815747025689006,400.0,200016,3988,566,14.4
ADSCA_T200,200,2,20,4,20870,500000,449.2728290865681,49.272829086568095,400.0,500027,9970,1477,10.8
ADSCA_T200,200,2,10,28,10894,200000,404.09570459842024,4.095704598420241,400.0,200000,3984,750,15.09
ADSCA_T200,200,2,20,0,20866,500000,449.24959496998343,49.249594969983434,400.0,500041,9975,1241,18.95
ADSCA_T200,200,2,20,3,20869,500000,465.8472154708158,65.8472154708158,400.0,500017,9966,1667,18.35
ADSCA_T200,200,2,20,7,20873,500000,468.2825560284258,68.2825560284258,400.0,500046,9966,1696,14.64
ADSCA_T200,200,2,20,12,20878,500000,463.4069539260231,63.40695392602311,400.0,500006,9977,1106,13.97
ADSCA_T200,200,2,20,11,20877,500000,467.6561509368246,67.65615093682459,400.0,500046,9977,1146,15.29
ADSCA_T200,200,2,20,6,20872,500000,463.62844980133326,63.62844980133326,400.0,500022,9979,1022,20.74
ADSCA_T200,200,2,20,13,20879,500000,525.5675532263444,125.56755322634444,400.0,500030,9973,1330,15.18
ADSCA_T200,200,2,20,19,20885,500000,450.57926151864694,50.579261518646945,400.0,500020,9975,1220,11.12
ADSCA_T50,50,12,20,26,21892,500000,3100.2292604371787,400.2292604371787,2700.0,500050,9824,8800,179.61
ADSCA_T200,200,2,20,8,20874,500000,447.2664375584075,47.26643755840752,400.0,500043,9977,1143,26.05
ADSCA_T200,200,2,20,10,20876,500000,466.7457213224151,66.74572132241508,400.0,500001,9962,1851,25.58
ADSCA_T200,200,2,20,9,20875,500000,475.23161894925613,75.23161894925613,400.0,500020,9967,1620,27.12
ADSCA_T200,200,2,20,20,20886,500000,471.73995133459994,71.73995133459994,400.0,500034,9975,1234,11.09
ADSCA_T200,200,2,20,5,20871,500000,465.743456890645,65.743456890645,400.0,500015,9976,1165,33.63
ADSCA_T200,200,2,20,14,20880,500000,531.1246233941004,131.12462339410035,400.0,500037,9974,1287,23.7
ADSCA_T200,200,2,20,15,20881,500000,449.696250196716,49.696250196715994,400.0,500018,9972,1368,26.24
ADSCA_T200,200,2,20,1,20867,500000,518.839857754682,118.83985775468204,400.0,500011,9976,1161,38.49
ADSCA_T200,200,2,20,16,20882,500000,474.1527715640336,74.15277156403363,400.0,500033,9977,1133,24.68
ADSCA_T200,200,2,20,21,20887,500000,456.50472290213116,56.504722902131164,400.0,500038,9979,1038,21.53
ADSCA_T200,200,2,20,17,20883,500000,513.5473065444831,113.54730654448315,400.0,500038,9979,1038,25.37
ADSCA_T200,200,2,20,29,20895,500000,452.69410167557277,52.69410167557277,400.0,500042,9978,1092,10.93
ADSCA_T200,200,3,10,1,10967,200000,600.0000000000002,2.2737367544323206e-13,600.0,200000,3980,950,9.8
ADSCA_T200,200,2,20,25,20891,500000,449.97410736240084,49.974107362400844,400.0,500005,9972,1355,17.88
ADSCA_T200,200,2,20,18,20884,500000,449.8142243885945,49.81422438859448,400.0,500048,9973,1348,29.52
ADSCA_T200,200,2,20,26,20892,500000,474.29731263766956,74.29731263766956,400.0,500000,9961,1900,18.91
ADSCA_T200,200,3,10,0,10966,200000,600.0000000000006,5.684341886080801e-13,600.0,200000,3980,950,16.73
ADSCA_T200,200,3,10,7,10973,200000,600.0000000000001,1.1368683772161603e-13,600.0,200000,3980,950,8.2
ADSCA_T200,200,3,10,2,10968,200000,600.0000000000001,1.1368683772161603e-13,600.0,200000,3980,950,16.36
ADSCA_T200,200,3,10,6,10972,200000,600.0000000000001,1.1368683772161603e-13,600.0,200000,3980,950,11.28
ADSCA_T200,200,3,10,5,10971,200000,600.0000000000001,1.1368683772161603e-13,600.0,200000,3980,950,13.88
ADSCA_T200,200,2,20,22,20888,500000,454.6733337014874,54.67333370148742,400.0,500027,9976,1177,34.72
ADSCA_T200,200,2,20,27,20893,500000,471.87920549277334,71.87920549277334,400.0,500003,9976,1153,26.93
ADSCA_T200,200,2,20,23,20889,500000,404.4836064030347,4.483606403034685,400.0,500042,9970,1492,32.89
ADSCA_T200,200,2,20,24,20890,500000,454.1450564968288,54.14505649682877,400.0,500039,9977,1139,28.8
ADSCA_T200,200,3,10,4,10970,200000,600.0000000000001,1.1368683772161603e-13,600.0,200000,3980,950,20.98
ADSCA_T200,200,3,10,12,10978,200000,600.0000000000003,3.410605131648481e-13,600.0,200000,3980,950,8.22
ADSCA_T200,200,3,10,3,10969,200000,600.0000000000001,1.1368683772161603e-13,600.0,200000,3980,950,22.0
ADSCA_T200,200,3,10,13,10979,200000,600.0000000000001,1.1368683772161603e-13,600.0,200000,3980,950,8.16
ADSCA_T200,200,2,20,28,20894,500000,449.14796999692777,49.14796999692777,400.0,500049,9966,1699,28.84
ADSCA_T200,200,3,10,8,10974,200000,600.0000000000001,1.1368683772161603e-13,600.0,200000,3980,950,18.48
ADSCA_T200,200,3,10,9,10975,200000,600.0000000000001,1.1368683772161603e-13,600.0,200000,3980,950,15.53
ADSCA_T200,200,3,10,18,10984,200000,600.0000000000001,1.1368683772161603e-13,600.0,200000,3980,950,8.47
ADSCA_T200,200,3,10,11,10977,200000,600.0000000000001,1.1368683772161603e-13,600.0,200000,3980,950,17.72
ADSCA_T50,50,12,20,23,21889,500000,3130.3858813152256,430.38588131522556,2700.0,500033,9813,9333,226.13
ADSCA_T200,200,3,10,24,10990,200000,600.0000000000001,1.1368683772161603e-13,600.0,200000,3980,950,8.43
ADSCA_T200,200,3,10,21,10987,200000,600.0000000000001,1.1368683772161603e-13,600.0,200000,3980,950,10.75
ADSCA_T200,200,3,10,26,10992,200000,600.0000000000002,2.2737367544323206e-13,600.0,200000,3980,950,8.64
ADSCA_T200,200,3,10,22,10988,200000,600.0000000000001,1.1368683772161603e-13,600.0,200000,3980,950,13.21
ADSCA_T200,200,3,10,15,10981,200000,600.0000000000001,1.1368683772161603e-13,600.0,200000,3980,950,20.34
ADSCA_T200,200,3,10,10,10976,200000,600.0000000000001,1.1368683772161603e-13,600.0,200000,3980,950,26.98
ADSCA_T200,200,3,10,28,10994,200000,600.0000000000001,1.1368683772161603e-13,600.0,200000,3980,950,8.52
ADSCA_T200,200,3,10,14,10980,200000,600.0000000000001,1.1368683772161603e-13,600.0,200000,3980,950,21.78
ADSCA_T200,200,3,10,19,10985,200000,600.0,0.0,600.0,200000,3980,950,19.59
ADSCA_T200,200,3,10,20,10986,200000,600.0000000000001,1.1368683772161603e-13,600.0,200000,3980,950,19.87
ADSCA_T200,200,3,10,16,10982,200000,600.0000000000001,1.1368683772161603e-13,600.0,200000,3980,950,21.86
ADSCA_T200,200,3,10,25,10991,200000,600.0000000000002,2.2737367544323206e-13,600.0,200000,3980,950,20.73
ADSCA_T200,200,3,10,23,10989,200000,600.0000000000001,1.1368683772161603e-13,600.0,200000,3980,950,22.66
ADSCA_T200,200,3,10,27,10993,200000,600.0000000000001,1.1368683772161603e-13,600.0,200000,3980,950,19.38
ADSCA_T200,200,3,10,17,10983,200000,600.0000000000001,1.1368683772161603e-13,600.0,200000,3980,950,25.7
ADSCA_T50,50,12,20,25,21891,500000,3137.037285652298,437.0372856522981,2700.0,500020,9812,9370,238.12
ADSCA_T200,200,3,10,29,10995,200000,600.0000000000001,1.1368683772161603e-13,600.0,200000,3980,950,19.93
ADSCA_T50,50,12,20,27,21893,500000,3051.49559422812,351.4955942281199,2700.0,500018,9813,9318,234.93
ADSCA_T50,50,12,20,29,21895,500000,3445.3747830900124,745.3747830900124,2700.0,500021,9812,9371,236.44
ADSCA_T50,50,12,20,24,21890,500000,2981.6743110925217,281.67431109252175,2700.0,500001,9809,9501,258.35
ADSCA_T50,50,12,20,28,21894,500000,3089.483079532568,389.4830795325679,2700.0,500033,9816,9183,241.66
ADSCA_T200,200,3,20,1,20967,500000,600.0000000000003,3.410605131648481e-13,600.0,500000,9951,2400,36.67
ADSCA_T200,200,3,20,15,20981,500000,600.0000000000002,2.2737367544323206e-13,600.0,500000,9951,2400,22.78
ADSCA_T200,200,3,20,0,20966,500000,600.0000000000003,3.410605131648481e-13,600.0,500000,9951,2400,41.91
ADSCA_T200,200,3,20,5,20971,500000,600.0000000000001,1.1368683772161603e-13,600.0,500000,9951,2400,35.42
ADSCA_T200,200,3,20,11,20977,500000,600.0000000000003,3.410605131648481e-13,600.0,500000,9951,2400,32.35
ADSCA_T200,200,3,20,2,20968,500000,600.0000000000001,1.1368683772161603e-13,600.0,500000,9951,2400,44.91
ADSCA_T200,200,3,20,4,20970,500000,600.0000000000003,3.410605131648481e-13,600.0,500000,9951,2400,46.19
ADSCA_T200,200,3,20,9,20975,500000,600.0000000000003,3.410605131648481e-13,600.0,500000,9951,2400,40.37
ADSCA_T200,200,3,20,7,20973,500000,600.0000000000001,1.1368683772161603e-13,600.0,500000,9951,2400,43.69
ADSCA_T200,200,3,20,8,20974,500000,600.0000000000001,1.1368683772161603e-13,600.0,500000,9951,2400,43.58
ADSCA_T200,200,3,20,10,20976,500000,600.0000000000002,2.2737367544323206e-13,600.0,500000,9951,2400,43.82
ADSCA_T200,200,3,20,6,20972,500000,600.0000000000001,1.1368683772161603e-13,600.0,500000,9951,2400,50.41
ADSCA_T200,200,3,20,18,20984,500000,600.0000000000001,1.1368683772161603e-13,600.0,500004,9951,2404,30.71
ADSCA_T200,200,3,20,3,20969,500000,600.0000000000003,3.410605131648481e-13,600.0,500000,9951,2400,56.29
ADSCA_T200,200,3,20,13,20979,500000,600.0000000000001,1.1368683772161603e-13,600.0,500000,9951,2400,45.97
ADSCA_T200,200,3,20,16,20982,500000,600.0000000000002,2.2737367544323206e-13,600.0,500000,9951,2400,46.04
ADSCA_T200,200,3,20,12,20978,500000,600.0000000000003,3.410605131648481e-13,600.0,500000,9951,2400,51.56
ADSCA_T200,200,3,20,23,20989,500000,600.0000000000001,1.1368683772161603e-13,600.0,500000,9951,2400,29.33
ADSCA_T200,200,3,20,17,20983,500000,600.0000000000002,2.2737367544323206e-13,600.0,500000,9951,2400,50.28
ADSCA_T200,200,3,20,14,20980,500000,600.0000000000002,2.2737367544323206e-13,600.0,500000,9951,2400,55.91
ADSCA_T200,200,3,20,24,20990,500000,600.0000000000002,2.2737367544323206e-13,600.0,500000,9951,2400,31.63
ADSCA_T200,200,3,20,26,20992,500000,600.0000000000002,2.2737367544323206e-13,600.0,500046,9952,2396,33.09
ADSCA_T200,200,3,20,28,20994,500000,600.0000000000002,2.2737367544323206e-13,600.0,500000,9951,2400,26.14
ADSCA_T200,200,3,20,19,20985,500000,600.0000000000002,2.2737367544323206e-13,600.0,500000,9951,2400,43.62
ADSCA_T200,200,4,10,0,11066,200000,882.0,82.0,800.0,200000,3980,950,26.54
ADSCA_T200,200,4,10,2,11068,200000,858.0,58.0,800.0,200000,3980,950,24.59
ADSCA_T200,200,4,10,3,11069,200000,884.5,84.5,800.0,200000,3980,950,21.97
ADSCA_T200,200,3,20,25,20991,500000,600.0000000000001,1.1368683772161603e-13,600.0,500000,9951,2400,37.85
ADSCA_T200,200,3,20,22,20988,500000,600.0000000000002,2.2737367544323206e-13,600.0,500000,9951,2400,46.56
ADSCA_T200,200,4,10,1,11067,200000,884.5,84.5,800.0,200000,3980,950,33.57
ADSCA_T200,200,4,10,9,11075,200000,832.0,32.0,800.0,200000,3980,950,18.25
ADSCA_T200,200,3,20,21,20987,500000,600.0000000000001,1.1368683772161603e-13,600.0,500000,9951,2400,52.23
ADSCA_T200,200,3,20,29,20995,500000,600.0000000000001,1.1368683772161603e-13,600.0,500000,9951,2400,38.14
ADSCA_T200,200,4,10,4,11070,200000,842.0,42.0,800.0,200000,3981,900,29.96
ADSCA_T200,200,4,10,7,11073,200000,846.0,46.0,800.0,200000,3980,950,26.11
ADSCA_T200,200,4,10,6,11072,200000,914.5,114.5,800.0,200000,3980,950,29.2
ADSCA_T200,200,3,20,27,20993,500000,600.0000000000002,2.2737367544323206e-13,600.0,500000,9951,2400,45.91
ADSCA_T200,200,4,10,11,11077,200000,848.0,48.0,800.0,200000,3980,950,21.83
ADSCA_T200,200,4,10,8,11074,200000,862.0,62.0,800.0,200000,3980,950,27.74
ADSCA_T200,200,4,10,18,11084,200000,852.0,52.0,800.0,200000,3980,950,13.5
ADSCA_T200,200,3,20,20,20986,500000,600.0000000000003,3.410605131648481e-13,600.0,500050,9952,2400,60.15
ADSCA_T200,200,4,10,20,11086,200000,828.0,28.0,800.0,200000,3980,950,12.67
ADSCA_T200,200,4,10,5,11071,200000,842.0,42.0,800.0,200000,3980,950,39.14
ADSCA_T200,200,4,10,13,11079,200000,838.0,38.0,800.0,200000,3981,900,23.2
ADSCA_T200,200,4,10,16,11082,200000,856.0,56.0,800.0,200000,3980,950,22.69
ADSCA_T200,200,4,10,14,11080,200000,852.0,52.0,800.0,200011,3981,911,23.63
ADSCA_T200,200,4,10,23,11089,200000,852.0,52.0,800.0,200000,3980,950,12.83
ADSCA_T200,200,4,10,12,11078,200000,858.0,58.0,800.0,200000,3980,950,28.82
ADSCA_T200,200,4,10,15,11081,200000,860.5,60.5,800.0,200000,3980,950,25.13
ADSCA_T200,200,4,10,10,11076,200000,846.0,46.0,800.0,200000,3980,950,37.16
ADSCA_T200,200,4,10,17,11083,200000,834.0,34.0,800.0,200001,3981,901,28.65
ADSCA_T200,200,4,10,22,11088,200000,856.0,56.0,800.0,200000,3980,950,22.98
ADSCA_T200,200,4,10,21,11087,200000,846.0,46.0,800.0,200000,3981,900,30.63
ADSCA_T200,200,4,10,24,11090,200000,922.5,122.5,800.0,200000,3980,950,26.89
ADSCA_T200,200,4,10,27,11093,200000,916.0,116.0,800.0,200000,3980,950,26.25
ADSCA_T200,200,4,10,26,11092,200000,862.0,62.0,800.0,200000,3980,950,27.39
ADSCA_T200,200,4,10,19,11085,200000,894.0,94.0,800.0,200000,3980,950,40.49
ADSCA_T200,200,4,10,25,11091,200000,892.0,92.0,800.0,200000,3980,950,35.47
ADSCA_T200,200,4,10,28,11094,200000,830.0,30.0,800.0,200000,3980,950,34.06
ADSCA_T200,200,4,20,0,21066,500000,1034.0,234.0,800.0,500000,9950,2450,33.81
ADSCA_T200,200,4,10,29,11095,200000,830.0,30.0,800.0,200000,3980,950,39.46
ADSCA_T200,200,4,20,3,21069,500000,1081.0,281.0,800.0,500001,9951,2401,47.27
ADSCA_T200,200,4,20,6,21072,500000,1079.0,279.0,800.0,500000,9950,2450,56.85
ADSCA_T200,200,4,20,9,21075,500000,1075.0,275.0,800.0,500000,9951,2400,57.04
ADSCA_T200,200,4,20,19,21085,500000,1010.5,210.5,800.0,500000,9951,2400,35.54
ADSCA_T200,200,4,20,13,21079,500000,1073.0,273.0,800.0,500000,9950,2450,52.25
ADSCA_T200,200,4,20,7,21073,500000,1034.5,234.5,800.0,500000,9951,2400,61.71
ADSCA_T200,200,4,20,8,21074,500000,1005.0,205.0,800.0,500000,9951,2400,62.1
ADSCA_T200,200,4,20,2,21068,500000,1083.5,283.5,800.0,500000,9950,2450,68.15
ADSCA_T200,200,4,20,11,21077,500000,1041.0,241.0,800.0,500000,9950,2450,57.39
ADSCA_T200,200,4,20,1,21067,500000,1074.0,274.0,800.0,500000,9950,2450,72.69
ADSCA_T200,200,4,20,14,21080,500000,1077.5,277.5,800.0,500021,9951,2421,52.42
ADSCA_T200,200,4,20,4,21070,500000,1104.5,304.5,800.0,500000,9951,2400,69.59
ADSCA_T200,200,5,10,2,11168,200000,900.9101465846876,0.9101465846875954,900.0,200000,3981,900,6.24
ADSCA_T200,200,5,10,3,11169,200000,900.0000004792971,4.792971139977453e-07,900.0,200000,3980,950,6.22
ADSCA_T200,200,4,20,17,21083,500000,1003.0,203.0,800.0,500000,9951,2400,60.55
ADSCA_T200,200,4,20,5,21071,500000,1032.0,232.0,800.0,500019,9951,2419,79.48
ADSCA_T200,200,5,10,1,11167,200000,900.0895341296899,0.08953412968992325,900.0,200000,3980,950,16.21
ADSCA_T200,200,5,10,6,11172,200000,900.0895303261243,0.08953032612430434,900.0,200000,3980,950,6.25
ADSCA_T200,200,4,20,10,21076,500000,992.0,192.0,800.0,500047,9952,2397,78.85
ADSCA_T200,200,4,20,12,21078,500000,972.0,172.0,800.0,500000,9951,2400,74.54
ADSCA_T200,200,5,10,0,11166,200000,900.1790575761771,0.17905757617711515,900.0,200000,3980,950,18.9
ADSCA_T200,200,4,20,21,21087,500000,1073.5,273.5,800.0,500000,9950,2450,55.86
ADSCA_T200,200,5,10,7,11173,200000,900.1790587609247,0.17905876092470407,900.0,200000,3980,950,6.65
ADSCA_T200,200,4,20,23,21089,500000,966.0,166.0,800.0,500000,9950,2450,41.46
ADSCA_T200,200,4,20,15,21081,500000,995.0,195.0,800.0,500048,9952,2398,71.0
ADSCA_T200,200,5,10,10,11176,200000,900.5438605366775,0.5438605366774709,900.0,200000,3980,950,7.94
ADSCA_T200,200,5,10,4,11170,200000,900.4545524109382,0.4545524109381631,900.0,200000,3981,900,19.58
ADSCA_T200,200,5,10,5,11171,200000,900.6333864397661,0.6333864397661273,900.0,200000,3980,950,16.92
ADSCA_T200,200,4,20,18,21084,500000,996.0,196.0,800.0,500020,9951,2420,69.48
ADSCA_T200,200,5,10,12,11178,200000,900.9981892480979,0.9981892480979013,900.0,200000,3980,950,9.63
ADSCA_T200,200,5,10,9,11175,200000,900.1790567572557,0.1790567572556938,900.0,200000,3980,950,12.33
ADSCA_T200,200,4,20,16,21082,500000,956.5,156.5,800.0,500000,9952,2350,76.82
ADSCA_T200,200,5,10,11,11177,200000,900.4543338587641,0.4543338587641301,900.0,200000,3980,950,12.47
ADSCA_T200,200,5,10,13,11179,200000,900.7229126103865,0.7229126103865156,900.0,200000,3980,950,11.71
ADSCA_T200,200,5,10,16,11182,200000,900.0895301607059,0.08953016070586273,900.0,200000,3980,950,10.09
ADSCA_T200,200,5,10,17,11183,200000,900.6333910983807,0.6333910983806845,900.0,200000,3980,950,9.69
ADSCA_T200,200,5,10,21,11187,200000,900.2685853624629,0.2685853624628862,900.0,200000,3980,950,6.35
ADSCA_T200,200,5,10,8,11174,200000,900.9087267882248,0.9087267882248398,900.0,200018,3981,918,18.17
ADSCA_T200,200,4,20,20,21086,500000,1000.5,200.5,800.0,500000,9951,2400,70.83
ADSCA_T200,200,5,10,15,11181,200000,900.0895321920207,0.08953219202066975,900.0,200000,3980,950,13.31
ADSCA_T200,200,5,10,24,11190,200000,901.177297419141,1.1772974191410412,900.0,200000,3980,950,6.32
ADSCA_T200,200,4,20,25,21091,500000,968.5,168.5,800.0,500000,9951,2400,40.82
ADSCA_T200,200,5,10,20,11186,200000,900.2685848099392,0.26858480993917055,900.0,200000,3980,950,10.81
ADSCA_T200,200,4,20,22,21088,500000,990.0,190.0,800.0,500000,9951,2400,68.74
ADSCA_T200,200,5,10,22,11188,200000,900.5438857826753,0.543885782675261,900.0,200000,3980,950,9.23
ADSCA_T200,200,5,10,14,11180,200000,900.4543463578729,0.4543463578728506,900.0,200000,3980,950,18.65
ADSCA_T200,200,5,10,19,11185,200000,900.5439287266977,0.5439287266976862,900.0,200000,3981,900,13.15
ADSCA_T200,200,5,10,18,11184,200000,900.633383456923,0.6333834569229566,900.0,200000,3980,950,13.47
ADSCA_T200,200,5,10,28,11194,200000,900.998224829286,0.9982248292859595,900.0,200000,3980,950,6.4
ADSCA_T200,200,5,10,29,11195,200000,900.1790577551103,0.17905775511030697,900.0,200000,3980,950,6.27
ADSCA_T200,200,5,10,23,11189,200000,900.2685850116271,0.268585011627124,900.0,200000,3980,950,10.7
ADSCA_T200,200,5,10,25,11191,200000,900.633406268318,0.6334062683180264,900.0,200000,3980,950,12.63
ADSCA_T200,200,5,10,27,11193,200000,900.2685862192991,0.2685862192990953,900.0,200000,3980,950,11.31
ADSCA_T200,200,5,10,26,11192,200000,900.6334031264623,0.6334031264623263,900.0,200000,3980,950,13.59
ADSCA_T200,200,5,20,1,21167,500000,902.7201993667655,2.7201993667655415,900.0,500027,9952,2377,15.73
ADSCA_T200,200,5,20,0,21166,500000,902.629816429923,2.6298164299230393,900.0,500046,9952,2396,17.13
ADSCA_T200,200,5,20,3,21169,500000,903.7016981105817,3.701698110581674,900.0,500000,9952,2350,15.8
ADSCA_T200,200,5,20,8,21174,500000,901.3563062215904,1.3563062215904438,900.0,500000,9952,2350,15.78
ADSCA_T200,200,4,20,26,21092,500000,1018.5,218.5,800.0,500000,9950,2450,58.92
ADSCA_T200,200,5,20,2,21168,500000,902.4439953122069,2.44399531220688,900.0,500000,9952,2350,22.08
ADSCA_T200,200,5,20,7,21173,500000,902.0792205355401,2.0792205355401165,900.0,500000,9951,2400,20.87
ADSCA_T200,200,5,20,9,21175,500000,901.6315572023523,1.631557202352269,900.0,500047,9952,2397,20.49
ADSCA_T200,200,5,20,11,21177,500000,901.9964409461172,1.9964409461172181,900.0,500000,9952,2350,20.62
ADSCA_T200,200,4,20,27,21093,500000,1091.0,291.0,800.0,500000,9951,2400,63.77
ADSCA_T200,200,5,20,6,21172,500000,902.9945196308164,2.9945196308163986,900.0,500021,9952,2371,24.01
ADSCA_T200,200,5,20,14,21180,500000,900.7229130121107,0.7229130121106664,900.0,500000,9951,2400,19.35
ADSCA_T200,200,4,20,28,21094,500000,944.5,144.5,800.0,500000,9952,2350,64.05
ADSCA_T200,200,5,20,5,21171,500000,904.9016556122766,4.901655612276613,900.0,500000,9951,2400,27.18
ADSCA_T200,200,4,20,24,21090,500000,1024.0,224.0,800.0,500000,9950,2450,71.91
ADSCA_T200,200,5,20,13,21179,500000,902.0860101178977,2.086010117897672,900.0,500000,9952,2350,25.95
ADSCA_T200,200,5,20,12,21178,500000,904.5851256758488,4.585125675848758,900.0,500000,9952,2350,26.39
ADSCA_T200,200,5,20,4,21170,500000,902.1754235705637,2.17542357056368,900.0,500049,9952,2399,30.32
ADSCA_T200,200,5,20,17,21183,500000,902.1754096532442,2.1754096532441736,900.0,500011,9952,2361,16.98
ADSCA_T200,200,5,20,15,21181,500000,901.9963849561238,1.9963849561238476,900.0,500000,9951,2400,23.9
ADSCA_T200,200,5,20,10,21176,500000,902.0859412787448,2.0859412787448264,900.0,500017,9952,2367,28.74
ADSCA_T200,200,5,20,18,21184,500000,902.9975109132697,2.997510913269707,900.0,500039,9952,2389,17.03
ADSCA_T200,200,4,20,29,21095,500000,1146.0,346.0,800.0,500000,9950,2450,70.65
ADSCA_T200,200,5,20,20,21186,500000,903.7192926011214,3.719292601121424,900.0,500000,9951,2400,18.39
ADSCA_T200,200,5,20,16,21182,500000,902.4507590027038,2.4507590027037622,900.0,500048,9952,2398,28.22
ADSCA_T200,200,5,20,19,21185,500000,901.9896778681715,1.9896778681714977,900.0,500003,9952,2353,23.49
ADSCA_T200,200,5,20,24,21190,500000,904.9017485875713,4.901748587571319,900.0,500000,9952,2350,17.07
ADSCA_T200,200,6,10,6,11272,200000,8143.8012222635325,6343.8012222635325,1800.0,200012,3985,712,9.01
ADSCA_T200,200,5,20,23,21189,500000,903.0841223895716,3.0841223895715757,900.0,500014,9952,2364,17.41
ADSCA_T200,200,6,10,8,11274,200000,3348.9908606644194,1548.9908606644194,1800.0,200000,3985,700,9.05
ADSCA_T200,200,6,10,0,11266,200000,24879.08979234663,23079.08979234663,1800.0,200000,3986,650,13.69
ADSCA_T200,200,6,10,5,11271,200000,6864.149739267208,5064.149739267208,1800.0,200042,3987,642,11.24
ADSCA_T200,200,6,10,1,11267,200000,6233.506480621395,4433.506480621395,1800.0,200036,3987,636,12.49
ADSCA_T200,200,6,10,2,11268,200000,16216.448254796793,14416.448254796793,1800.0,200025,3986,675,12.73
ADSCA_T200,200,5,20,27,21193,500000,901.9963948815538,1.9963948815537833,900.0,500011,9952,2361,16.99
ADSCA_T200,200,6,10,3,11269,200000,6606.359395666406,4806.359395666406,1800.0,200001,3985,701,12.97
ADSCA_T200,200,6,10,4,11270,200000,4987.385051851653,3187.385051851653,1800.0,200000,3985,700,12.77
ADSCA_T200,200,5,20,28,21194,500000,900.6334321015833,0.6334321015832529,900.0,500005,9952,2355,18.02
ADSCA_T200,200,5,20,21,21187,500000,902.5403098114386,2.5403098114386466,900.0,500000,9951,2400,25.76
ADSCA_T200,200,6,10,7,11273,200000,2642.9610126181597,842.9610126181597,1800.0,200000,3986,650,14.72
ADSCA_T200,200,6,10,9,11275,200000,7745.563609739208,5945.563609739208,1800.0,200042,3985,742,13.98
ADSCA_T200,200,5,20,22,21188,500000,904.7183964827253,4.718396482725325,900.0,500000,9952,2350,28.36
ADSCA_T200,200,6,10,13,11279,200000,7122.383858799562,5322.383858799562,1800.0,200001,3985,701,8.67
ADSCA_T200,200,6,10,14,11280,200000,12093.720163677326,10293.720163677326,1800.0,200006,3986,656,8.68
ADSCA_T200,200,6,10,15,11281,200000,9614.45898809809,7814.458988098089,1800.0,200014,3986,664,8.7
ADSCA_T200,200,6,10,16,11282,200000,15865.280190935498,14065.280190935498,1800.0,200000,3985,700,8.53
ADSCA_T200,200,6,10,18,11284,200000,9371.463466476709,7571.463466476709,1800.0,200050,3987,650,8.4
ADSCA_T200,200,5,20,29,21195,500000,901.2667689040197,1.2667689040197274,900.0,500000,9952,2350,23.64
ADSCA_T200,200,6,10,10,11276,200000,5639.096917307456,3839.0969173074564,1800.0,200006,3985,706,14.75
ADSCA_T200,200,6,10,21,11287,200000,24543.048153639018,22743.048153639018,1800.0,200000,3985,700,8.47
ADSCA_T200,200,5,20,25,21191,500000,901.3563036873732,1.3563036873731562,900.0,500000,9952,2350,27.08
ADSCA_T200,200,6,10,11,11277,200000,5884.434959503545,4084.4349595035446,1800.0,200000,3986,650,14.86
ADSCA_T200,200,6,10,23,11289,200000,9745.248932844152,7945.248932844152,1800.0,200027,3987,627,8.52
ADSCA_T200,200,5,20,26,21192,500000,902.9946569244718,2.9946569244717693,900.0,500000,9951,2400,27.37
ADSCA_T200,200,6,10,19,11285,200000,8339.052498405588,6539.052498405588,1800.0,200044,3986,694,10.6
ADSCA_T200,200,6,10,12,11278,200000,17587.859830634643,15787.859830634643,1800.0,200000,3985,700,14.16
ADSCA_T200,200,6,10,17,11283,200000,4604.37952261711,2804.3795226171096,1800.0,200030,3985,730,13.24
ADSCA_T200,200,6,10,22,11288,200000,9488.520930259732,7688.520930259732,1800.0,200007,3986,657,12.28
ADSCA_T200,200,6,10,20,11286,200000,8360.709107999584,6560.709107999584,1800.0,200040,3986,690,13.43
ADSCA_T200,200,6,10,29,11295,200000,12106.698832815284,10306.698832815284,1800.0,200039,3987,639,8.5
ADSCA_T200,200,6,10,25,11291,200000,9118.768653978454,7318.768653978454,1800.0,200004,3986,654,12.27
ADSCA_T200,200,6,10,24,11290,200000,8238.405778897426,6438.405778897426,1800.0,200000,3985,700,14.66
ADSCA_T200,200,6,10,26,11292,200000,4224.891597293079,2424.891597293079,1800.0,200001,3984,751,13.74
ADSCA_T200,200,6,10,28,11294,200000,12105.920176534513,10305.920176534513,1800.0,200000,3985,700,13.08
ADSCA_T200,200,6,10,27,11293,200000,6654.090216376755,4854.090216376755,1800.0,200000,3985,700,14.49
ADSCA_T200,200,6,20,7,21273,500000,40788.4117991496,38988.4117991496,1800.0,500000,9956,2150,22.8
ADSCA_T200,200,6,20,4,21270,500000,29925.002107908298,28125.002107908298,1800.0,500050,9955,2250,25.59
ADSCA_T200,200,6,20,2,21268,500000,57159.288112041264,55359.288112041264,1800.0,500000,9954,2250,26.87
ADSCA_T200,200,6,20,6,21272,500000,29784.20174309509,27984.20174309509,1800.0,500001,9954,2251,25.82
ADSCA_T200,200,6,20,1,21267,500000,32687.2199371598,30887.2199371598,1800.0,500004,9956,2154,29.5
ADSCA_T200,200,6,20,14,21280,500000,42270.18489043306,40470.18489043306,1800.0,500000,9956,2150,23.07
ADSCA_T200,200,6,20,0,21266,500000,56381.8862176413,54581.8862176413,1800.0,500048,9955,2248,30.03
ADSCA_T200,200,6,20,11,21277,500000,33787.83263637888,31987.83263637888,1800.0,500000,9955,2200,26.85
ADSCA_T200,200,6,20,10,21276,500000,28291.629464781327,26491.629464781327,1800.0,500002,9956,2152,28.33
ADSCA_T200,200,6,20,8,21274,500000,40386.452597372816,38586.452597372816,1800.0,500035,9956,2185,29.25
ADSCA_T200,200,6,20,9,21275,500000,28260.844227838985,26460.844227838985,1800.0,500039,9954,2289,29.36
ADSCA_T200,200,6,20,5,21271,500000,42861.357563707665,41061.357563707665,1800.0,500032,9956,2182,30.58
ADSCA_T200,200,6,20,3,21269,500000,34979.10400081616,33179.10400081616,1800.0,500000,9954,2250,32.18
ADSCA_T200,200,6,20,13,21279,500000,17393.05761312412,15593.057613124121,1800.0,500000,9955,2200,29.82
ADSCA_T200,200,6,20,12,21278,500000,56119.18988657851,54319.18988657851,1800.0,500000,9957,2100,32.81
ADSCA_T200,200,6,20,20,21286,500000,33166.617495732185,31366.617495732185,1800.0,500012,9957,2112,25.07
ADSCA_T200,200,6,20,17,21283,500000,75098.88125725923,73298.88125725923,1800.0,500000,9956,2150,29.06
ADSCA_T200,200,6,20,18,21284,500000,22672.30801050725,20872.30801050725,1800.0,500002,9956,2152,30.57
ADSCA_T200,200,6,20,15,21281,500000,32176.615095956986,30376.615095956986,1800.0,500000,9954,2250,33.96
ADSCA_T200,200,6,20,16,21282,500000,52864.212595036006,51064.212595036006,1800.0,500000,9955,2200,33.12
ADSCA_T200,200,6,20,19,21285,500000,63343.2146649204,61543.2146649204,1800.0,500020,9957,2120,34.22
ADSCA_T200,200,6,20,21,21287,500000,47558.71364723072,45758.71364723072,1800.0,500000,9955,2200,32.73
ADSCA_T200,200,6,20,22,21288,500000,51500.1046805639,49700.1046805639,1800.0,500006,9955,2206,21.85
ADSCA_T200,200,6,20,23,21289,500000,21194.308736085004,19394.308736085004,1800.0,500000,9955,2200,23.82
ADSCA_T200,200,6,20,27,21293,500000,53661.82917817405,51861.82917817405,1800.0,500002,9955,2202,22.95
ADSCA_T200,200,6,20,29,21295,500000,47822.03609515917,46022.03609515917,1800.0,500048,9956,2198,23.19
ADSCA_T200,200,6,20,24,21290,500000,46650.702591886715,44850.702591886715,1800.0,500045,9956,2195,27.46
ADSCA_T200,200,6,20,25,21291,500000,43875.78547412228,42075.78547412228,1800.0,500001,9956,2151,29.72
ADSCA_T200,200,6,20,28,21294,500000,42956.12473721554,41156.12473721554,1800.0,500004,9957,2104,27.95
ADSCA_T200,200,6,20,26,21292,500000,33840.6258615695,32040.625861569497,1800.0,500049,9956,2199,31.26
ADSCA_T200,200,7,10,0,11366,200000,2041.1699548421636,41.169954842163634,2000.0,200009,3983,809,129.77
ADSCA_T200,200,7,10,8,11374,200000,2071.145626756378,71.14562675637808,2000.0,200030,3982,880,126.55
ADSCA_T200,200,7,10,3,11369,200000,2063.074964867281,63.07496486728087,2000.0,200000,3982,850,132.51
ADSCA_T200,200,7,10,1,11367,200000,2033.2475529392343,33.24755293923431,2000.0,200000,3983,800,134.39
ADSCA_T200,200,7,10,2,11368,200000,2025.3775462363578,25.37754623635783,2000.0,200000,3981,900,134.02
ADSCA_T200,200,7,10,4,11370,200000,2028.4162825391143,28.416282539114263,2000.0,200013,3983,813,134.02
ADSCA_T200,200,7,10,10,11376,200000,2028.5560469420002,28.556046942000194,2000.0,200000,3982,850,128.25
ADSCA_T200,200,7,10,7,11373,200000,2030.843326336168,30.843326336168047,2000.0,200018,3982,868,132.48
ADSCA_T200,200,7,10,9,11375,200000,2029.4508452106727,29.450845210672696,2000.0,200048,3983,848,130.13
ADSCA_T200,200,7,10,11,11377,200000,2023.717720588782,23.717720588781958,2000.0,200022,3982,872,129.44
ADSCA_T200,200,7,10,6,11372,200000,2025.8482175846448,25.84821758464477,2000.0,200048,3983,848,134.16
ADSCA_T200,200,7,10,5,11371,200000,2033.010969882478,33.01096988247809,2000.0,200000,3982,850,135.95
ADSCA_T200,200,7,10,14,11380,200000,2061.7450323332446,61.74503233324458,2000.0,200049,3983,849,125.37
ADSCA_T200,200,7,10,15,11381,200000,2030.2867124796576,30.28671247965758,2000.0,200028,3982,878,123.55
ADSCA_T200,200,7,10,13,11379,200000,2022.3584565701142,22.358456570114186,2000.0,200000,3980,950,128.82
ADSCA_T200,200,7,10,12,11378,200000,2049.4205335710462,49.420533571046235,2000.0,200042,3983,842,132.28
ADSCA_T200,200,7,10,18,11384,200000,2095.465519418428,95.4655194184279,2000.0,200047,3983,847,124.72
ADSCA_T200,200,7,10,16,11382,200000,2030.9363066500973,30.936306650097322,2000.0,200009,3983,809,129.3
ADSCA_T200,200,7,10,17,11383,200000,2032.9267834914974,32.92678349149742,2000.0,200000,3981,900,128.83
ADSCA_T200,200,7,10,20,11386,200000,2025.5027725279012,25.502772527901243,2000.0,200000,3981,900,127.28
ADSCA_T200,200,7,10,19,11385,200000,2061.5530249070816,61.553024907081635,2000.0,200023,3983,823,130.53
ADSCA_T200,200,7,10,21,11387,200000,2135.463650584699,135.46365058469883,2000.0,200000,3982,850,128.44
ADSCA_T200,200,7,10,22,11388,200000,2038.7533732500253,38.753373250025334,2000.0,200000,3982,850,120.99
ADSCA_T200,200,7,10,24,11390,200000,2100.2009404006403,100.20094040064032,2000.0,200000,3981,900,121.62
ADSCA_T200,200,7,10,23,11389,200000,2030.4653751489475,30.465375148947487,2000.0,200000,3982,850,122.15
ADSCA_T200,200,7,10,26,11392,200000,2044.6673147218885,44.66731472188849,2000.0,200000,3981,900,120.41
ADSCA_T200,200,7,10,25,11391,200000,2036.381482435205,36.381482435205044,2000.0,200000,3981,900,121.41
ADSCA_T200,200,7,10,27,11393,200000,2033.955346211701,33.955346211701,2000.0,200000,3982,850,121.1
ADSCA_T200,200,7,10,28,11394,200000,2028.9672507057126,28.96725070571256,2000.0,200000,3983,800,120.27
ADSCA_T200,200,7,10,29,11395,200000,2038.8823029580033,38.882302958003265,2000.0,200000,3984,750,121.45
ADSCA_T200,200,7,20,4,21370,500000,2335.9211698951294,335.9211698951294,2000.0,500000,9959,2000,547.06
ADSCA_T200,200,7,20,5,21371,500000,2272.3542007445126,272.3542007445126,2000.0,500040,9959,2040,547.24
ADSCA_T200,200,7,20,1,21367,500000,2323.9408129680905,323.94081296809054,2000.0,500018,9966,1668,552.87
ADSCA_T200,200,7,20,3,21369,500000,2248.0720920753292,248.07209207532924,2000.0,500001,9958,2051,552.59
ADSCA_T200,200,7,20,0,21366,500000,2548.473881196094,548.4738811960942,2000.0,500007,9963,1807,553.81
ADSCA_T200,200,7,20,2,21368,500000,2487.9332787390126,487.9332787390126,2000.0,500001,9963,1801,553.48
ADSCA_T200,200,7,20,6,21372,500000,2253.7087219537016,253.70872195370157,2000.0,500035,9956,2185,552.94
ADSCA_T200,200,7,20,7,21373,500000,2479.7727763177545,479.7727763177545,2000.0,500000,9958,2050,553.03
ADSCA_T200,200,7,20,8,21374,500000,2158.497378998257,158.49737899825686,2000.0,500014,9962,1864,551.39
ADSCA_T200,200,7,20,9,21375,500000,2457.7927050232593,457.79270502325926,2000.0,500015,9966,1665,550.62
ADSCA_T200,200,7,20,10,21376,500000,2456.8089170340904,456.8089170340904,2000.0,500047,9959,2047,550.17
ADSCA_T200,200,7,20,13,21379,500000,2254.1937908996424,254.1937908996424,2000.0,500000,9958,2050,549.19
ADSCA_T200,200,7,20,11,21377,500000,2140.946646284417,140.94664628441706,2000.0,500041,9959,2041,553.38
ADSCA_T200,200,7,20,12,21378,500000,2802.145854888212,802.1458548882119,2000.0,500000,9964,1750,554.08
ADSCA_T200,200,7,20,14,21380,500000,2954.687753354191,954.687753354191,2000.0,500048,9967,1648,551.71
ADSCA_T200,200,7,20,17,21383,500000,2708.5514576964806,708.5514576964806,2000.0,500042,9964,1792,548.2
ADSCA_T200,200,7,20,16,21382,500000,2576.778723408073,576.7787234080729,2000.0,500033,9966,1683,549.03
ADSCA_T200,200,7,20,20,21386,500000,2260.7836392421614,260.78363924216137,2000.0,500000,9959,2000,546.65
ADSCA_T200,200,7,20,15,21381,500000,2239.5767266415237,239.5767266415237,2000.0,500048,9960,1998,552.28
ADSCA_T200,200,7,20,19,21385,500000,2310.201611471244,310.2016114712442,2000.0,500013,9962,1863,550.34
ADSCA_T200,200,7,20,18,21384,500000,2544.045020595073,544.0450205950729,2000.0,500042,9963,1842,551.87
ADSCA_T200,200,7,20,21,21387,500000,2281.5792529928403,281.57925299284034,2000.0,500034,9963,1834,553.72
ADSCA_T200,200,8,10,0,11466,200000,2345.954126160695,145.95412616069507,2200.0,200049,3981,949,170.27
ADSCA_T200,200,8,10,1,11467,200000,2292.316804769303,92.31680476930296,2200.0,200000,3981,900,169.59
ADSCA_T200,200,8,10,2,11468,200000,2720.9134161198226,520.9134161198226,2200.0,200001,3982,851,169.93
ADSCA_T200,200,8,10,4,11470,200000,2223.363165178617,23.363165178616782,2200.0,200000,3981,900,168.71
ADSCA_T200,200,8,10,3,11469,200000,2284.0737784114303,84.07377841143034,2200.0,200000,3980,950,170.52
ADSCA_T200,200,8,10,5,11471,200000,2351.6830728365485,151.6830728365485,2200.0,200000,3982,850,170.72
ADSCA_T200,200,8,10,6,11472,200000,3032.6970218260844,832.6970218260844,2200.0,200000,3982,850,169.33
ADSCA_T200,200,8,10,7,11473,200000,2258.7693923997995,58.76939239979947,2200.0,200000,3980,950,170.36
ADSCA_T200,200,8,10,8,11474,200000,2693.3175185040554,493.31751850405544,2200.0,200000,3982,850,170.14
ADSCA_T200,200,8,10,9,11475,200000,2778.487596548026,578.487596548026,2200.0,200046,3984,796,170.18
ADSCA_T200,200,8,10,11,11477,200000,2293.3781065377943,93.37810653779434,2200.0,200001,3983,801,169.17
ADSCA_T200,200,8,10,10,11476,200000,2456.827788181737,256.8277881817371,2200.0,200000,3982,850,169.57
ADSCA_T200,200,8,10,12,11478,200000,2326.546062677645,126.54606267764484,2200.0,200000,3981,900,168.92
ADSCA_T200,200,8,10,13,11479,200000,2582.1791869475296,382.1791869475296,2200.0,200047,3983,847,170.58
ADSCA_T200,200,8,10,14,11480,200000,2454.9749624441274,254.9749624441274,2200.0,200000,3982,850,170.2
ADSCA_T200,200,8,10,15,11481,200000,2259.5748008038786,59.57480080387859,2200.0,200019,3982,869,169.93
ADSCA_T200,200,8,10,16,11482,200000,2351.518807034363,151.5188070343629,2200.0,200000,3982,850,170.87
ADSCA_T200,200,8,10,17,11483,200000,2428.0912173564006,228.09121735640065,2200.0,200000,3981,900,169.88
ADSCA_T200,200,8,10,18,11484,200000,2372.9526278894596,172.95262788945956,2200.0,200000,3981,900,169.06
ADSCA_T200,200,8,10,19,11485,200000,2714.998513755994,514.9985137559938,2200.0,200000,3983,800,170.18
ADSCA_T200,200,8,10,20,11486,200000,2598.422289096409,398.4222890964088,2200.0,200049,3984,799,169.64
ADSCA_T200,200,8,10,21,11487,200000,2374.678617002322,174.67861700232197,2200.0,200000,3982,850,169.0
ADSCA_T200,200,8,10,23,11489,200000,3203.304614786884,1003.304614786884,2200.0,200000,3982,850,169.26
ADSCA_T200,200,8,10,22,11488,200000,2673.752957818749,473.7529578187491,2200.0,200018,3983,818,169.92
ADSCA_T200,200,8,10,24,11490,200000,2645.1134035383357,445.11340353833566,2200.0,200000,3981,900,168.41
ADSCA_T200,200,8,10,26,11492,200000,2291.41721916307,91.41721916307006,2200.0,200000,3982,850,169.78
ADSCA_T200,200,8,10,25,11491,200000,2230.6865402615995,30.686540261599475,2200.0,200000,3981,900,170.94
ADSCA_T200,200,8,10,27,11493,200000,2579.257824039009,379.25782403900894,2200.0,200000,3983,800,170.47
ADSCA_T200,200,8,10,28,11494,200000,2320.77937530477,120.77937530476993,2200.0,200049,3982,899,168.77
ADSCA_T200,200,8,10,29,11495,200000,2313.1008291983107,113.10082919831075,2200.0,200000,3981,900,170.12
ADSCA_T200,200,7,20,23,21389,500000,2226.178495778972,226.17849577897186,2000.0,500005,9958,2055,549.26
ADSCA_T200,200,7,20,22,21388,500000,2278.2897690667296,278.2897690667296,2000.0,500017,9962,1867,552.93
ADSCA_T200,200,7,20,24,21390,500000,2665.55010293352,665.5501029335201,2000.0,500028,9966,1678,551.29
ADSCA_T200,200,7,20,26,21392,500000,2422.2970168072557,422.29701680725566,2000.0,500039,9964,1789,551.2
ADSCA_T200,200,7,20,25,21391,500000,2544.5896905763725,544.5896905763725,2000.0,500048,9965,1748,552.31
ADSCA_T200,200,7,20,27,21393,500000,2318.8772615322473,318.8772615322473,2000.0,500032,9959,2032,555.51
ADSCA_T200,200,7,20,28,21394,500000,2169.3047123900856,169.30471239008557,2000.0,500041,9956,2191,552.59
ADSCA_T200,200,7,20,29,21395,500000,2293.444716759742,293.4447167597418,2000.0,500021,9963,1821,553.91
ADSCA_T200,200,8,20,0,21466,500000,2761.134297514697,561.1342975146972,2200.0,500050,9956,2200,787.13
ADSCA_T200,200,8,20,1,21467,500000,2914.7630410597635,714.7630410597635,2200.0,500007,9957,2107,789.26
ADSCA_T200,200,8,20,2,21468,500000,2980.9431293363928,780.9431293363928,2200.0,500046,9959,2046,790.13
ADSCA_T200,200,8,20,3,21469,500000,3217.1887121385835,1017.1887121385835,2200.0,500049,9962,1899,790.24
ADSCA_T200,200,8,20,4,21470,500000,3137.27310989793,937.2731098979302,2200.0,500026,9960,1976,787.61
ADSCA_T200,200,8,20,6,21472,500000,2709.128843431352,509.1288434313519,2200.0,500035,9955,2235,787.01
ADSCA_T200,200,8,20,5,21471,500000,3011.611166569565,811.6111665695648,2200.0,500029,9956,2179,788.42
ADSCA_T200,200,8,20,7,21473,500000,2689.435311313203,489.4353113132029,2200.0,500032,9956,2182,789.01
ADSCA_T200,200,8,20,9,21475,500000,2653.0451074881207,453.0451074881207,2200.0,500025,9959,2025,787.75
ADSCA_T200,200,8,20,10,21476,500000,2418.267968220828,218.26796822082815,2200.0,500000,9953,2300,787.9
ADSCA_T200,200,8,20,8,21474,500000,4957.2470761992745,2757.2470761992745,2200.0,500050,9964,1800,791.53
ADSCA_T200,200,8,20,11,21477,500000,2954.7355555999175,754.7355555999175,2200.0,500048,9959,2048,791.99
ADSCA_T200,200,9,10,0,11566,200000,2749.5291686855176,449.52916868551756,2300.0,200031,3987,631,27.39
ADSCA_T200,200,9,10,2,11568,200000,2745.605784643279,445.6057846432791,2300.0,200000,3982,850,26.42
ADSCA_T200,200,9,10,1,11567,200000,2667.6652145044227,367.6652145044227,2300.0,200022,3985,722,27.54
ADSCA_T200,200,9,10,3,11569,200000,2743.443456811718,443.4434568117181,2300.0,200000,3985,700,26.8
ADSCA_T200,200,9,10,4,11570,200000,2300.00000476379,4.763790002471069e-06,2300.0,200000,3984,750,26.86
ADSCA_T200,200,9,10,5,11571,200000,2672.044590051151,372.04459005115086,2300.0,200000,3984,750,26.39
ADSCA_T200,200,9,10,6,11572,200000,2300.0000012963396,1.2963396329723764e-06,2300.0,200050,3984,800,26.97
ADSCA_T200,200,8,20,13,21479,500000,3008.497982615457,808.4979826154572,2200.0,500000,9956,2150,787.44
ADSCA_T200,200,8,20,12,21478,500000,2678.1851087049204,478.18510870492037,2200.0,500034,9956,2184,789.85
ADSCA_T200,200,9,10,7,11573,200000,2300.0000073775573,7.37755726731848e-06,2300.0,200003,3984,753,27.14
ADSCA_T200,200,9,10,8,11574,200000,2671.613729334435,371.613729334435,2300.0,200000,3985,700,26.95
ADSCA_T200,200,9,10,9,11575,200000,2745.7991934642037,445.79919346420365,2300.0,200037,3986,687,27.01
ADSCA_T200,200,9,10,10,11576,200000,2660.302103744696,360.30210374469607,2300.0,200010,3985,710,27.05
ADSCA_T200,200,9,10,11,11577,200000,2903.0002053279295,603.0002053279295,2300.0,200017,3987,617,27.24
ADSCA_T200,200,9,10,12,11578,200000,2749.156742840548,449.15674284054785,2300.0,200002,3986,652,26.75
ADSCA_T200,200,8,20,14,21480,500000,2929.2147237899762,729.2147237899762,2200.0,500026,9956,2176,788.46
ADSCA_T200,200,9,10,13,11579,200000,2733.7942460882787,433.79424608827867,2300.0,200041,3986,691,27.46
ADSCA_T200,200,8,20,16,21482,500000,3174.1737067502063,974.1737067502063,2200.0,500001,9959,2001,789.25
ADSCA_T200,200,8,20,15,21481,500000,2690.155201735861,490.1552017358608,2200.0,500000,9957,2100,791.91
ADSCA_T200,200,8,20,18,21484,500000,4094.209192724147,1894.2091927241472,2200.0,500037,9962,1887,792.07
ADSCA_T200,200,8,20,17,21483,500000,2336.1267325280946,136.12673252809464,2200.0,500000,9952,2350,792.86
ADSCA_T200,200,8,20,19,21485,500000,2305.9225959933297,105.92259599332965,2200.0,500049,9954,2299,789.51
ADSCA_T200,200,8,20,20,21486,500000,3234.4933394653217,1034.4933394653217,2200.0,500041,9960,1991,789.07
ADSCA_T200,200,9,10,14,11580,200000,2659.928696213525,359.9286962135252,2300.0,200025,3986,675,26.55
ADSCA_T200,200,8,20,21,21487,500000,2844.235607838187,644.2356078381872,2200.0,500006,9957,2106,790.69
ADSCA_T200,200,9,10,15,11581,200000,2735.593474414161,435.59347441416094,2300.0,200029,3990,479,27.3
ADSCA_T200,200,9,10,16,11582,200000,2671.5246875416624,371.5246875416624,2300.0,200048,3986,698,27.4
ADSCA_T200,200,9,10,17,11583,200000,2300.000007997486,7.997486136446241e-06,2300.0,200012,3984,762,26.82
ADSCA_T200,200,9,10,18,11584,200000,2300.0000009064024,9.064024197869003e-07,2300.0,200002,3984,752,26.79
ADSCA_T200,200,9,10,19,11585,200000,2674.8382293179543,374.8382293179543,2300.0,200017,3985,717,26.97
ADSCA_T200,200,9,10,20,11586,200000,2300.0000128727916,1.2872791558038443e-05,2300.0,200000,3984,750,27.69
ADSCA_T200,200,9,10,21,11587,200000,2672.170942160022,372.17094216002215,2300.0,200006,3985,706,26.81
ADSCA_T200,200,9,10,22,11588,200000,2746.3144156249245,446.31441562492455,2300.0,200026,3985,726,27.41
ADSCA_T200,200,9,10,24,11590,200000,2659.226936240981,359.2269362409811,2300.0,200000,3985,700,27.57
ADSCA_T200,200,9,10,23,11589,200000,2741.234359849339,441.23435984933894,2300.0,200000,3984,750,27.73
ADSCA_T200,200,9,10,25,11591,200000,2745.6058156959352,445.60581569593523,2300.0,200000,3983,800,27.29
ADSCA_T200,200,9,10,26,11592,200000,2670.3498076072756,370.3498076072756,2300.0,200049,3986,699,27.45
ADSCA_T200,200,9,10,27,11593,200000,2664.280094185654,364.280094185654,2300.0,200000,3983,800,27.35
ADSCA_T200,200,9,10,28,11594,200000,2750.4740994173053,450.4740994173053,2300.0,200041,3987,641,27.18
ADSCA_T200,200,9,10,29,11595,200000,2300.0000041251506,4.125150553591084e-06,2300.0,200000,3984,750,27.12
ADSCA_T200,200,9,20,0,21566,500000,2656.460426384245,356.4604263842448,2300.0,500047,9965,1747,69.58
ADSCA_T200,200,9,20,1,21567,500000,2646.585008206699,346.58500820669906,2300.0,500036,9965,1736,68.43
ADSCA_T200,200,9,20,2,21568,500000,2640.537460064299,340.537460064299,2300.0,500027,9966,1677,68.42
ADSCA_T200,200,9,20,3,21569,500000,2656.4812221254742,356.48122212547423,2300.0,500023,9966,1673,69.71
ADSCA_T200,200,9,20,4,21570,500000,2652.38318962667,352.3831896266702,2300.0,500003,9964,1753,69.2
ADSCA_T200,200,9,20,6,21572,500000,2648.3141342686,348.3141342685999,2300.0,500018,9965,1718,67.77
ADSCA_T200,200,9,20,5,21571,500000,2639.9110356598544,339.9110356598544,2300.0,500024,9962,1874,68.68
ADSCA_T200,200,9,20,7,21573,500000,2650.2058895271725,350.20588952717253,2300.0,500043,9967,1643,68.94
ADSCA_T200,200,9,20,10,21576,500000,2646.6342790008957,346.63427900089573,2300.0,500023,9963,1823,68.16
ADSCA_T200,200,9,20,9,21575,500000,2652.4181881338386,352.4181881338386,2300.0,500041,9967,1641,68.69
ADSCA_T200,200,9,20,8,21574,500000,2640.8798038889827,340.8798038889827,2300.0,500038,9960,1988,69.56
ADSCA_T200,200,9,20,11,21577,500000,2658.105975271275,358.10597527127493,2300.0,500004,9966,1654,68.35
ADSCA_T200,200,9,20,12,21578,500000,2650.1210780204865,350.1210780204865,2300.0,500045,9961,1945,68.08
ADSCA_T200,200,9,20,13,21579,500000,2654.9362837003514,354.9362837003514,2300.0,500013,9965,1713,67.96
ADSCA_T200,200,9,20,14,21580,500000,2648.0643542574144,348.0643542574144,2300.0,500034,9964,1784,69.09
ADSCA_T200,200,9,20,16,21582,500000,2642.9212850194726,342.92128501947263,2300.0,500045,9961,1945,68.29
ADSCA_T200,200,9,20,15,21581,500000,2641.9073512939194,341.9073512939194,2300.0,500024,9961,1924,69.49
ADSCA_T200,200,9,20,18,21584,500000,2641.173995915823,341.17399591582307,2300.0,500043,9962,1893,68.5
ADSCA_T200,200,9,20,17,21583,500000,2644.9662823399526,344.9662823399526,2300.0,500000,9959,2000,69.36
ADSCA_T200,200,9,20,19,21585,500000,2648.3040425138556,348.3040425138556,2300.0,500023,9966,1673,68.52
ADSCA_T200,200,9,20,20,21586,500000,2644.0426491927524,344.0426491927524,2300.0,500018,9962,1868,68.58
ADSCA_T200,200,9,20,21,21587,500000,2646.585898912051,346.5858989120511,2300.0,500006,9964,1756,68.34
ADSCA_T200,200,9,20,23,21589,500000,2640.1574719701234,340.1574719701234,2300.0,500008,9966,1658,68.95
ADSCA_T200,200,9,20,22,21588,500000,2641.605323190534,341.6053231905339,2300.0,500000,9963,1800,69.02
ADSCA_T200,200,9,20,24,21590,500000,2666.38732325864,366.3873232586402,2300.0,500036,9967,1636,69.05
ADSCA_T200,200,9,20,27,21593,500000,2649.174827476268,349.1748274762681,2300.0,500000,9964,1750,67.5
ADSCA_T200,200,9,20,26,21592,500000,2649.1360838657524,349.1360838657524,2300.0,500040,9968,1590,68.6
ADSCA_T200,200,9,20,25,21591,500000,2654.734650235152,354.734650235152,2300.0,500046,9965,1746,70.05
ADSCA_T200,200,10,10,0,11666,200000,2641.069308300589,241.069308300589,2400.0,200050,3982,900,26.19
ADSCA_T200,200,10,10,1,11667,200000,2628.56893459627,228.56893459627008,2400.0,200000,3982,850,25.39
ADSCA_T200,200,10,10,2,11668,200000,2768.7798781839,368.7798781839001,2400.0,200000,3981,900,25.77
ADSCA_T200,200,10,10,3,11669,200000,2636.5671076360263,236.56710763602632,2400.0,200000,3983,800,25.42
ADSCA_T200,200,10,10,4,11670,200000,2758.4215644908627,358.4215644908627,2400.0,200046,3982,896,25.95
ADSCA_T200,200,10,10,5,11671,200000,2756.8548283185896,356.8548283185896,2400.0,200000,3981,900,25.54
ADSCA_T200,200,10,10,6,11672,200000,2626.590753242882,226.59075324288187,2400.0,200000,3982,850,25.3
ADSCA_T200,200,10,10,8,11674,200000,2627.849826164958,227.8498261649579,2400.0,200000,3981,900,25.82
ADSCA_T200,200,10,10,7,11673,200000,2627.754807235172,227.75480723517194,2400.0,200046,3982,896,26.14
ADSCA_T200,200,10,10,9,11675,200000,2629.4192151859247,229.4192151859247,2400.0,200011,3982,861,25.38
ADSCA_T200,200,10,10,10,11676,200000,2632.897281162845,232.89728116284505,2400.0,200000,3981,900,26.11
ADSCA_T200,200,10,10,11,11677,200000,3616.1250104138016,1216.1250104138016,2400.0,200031,3984,781,25.62
ADSCA_T200,200,10,10,12,11678,200000,2621.524910772138,221.5249107721379,2400.0,200001,3983,801,25.68
ADSCA_T200,200,10,10,13,11679,200000,2631.3336039345977,231.3336039345977,2400.0,200000,3982,850,25.69
ADSCA_T200,200,10,10,14,11680,200000,2758.5946706654477,358.59467066544767,2400.0,200000,3981,900,26.09
ADSCA_T200,200,10,10,15,11681,200000,2866.6963666111005,466.69636661110053,2400.0,200011,3985,711,25.53
ADSCA_T200,200,10,10,16,11682,200000,2625.1693402289825,225.1693402289825,2400.0,200003,3982,853,25.61
ADSCA_T200,200,9,20,28,21594,500000,2641.905127638032,341.9051276380319,2300.0,500000,9963,1800,68.25
ADSCA_T200,200,10,10,17,11683,200000,2799.1351204667662,399.13512046676624,2400.0,200001,3982,851,25.25
ADSCA_T200,200,10,10,18,11684,200000,2746.305149645561,346.30514964556096,2400.0,200000,3981,900,25.6
ADSCA_T200,200,10,10,19,11685,200000,2625.473365788368,225.47336578836803,2400.0,200000,3982,850,26.08
ADSCA_T200,200,10,10,20,11686,200000,2630.9419989417543,230.94199894175426,2400.0,200043,3982,893,26.18
ADSCA_T200,200,9,20,29,21595,500000,2649.1488770534143,349.14887705341425,2300.0,500017,9962,1867,67.65
ADSCA_T200,200,10,10,21,11687,200000,2744.0367815721693,344.0367815721693,2400.0,200044,3982,894,25.38
ADSCA_T200,200,10,10,22,11688,200000,2625.2484661556255,225.24846615562547,2400.0,200000,3981,900,25.42
ADSCA_T200,200,10,10,23,11689,200000,2620.658142842425,220.65814284242515,2400.0,200000,3982,850,25.33
ADSCA_T200,200,10,10,24,11690,200000,2638.409010575519,238.409010575519,2400.0,200000,3981,900,25.52
ADSCA_T200,200,10,10,25,11691,200000,2630.2535030333047,230.2535030333047,2400.0,200049,3983,849,26.13
ADSCA_T200,200,10,10,26,11692,200000,2740.6795798121457,340.6795798121457,2400.0,200000,3981,900,25.61
ADSCA_T200,200,10,10,27,11693,200000,2766.0167367016984,366.0167367016984,2400.0,200008,3982,858,25.21
ADSCA_T200,200,10,10,28,11694,200000,2630.303483180747,230.3034831807472,2400.0,200000,3982,850,25.72
ADSCA_T200,200,10,10,29,11695,200000,2621.6932805504357,221.6932805504357,2400.0,200037,3984,787,25.46
ADSCA_T200,200,10,20,0,21666,500000,5353.446513478413,2953.446513478413,2400.0,500000,9954,2250,64.81
ADSCA_T200,200,10,20,1,21667,500000,5049.446344415921,2649.446344415921,2400.0,500029,9958,2079,64.87
ADSCA_T200,200,10,20,3,21669,500000,2841.921098146475,441.92109814647483,2400.0,500000,9954,2250,64.68
ADSCA_T200,200,10,20,4,21670,500000,5640.1423286842,3240.1423286842,2400.0,500000,9955,2200,64.0
ADSCA_T200,200,10,20,2,21668,500000,4441.954726275825,2041.9547262758251,2400.0,500000,9956,2150,65.59
ADSCA_T200,200,10,20,5,21671,500000,5480.668029287972,3080.668029287972,2400.0,500000,9954,2250,65.15
ADSCA_T200,200,10,20,7,21673,500000,5954.66512039612,3554.66512039612,2400.0,500001,9953,2301,64.6
ADSCA_T200,200,10,20,6,21672,500000,2847.1361727723456,447.1361727723456,2400.0,500045,9959,2045,65.56
ADSCA_T200,200,10,20,8,21674,500000,2813.9579292265503,413.9579292265503,2400.0,500008,9956,2158,64.59
ADSCA_T200,200,10,20,9,21675,500000,4086.406190728382,1686.4061907283822,2400.0,500000,9954,2250,64.64
ADSCA_T200,200,10,20,10,21676,500000,5392.592868690939,2992.592868690939,2400.0,500000,9954,2250,64.48
ADSCA_T200,200,10,20,11,21677,500000,4293.320293413497,1893.320293413497,2400.0,500013,9958,2063,64.29
ADSCA_T200,200,10,20,12,21678,500000,2836.998881542687,436.99888154268683,2400.0,500000,9954,2250,64.84
ADSCA_T200,200,10,20,13,21679,500000,5220.568993071045,2820.568993071045,2400.0,500000,9954,2250,64.12
ADSCA_T200,200,10,20,14,21680,500000,4895.919859101703,2495.919859101703,2400.0,500021,9954,2271,64.92
ADSCA_T200,200,10,20,15,21681,500000,4841.502775410313,2441.502775410313,2400.0,500000,9954,2250,64.55
ADSCA_T200,200,10,20,16,21682,500000,3120.592582938147,720.5925829381472,2400.0,500000,9956,2150,63.55
ADSCA_T200,200,10,20,17,21683,500000,5319.816160264012,2919.816160264012,2400.0,500032,9957,2132,64.91
ADSCA_T200,200,10,20,18,21684,500000,5363.77977257632,2963.7797725763203,2400.0,500022,9958,2072,65.37
ADSCA_T200,200,10,20,19,21685,500000,4966.498542753618,2566.4985427536176,2400.0,500000,9955,2200,64.96
ADSCA_T200,200,10,20,20,21686,500000,4922.989814069765,2522.989814069765,2400.0,500024,9955,2224,64.64
ADSCA_T200,200,10,20,21,21687,500000,5020.724673874311,2620.7246738743106,2400.0,500043,9955,2243,64.97
ADSCA_T200,200,10,20,22,21688,500000,2820.2002787918977,420.20027879189774,2400.0,500048,9955,2248,64.66
ADSCA_T200,200,10,20,23,21689,500000,2853.369048026051,453.36904802605113,2400.0,500025,9954,2275,63.65
ADSCA_T200,200,10,20,24,21690,500000,5082.035913849077,2682.0359138490767,2400.0,500000,9955,2200,64.49
ADSCA_T200,200,10,20,25,21691,500000,4402.716791873347,2002.7167918733467,2400.0,500024,9955,2224,64.73
ADSCA_T200,200,10,20,26,21692,500000,4394.782437224416,1994.7824372244158,2400.0,500000,9954,2250,64.3
ADSCA_T200,200,10,20,27,21693,500000,4919.355710809097,2519.355710809097,2400.0,500049,9954,2299,64.34
ADSCA_T200,200,11,10,0,11766,200000,2600.000000088479,8.847882781992666e-08,2600.0,200017,3982,867,42.4
ADSCA_T200,200,11,10,1,11767,200000,2623.507478661068,23.507478661068035,2600.0,200000,3983,800,43.17
ADSCA_T200,200,11,10,2,11768,200000,2600.0000006230543,6.230543476704042e-07,2600.0,200038,3982,888,43.17
ADSCA_T200,200,11,10,3,11769,200000,2600.000007756359,7.756359082122799e-06,2600.0,200045,3984,795,42.23
ADSCA_T200,200,11,10,4,11770,200000,3479.2801685426884,879.2801685426884,2600.0,200000,3980,950,42.7
ADSCA_T200,200,11,10,5,11771,200000,2622.113901795862,22.113901795862148,2600.0,200008,3981,908,42.55
ADSCA_T200,200,11,10,6,11772,200000,2600.0000551460694,5.514606937140343e-05,2600.0,200024,3985,724,42.35
ADSCA_T200,200,11,10,7,11773,200000,2600.000001538778,1.5387781786557753e-06,2600.0,200000,3982,850,42.13
ADSCA_T200,200,11,10,8,11774,200000,2600.0000038546227,3.854622718790779e-06,2600.0,200016,3983,816,42.69
ADSCA_T200,200,11,10,9,11775,200000,2600.000000086572,8.657207217765972e-08,2600.0,200010,3983,810,43.09
ADSCA_T200,200,11,10,10,11776,200000,2616.9427826462797,16.94278264627974,2600.0,200000,3982,850,42.89
ADSCA_T200,200,10,20,28,21694,500000,4911.223972404348,2511.2239724043484,2400.0,500006,9958,2056,65.06
ADSCA_T200,200,10,20,29,21695,500000,4992.728805868626,2592.7288058686263,2400.0,500038,9957,2138,65.15
ADSCA_T200,200,11,10,11,11777,200000,2600.000000223984,2.2398398868972436e-07,2600.0,200000,3981,900,43.37
ADSCA_T200,200,11,10,12,11778,200000,2600.0000034789423,3.4789422898029443e-06,2600.0,200004,3983,804,42.63
ADSCA_T200,200,11,10,15,11781,200000,2600.000001510879,1.5108789739315398e-06,2600.0,200003,3982,853,41.53
ADSCA_T200,200,11,10,13,11779,200000,2600.000002865852,2.8658519113378134e-06,2600.0,200006,3983,806,43.1
ADSCA_T200,200,11,10,14,11780,200000,2600.0000003126506,3.1265062716556713e-07,2600.0,200000,3981,900,42.83
ADSCA_T200,200,11,10,16,11782,200000,2600.0000005300026,5.300025804899633e-07,2600.0,200000,3982,850,42.71
ADSCA_T200,200,11,10,17,11783,200000,2600.0000031277455,3.127745458186837e-06,2600.0,200004,3983,804,42.42
ADSCA_T200,200,11,10,18,11784,200000,2600.000000059942,5.994206730974838e-08,2600.0,200000,3981,900,42.39
ADSCA_T200,200,11,10,19,11785,200000,2600.000000635144,6.351438059937209e-07,2600.0,200000,3982,850,41.92
ADSCA_T200,200,11,10,20,11786,200000,2618.073454228826,18.073454228825995,2600.0,200000,3982,850,42.38
ADSCA_T200,200,11,10,21,11787,200000,2600.000005118005,5.11800499225501e-06,2600.0,200003,3984,753,43.43
ADSCA_T200,200,11,10,22,11788,200000,2600.000001132599,1.1325992090860382e-06,2600.0,200021,3983,821,42.77
ADSCA_T200,200,11,10,23,11789,200000,2600.000001128895,1.128894837165717e-06,2600.0,200000,3983,800,42.6
ADSCA_T200,200,11,10,24,11790,200000,2600.00000008564,8.563984010834247e-08,2600.0,200000,3982,850,42.91
ADSCA_T200,200,11,10,25,11791,200000,2600.000000127889,1.278890522371512e-07,2600.0,200014,3982,864,43.15
ADSCA_T200,200,11,10,26,11792,200000,2600.000000855899,8.558990884921513e-07,2600.0,200000,3982,850,42.38
ADSCA_T200,200,11,10,27,11793,200000,2622.974448950367,22.974448950366877,2600.0,200000,3981,900,42.31
ADSCA_T200,200,11,10,28,11794,200000,2600.0000018586975,1.8586974874779116e-06,2600.0,200026,3983,826,43.01
ADSCA_T200,200,11,10,29,11795,200000,2600.000000097565,9.75651346379891e-08,2600.0,200000,3982,850,42.65
ADSCA_T200,200,11,20,0,21766,500000,2600.0318386467407,0.03183864674065262,2600.0,500008,9967,1608,106.85
ADSCA_T200,200,11,20,1,21767,500000,2600.0000002599477,2.5994768293458037e-07,2600.0,500045,9958,2095,107.55
ADSCA_T200,200,11,20,2,21768,500000,2600.0000000292903,2.9290276870597154e-08,2600.0,500001,9958,2051,106.46
ADSCA_T200,200,11,20,3,21769,500000,2600.000000175533,1.7553293218952604e-07,2600.0,500007,9958,2057,105.64
ADSCA_T200,200,11,20,4,21770,500000,2600.000000035323,3.532295522745699e-08,2600.0,500022,9958,2072,106.49
ADSCA_T200,200,11,20,6,21772,500000,2600.000001350452,1.3504518392437603e-06,2600.0,500000,9959,2000,106.76
ADSCA_T200,200,11,20,5,21771,500000,2600.0000001289695,1.2896953194285743e-07,2600.0,500044,9959,2044,108.64
ADSCA_T200,200,11,20,7,21773,500000,2600.0000000631753,6.317532097455114e-08,2600.0,500049,9959,2049,106.83
ADSCA_T200,200,11,20,8,21774,500000,2605.6796055410186,5.6796055410186455,2600.0,500045,9960,1995,108.25
ADSCA_T200,200,11,20,9,21775,500000,2600.0000000203954,2.0395418687257916e-08,2600.0,500000,9958,2050,108.44
ADSCA_T200,200,11,20,10,21776,500000,2600.0005331304196,0.0005331304196261044,2600.0,500000,9961,1900,106.56
ADSCA_T200,200,8,20,22,21488,500000,2558.419626352239,358.419626352239,2200.0,500000,9953,2300,790.68
ADSCA_T200,200,11,20,11,21777,500000,2600.0000000313353,3.133527570753358e-08,2600.0,500047,9958,2097,108.84
ADSCA_T200,200,11,20,13,21779,500000,2600.0101768362065,0.01017683620648313,2600.0,500002,9964,1752,108.02
ADSCA_T200,200,11,20,12,21778,500000,2600.000001244898,1.2448981578927487e-06,2600.0,500001,9962,1851,108.08
ADSCA_T200,200,8,20,23,21489,500000,2607.2004192145,407.2004192145,2200.0,500037,9956,2187,791.21
ADSCA_T200,200,8,20,24,21490,500000,2611.207232258285,411.2072322582849,2200.0,500000,9955,2200,792.67
ADSCA_T200,200,8,20,25,21491,500000,2913.3100419228585,713.3100419228585,2200.0,500002,9958,2052,790.36
ADSCA_T200,200,12,10,0,11866,200000,2870.535350066144,170.53535006614402,2700.0,200000,3980,950,46.01
ADSCA_T200,200,12,10,1,11867,200000,2866.460357797364,166.46035779736394,2700.0,200000,3981,900,46.42
ADSCA_T200,200,11,20,14,21780,500000,2600.000000001493,1.4929355529602617e-09,2600.0,500043,9956,2193,106.87
ADSCA_T200,200,11,20,15,21781,500000,2600.00000000818,8.179995347745717e-09,2600.0,500048,9957,2148,107.6
ADSCA_T200,200,11,20,16,21782,500000,2600.120772202029,0.12077220202900207,2600.0,500017,9964,1767,106.97
ADSCA_T200,200,11,20,17,21783,500000,2600.000000005782,5.782112566521391e-09,2600.0,500004,9957,2104,106.24
ADSCA_T200,200,11,20,18,21784,500000,2600.0000013294602,1.3294602467794903e-06,2600.0,500038,9961,1938,108.17
ADSCA_T200,200,11,20,19,21785,500000,2600.0000000066266,6.626578397117555e-09,2600.0,500011,9955,2211,106.88
ADSCA_T200,200,11,20,20,21786,500000,2600.009921165242,0.00992116524184894,2600.0,500020,9963,1820,108.0
ADSCA_T200,200,11,20,21,21787,500000,2622.3990460655486,22.399046065548646,2600.0,500000,9957,2100,109.72
ADSCA_T200,200,11,20,22,21788,500000,2600.000000018154,1.8153968994738534e-08,2600.0,500034,9957,2134,108.22
ADSCA_T200,200,11,20,23,21789,500000,2600.0000000318823,3.188233677065e-08,2600.0,500000,9958,2050,107.33
ADSCA_T200,200,8,20,27,21493,500000,2560.206791644363,360.20679164436297,2200.0,500000,9956,2150,790.38
ADSCA_T200,200,12,10,2,11868,200000,2908.3121151791247,208.3121151791247,2700.0,200000,3981,900,46.37
ADSCA_T200,200,8,20,26,21492,500000,2757.079847872078,557.0798478720781,2200.0,500028,9958,2078,792.27
ADSCA_T200,200,12,10,3,11869,200000,3028.1212172439755,328.1212172439755,2700.0,200037,3983,837,45.51
ADSCA_T200,200,11,20,24,21790,500000,2600.0000000314935,3.149352778564207e-08,2600.0,500042,9958,2092,107.78
ADSCA_T200,200,11,20,25,21791,500000,2600.000000080962,8.096185410977341e-08,2600.0,500045,9958,2095,107.27
ADSCA_T200,200,8,20,28,21494,500000,2546.8687132820874,346.86871328208736,2200.0,500000,9956,2150,795.97
ADSCA_T200,200,11,20,26,21792,500000,2600.0000000266314,2.6631369109963998e-08,2600.0,500022,9959,2022,107.07
ADSCA_T200,200,11,20,27,21793,500000,2600.0000000840737,8.407369023188949e-08,2600.0,500024,9959,2024,107.08
ADSCA_T200,200,8,20,29,21495,500000,3115.4982454624023,915.4982454624023,2200.0,500048,9957,2148,797.76
ADSCA_T200,200,11,20,28,21794,500000,2600.000017791929,1.779192916728789e-05,2600.0,500010,9961,1910,109.06
ADSCA_T200,200,12,10,4,11870,200000,2870.049267504568,170.04926750456798,2700.0,200000,3981,900,46.47
ADSCA_T200,200,11,20,29,21795,500000,2600.0000000098435,9.843461157288402e-09,2600.0,500002,9958,2052,108.63
ADSCA_T200,200,12,10,5,11871,200000,2925.161022378428,225.1610223784278,2700.0,200000,3982,850,47.63
ADSCA_T200,200,12,10,7,11873,200000,2924.5032099263494,224.50320992634943,2700.0,200027,3981,927,46.15
ADSCA_T200,200,12,10,6,11872,200000,2911.5390562869584,211.53905628695838,2700.0,200000,3980,950,46.84
ADSCA_T200,200,12,10,8,11874,200000,2880.0457072236354,180.04570722363542,2700.0,200000,3981,900,46.97
ADSCA_T200,200,12,10,9,11875,200000,2986.500949382277,286.5009493822772,2700.0,200000,3981,900,46.68
ADSCA_T200,200,12,10,10,11876,200000,2926.4914312575693,226.49143125756927,2700.0,200000,3980,950,46.91
ADSCA_T200,200,12,10,11,11877,200000,3046.591782573176,346.5917825731758,2700.0,200048,3983,848,47.05
ADSCA_T200,200,12,10,13,11879,200000,2897.1478870438796,197.14788704387956,2700.0,200000,3981,900,46.47
ADSCA_T200,200,12,10,12,11878,200000,2890.7108622467276,190.71086224672763,2700.0,200007,3982,857,46.79
ADSCA_T200,200,12,10,16,11882,200000,2878.2563173877224,178.25631738772245,2700.0,200000,3981,900,46.33
ADSCA_T200,200,12,10,14,11880,200000,2968.974694206985,268.9746942069851,2700.0,200000,3981,900,46.6
ADSCA_T200,200,12,10,15,11881,200000,2866.2182752805957,166.21827528059566,2700.0,200000,3980,950,46.72
ADSCA_T200,200,12,10,17,11883,200000,2899.1792341477376,199.1792341477376,2700.0,200000,3981,900,47.06
ADSCA_T200,200,12,10,18,11884,200000,2887.675457315045,187.67545731504515,2700.0,200024,3981,924,47.1
ADSCA_T200,200,12,10,20,11886,200000,2873.745175814725,173.74517581472492,2700.0,200000,3981,900,46.4
ADSCA_T200,200,12,10,19,11885,200000,2966.737260475187,266.7372604751872,2700.0,200000,3984,750,47.44
ADSCA_T200,200,12,10,21,11887,200000,3129.1545696228022,429.1545696228022,2700.0,200000,3981,900,46.76
ADSCA_T200,200,12,10,22,11888,200000,2870.2063100691475,170.20631006914755,2700.0,200000,3980,950,46.78
ADSCA_T200,200,12,10,23,11889,200000,2944.2834876846778,244.28348768467777,2700.0,200000,3980,950,47.35
ADSCA_T200,200,12,10,24,11890,200000,2868.053922696264,168.05392269626418,2700.0,200000,3981,900,47.43
ADSCA_T200,200,12,10,25,11891,200000,2957.8585653464734,257.85856534647337,2700.0,200035,3982,885,46.16
ADSCA_T200,200,12,10,26,11892,200000,2890.1585226642746,190.15852266427464,2700.0,200048,3982,898,46.87
ADSCA_T200,200,12,10,27,11893,200000,2904.893206215572,204.8932062155718,2700.0,200000,3981,900,47.32
ADSCA_T200,200,12,10,28,11894,200000,2870.3541420858965,170.35414208589646,2700.0,200000,3981,900,46.49
ADSCA_T200,200,12,10,29,11895,200000,3057.5722085868874,357.5722085868874,2700.0,200000,3981,900,46.82
ADSCA_T200,200,12,20,0,21866,500000,3074.9697159175535,374.96971591755346,2700.0,500000,9953,2300,118.3
ADSCA_T200,200,12,20,1,21867,500000,3221.2080066240733,521.2080066240733,2700.0,500000,9956,2150,119.72
ADSCA_T200,200,12,20,2,21868,500000,3107.8880391638695,407.8880391638695,2700.0,500001,9952,2351,117.88
ADSCA_T200,200,12,20,3,21869,500000,3041.5880282908156,341.5880282908156,2700.0,500000,9953,2300,118.08
ADSCA_T200,200,12,20,5,21871,500000,3258.3741083777686,558.3741083777686,2700.0,500048,9954,2298,117.81
ADSCA_T200,200,12,20,4,21870,500000,3139.5269848829657,439.52698488296573,2700.0,500000,9951,2400,118.61
ADSCA_T200,200,12,20,8,21874,500000,3188.785592236125,488.785592236125,2700.0,500006,9953,2306,116.77
ADSCA_T200,200,12,20,6,21872,500000,3275.5526552025385,575.5526552025385,2700.0,500000,9952,2350,117.09
ADSCA_T200,200,12,20,7,21873,500000,3205.479199329167,505.47919932916693,2700.0,500048,9953,2348,116.96
ADSCA_T200,200,12,20,9,21875,500000,3066.1636811912194,366.16368119121944,2700.0,500000,9954,2250,117.53
ADSCA_T200,200,12,20,10,21876,500000,3061.736713908548,361.73671390854815,2700.0,500000,9952,2350,117.28
ADSCA_T200,200,12,20,11,21877,500000,3158.184244907344,458.1842449073438,2700.0,500022,9953,2322,117.24
ADSCA_T200,200,12,20,12,21878,500000,3024.238052103555,324.2380521035552,2700.0,500001,9953,2301,117.87
ADSCA_T200,200,12,20,14,21880,500000,3017.0998738653852,317.09987386538523,2700.0,500011,9953,2311,116.4
ADSCA_T200,200,12,20,13,21879,500000,3043.7196564544556,343.7196564544556,2700.0,500000,9952,2350,118.59
ADSCA_T200,200,12,20,15,21881,500000,3319.921150419106,619.9211504191062,2700.0,500035,9953,2335,117.4
ADSCA_T200,200,12,20,17,21883,500000,3111.210985234267,411.2109852342669,2700.0,500050,9954,2300,115.94
ADSCA_T200,200,12,20,16,21882,500000,3286.292337468768,586.292337468768,2700.0,500024,9953,2324,117.08
ADSCA_T200,200,12,20,18,21884,500000,3011.1226489061714,311.12264890617143,2700.0,500000,9952,2350,116.27
ADSCA_T200,200,12,20,19,21885,500000,3333.763846134824,633.7638461348238,2700.0,500000,9952,2350,115.1
ADSCA_T200,200,12,20,21,21887,500000,3139.4360215930196,439.43602159301963,2700.0,500035,9954,2285,112.45
ADSCA_T200,200,12,20,20,21886,500000,3358.72349735024,658.72349735024,2700.0,500017,9957,2117,113.75
ADSCA_T200,200,12,20,22,21888,500000,3359.5876997022806,659.5876997022806,2700.0,500002,9955,2202,73.95
ADSCA_T200,200,12,20,23,21889,500000,3130.38588131523,430.3858813152301,2700.0,500000,9954,2250,71.65
ADSCA_T200,200,12,20,24,21890,500000,3011.2033684160633,311.2033684160633,2700.0,500000,9953,2300,71.19
ADSCA_T200,200,12,20,27,21893,500000,3036.907548007508,336.907548007508,2700.0,500048,9953,2348,68.87
ADSCA_T200,200,12,20,26,21892,500000,3142.668731705132,442.6687317051319,2700.0,500025,9953,2325,69.56
ADSCA_T200,200,12,20,25,21891,500000,3137.1471605993474,437.14716059934744,2700.0,500000,9953,2300,70.53
ADSCA_T200,200,12,20,29,21895,500000,3446.0753274908157,746.0753274908157,2700.0,500018,9953,2318,62.39
ADSCA_T200,200,12,20,28,21894,500000,3090.019864024163,390.01986402416287,2700.0,500000,9953,2300,62.97
